row_id,doi,n_organisms_mentioned,organism_ids
1,10.3390/ijms232012448,12,"[""ORG-0267"",""ORG-0895"",""ORG-1146"",""ORG-1221"",""ORG-1254"",""ORG-1608"",""ORG-1609"",""ORG-1825"",""ORG-1874"",""ORG-1938"",""ORG-2154"",""ORG-2260""]"
8,10.1016/j.epidem.2022.100553,8,"[""ORG-0413"",""ORG-0545"",""ORG-1259"",""ORG-1608"",""ORG-1609"",""ORG-1610"",""ORG-1890"",""ORG-2154""]"
12,10.1042/CS20200899,12,"[""ORG-0027"",""ORG-0413"",""ORG-1023"",""ORG-1221"",""ORG-1245"",""ORG-1259"",""ORG-1608"",""ORG-1825"",""ORG-1866"",""ORG-1881"",""ORG-1891"",""ORG-2193""]"
21,10.3389/fgwh.2022.756362,8,"[""ORG-0413"",""ORG-1259"",""ORG-1347"",""ORG-1357"",""ORG-1558"",""ORG-1608"",""ORG-1609"",""ORG-1890""]"
31,10.1038/s41418-021-00866-0,5,"[""ORG-0413"",""ORG-1347"",""ORG-1608"",""ORG-1609"",""ORG-1931""]"
37,10.1016/j.trac.2022.116585,8,"[""ORG-0409"",""ORG-0413"",""ORG-1248"",""ORG-1259"",""ORG-1347"",""ORG-1357"",""ORG-1503"",""ORG-1825""]"
38,10.15252/embj.201591163,4,"[""ORG-0014"",""ORG-0188"",""ORG-1248"",""ORG-2110""]"
39,10.3390/jcm9113518,10,"[""ORG-0413"",""ORG-1608"",""ORG-1609"",""ORG-1773"",""ORG-1825"",""ORG-1866"",""ORG-1911"",""ORG-2147"",""ORG-2154"",""ORG-2166""]"
41,10.1093/cid/ciac846,10,"[""ORG-0413"",""ORG-1137"",""ORG-1216"",""ORG-1259"",""ORG-1347"",""ORG-1357"",""ORG-1581"",""ORG-1608"",""ORG-1609"",""ORG-2154""]"
45,10.1186/1471-2334-11-90,4,"[""ORG-1259"",""ORG-1368"",""ORG-1937"",""ORG-2166""]"
51,10.3389/fmicb.2015.00635,3,"[""ORG-0188"",""ORG-0678"",""ORG-1894""]"
55,10.1016/j.jep.2021.114098,9,"[""ORG-0413"",""ORG-0497"",""ORG-1581"",""ORG-1608"",""ORG-1609"",""ORG-1668"",""ORG-1866"",""ORG-1891"",""ORG-1931""]"
61,10.1007/s11864-021-00836-1,2,"[""ORG-0413"",""ORG-1948""]"
67,10.3762/bjoc.11.65,10,"[""ORG-0015"",""ORG-0421"",""ORG-0455"",""ORG-0559"",""ORG-0968"",""ORG-0970"",""ORG-1860"",""ORG-1905"",""ORG-1913"",""ORG-2154""]"
89,10.1016/j.cmet.2020.07.007,7,"[""ORG-0317"",""ORG-0413"",""ORG-1421"",""ORG-1608"",""ORG-1609"",""ORG-1825"",""ORG-1949""]"
95,10.1002/mco2.60,9,"[""ORG-0413"",""ORG-0678"",""ORG-1047"",""ORG-1259"",""ORG-1493"",""ORG-1505"",""ORG-1608"",""ORG-1609"",""ORG-1866""]"
98,10.1016/j.jgg.2020.01.003,1,"[""ORG-2154""]"
99,10.3389/fmicb.2021.701089,8,"[""ORG-0736"",""ORG-1347"",""ORG-1361"",""ORG-1937"",""ORG-2154"",""ORG-2166"",""ORG-2171"",""ORG-2315""]"
101,10.1016/j.rmed.2021.106381,6,"[""ORG-0413"",""ORG-1347"",""ORG-1357"",""ORG-1608"",""ORG-1609"",""ORG-1922""]"
102,10.31729/jnma.5634,8,"[""ORG-1347"",""ORG-1357"",""ORG-1608"",""ORG-1609"",""ORG-1890"",""ORG-1894"",""ORG-1949"",""ORG-1986""]"
107,10.1101/2023.06.02.543524,10,"[""ORG-0565"",""ORG-0618"",""ORG-0880"",""ORG-0970"",""ORG-1289"",""ORG-1839"",""ORG-1935"",""ORG-2154"",""ORG-2166"",""ORG-2315""]"
113,10.2174/156802611795429130,13,"[""ORG-0012"",""ORG-0736"",""ORG-1347"",""ORG-1357"",""ORG-1421"",""ORG-1525"",""ORG-1825"",""ORG-1847"",""ORG-1868"",""ORG-1891"",""ORG-1898"",""ORG-1958"",""ORG-2284""]"
120,10.1002/btm2.10410,8,"[""ORG-0413"",""ORG-0545"",""ORG-1361"",""ORG-1608"",""ORG-1609"",""ORG-1610"",""ORG-1797"",""ORG-2154""]"
126,10.1016/j.buildenv.2020.107394,3,"[""ORG-0413"",""ORG-1347"",""ORG-1357""]"
128,10.15585/mmwr.mm7226a1,2,"[""ORG-1347"",""ORG-1357""]"
131,10.2807/1560-7917.ES.2020.25.9.2000202,4,"[""ORG-0413"",""ORG-1608"",""ORG-1609"",""ORG-1890""]"
134,10.1016/j.eclinm.2022.101644,7,"[""ORG-0304"",""ORG-0602"",""ORG-1259"",""ORG-1361"",""ORG-1891"",""ORG-2154"",""ORG-2315""]"
142,10.3390/ijerph18179042,17,"[""ORG-0188"",""ORG-0363"",""ORG-0364"",""ORG-0413"",""ORG-0789"",""ORG-1221"",""ORG-1230"",""ORG-1259"",""ORG-1347"",""ORG-1357"",""ORG-1581"",""ORG-1608"",""ORG-1609"",""ORG-1881"",""ORG-1891"",""ORG-1894"",""ORG-2260""]"
143,10.1016/j.vaccine.2011.02.019,11,"[""ORG-0302"",""ORG-0925"",""ORG-0970"",""ORG-1259"",""ORG-1347"",""ORG-1357"",""ORG-1432"",""ORG-1766"",""ORG-1798"",""ORG-2154"",""ORG-2166""]"
144,10.1016/j.crimmu.2022.10.001,22,"[""ORG-0413"",""ORG-0497"",""ORG-1068"",""ORG-1179"",""ORG-1221"",""ORG-1231"",""ORG-1252"",""ORG-1259"",""ORG-1414"",""ORG-1581"",""ORG-1608"",""ORG-1609"",""ORG-1611"",""ORG-1747"",""ORG-1881"",""ORG-1891"",""ORG-1898"",""ORG-1934"",""ORG-1936"",""ORG-2154"",""ORG-2157"",""ORG-2166""]"
149,10.3389/fgene.2021.586569,11,"[""ORG-0413"",""ORG-1023"",""ORG-1146"",""ORG-1347"",""ORG-1357"",""ORG-1608"",""ORG-1609"",""ORG-1847"",""ORG-1937"",""ORG-2141"",""ORG-2154""]"
155,10.15585/mmwr.mm7036a2,1,"[""ORG-0413""]"
161,10.1016/j.cell.2020.02.052,6,"[""ORG-0027"",""ORG-1608"",""ORG-1609"",""ORG-1702"",""ORG-1937"",""ORG-1999""]"
162,10.1016/j.lfs.2020.118105,13,"[""ORG-0244"",""ORG-0413"",""ORG-0866"",""ORG-1259"",""ORG-1608"",""ORG-1609"",""ORG-1610"",""ORG-1825"",""ORG-1897"",""ORG-1937"",""ORG-1948"",""ORG-2154"",""ORG-2166""]"
171,10.3390/v15061372,12,"[""ORG-0413"",""ORG-0789"",""ORG-0982"",""ORG-1089"",""ORG-1259"",""ORG-1347"",""ORG-1357"",""ORG-1608"",""ORG-1609"",""ORG-1766"",""ORG-2154"",""ORG-2166""]"
176,10.1155/2020/4256301,8,"[""ORG-0015"",""ORG-0413"",""ORG-1146"",""ORG-1891"",""ORG-1923"",""ORG-2154"",""ORG-2166"",""ORG-2170""]"
183,10.3390/v15061355,5,"[""ORG-0413"",""ORG-1608"",""ORG-1609"",""ORG-1667"",""ORG-1847""]"
191,10.3390/v12111220,12,"[""ORG-0171"",""ORG-0866"",""ORG-0970"",""ORG-1432"",""ORG-1667"",""ORG-1851"",""ORG-1856"",""ORG-1937"",""ORG-2137"",""ORG-2147"",""ORG-2154"",""ORG-2166""]"
193,10.3390/tropicalmed6020040,7,"[""ORG-0363"",""ORG-0364"",""ORG-0413"",""ORG-1259"",""ORG-1608"",""ORG-1609"",""ORG-1910""]"
194,10.1038/emi.2014.75,13,"[""ORG-0171"",""ORG-0736"",""ORG-0963"",""ORG-1432"",""ORG-1505"",""ORG-1744"",""ORG-1846"",""ORG-1857"",""ORG-1899"",""ORG-1937"",""ORG-2154"",""ORG-2162"",""ORG-2166""]"
195,10.3390/molecules27196633,9,"[""ORG-0399"",""ORG-1248"",""ORG-1259"",""ORG-1347"",""ORG-1357"",""ORG-1490"",""ORG-1898"",""ORG-1934"",""ORG-1948""]"
202,10.1371/journal.pone.0014582,16,"[""ORG-0171"",""ORG-0736"",""ORG-0866"",""ORG-0943"",""ORG-1259"",""ORG-1307"",""ORG-1421"",""ORG-1800"",""ORG-1803"",""ORG-1833"",""ORG-1856"",""ORG-1891"",""ORG-1910"",""ORG-1956"",""ORG-2154"",""ORG-2166""]"
203,10.3390/antibiotics10040351,6,"[""ORG-0095"",""ORG-0596"",""ORG-1347"",""ORG-1357"",""ORG-1846"",""ORG-1911""]"
212,10.1128/mBio.01941-21,9,"[""ORG-0200"",""ORG-0413"",""ORG-0824"",""ORG-0861"",""ORG-1847"",""ORG-1856"",""ORG-1891"",""ORG-2154"",""ORG-2166""]"
224,10.3390/pathogens10030379,8,"[""ORG-0027"",""ORG-0385"",""ORG-0413"",""ORG-1095"",""ORG-1856"",""ORG-1866"",""ORG-1891"",""ORG-1896""]"
226,10.3389/fmolb.2022.975570,11,"[""ORG-0413"",""ORG-0833"",""ORG-1259"",""ORG-1608"",""ORG-1609"",""ORG-1866"",""ORG-1897"",""ORG-1937"",""ORG-1938"",""ORG-1986"",""ORG-2154""]"
232,10.3390/cells10030628,11,"[""ORG-0413"",""ORG-0455"",""ORG-1259"",""ORG-1347"",""ORG-1357"",""ORG-1432"",""ORG-1608"",""ORG-1609"",""ORG-1766"",""ORG-1847"",""ORG-1911""]"
233,10.3390/children10060971,7,"[""ORG-0188"",""ORG-0413"",""ORG-0596"",""ORG-1347"",""ORG-1357"",""ORG-1887"",""ORG-1908""]"
238,10.3389/fpubh.2021.708476,9,"[""ORG-1047"",""ORG-1347"",""ORG-1357"",""ORG-1608"",""ORG-1609"",""ORG-1610"",""ORG-1906"",""ORG-1912"",""ORG-2154""]"
239,10.1186/s13756-020-00777-8,11,"[""ORG-0191"",""ORG-0800"",""ORG-0897"",""ORG-1259"",""ORG-1714"",""ORG-1783"",""ORG-1839"",""ORG-1847"",""ORG-1851"",""ORG-1896"",""ORG-1934""]"
242,10.3390/pharmaceutics13040466,7,"[""ORG-0413"",""ORG-1221"",""ORG-1347"",""ORG-1357"",""ORG-1608"",""ORG-1609"",""ORG-2154""]"
243,10.1186/s12917-022-03453-8,12,"[""ORG-0107"",""ORG-0413"",""ORG-1347"",""ORG-1357"",""ORG-1361"",""ORG-1608"",""ORG-1609"",""ORG-1667"",""ORG-1803"",""ORG-1938"",""ORG-2154"",""ORG-2163""]"
246,10.3390/biom10020331,6,"[""ORG-0413"",""ORG-0963"",""ORG-1146"",""ORG-1147"",""ORG-1608"",""ORG-1891""]"
250,10.1016/j.tifs.2022.02.030,12,"[""ORG-0188"",""ORG-0429"",""ORG-1221"",""ORG-1259"",""ORG-1347"",""ORG-1357"",""ORG-1503"",""ORG-1825"",""ORG-1868"",""ORG-1894"",""ORG-1948"",""ORG-2166""]"
252,10.1186/s12889-022-14234-1,9,"[""ORG-1068"",""ORG-1347"",""ORG-1357"",""ORG-1608"",""ORG-1609"",""ORG-1896"",""ORG-1898"",""ORG-1938"",""ORG-2154""]"
254,10.1016/j.mehy.2020.110082,9,"[""ORG-0385"",""ORG-0413"",""ORG-0806"",""ORG-1439"",""ORG-1608"",""ORG-1609"",""ORG-1894"",""ORG-1896"",""ORG-2154""]"
260,10.1099/mgen.0.000456,9,"[""ORG-0347"",""ORG-0925"",""ORG-1347"",""ORG-1357"",""ORG-1421"",""ORG-1819"",""ORG-1891"",""ORG-2304"",""ORG-2315""]"
261,10.1128/msphere.00177-22,17,"[""ORG-0012"",""ORG-0413"",""ORG-0497"",""ORG-0842"",""ORG-1347"",""ORG-1581"",""ORG-1608"",""ORG-1609"",""ORG-1833"",""ORG-1846"",""ORG-1881"",""ORG-1894"",""ORG-1937"",""ORG-1938"",""ORG-2139"",""ORG-2154"",""ORG-2165""]"
269,10.1016/j.micinf.2022.105058,11,"[""ORG-0227"",""ORG-0363"",""ORG-0364"",""ORG-0413"",""ORG-0559"",""ORG-0833"",""ORG-1347"",""ORG-1357"",""ORG-1608"",""ORG-1609"",""ORG-1729""]"
270,10.1186/s13104-015-1036-9,5,"[""ORG-0464"",""ORG-1259"",""ORG-1825"",""ORG-1891"",""ORG-2154""]"
294,10.1101/2021.08.25.457627,14,"[""ORG-0027"",""ORG-0836"",""ORG-0925"",""ORG-1230"",""ORG-1259"",""ORG-1421"",""ORG-1600"",""ORG-1608"",""ORG-1609"",""ORG-1702"",""ORG-2154"",""ORG-2163"",""ORG-2166"",""ORG-2170""]"
297,10.1016/j.uclim.2023.101577,3,"[""ORG-0413"",""ORG-1347"",""ORG-1357""]"
306,10.1007/s11056-021-09865-y,7,"[""ORG-1347"",""ORG-1357"",""ORG-1817"",""ORG-1887"",""ORG-1890"",""ORG-1910"",""ORG-1934""]"
307,10.1177/11779322211002168,7,"[""ORG-0413"",""ORG-1347"",""ORG-1357"",""ORG-1825"",""ORG-1937"",""ORG-2141"",""ORG-2154""]"
309,10.1177/2324709620904204,3,"[""ORG-0963"",""ORG-1347"",""ORG-2315""]"
312,10.1038/s41598-021-86265-4,16,"[""ORG-0012"",""ORG-0082"",""ORG-0413"",""ORG-1233"",""ORG-1347"",""ORG-1361"",""ORG-1608"",""ORG-1609"",""ORG-1797"",""ORG-1862"",""ORG-1887"",""ORG-1937"",""ORG-1938"",""ORG-2141"",""ORG-2154"",""ORG-2304""]"
315,10.1093/ije/dyab172,8,"[""ORG-0522"",""ORG-1259"",""ORG-1347"",""ORG-1357"",""ORG-1872"",""ORG-1881"",""ORG-1948"",""ORG-2154""]"
317,10.1016/j.meegid.2020.104212,7,"[""ORG-0866"",""ORG-1146"",""ORG-1259"",""ORG-1839"",""ORG-1846"",""ORG-2154"",""ORG-2315""]"
327,10.1111/j.1469-0691.2010.03441.x,8,"[""ORG-1259"",""ORG-1347"",""ORG-1357"",""ORG-1847"",""ORG-1891"",""ORG-1948"",""ORG-2154"",""ORG-2166""]"
329,10.1101/2021.03.19.21253391,10,"[""ORG-0866"",""ORG-1259"",""ORG-1347"",""ORG-1357"",""ORG-1608"",""ORG-1609"",""ORG-1732"",""ORG-1839"",""ORG-1857"",""ORG-1911""]"
330,10.15585/mmwr.mm7140a2,2,"[""ORG-1347"",""ORG-1357""]"
333,10.3390/v12010125,6,"[""ORG-1146"",""ORG-1147"",""ORG-1259"",""ORG-1347"",""ORG-1357"",""ORG-2154""]"
338,10.3389/fcimb.2021.721309,7,"[""ORG-0413"",""ORG-0987"",""ORG-1347"",""ORG-1608"",""ORG-1609"",""ORG-1866"",""ORG-1887""]"
343,10.1016/j.mpmed.2021.07.011,7,"[""ORG-0413"",""ORG-0970"",""ORG-1347"",""ORG-1357"",""ORG-1421"",""ORG-1891"",""ORG-2154""]"
347,10.1128/msphere.00025-22,12,"[""ORG-0413"",""ORG-0845"",""ORG-1043"",""ORG-1221"",""ORG-1259"",""ORG-1347"",""ORG-1357"",""ORG-1608"",""ORG-1609"",""ORG-1839"",""ORG-1881"",""ORG-1948""]"
350,10.3390/v13081457,10,"[""ORG-0122"",""ORG-0413"",""ORG-1146"",""ORG-1147"",""ORG-1608"",""ORG-1609"",""ORG-1667"",""ORG-1839"",""ORG-1891"",""ORG-1910""]"
357,10.3389/fgene.2020.00935,15,"[""ORG-0188"",""ORG-0191"",""ORG-0497"",""ORG-0507"",""ORG-0571"",""ORG-0728"",""ORG-1243"",""ORG-1347"",""ORG-1454"",""ORG-1581"",""ORG-1866"",""ORG-1891"",""ORG-1894"",""ORG-2110"",""ORG-2166""]"
359,10.18502/ijm.v13i6.8071,11,"[""ORG-0034"",""ORG-0413"",""ORG-0943"",""ORG-1259"",""ORG-1347"",""ORG-1608"",""ORG-1609"",""ORG-1839"",""ORG-1859"",""ORG-1891"",""ORG-1934""]"
362,10.1186/1743-422X-7-344,5,"[""ORG-0171"",""ORG-0925"",""ORG-0963"",""ORG-1891"",""ORG-2166""]"
363,10.3390/v12070751,7,"[""ORG-0171"",""ORG-0421"",""ORG-0455"",""ORG-0897"",""ORG-0970"",""ORG-1910"",""ORG-2154""]"
370,10.1016/j.micromeso.2022.111760,16,"[""ORG-0363"",""ORG-0364"",""ORG-0413"",""ORG-0559"",""ORG-1089"",""ORG-1347"",""ORG-1357"",""ORG-1368"",""ORG-1608"",""ORG-1609"",""ORG-1610"",""ORG-1847"",""ORG-1891"",""ORG-1912"",""ORG-2154"",""ORG-2166""]"
376,10.1016/j.lfs.2020.118054,1,"[""ORG-0413""]"
382,10.1186/s40246-020-00290-4,8,"[""ORG-0413"",""ORG-1608"",""ORG-1609"",""ORG-1846"",""ORG-1891"",""ORG-1931"",""ORG-1938"",""ORG-2154""]"
418,10.3389/fimmu.2021.705772,9,"[""ORG-0413"",""ORG-0736"",""ORG-0938"",""ORG-1019"",""ORG-1347"",""ORG-1608"",""ORG-1609"",""ORG-1831"",""ORG-2260""]"
423,10.1038/s41392-020-00233-4,7,"[""ORG-0188"",""ORG-0319"",""ORG-1581"",""ORG-2154"",""ORG-2161"",""ORG-2166"",""ORG-2260""]"
427,10.3390/ph15020212,7,"[""ORG-0123"",""ORG-0455"",""ORG-0560"",""ORG-1347"",""ORG-1898"",""ORG-2166"",""ORG-2260""]"
435,10.3390/pathogens11020259,7,"[""ORG-0413"",""ORG-1149"",""ORG-1608"",""ORG-1609"",""ORG-1825"",""ORG-1866"",""ORG-1891""]"
442,10.1016/j.psep.2022.09.052,7,"[""ORG-0075"",""ORG-0188"",""ORG-0413"",""ORG-1347"",""ORG-1357"",""ORG-1825"",""ORG-2166""]"
451,10.1093/ve/veab020,15,"[""ORG-0015"",""ORG-0125"",""ORG-0880"",""ORG-0968"",""ORG-1089"",""ORG-1347"",""ORG-1357"",""ORG-1368"",""ORG-1581"",""ORG-1608"",""ORG-1609"",""ORG-1881"",""ORG-2154"",""ORG-2166"",""ORG-2315""]"
452,10.3390/microorganisms9081550,11,"[""ORG-0413"",""ORG-1347"",""ORG-1608"",""ORG-1609"",""ORG-1709"",""ORG-1828"",""ORG-1887"",""ORG-1910"",""ORG-1937"",""ORG-1938"",""ORG-2154""]"
454,10.3389/fmicb.2022.910343,14,"[""ORG-0027"",""ORG-0227"",""ORG-0413"",""ORG-0833"",""ORG-1259"",""ORG-1347"",""ORG-1493"",""ORG-1505"",""ORG-1600"",""ORG-1608"",""ORG-1609"",""ORG-1610"",""ORG-1702"",""ORG-2154""]"
461,10.1016/j.clim.2020.108524,6,"[""ORG-0413"",""ORG-0895"",""ORG-1089"",""ORG-1608"",""ORG-1609"",""ORG-1859""]"
466,10.1128/mBio.02302-14,9,"[""ORG-0320"",""ORG-0399"",""ORG-1259"",""ORG-1347"",""ORG-1357"",""ORG-1798"",""ORG-1825"",""ORG-1898"",""ORG-2332""]"
468,10.1016/j.imlet.2020.07.001,4,"[""ORG-0413"",""ORG-1347"",""ORG-1608"",""ORG-1609""]"
482,10.1128/msystems.01062-22,7,"[""ORG-0413"",""ORG-1361"",""ORG-1608"",""ORG-1609"",""ORG-1894"",""ORG-1911"",""ORG-1948""]"
495,10.1073/pnas.2018030117,7,"[""ORG-0413"",""ORG-1608"",""ORG-1609"",""ORG-1839"",""ORG-1847"",""ORG-1897"",""ORG-1937""]"
521,10.3389/fpubh.2023.1184262,3,"[""ORG-0413"",""ORG-1259"",""ORG-2154""]"
525,10.1126/scitranslmed.aax5866,10,"[""ORG-0244"",""ORG-0970"",""ORG-1232"",""ORG-1421"",""ORG-1432"",""ORG-1825"",""ORG-1931"",""ORG-2154"",""ORG-2161"",""ORG-2166""]"
529,10.1007/s40806-021-00277-x,4,"[""ORG-0413"",""ORG-0736"",""ORG-1259"",""ORG-1347""]"
530,10.1210/endocr/bqaa108,6,"[""ORG-0027"",""ORG-0413"",""ORG-1608"",""ORG-1609"",""ORG-1825"",""ORG-1891""]"
531,10.1101/2022.02.17.480940,17,"[""ORG-0399"",""ORG-0413"",""ORG-0571"",""ORG-1259"",""ORG-1347"",""ORG-1744"",""ORG-1797"",""ORG-1798"",""ORG-1811"",""ORG-1825"",""ORG-1857"",""ORG-1867"",""ORG-1887"",""ORG-1891"",""ORG-1934"",""ORG-1979"",""ORG-1986""]"
539,10.1016/j.bios.2023.115362,10,"[""ORG-0413"",""ORG-1259"",""ORG-1347"",""ORG-1357"",""ORG-1490"",""ORG-1608"",""ORG-1609"",""ORG-1898"",""ORG-1937"",""ORG-2166""]"
549,10.1016/j.jocn.2020.07.007,9,"[""ORG-0360"",""ORG-0413"",""ORG-1089"",""ORG-1608"",""ORG-1609"",""ORG-1738"",""ORG-1847"",""ORG-1911"",""ORG-1970""]"
550,10.1111/j.1750-2659.2010.00155.x,10,"[""ORG-0507"",""ORG-0753"",""ORG-0970"",""ORG-1464"",""ORG-1837"",""ORG-1839"",""ORG-1881"",""ORG-1891"",""ORG-2154"",""ORG-2166""]"
561,10.1128/spectrum.02368-22,13,"[""ORG-0413"",""ORG-0858"",""ORG-1137"",""ORG-1330"",""ORG-1347"",""ORG-1357"",""ORG-1361"",""ORG-1608"",""ORG-1609"",""ORG-1856"",""ORG-1891"",""ORG-2154"",""ORG-2166""]"
563,10.1128/JVI.01180-19,11,"[""ORG-0754"",""ORG-0755"",""ORG-0866"",""ORG-0970"",""ORG-1259"",""ORG-1359"",""ORG-1846"",""ORG-1952"",""ORG-2154"",""ORG-2166"",""ORG-2170""]"
568,10.1186/s42522-023-00083-4,4,"[""ORG-1259"",""ORG-1347"",""ORG-1891"",""ORG-1932""]"
569,10.1371/journal.pntd.0007451,8,"[""ORG-0559"",""ORG-1347"",""ORG-1503"",""ORG-1891"",""ORG-1934"",""ORG-2154"",""ORG-2275"",""ORG-2340""]"
573,10.1128/mBio.01930-20,12,"[""ORG-0413"",""ORG-0895"",""ORG-0897"",""ORG-1347"",""ORG-1581"",""ORG-1608"",""ORG-1609"",""ORG-1797"",""ORG-1825"",""ORG-1851"",""ORG-1931"",""ORG-2260""]"
578,10.1080/21655979.2022.2036521,6,"[""ORG-0413"",""ORG-1047"",""ORG-1259"",""ORG-1867"",""ORG-2154"",""ORG-2166""]"
583,10.24272/j.issn.2095-8137.2021.080,11,"[""ORG-0736"",""ORG-1245"",""ORG-1347"",""ORG-1357"",""ORG-1421"",""ORG-1581"",""ORG-2154"",""ORG-2161"",""ORG-2166"",""ORG-2167"",""ORG-2260""]"
589,10.1016/j.cell.2020.06.034,5,"[""ORG-0413"",""ORG-1608"",""ORG-1609"",""ORG-1847"",""ORG-2147""]"
594,10.3389/fimmu.2019.02006,11,"[""ORG-0171"",""ORG-0187"",""ORG-0188"",""ORG-0545"",""ORG-0596"",""ORG-0970"",""ORG-1230"",""ORG-1347"",""ORG-2154"",""ORG-2166"",""ORG-2256""]"
601,10.1016/j.jsbmb.2020.105771,3,"[""ORG-0413"",""ORG-1897"",""ORG-1934""]"
603,10.1016/S1473-3099(19)30446-3,2,"[""ORG-1730"",""ORG-1859""]"
615,10.3390/pathogens11091035,9,"[""ORG-0413"",""ORG-0963"",""ORG-1179"",""ORG-1495"",""ORG-1505"",""ORG-1608"",""ORG-1609"",""ORG-1847"",""ORG-1921""]"
623,10.1101/2022.02.04.479134,11,"[""ORG-0413"",""ORG-0974"",""ORG-1259"",""ORG-1347"",""ORG-1505"",""ORG-1608"",""ORG-1609"",""ORG-1813"",""ORG-1825"",""ORG-1897"",""ORG-1999""]"
624,10.1007/s12035-020-02070-6,5,"[""ORG-0360"",""ORG-0413"",""ORG-1611"",""ORG-1891"",""ORG-1894""]"
643,10.3390/molecules27030712,7,"[""ORG-0244"",""ORG-0385"",""ORG-0413"",""ORG-0925"",""ORG-1259"",""ORG-1891"",""ORG-2285""]"
644,10.3390/bios12090748,4,"[""ORG-0413"",""ORG-1825"",""ORG-2154"",""ORG-2166""]"
650,10.1093/brain/awab302,4,"[""ORG-0413"",""ORG-1608"",""ORG-1609"",""ORG-1931""]"
653,10.3390/ijms23031583,6,"[""ORG-0413"",""ORG-0941"",""ORG-1653"",""ORG-1831"",""ORG-1839"",""ORG-1931""]"
659,10.1186/s13567-014-0127-2,7,"[""ORG-0171"",""ORG-1259"",""ORG-1505"",""ORG-1891"",""ORG-1952"",""ORG-2166"",""ORG-2171""]"
661,10.1007/s10096-020-03961-1,10,"[""ORG-0413"",""ORG-0497"",""ORG-0947"",""ORG-1019"",""ORG-1221"",""ORG-1608"",""ORG-1609"",""ORG-1881"",""ORG-1938"",""ORG-2154""]"
665,10.1186/1743-422X-7-151,9,"[""ORG-0015"",""ORG-0171"",""ORG-0963"",""ORG-0968"",""ORG-0970"",""ORG-1498"",""ORG-1899"",""ORG-2154"",""ORG-2166""]"
672,10.2807/1560-7917.ES.2021.26.11.2100256,2,"[""ORG-1608"",""ORG-1609""]"
686,10.1016/j.jmii.2020.09.002,5,"[""ORG-0413"",""ORG-1347"",""ORG-1608"",""ORG-1609"",""ORG-1847""]"
687,10.1128/mBio.02292-14,5,"[""ORG-0694"",""ORG-0970"",""ORG-1347"",""ORG-1357"",""ORG-2154""]"
688,10.3389/fpubh.2021.825468,4,"[""ORG-0413"",""ORG-0559"",""ORG-1221"",""ORG-2166""]"
692,10.3389/fpubh.2020.589736,9,"[""ORG-0413"",""ORG-0571"",""ORG-0573"",""ORG-0962"",""ORG-1667"",""ORG-1839"",""ORG-1911"",""ORG-1937"",""ORG-1956""]"
704,10.1016/j.ebiom.2021.103525,4,"[""ORG-0413"",""ORG-0925"",""ORG-1608"",""ORG-1609""]"
713,10.1016/j.jenvman.2021.113486,9,"[""ORG-0413"",""ORG-0633"",""ORG-1608"",""ORG-1609"",""ORG-1847"",""ORG-1952"",""ORG-2154"",""ORG-2166"",""ORG-2167""]"
721,10.3390/pathogens12050646,14,"[""ORG-0363"",""ORG-0364"",""ORG-0379"",""ORG-0413"",""ORG-0471"",""ORG-0963"",""ORG-1347"",""ORG-1357"",""ORG-1421"",""ORG-1825"",""ORG-1891"",""ORG-1894"",""ORG-1896"",""ORG-1958""]"
727,10.1128/jvi.01301-22,11,"[""ORG-0987"",""ORG-1144"",""ORG-1246"",""ORG-1608"",""ORG-1609"",""ORG-1839"",""ORG-1877"",""ORG-1879"",""ORG-1937"",""ORG-2139"",""ORG-2306""]"
737,10.1128/JVI.00570-19,12,"[""ORG-0171"",""ORG-0925"",""ORG-0970"",""ORG-1119"",""ORG-1359"",""ORG-1505"",""ORG-1848"",""ORG-1891"",""ORG-2154"",""ORG-2163"",""ORG-2166"",""ORG-2306""]"
753,10.1016/j.bbih.2020.100158,17,"[""ORG-0413"",""ORG-0457"",""ORG-0895"",""ORG-0897"",""ORG-0943"",""ORG-0946"",""ORG-0963"",""ORG-1146"",""ORG-1147"",""ORG-1347"",""ORG-1608"",""ORG-1609"",""ORG-1766"",""ORG-1812"",""ORG-1852"",""ORG-1894"",""ORG-1896""]"
754,10.1136/bmjopen-2020-046206,6,"[""ORG-1347"",""ORG-1357"",""ORG-1887"",""ORG-1898"",""ORG-1910"",""ORG-1986""]"
761,10.1371/journal.pone.0010645,9,"[""ORG-0171"",""ORG-0497"",""ORG-0963"",""ORG-0970"",""ORG-1353"",""ORG-1361"",""ORG-1870"",""ORG-2154"",""ORG-2166""]"
775,10.1093/infdis/jiab142,4,"[""ORG-0413"",""ORG-1230"",""ORG-1608"",""ORG-1609""]"
776,10.1038/s41598-021-95756-3,9,"[""ORG-0188"",""ORG-0683"",""ORG-1146"",""ORG-1147"",""ORG-1347"",""ORG-1357"",""ORG-1894"",""ORG-1979"",""ORG-2166""]"
780,10.3389/fimmu.2022.988536,5,"[""ORG-0413"",""ORG-0869"",""ORG-1766"",""ORG-1866"",""ORG-1911""]"
788,10.3390/pathogens9100829,12,"[""ORG-0413"",""ORG-0605"",""ORG-1608"",""ORG-1609"",""ORG-1825"",""ORG-1846"",""ORG-1894"",""ORG-1937"",""ORG-1938"",""ORG-2141"",""ORG-2154"",""ORG-2166""]"
794,10.1073/pnas.2116932119,5,"[""ORG-0413"",""ORG-1259"",""ORG-1368"",""ORG-1891"",""ORG-1948""]"
796,10.1080/22221751.2022.2125348,5,"[""ORG-0413"",""ORG-1232"",""ORG-1608"",""ORG-1609"",""ORG-1825""]"
798,10.1128/mBio.02008-14,2,"[""ORG-1347"",""ORG-1910""]"
808,10.1111/evo.14107,7,"[""ORG-1089"",""ORG-1347"",""ORG-1357"",""ORG-1608"",""ORG-1609"",""ORG-1812"",""ORG-1891""]"
811,10.3389/fimmu.2023.1183983,10,"[""ORG-0413"",""ORG-1221"",""ORG-1361"",""ORG-1593"",""ORG-1839"",""ORG-1862"",""ORG-1891"",""ORG-1896"",""ORG-2114"",""ORG-2246""]"
812,10.1128/mBio.01175-20,4,"[""ORG-0086"",""ORG-0413"",""ORG-1608"",""ORG-1609""]"
814,10.1371/journal.ppat.1004420,14,"[""ORG-0376"",""ORG-0421"",""ORG-0925"",""ORG-0970"",""ORG-1259"",""ORG-1538"",""ORG-1608"",""ORG-1938"",""ORG-2154"",""ORG-2162"",""ORG-2166"",""ORG-2260"",""ORG-2306"",""ORG-2315""]"
817,10.1007/s10787-023-01253-6,11,"[""ORG-0413"",""ORG-1169"",""ORG-1316"",""ORG-1608"",""ORG-1609"",""ORG-1618"",""ORG-1667"",""ORG-1839"",""ORG-1847"",""ORG-1938"",""ORG-2154""]"
830,10.12701/yujm.2020.00633,7,"[""ORG-1259"",""ORG-1347"",""ORG-1454"",""ORG-1825"",""ORG-1847"",""ORG-1856"",""ORG-1887""]"
834,10.1371/journal.pcbi.1008031,10,"[""ORG-0012"",""ORG-0413"",""ORG-0678"",""ORG-1347"",""ORG-1608"",""ORG-1609"",""ORG-1812"",""ORG-1891"",""ORG-1938"",""ORG-2154""]"
852,10.1016/j.jbc.2021.100536,6,"[""ORG-0379"",""ORG-1259"",""ORG-1608"",""ORG-1609"",""ORG-1702"",""ORG-1847""]"
853,10.3389/fpubh.2021.654299,4,"[""ORG-0413"",""ORG-1368"",""ORG-1847"",""ORG-1948""]"
859,10.3389/fpubh.2021.644786,9,"[""ORG-0159"",""ORG-0171"",""ORG-0970"",""ORG-1259"",""ORG-1347"",""ORG-1357"",""ORG-1956"",""ORG-2154"",""ORG-2166""]"
861,10.1017/S1462399410001432,3,"[""ORG-0171"",""ORG-2166"",""ORG-2315""]"
865,10.1371/journal.pntd.0007330,16,"[""ORG-0363"",""ORG-0364"",""ORG-0399"",""ORG-0497"",""ORG-0623"",""ORG-1347"",""ORG-1357"",""ORG-1421"",""ORG-1812"",""ORG-1891"",""ORG-1894"",""ORG-1919"",""ORG-1979"",""ORG-2110"",""ORG-2304"",""ORG-2315""]"
868,10.3389/fpubh.2021.643053,8,"[""ORG-0413"",""ORG-1221"",""ORG-1259"",""ORG-1347"",""ORG-1881"",""ORG-1887"",""ORG-1938"",""ORG-2154""]"
875,10.4269/ajtmh.22-0790,5,"[""ORG-0413"",""ORG-1259"",""ORG-1347"",""ORG-1357"",""ORG-1986""]"
878,10.1186/1423-0127-17-25,11,"[""ORG-0171"",""ORG-0836"",""ORG-0970"",""ORG-1221"",""ORG-1347"",""ORG-1353"",""ORG-1881"",""ORG-1938"",""ORG-2154"",""ORG-2166"",""ORG-2315""]"
881,10.3389/fmicb.2019.00901,5,"[""ORG-0497"",""ORG-1833"",""ORG-1903"",""ORG-1919"",""ORG-2110""]"
887,10.1016/j.jddst.2022.103764,7,"[""ORG-0399"",""ORG-0413"",""ORG-1347"",""ORG-1357"",""ORG-1847"",""ORG-1958"",""ORG-2166""]"
892,10.3389/fmicb.2022.959577,10,"[""ORG-0413"",""ORG-0497"",""ORG-1581"",""ORG-1608"",""ORG-1609"",""ORG-1774"",""ORG-1934"",""ORG-1937"",""ORG-1938"",""ORG-2154""]"
894,10.3390/v12070699,12,"[""ORG-0015"",""ORG-0880"",""ORG-0968"",""ORG-1347"",""ORG-1357"",""ORG-1608"",""ORG-1609"",""ORG-1891"",""ORG-2141"",""ORG-2154"",""ORG-2166"",""ORG-2260""]"
903,10.1080/22221751.2021.1902754,3,"[""ORG-0413"",""ORG-1259"",""ORG-2154""]"
916,10.1177/0300060519845488,9,"[""ORG-0015"",""ORG-0171"",""ORG-0172"",""ORG-0373"",""ORG-0968"",""ORG-0970"",""ORG-1938"",""ORG-2154"",""ORG-2166""]"
918,10.3389/fpsyt.2021.633664,6,"[""ORG-0413"",""ORG-1019"",""ORG-1347"",""ORG-1746"",""ORG-1887"",""ORG-1894""]"
919,10.1016/j.meegid.2020.104583,12,"[""ORG-0413"",""ORG-0824"",""ORG-0833"",""ORG-0861"",""ORG-1146"",""ORG-1347"",""ORG-1608"",""ORG-1609"",""ORG-1774"",""ORG-1862"",""ORG-1938"",""ORG-2154""]"
922,10.1016/j.meegid.2022.105363,10,"[""ORG-0697"",""ORG-1259"",""ORG-1473"",""ORG-1581"",""ORG-1847"",""ORG-1894"",""ORG-1913"",""ORG-1919"",""ORG-2110"",""ORG-2315""]"
930,10.3389/fcimb.2023.1162721,11,"[""ORG-0146"",""ORG-0188"",""ORG-0244"",""ORG-0413"",""ORG-0596"",""ORG-0683"",""ORG-1259"",""ORG-1347"",""ORG-1714"",""ORG-1730"",""ORG-1891""]"
932,10.1007/s12250-020-00253-y,14,"[""ORG-0413"",""ORG-0833"",""ORG-1089"",""ORG-1146"",""ORG-1147"",""ORG-1221"",""ORG-1259"",""ORG-1581"",""ORG-1608"",""ORG-1609"",""ORG-1797"",""ORG-1891"",""ORG-1949"",""ORG-2166""]"
935,10.3389/fmed.2023.1161268,13,"[""ORG-0171"",""ORG-0413"",""ORG-1176"",""ORG-1347"",""ORG-1357"",""ORG-1361"",""ORG-1593"",""ORG-1608"",""ORG-1609"",""ORG-1817"",""ORG-1891"",""ORG-2154"",""ORG-2166""]"
938,10.1038/s41591-020-0937-x,13,"[""ORG-0361"",""ORG-0379"",""ORG-0925"",""ORG-0969"",""ORG-0970"",""ORG-1095"",""ORG-1259"",""ORG-1432"",""ORG-1894"",""ORG-2114"",""ORG-2154"",""ORG-2166"",""ORG-2306""]"
948,10.1016/j.virol.2010.02.024,7,"[""ORG-0001"",""ORG-0970"",""ORG-1259"",""ORG-1359"",""ORG-1891"",""ORG-2154"",""ORG-2166""]"
965,10.3390/md19070391,7,"[""ORG-0413"",""ORG-0560"",""ORG-0824"",""ORG-0925"",""ORG-1608"",""ORG-1609"",""ORG-1948""]"
975,10.3389/fcimb.2023.1142199,9,"[""ORG-0413"",""ORG-0970"",""ORG-1347"",""ORG-1357"",""ORG-1608"",""ORG-1609"",""ORG-1896"",""ORG-2154"",""ORG-2166""]"
976,10.1128/mBio.00204-19,8,"[""ORG-0015"",""ORG-0125"",""ORG-0310"",""ORG-0880"",""ORG-0968"",""ORG-0970"",""ORG-1228"",""ORG-2154""]"
981,10.3389/fcimb.2023.1161445,10,"[""ORG-0267"",""ORG-0602"",""ORG-1047"",""ORG-1259"",""ORG-1421"",""ORG-1608"",""ORG-1609"",""ORG-1839"",""ORG-1881"",""ORG-1937""]"
983,10.1016/j.bbi.2020.09.033,5,"[""ORG-0736"",""ORG-1846"",""ORG-1874"",""ORG-1911"",""ORG-1921""]"
986,10.3389/fmicb.2022.968036,9,"[""ORG-0413"",""ORG-0869"",""ORG-1347"",""ORG-1357"",""ORG-1361"",""ORG-1581"",""ORG-1608"",""ORG-1609"",""ORG-1900""]"
989,10.1016/j.envres.2023.116040,14,"[""ORG-0188"",""ORG-0374"",""ORG-0413"",""ORG-0497"",""ORG-1347"",""ORG-1357"",""ORG-1581"",""ORG-1825"",""ORG-1831"",""ORG-1894"",""ORG-2154"",""ORG-2158"",""ORG-2166"",""ORG-2315""]"
991,10.1371/journal.ppat.1000756,11,"[""ORG-0895"",""ORG-0897"",""ORG-1221"",""ORG-1245"",""ORG-1347"",""ORG-1357"",""ORG-1608"",""ORG-1881"",""ORG-1937"",""ORG-2154"",""ORG-2163""]"
995,10.1007/s10815-020-01821-7,3,"[""ORG-0413"",""ORG-1809"",""ORG-1847""]"
998,10.1371/journal.pone.0009068,7,"[""ORG-0015"",""ORG-0836"",""ORG-1276"",""ORG-1361"",""ORG-1798"",""ORG-1911"",""ORG-2154""]"
1002,10.1186/s13073-022-01013-1,14,"[""ORG-0244"",""ORG-0413"",""ORG-0429"",""ORG-0963"",""ORG-1221"",""ORG-1421"",""ORG-1581"",""ORG-1608"",""ORG-1609"",""ORG-1611"",""ORG-1819"",""ORG-1911"",""ORG-2166"",""ORG-2169""]"
1004,10.1111/resp.13524,9,"[""ORG-0015"",""ORG-0880"",""ORG-0963"",""ORG-0968"",""ORG-1891"",""ORG-1938"",""ORG-2154"",""ORG-2165"",""ORG-2166""]"
1007,10.7150/ijbs.61476,13,"[""ORG-0027"",""ORG-0122"",""ORG-0310"",""ORG-0413"",""ORG-0833"",""ORG-0925"",""ORG-1600"",""ORG-1608"",""ORG-1609"",""ORG-1702"",""ORG-1866"",""ORG-1891"",""ORG-1986""]"
1012,10.1016/S1473-3099(22)00525-4,8,"[""ORG-0413"",""ORG-1347"",""ORG-1357"",""ORG-1421"",""ORG-1608"",""ORG-1609"",""ORG-1891"",""ORG-2154""]"
1018,10.1039/d2na00950a,12,"[""ORG-0188"",""ORG-0312"",""ORG-0409"",""ORG-0413"",""ORG-0596"",""ORG-1089"",""ORG-1221"",""ORG-1347"",""ORG-1357"",""ORG-1714"",""ORG-1881"",""ORG-2154""]"
1025,10.1093/jamia/ocab169,6,"[""ORG-0413"",""ORG-1347"",""ORG-1608"",""ORG-1609"",""ORG-1887"",""ORG-1894""]"
1033,10.1080/22221751.2020.1833687,9,"[""ORG-0413"",""ORG-1259"",""ORG-1581"",""ORG-1608"",""ORG-1609"",""ORG-1798"",""ORG-1938"",""ORG-2154"",""ORG-2158""]"
1039,10.1590/0037-8682-0477-2020,10,"[""ORG-0413"",""ORG-0963"",""ORG-1259"",""ORG-1347"",""ORG-1608"",""ORG-1609"",""ORG-1887"",""ORG-1891"",""ORG-1938"",""ORG-2154""]"
1042,10.3389/fmicb.2021.810142,6,"[""ORG-1347"",""ORG-1357"",""ORG-1454"",""ORG-1956"",""ORG-2154"",""ORG-2166""]"
1051,10.3390/v11030210,6,"[""ORG-1047"",""ORG-1146"",""ORG-1856"",""ORG-1956"",""ORG-1969"",""ORG-2154""]"
1052,10.1016/j.heha.2023.100056,15,"[""ORG-0413"",""ORG-0497"",""ORG-1221"",""ORG-1347"",""ORG-1608"",""ORG-1609"",""ORG-1667"",""ORG-1881"",""ORG-1894"",""ORG-1937"",""ORG-1938"",""ORG-2147"",""ORG-2154"",""ORG-2166"",""ORG-2170""]"
1061,10.1186/s12985-023-02038-7,12,"[""ORG-0409"",""ORG-0413"",""ORG-0602"",""ORG-1221"",""ORG-1347"",""ORG-1357"",""ORG-1856"",""ORG-1881"",""ORG-1887"",""ORG-1910"",""ORG-1924"",""ORG-2260""]"
1068,10.3389/fimmu.2021.693579,4,"[""ORG-1259"",""ORG-1608"",""ORG-1609"",""ORG-2154""]"
1072,10.1093/infdis/jiac358,7,"[""ORG-0413"",""ORG-1230"",""ORG-1608"",""ORG-1609"",""ORG-1913"",""ORG-1938"",""ORG-2154""]"
1074,10.3389/fimmu.2021.691758,5,"[""ORG-0833"",""ORG-0970"",""ORG-1881"",""ORG-2154"",""ORG-2166""]"
1075,10.1186/1471-2334-14-362,7,"[""ORG-0171"",""ORG-0970"",""ORG-1361"",""ORG-1421"",""ORG-1593"",""ORG-1891"",""ORG-2154""]"
1084,10.1097/CCM.0b013e3181ceb25b,3,"[""ORG-0970"",""ORG-1831"",""ORG-2154""]"
1093,10.1371/journal.pone.0262958,5,"[""ORG-0413"",""ORG-1089"",""ORG-1368"",""ORG-1831"",""ORG-1891""]"
1104,10.1371/journal.ppat.1004206,9,"[""ORG-0421"",""ORG-1259"",""ORG-1347"",""ORG-1357"",""ORG-1798"",""ORG-1856"",""ORG-1887"",""ORG-1910"",""ORG-1948""]"
1109,10.1080/22221751.2020.1787108,11,"[""ORG-0413"",""ORG-0497"",""ORG-0982"",""ORG-1330"",""ORG-1347"",""ORG-1581"",""ORG-1608"",""ORG-1609"",""ORG-1825"",""ORG-1856"",""ORG-1891""]"
1110,10.1016/j.biopha.2021.111956,6,"[""ORG-0413"",""ORG-0842"",""ORG-1089"",""ORG-1259"",""ORG-1347"",""ORG-1847""]"
1113,10.3390/v11020171,10,"[""ORG-0171"",""ORG-0880"",""ORG-0970"",""ORG-1144"",""ORG-1353"",""ORG-1938"",""ORG-2154"",""ORG-2161"",""ORG-2163"",""ORG-2166""]"
1121,10.1101/2020.06.03.130591,12,"[""ORG-0413"",""ORG-0808"",""ORG-1347"",""ORG-1357"",""ORG-1368"",""ORG-1581"",""ORG-1585"",""ORG-1608"",""ORG-1609"",""ORG-1891"",""ORG-1937"",""ORG-2154""]"
1126,10.3390/v15040995,2,"[""ORG-0379"",""ORG-2154""]"
1130,10.1016/j.jpeds.2021.07.053,4,"[""ORG-0413"",""ORG-1259"",""ORG-1839"",""ORG-1890""]"
1131,10.1016/j.arcontrol.2020.09.006,9,"[""ORG-0413"",""ORG-1347"",""ORG-1357"",""ORG-1608"",""ORG-1609"",""ORG-1825"",""ORG-1839"",""ORG-1856"",""ORG-2313""]"
1134,10.1371/journal.pcbi.1003673,8,"[""ORG-0012"",""ORG-0497"",""ORG-0824"",""ORG-1347"",""ORG-1667"",""ORG-1812"",""ORG-1894"",""ORG-1924""]"
1136,10.1016/j.eng.2020.09.015,10,"[""ORG-0015"",""ORG-0413"",""ORG-1259"",""ORG-1347"",""ORG-1357"",""ORG-1421"",""ORG-1608"",""ORG-1609"",""ORG-2154"",""ORG-2166""]"
1139,10.3390/ijms24087536,12,"[""ORG-0082"",""ORG-0413"",""ORG-0545"",""ORG-1259"",""ORG-1347"",""ORG-1357"",""ORG-1361"",""ORG-1608"",""ORG-1609"",""ORG-1839"",""ORG-1891"",""ORG-1910""]"
1144,10.1016/j.ijsu.2022.106233,18,"[""ORG-0125"",""ORG-0413"",""ORG-0951"",""ORG-1146"",""ORG-1147"",""ORG-1221"",""ORG-1230"",""ORG-1259"",""ORG-1316"",""ORG-1347"",""ORG-1357"",""ORG-1608"",""ORG-1609"",""ORG-1881"",""ORG-1891"",""ORG-1934"",""ORG-2154"",""ORG-2165""]"
1160,10.3390/v14010035,9,"[""ORG-0244"",""ORG-0413"",""ORG-0833"",""ORG-1221"",""ORG-1608"",""ORG-1609"",""ORG-1891"",""ORG-2166"",""ORG-2167""]"
1165,10.1371/journal.pone.0262827,3,"[""ORG-0413"",""ORG-1891"",""ORG-1986""]"
1173,10.3389/fcell.2018.00176,16,"[""ORG-0015"",""ORG-0188"",""ORG-0880"",""ORG-0968"",""ORG-1259"",""ORG-1347"",""ORG-1357"",""ORG-1622"",""ORG-1866"",""ORG-1887"",""ORG-1919"",""ORG-1931"",""ORG-1937"",""ORG-2154"",""ORG-2166"",""ORG-2171""]"
1178,10.1007/s13337-021-00653-y,8,"[""ORG-0413"",""ORG-1347"",""ORG-1581"",""ORG-1608"",""ORG-1609"",""ORG-1891"",""ORG-2260"",""ORG-2315""]"
1182,10.3389/fimmu.2023.1155855,8,"[""ORG-0413"",""ORG-0824"",""ORG-0825"",""ORG-1347"",""ORG-1357"",""ORG-1432"",""ORG-1608"",""ORG-1609""]"
1189,10.1016/j.vaccine.2022.08.033,3,"[""ORG-0413"",""ORG-1608"",""ORG-1609""]"
1197,10.1016/j.virusres.2020.198068,9,"[""ORG-0413"",""ORG-1608"",""ORG-1609"",""ORG-1702"",""ORG-1738"",""ORG-1911"",""ORG-1948"",""ORG-1986"",""ORG-2143""]"
1203,10.3389/fmicb.2023.1150470,5,"[""ORG-0596"",""ORG-1095"",""ORG-1259"",""ORG-1894"",""ORG-2315""]"
1204,10.1016/j.vaccine.2021.02.023,16,"[""ORG-0121"",""ORG-0413"",""ORG-0753"",""ORG-0938"",""ORG-1259"",""ORG-1347"",""ORG-1421"",""ORG-1432"",""ORG-1581"",""ORG-1802"",""ORG-1827"",""ORG-1887"",""ORG-1910"",""ORG-1981"",""ORG-2143"",""ORG-2166""]"
1208,10.3390/pathogens11080871,9,"[""ORG-0188"",""ORG-0413"",""ORG-1200"",""ORG-1259"",""ORG-1330"",""ORG-1347"",""ORG-1357"",""ORG-1608"",""ORG-1609""]"
1210,10.1186/1471-2164-15-355,6,"[""ORG-1347"",""ORG-1357"",""ORG-1655"",""ORG-1891"",""ORG-1898"",""ORG-2304""]"
1222,10.1016/j.vaccine.2023.04.010,11,"[""ORG-0379"",""ORG-0605"",""ORG-0824"",""ORG-0938"",""ORG-1421"",""ORG-1709"",""ORG-1809"",""ORG-1891"",""ORG-1910"",""ORG-1938"",""ORG-2154""]"
1223,10.1093/database/baaa070,6,"[""ORG-0399"",""ORG-0413"",""ORG-1228"",""ORG-1608"",""ORG-1609"",""ORG-1891""]"
1227,10.1371/journal.pmed.1001646,2,"[""ORG-1347"",""ORG-1357""]"
1230,10.1016/j.drudis.2020.06.013,1,"[""ORG-0413""]"
1235,10.1016/j.gecco.2018.e00515,11,"[""ORG-0085"",""ORG-0171"",""ORG-0455"",""ORG-0736"",""ORG-1085"",""ORG-1259"",""ORG-1347"",""ORG-1357"",""ORG-1847"",""ORG-1891"",""ORG-1910""]"
1237,10.3389/fcimb.2023.1165160,7,"[""ORG-0304"",""ORG-0413"",""ORG-0824"",""ORG-1347"",""ORG-1608"",""ORG-1609"",""ORG-1847""]"
1250,10.1371/journal.pone.0247026,5,"[""ORG-0413"",""ORG-0841"",""ORG-1095"",""ORG-1910"",""ORG-2315""]"
1252,10.1007/s43440-022-00394-9,10,"[""ORG-0413"",""ORG-0736"",""ORG-1259"",""ORG-1347"",""ORG-1608"",""ORG-1609"",""ORG-1811"",""ORG-1874"",""ORG-1911"",""ORG-2154""]"
1256,10.1371/journal.pntd.0006976,6,"[""ORG-0188"",""ORG-1248"",""ORG-1259"",""ORG-1347"",""ORG-2154"",""ORG-2166""]"
1260,10.1038/cr.2009.124,8,"[""ORG-0167"",""ORG-0171"",""ORG-0970"",""ORG-1289"",""ORG-1839"",""ORG-1952"",""ORG-2154"",""ORG-2166""]"
1261,10.1093/bib/bbaa233,10,"[""ORG-0413"",""ORG-0455"",""ORG-1480"",""ORG-1493"",""ORG-1505"",""ORG-1600"",""ORG-1608"",""ORG-1609"",""ORG-1825"",""ORG-1831""]"
1275,10.1016/j.jiph.2020.12.016,8,"[""ORG-0413"",""ORG-1347"",""ORG-1825"",""ORG-1844"",""ORG-1856"",""ORG-1868"",""ORG-1894"",""ORG-1914""]"
1278,10.3389/fneur.2023.1147867,6,"[""ORG-0413"",""ORG-0897"",""ORG-1856"",""ORG-1891"",""ORG-1931"",""ORG-2154""]"
1281,10.1080/22221751.2020.1831405,9,"[""ORG-0897"",""ORG-1391"",""ORG-1421"",""ORG-1545"",""ORG-1608"",""ORG-1609"",""ORG-1797"",""ORG-1891"",""ORG-1906""]"
1284,10.1007/s11262-009-0404-8,8,"[""ORG-0970"",""ORG-1259"",""ORG-1937"",""ORG-1938"",""ORG-1948"",""ORG-2141"",""ORG-2154"",""ORG-2166""]"
1298,10.1016/j.heliyon.2023.e15337,9,"[""ORG-0413"",""ORG-1259"",""ORG-1347"",""ORG-1357"",""ORG-1421"",""ORG-1432"",""ORG-1881"",""ORG-1910"",""ORG-1934""]"
1299,10.1101/2022.01.04.474799,10,"[""ORG-0497"",""ORG-1581"",""ORG-1585"",""ORG-1608"",""ORG-1609"",""ORG-1641"",""ORG-1864"",""ORG-1891"",""ORG-1913"",""ORG-2200""]"
1302,10.1007/s13280-021-01599-7,5,"[""ORG-1221"",""ORG-1347"",""ORG-1357"",""ORG-1910"",""ORG-1922""]"
1304,10.1371/journal.pgph.0000028,4,"[""ORG-0413"",""ORG-1259"",""ORG-1847"",""ORG-1925""]"
1308,10.1021/acsptsci.0c00174,4,"[""ORG-0413"",""ORG-1347"",""ORG-1887"",""ORG-1934""]"
1312,10.1111/j.1750-2659.2009.00096.x,7,"[""ORG-0970"",""ORG-1221"",""ORG-1421"",""ORG-1881"",""ORG-1891"",""ORG-2154"",""ORG-2166""]"
1314,10.1038/s41467-020-18190-5,3,"[""ORG-0399"",""ORG-0413"",""ORG-1934""]"
1323,10.1007/s40588-021-00157-9,8,"[""ORG-0413"",""ORG-0455"",""ORG-1581"",""ORG-1608"",""ORG-1609"",""ORG-1952"",""ORG-2154"",""ORG-2166""]"
1324,10.5713/ab.21.0163,9,"[""ORG-0171"",""ORG-0497"",""ORG-0895"",""ORG-0897"",""ORG-0970"",""ORG-1353"",""ORG-1464"",""ORG-1844"",""ORG-2154""]"
1328,10.3389/fphar.2023.1150282,5,"[""ORG-1347"",""ORG-1357"",""ORG-1911"",""ORG-2154"",""ORG-2166""]"
1337,10.1016/S2666-5247(21)00312-8,3,"[""ORG-1347"",""ORG-1357"",""ORG-1934""]"
1343,10.4110/in.2021.21.e39,9,"[""ORG-0413"",""ORG-0455"",""ORG-0808"",""ORG-1493"",""ORG-1545"",""ORG-1608"",""ORG-1609"",""ORG-1610"",""ORG-2154""]"
1347,10.3389/fimmu.2022.944907,9,"[""ORG-0188"",""ORG-0925"",""ORG-0970"",""ORG-1169"",""ORG-1245"",""ORG-1969"",""ORG-2154"",""ORG-2166"",""ORG-2170""]"
1348,10.1038/s41426-018-0182-2,2,"[""ORG-0970"",""ORG-2154""]"
1353,10.3389/fmicb.2023.1151524,4,"[""ORG-0171"",""ORG-0938"",""ORG-2154"",""ORG-2166""]"
1357,10.1093/infdis/jiab606,6,"[""ORG-0413"",""ORG-0943"",""ORG-1891"",""ORG-1910"",""ORG-1911"",""ORG-2154""]"
1361,10.3390/ijms22137127,6,"[""ORG-0413"",""ORG-1259"",""ORG-1454"",""ORG-1608"",""ORG-1609"",""ORG-1891""]"
1365,10.1093/gerona/glaa149,8,"[""ORG-0413"",""ORG-1347"",""ORG-1608"",""ORG-1609"",""ORG-1859"",""ORG-1891"",""ORG-1911"",""ORG-2315""]"
1379,10.1016/j.jss.2020.05.049,1,"[""ORG-0413""]"
1385,10.7717/peerj.5716,9,"[""ORG-0951"",""ORG-0970"",""ORG-1347"",""ORG-1825"",""ORG-1897"",""ORG-2154"",""ORG-2158"",""ORG-2163"",""ORG-2166""]"
1388,10.1016/j.apsb.2021.12.021,6,"[""ORG-0413"",""ORG-0833"",""ORG-1347"",""ORG-1421"",""ORG-1744"",""ORG-1825""]"
1399,10.7555/JBR.34.20200134,9,"[""ORG-0413"",""ORG-0987"",""ORG-1347"",""ORG-1357"",""ORG-1608"",""ORG-1609"",""ORG-1667"",""ORG-1825"",""ORG-2154""]"
1404,10.3233/THC-236015,8,"[""ORG-0413"",""ORG-1259"",""ORG-1347"",""ORG-1357"",""ORG-1747"",""ORG-1774"",""ORG-1825"",""ORG-1891""]"
1405,10.1016/S1473-3099(18)30298-6,8,"[""ORG-0136"",""ORG-1347"",""ORG-1357"",""ORG-1825"",""ORG-1881"",""ORG-1891"",""ORG-1910"",""ORG-2154""]"
1408,10.1371/journal.pone.0089660,3,"[""ORG-1347"",""ORG-1839"",""ORG-1894""]"
1412,10.1016/j.ejpb.2018.10.008,7,"[""ORG-0171"",""ORG-0457"",""ORG-0970"",""ORG-1891"",""ORG-1934"",""ORG-2154"",""ORG-2172""]"
1414,10.1371/journal.pone.0090066,10,"[""ORG-0015"",""ORG-0880"",""ORG-0925"",""ORG-0946"",""ORG-0968"",""ORG-1347"",""ORG-1357"",""ORG-1729"",""ORG-2154"",""ORG-2163""]"
1417,10.3389/fimmu.2023.1083251,11,"[""ORG-0581"",""ORG-0880"",""ORG-0943"",""ORG-1259"",""ORG-1347"",""ORG-1421"",""ORG-1798"",""ORG-1856"",""ORG-1859"",""ORG-2154"",""ORG-2161""]"
1428,10.1038/s41598-022-17915-4,2,"[""ORG-1347"",""ORG-1357""]"
1432,10.1101/2021.02.11.21251593,7,"[""ORG-0413"",""ORG-0938"",""ORG-1347"",""ORG-1357"",""ORG-1608"",""ORG-1609"",""ORG-1922""]"
1433,10.1371/journal.ppat.1007286,10,"[""ORG-0206"",""ORG-0497"",""ORG-1259"",""ORG-1347"",""ORG-1357"",""ORG-1581"",""ORG-1629"",""ORG-1910"",""ORG-1931"",""ORG-1956""]"
1435,10.3389/fcimb.2021.653616,8,"[""ORG-0413"",""ORG-0497"",""ORG-1347"",""ORG-1357"",""ORG-1608"",""ORG-1609"",""ORG-2147"",""ORG-2166""]"
1442,10.3389/fmicb.2021.676314,13,"[""ORG-0413"",""ORG-0421"",""ORG-0497"",""ORG-0503"",""ORG-0974"",""ORG-1225"",""ORG-1581"",""ORG-1608"",""ORG-1609"",""ORG-1908"",""ORG-1937"",""ORG-1938"",""ORG-2154""]"
1445,10.3389/fimmu.2018.01963,13,"[""ORG-0683"",""ORG-1047"",""ORG-1084"",""ORG-1221"",""ORG-1347"",""ORG-1357"",""ORG-1581"",""ORG-1667"",""ORG-1825"",""ORG-1839"",""ORG-1898"",""ORG-1910"",""ORG-2154""]"
1450,10.1016/j.envres.2021.111679,6,"[""ORG-0938"",""ORG-1347"",""ORG-1357"",""ORG-1608"",""ORG-1609"",""ORG-1910""]"
1459,10.1128/JVI.01248-18,16,"[""ORG-0012"",""ORG-0243"",""ORG-0836"",""ORG-1136"",""ORG-1347"",""ORG-1357"",""ORG-1545"",""ORG-1846"",""ORG-1868"",""ORG-1906"",""ORG-1913"",""ORG-1938"",""ORG-1952"",""ORG-2154"",""ORG-2160"",""ORG-2166""]"
1461,10.1016/j.vaccine.2014.02.004,6,"[""ORG-0869"",""ORG-1146"",""ORG-1147"",""ORG-1493"",""ORG-1505"",""ORG-1702""]"
1478,10.1186/1743-422X-6-76,10,"[""ORG-0024"",""ORG-0171"",""ORG-0762"",""ORG-1797"",""ORG-1839"",""ORG-1897"",""ORG-1937"",""ORG-1938"",""ORG-2154"",""ORG-2166""]"
1481,10.2147/IDR.S313261,2,"[""ORG-0596"",""ORG-1898""]"
1484,10.1007/s11357-021-00512-0,11,"[""ORG-0413"",""ORG-0938"",""ORG-1221"",""ORG-1259"",""ORG-1347"",""ORG-1357"",""ORG-1558"",""ORG-1608"",""ORG-1609"",""ORG-1881"",""ORG-2154""]"
1486,10.1128/jvi.00247-23,12,"[""ORG-0108"",""ORG-0925"",""ORG-0947"",""ORG-1581"",""ORG-1795"",""ORG-1847"",""ORG-1900"",""ORG-1937"",""ORG-1938"",""ORG-2140"",""ORG-2141"",""ORG-2154""]"
1488,10.1016/S1473-3099(20)30939-7,11,"[""ORG-0399"",""ORG-0413"",""ORG-0824"",""ORG-1347"",""ORG-1357"",""ORG-1608"",""ORG-1609"",""ORG-1822"",""ORG-1881"",""ORG-1891"",""ORG-1986""]"
1491,10.1371/journal.ppat.1000454,15,"[""ORG-0824"",""ORG-0861"",""ORG-1019"",""ORG-1259"",""ORG-1347"",""ORG-1357"",""ORG-1368"",""ORG-1485"",""ORG-1839"",""ORG-1890"",""ORG-1934"",""ORG-1937"",""ORG-1938"",""ORG-2153"",""ORG-2154""]"
1497,10.1007/s00203-023-03514-y,13,"[""ORG-0015"",""ORG-0413"",""ORG-0522"",""ORG-0525"",""ORG-0790"",""ORG-0824"",""ORG-0853"",""ORG-0861"",""ORG-0880"",""ORG-0968"",""ORG-1874"",""ORG-2154"",""ORG-2166""]"
1507,10.1016/j.plefa.2020.102174,1,"[""ORG-0413""]"
1508,10.3389/fcimb.2023.1107884,6,"[""ORG-0569"",""ORG-1200"",""ORG-1232"",""ORG-1259"",""ORG-1347"",""ORG-1887""]"
1511,10.1007/s11427-009-0067-7,5,"[""ORG-0171"",""ORG-1839"",""ORG-1938"",""ORG-2154"",""ORG-2166""]"
1515,10.1016/j.ajic.2020.06.002,7,"[""ORG-0136"",""ORG-1347"",""ORG-1357"",""ORG-1490"",""ORG-1608"",""ORG-1609"",""ORG-2154""]"
1517,10.1016/j.ijmmb.2022.07.005,11,"[""ORG-0012"",""ORG-0108"",""ORG-0155"",""ORG-0413"",""ORG-1221"",""ORG-1259"",""ORG-1347"",""ORG-1608"",""ORG-1609"",""ORG-1702"",""ORG-1910""]"
1522,10.3389/fmolb.2020.598583,8,"[""ORG-0413"",""ORG-1608"",""ORG-1609"",""ORG-1859"",""ORG-1937"",""ORG-2147"",""ORG-2154"",""ORG-2160""]"
1523,10.1016/j.jaci.2021.07.002,9,"[""ORG-0086"",""ORG-0925"",""ORG-0943"",""ORG-1347"",""ORG-1357"",""ORG-1856"",""ORG-1937"",""ORG-1948"",""ORG-2166""]"
1526,10.1016/j.vaccine.2009.03.082,8,"[""ORG-0171"",""ORG-0970"",""ORG-1361"",""ORG-1839"",""ORG-2154"",""ORG-2166"",""ORG-2171"",""ORG-2306""]"
1533,10.1080/21505594.2022.2107602,5,"[""ORG-0413"",""ORG-1259"",""ORG-1608"",""ORG-1609"",""ORG-2166""]"
1537,10.3389/fpubh.2020.616328,4,"[""ORG-0413"",""ORG-1347"",""ORG-1867"",""ORG-1948""]"
1544,10.3389/fimmu.2020.594572,5,"[""ORG-0413"",""ORG-1347"",""ORG-1829"",""ORG-1887"",""ORG-1911""]"
1552,10.3389/fimmu.2023.1113194,10,"[""ORG-0545"",""ORG-0887"",""ORG-1146"",""ORG-1147"",""ORG-1221"",""ORG-1493"",""ORG-1608"",""ORG-1609"",""ORG-1839"",""ORG-2315""]"
1553,10.3389/fgene.2022.931562,7,"[""ORG-0027"",""ORG-0413"",""ORG-1608"",""ORG-1609"",""ORG-1667"",""ORG-1846"",""ORG-2247""]"
1557,10.1016/S2214-109X(20)30357-0,8,"[""ORG-0385"",""ORG-0522"",""ORG-0824"",""ORG-1347"",""ORG-1357"",""ORG-1368"",""ORG-1847"",""ORG-2154""]"
1561,10.1007/s43630-023-00373-w,14,"[""ORG-0036"",""ORG-0075"",""ORG-0413"",""ORG-0963"",""ORG-1089"",""ORG-1259"",""ORG-1347"",""ORG-1357"",""ORG-1608"",""ORG-1609"",""ORG-1910"",""ORG-1938"",""ORG-1948"",""ORG-2154""]"
1563,10.1016/j.tips.2009.03.002,10,"[""ORG-0015"",""ORG-0652"",""ORG-0760"",""ORG-0968"",""ORG-1825"",""ORG-1891"",""ORG-1937"",""ORG-2147"",""ORG-2154"",""ORG-2166""]"
1566,10.1038/s41598-021-83355-1,6,"[""ORG-0413"",""ORG-0455"",""ORG-1608"",""ORG-1609"",""ORG-1839"",""ORG-2141""]"
1574,10.1038/s41586-020-2423-5,11,"[""ORG-0413"",""ORG-0925"",""ORG-1084"",""ORG-1146"",""ORG-1147"",""ORG-1259"",""ORG-1608"",""ORG-1609"",""ORG-1839"",""ORG-2154"",""ORG-2164""]"
1580,10.1016/j.scitotenv.2022.157740,10,"[""ORG-0413"",""ORG-1259"",""ORG-1361"",""ORG-1593"",""ORG-1608"",""ORG-1609"",""ORG-1798"",""ORG-1856"",""ORG-1937"",""ORG-2154""]"
1582,10.1016/j.cell.2020.05.027,5,"[""ORG-0413"",""ORG-0497"",""ORG-1608"",""ORG-1609"",""ORG-2154""]"
1584,10.1371/journal.pone.0272307,7,"[""ORG-0413"",""ORG-1347"",""ORG-1357"",""ORG-1608"",""ORG-1609"",""ORG-1894"",""ORG-1902""]"
1591,10.1007/s00109-020-01980-1,7,"[""ORG-0413"",""ORG-1608"",""ORG-1609"",""ORG-1610"",""ORG-1874"",""ORG-1891"",""ORG-2154""]"
1594,10.1080/22221751.2020.1766383,1,"[""ORG-0413""]"
1599,10.1371/journal.pmed.1000049,16,"[""ORG-0171"",""ORG-0320"",""ORG-0399"",""ORG-0683"",""ORG-0963"",""ORG-0970"",""ORG-1169"",""ORG-1259"",""ORG-1839"",""ORG-1937"",""ORG-1938"",""ORG-1958"",""ORG-2147"",""ORG-2154"",""ORG-2166"",""ORG-2304""]"
1601,10.1128/mBio.01408-18,12,"[""ORG-0015"",""ORG-0171"",""ORG-0244"",""ORG-0968"",""ORG-0970"",""ORG-1259"",""ORG-1288"",""ORG-1766"",""ORG-1891"",""ORG-1911"",""ORG-2154"",""ORG-2166""]"
1611,10.1038/s41418-020-0572-6,7,"[""ORG-0413"",""ORG-0571"",""ORG-0925"",""ORG-1347"",""ORG-1608"",""ORG-1609"",""ORG-1766""]"
1612,10.1016/j.healthpol.2021.12.001,6,"[""ORG-0413"",""ORG-0987"",""ORG-1259"",""ORG-1347"",""ORG-1866"",""ORG-1891""]"
1615,10.12688/f1000research.55114.2,8,"[""ORG-0223"",""ORG-1259"",""ORG-1347"",""ORG-1357"",""ORG-1891"",""ORG-1910"",""ORG-1948"",""ORG-2260""]"
1616,10.1038/s41577-020-0359-5,7,"[""ORG-0413"",""ORG-1230"",""ORG-1347"",""ORG-1357"",""ORG-1608"",""ORG-1609"",""ORG-1825""]"
1620,10.3390/v12091039,7,"[""ORG-0497"",""ORG-0963"",""ORG-1608"",""ORG-1609"",""ORG-1866"",""ORG-1891"",""ORG-2166""]"
1627,10.1016/j.vaccine.2018.06.054,9,"[""ORG-0925"",""ORG-1221"",""ORG-1421"",""ORG-1747"",""ORG-1857"",""ORG-1881"",""ORG-1891"",""ORG-2154"",""ORG-2260""]"
1631,10.3390/v12060614,13,"[""ORG-0413"",""ORG-0471"",""ORG-1146"",""ORG-1347"",""ORG-1418"",""ORG-1608"",""ORG-1609"",""ORG-1639"",""ORG-1894"",""ORG-1938"",""ORG-2154"",""ORG-2166"",""ORG-2304""]"
1635,10.1038/s41598-021-83105-3,13,"[""ORG-0009"",""ORG-0413"",""ORG-0421"",""ORG-1238"",""ORG-1608"",""ORG-1609"",""ORG-1709"",""ORG-1847"",""ORG-1938"",""ORG-2040"",""ORG-2141"",""ORG-2154"",""ORG-2260""]"
1640,10.1016/j.epidem.2022.100614,5,"[""ORG-0413"",""ORG-1259"",""ORG-1347"",""ORG-1856"",""ORG-1887""]"
1645,10.3390/vaccines9121410,11,"[""ORG-0413"",""ORG-0497"",""ORG-0559"",""ORG-1347"",""ORG-1608"",""ORG-1609"",""ORG-1839"",""ORG-1856"",""ORG-1937"",""ORG-2147"",""ORG-2154""]"
1646,10.3390/ijms24065352,15,"[""ORG-0413"",""ORG-0736"",""ORG-1230"",""ORG-1259"",""ORG-1368"",""ORG-1608"",""ORG-1609"",""ORG-1738"",""ORG-1825"",""ORG-1872"",""ORG-1891"",""ORG-1910"",""ORG-1938"",""ORG-2154"",""ORG-2166""]"
1649,10.1016/j.pcad.2020.05.013,5,"[""ORG-0413"",""ORG-0736"",""ORG-1608"",""ORG-1609"",""ORG-2154""]"
1650,10.1016/j.jaci.2021.12.775,6,"[""ORG-0413"",""ORG-0906"",""ORG-1421"",""ORG-1891"",""ORG-1897"",""ORG-2315""]"
1653,10.1155/2022/5618222,6,"[""ORG-0413"",""ORG-1608"",""ORG-1609"",""ORG-1938"",""ORG-2147"",""ORG-2154""]"
1663,10.1186/s12879-018-3222-6,9,"[""ORG-0171"",""ORG-0560"",""ORG-0938"",""ORG-1221"",""ORG-1259"",""ORG-1881"",""ORG-1910"",""ORG-2137"",""ORG-2147""]"
1665,10.3390/v13020258,8,"[""ORG-1347"",""ORG-1357"",""ORG-1581"",""ORG-1608"",""ORG-1609"",""ORG-1825"",""ORG-1866"",""ORG-1891""]"
1677,10.1186/s13073-018-0560-3,5,"[""ORG-0171"",""ORG-0409"",""ORG-1891"",""ORG-2154"",""ORG-2166""]"
1684,10.21203/rs.3.rs-180966/v1,10,"[""ORG-0082"",""ORG-1330"",""ORG-1347"",""ORG-1357"",""ORG-1421"",""ORG-1480"",""ORG-1608"",""ORG-1609"",""ORG-1831"",""ORG-1862""]"
1685,10.1101/2020.04.17.045161,11,"[""ORG-1347"",""ORG-1357"",""ORG-1413"",""ORG-1581"",""ORG-1608"",""ORG-1609"",""ORG-1672"",""ORG-1673"",""ORG-1847"",""ORG-1970"",""ORG-2154""]"
1687,10.1038/emi.2013.89,8,"[""ORG-0015"",""ORG-0866"",""ORG-0968"",""ORG-0970"",""ORG-1259"",""ORG-1505"",""ORG-1934"",""ORG-2154""]"
1688,10.1371/journal.pcbi.1010885,20,"[""ORG-0125"",""ORG-0824"",""ORG-1216"",""ORG-1259"",""ORG-1347"",""ORG-1357"",""ORG-1581"",""ORG-1586"",""ORG-1608"",""ORG-1609"",""ORG-1846"",""ORG-1856"",""ORG-1877"",""ORG-1879"",""ORG-1891"",""ORG-1938"",""ORG-1952"",""ORG-2154"",""ORG-2166"",""ORG-2170""]"
1698,10.1186/s12951-021-01194-8,4,"[""ORG-0188"",""ORG-1856"",""ORG-1921"",""ORG-2315""]"
1699,10.1038/s41426-018-0115-0,7,"[""ORG-0925"",""ORG-0970"",""ORG-1169"",""ORG-1797"",""ORG-2154"",""ORG-2166"",""ORG-2171""]"
1700,10.1186/1741-7015-11-252,10,"[""ORG-0471"",""ORG-0736"",""ORG-1259"",""ORG-1347"",""ORG-1357"",""ORG-1368"",""ORG-1898"",""ORG-1910"",""ORG-2166"",""ORG-2251""]"
1709,10.1039/d0ra10009a,9,"[""ORG-0413"",""ORG-0421"",""ORG-0736"",""ORG-1089"",""ORG-1347"",""ORG-1357"",""ORG-1667"",""ORG-1833"",""ORG-2166""]"
1713,10.3390/pathogens11070742,7,"[""ORG-1361"",""ORG-1608"",""ORG-1609"",""ORG-1783"",""ORG-1891"",""ORG-1938"",""ORG-2154""]"
1727,10.3390/ijms23148006,11,"[""ORG-0244"",""ORG-0413"",""ORG-1221"",""ORG-1259"",""ORG-1347"",""ORG-1608"",""ORG-1609"",""ORG-1934"",""ORG-1938"",""ORG-2154"",""ORG-2166""]"
1730,10.1007/s13365-021-00945-5,9,"[""ORG-0360"",""ORG-0413"",""ORG-1146"",""ORG-1259"",""ORG-1608"",""ORG-1609"",""ORG-1611"",""ORG-1857"",""ORG-1948""]"
1731,10.1016/j.meegid.2020.104390,11,"[""ORG-0413"",""ORG-0497"",""ORG-1361"",""ORG-1608"",""ORG-1609"",""ORG-1639"",""ORG-1825"",""ORG-1846"",""ORG-1938"",""ORG-2154"",""ORG-2304""]"
1735,10.3389/fmolb.2023.1165208,2,"[""ORG-1347"",""ORG-1357""]"
1737,10.1038/s41437-020-00370-0,7,"[""ORG-0136"",""ORG-0413"",""ORG-0497"",""ORG-1232"",""ORG-1831"",""ORG-1956"",""ORG-1969""]"
1738,10.1016/j.virol.2020.12.018,8,"[""ORG-0413"",""ORG-0497"",""ORG-1119"",""ORG-1581"",""ORG-1586"",""ORG-1608"",""ORG-1609"",""ORG-2166""]"
1739,10.1016/j.wneu.2020.05.246,3,"[""ORG-1608"",""ORG-1609"",""ORG-2154""]"
1744,10.1016/j.phymed.2020.153317,17,"[""ORG-0413"",""ORG-0925"",""ORG-0974"",""ORG-1146"",""ORG-1147"",""ORG-1259"",""ORG-1368"",""ORG-1432"",""ORG-1608"",""ORG-1609"",""ORG-1866"",""ORG-1937"",""ORG-1938"",""ORG-2147"",""ORG-2154"",""ORG-2163"",""ORG-2260""]"
1756,10.1016/j.mehy.2020.109907,5,"[""ORG-1608"",""ORG-1609"",""ORG-1938"",""ORG-2154"",""ORG-2166""]"
1761,10.1038/s41426-018-0100-7,5,"[""ORG-0171"",""ORG-0925"",""ORG-2166"",""ORG-2170"",""ORG-2171""]"
1762,10.1186/s42522-021-00044-9,7,"[""ORG-0497"",""ORG-1234"",""ORG-1361"",""ORG-1581"",""ORG-1593"",""ORG-2154"",""ORG-2304""]"
1767,10.1016/j.celrep.2020.108185,11,"[""ORG-0413"",""ORG-0895"",""ORG-0897"",""ORG-1205"",""ORG-1259"",""ORG-1454"",""ORG-1608"",""ORG-1609"",""ORG-1797"",""ORG-1894"",""ORG-2166""]"
1778,10.1186/s13643-021-01749-8,5,"[""ORG-0413"",""ORG-1330"",""ORG-1347"",""ORG-1357"",""ORG-1931""]"
1783,10.1093/infdis/jiac296,6,"[""ORG-0413"",""ORG-1347"",""ORG-1357"",""ORG-1608"",""ORG-1609"",""ORG-1898""]"
1801,10.1177/2472555220934421,10,"[""ORG-0413"",""ORG-0559"",""ORG-1608"",""ORG-1609"",""ORG-1773"",""ORG-1847"",""ORG-1937"",""ORG-1938"",""ORG-2147"",""ORG-2154""]"
1802,10.1128/mBio.01854-20,18,"[""ORG-0200"",""ORG-0267"",""ORG-0413"",""ORG-0435"",""ORG-0824"",""ORG-0825"",""ORG-1146"",""ORG-1147"",""ORG-1259"",""ORG-1347"",""ORG-1357"",""ORG-1608"",""ORG-1609"",""ORG-1797"",""ORG-1868"",""ORG-2154"",""ORG-2162"",""ORG-2166""]"
1803,10.1111/1468-2427.13080,6,"[""ORG-0413"",""ORG-1085"",""ORG-1421"",""ORG-1847"",""ORG-1891"",""ORG-2166""]"
1811,10.1080/21655979.2021.2005876,3,"[""ORG-0413"",""ORG-1867"",""ORG-1934""]"
1814,10.3390/ani11061821,7,"[""ORG-0421"",""ORG-1259"",""ORG-1347"",""ORG-1357"",""ORG-1867"",""ORG-1881"",""ORG-1887""]"
1815,10.1038/s41426-018-0088-z,8,"[""ORG-0862"",""ORG-0880"",""ORG-0970"",""ORG-1874"",""ORG-2048"",""ORG-2154"",""ORG-2166"",""ORG-2171""]"
1818,10.1017/mdh.2012.101,4,"[""ORG-1527"",""ORG-1695"",""ORG-1839"",""ORG-1891""]"
1819,10.3390/ani10091632,7,"[""ORG-1019"",""ORG-1347"",""ORG-1421"",""ORG-1803"",""ORG-1891"",""ORG-1910"",""ORG-1986""]"
1822,10.26508/lsa.202201875,8,"[""ORG-0243"",""ORG-1347"",""ORG-1357"",""ORG-1608"",""ORG-1609"",""ORG-1610"",""ORG-1881"",""ORG-2154""]"
1836,10.3389/fmedt.2023.1015507,4,"[""ORG-0413"",""ORG-1245"",""ORG-1347"",""ORG-1357""]"
1837,10.1136/bmj.m2094,8,"[""ORG-0123"",""ORG-0413"",""ORG-1361"",""ORG-1608"",""ORG-1609"",""ORG-1897"",""ORG-1938"",""ORG-2154""]"
1840,10.1016/j.arcmed.2021.01.001,7,"[""ORG-0413"",""ORG-1259"",""ORG-1608"",""ORG-1609"",""ORG-1937"",""ORG-1938"",""ORG-2154""]"
1843,10.1099/vir.0.2008/004143-0,7,"[""ORG-0171"",""ORG-0242"",""ORG-0836"",""ORG-0970"",""ORG-2154"",""ORG-2166"",""ORG-2306""]"
1845,10.3389/fpubh.2023.1095202,10,"[""ORG-0413"",""ORG-1347"",""ORG-1357"",""ORG-1608"",""ORG-1609"",""ORG-1667"",""ORG-1877"",""ORG-1903"",""ORG-1937"",""ORG-2141""]"
1846,10.1186/s13063-020-04436-6,9,"[""ORG-0155"",""ORG-0413"",""ORG-0824"",""ORG-1221"",""ORG-1259"",""ORG-1608"",""ORG-1609"",""ORG-1825"",""ORG-1986""]"
1847,10.3390/pathogens10070798,5,"[""ORG-0413"",""ORG-1581"",""ORG-1608"",""ORG-1609"",""ORG-1897""]"
1848,10.1016/j.virusres.2013.09.013,9,"[""ORG-0124"",""ORG-0171"",""ORG-0970"",""ORG-1321"",""ORG-1490"",""ORG-1891"",""ORG-1952"",""ORG-2154"",""ORG-2166""]"
1851,10.1016/j.it.2021.12.001,7,"[""ORG-0012"",""ORG-0413"",""ORG-1259"",""ORG-1347"",""ORG-1608"",""ORG-1609"",""ORG-1852""]"
1852,10.1038/s41426-018-0073-6,8,"[""ORG-0173"",""ORG-0559"",""ORG-0599"",""ORG-1359"",""ORG-1485"",""ORG-1877"",""ORG-1937"",""ORG-2166""]"
1854,10.1093/gbe/evad047,12,"[""ORG-0497"",""ORG-0887"",""ORG-1221"",""ORG-1347"",""ORG-1357"",""ORG-1581"",""ORG-1586"",""ORG-1839"",""ORG-1881"",""ORG-1891"",""ORG-2154"",""ORG-2166""]"
1863,10.1038/s41598-021-03685-y,9,"[""ORG-0943"",""ORG-1347"",""ORG-1357"",""ORG-1432"",""ORG-1608"",""ORG-1609"",""ORG-1779"",""ORG-1990"",""ORG-2154""]"
1870,10.3390/v13061087,10,"[""ORG-0413"",""ORG-0571"",""ORG-1347"",""ORG-1581"",""ORG-1608"",""ORG-1609"",""ORG-1825"",""ORG-1905"",""ORG-2154"",""ORG-2166""]"
1874,10.3390/vaccines9060606,10,"[""ORG-0188"",""ORG-0207"",""ORG-1232"",""ORG-1347"",""ORG-1357"",""ORG-1581"",""ORG-1825"",""ORG-1839"",""ORG-1891"",""ORG-1958""]"
1879,10.5811/cpcem.2020.6.48462,9,"[""ORG-0360"",""ORG-1259"",""ORG-1347"",""ORG-1357"",""ORG-1608"",""ORG-1609"",""ORG-1948"",""ORG-1986"",""ORG-2154""]"
1881,10.1007/s40123-021-00415-5,6,"[""ORG-0413"",""ORG-1667"",""ORG-1825"",""ORG-1847"",""ORG-2113"",""ORG-2114""]"
1882,10.3389/fpsyg.2023.1015927,4,"[""ORG-0413"",""ORG-1259"",""ORG-1347"",""ORG-1866""]"
1886,10.3390/vaccines6020020,7,"[""ORG-0970"",""ORG-1347"",""ORG-1357"",""ORG-1581"",""ORG-2154"",""ORG-2161"",""ORG-2166""]"
1891,10.1016/j.cossms.2020.100874,5,"[""ORG-1221"",""ORG-1347"",""ORG-1608"",""ORG-1609"",""ORG-1881""]"
1893,10.1371/journal.pone.0194647,5,"[""ORG-0963"",""ORG-1347"",""ORG-1357"",""ORG-1803"",""ORG-1881""]"
1899,10.14336/AD.2020.0428,5,"[""ORG-0413"",""ORG-1867"",""ORG-1937"",""ORG-2141"",""ORG-2193""]"
1903,10.1080/21505594.2023.2190650,8,"[""ORG-0413"",""ORG-0898"",""ORG-1608"",""ORG-1609"",""ORG-1766"",""ORG-1847"",""ORG-2154"",""ORG-2166""]"
1905,10.1016/j.virusres.2013.07.017,5,"[""ORG-0866"",""ORG-1259"",""ORG-1952"",""ORG-2166"",""ORG-2171""]"
1913,10.3389/fimmu.2023.1111644,8,"[""ORG-0413"",""ORG-1361"",""ORG-1490"",""ORG-1503"",""ORG-1608"",""ORG-1609"",""ORG-1702"",""ORG-1917""]"
1914,10.3201/eid2404.171298,3,"[""ORG-0643"",""ORG-1347"",""ORG-1887""]"
1920,10.1128/mBio.00356-13,9,"[""ORG-0188"",""ORG-1259"",""ORG-1347"",""ORG-1357"",""ORG-1421"",""ORG-1667"",""ORG-1714"",""ORG-1812"",""ORG-1891""]"
1925,10.3390/s20113121,10,"[""ORG-0310"",""ORG-0413"",""ORG-1490"",""ORG-1608"",""ORG-1609"",""ORG-1702"",""ORG-1797"",""ORG-1847"",""ORG-1938"",""ORG-2154""]"
1931,10.23750/abm.v91i3.10294,17,"[""ORG-0413"",""ORG-0962"",""ORG-1146"",""ORG-1147"",""ORG-1259"",""ORG-1347"",""ORG-1357"",""ORG-1439"",""ORG-1608"",""ORG-1609"",""ORG-1839"",""ORG-1890"",""ORG-1911"",""ORG-1938"",""ORG-1956"",""ORG-2154"",""ORG-2166""]"
1932,10.3390/ijms21113916,9,"[""ORG-0413"",""ORG-1259"",""ORG-1608"",""ORG-1609"",""ORG-1610"",""ORG-1910"",""ORG-1912"",""ORG-1948"",""ORG-2154""]"
1942,10.1186/s40246-021-00304-9,12,"[""ORG-0027"",""ORG-0413"",""ORG-1259"",""ORG-1608"",""ORG-1609"",""ORG-1890"",""ORG-1891"",""ORG-1897"",""ORG-1934"",""ORG-1938"",""ORG-1986"",""ORG-2154""]"
1946,10.3389/fmicb.2022.934475,6,"[""ORG-0171"",""ORG-0880"",""ORG-1330"",""ORG-1505"",""ORG-1979"",""ORG-2166""]"
1947,10.3390/v10030121,7,"[""ORG-0015"",""ORG-0171"",""ORG-0968"",""ORG-1505"",""ORG-1910"",""ORG-2154"",""ORG-2166""]"
1951,10.1038/s41598-021-92953-y,2,"[""ORG-1347"",""ORG-1881""]"
1952,10.3390/vaccines9020091,9,"[""ORG-0413"",""ORG-1347"",""ORG-1357"",""ORG-1608"",""ORG-1609"",""ORG-1798"",""ORG-1809"",""ORG-1986"",""ORG-2193""]"
1953,10.3389/fpls.2021.740177,5,"[""ORG-0188"",""ORG-0497"",""ORG-1347"",""ORG-1357"",""ORG-1979""]"
1959,10.3390/jcm10235712,10,"[""ORG-0320"",""ORG-0399"",""ORG-0413"",""ORG-1023"",""ORG-1347"",""ORG-1361"",""ORG-1608"",""ORG-1609"",""ORG-1847"",""ORG-1887""]"
1962,10.1186/s12992-018-0323-3,10,"[""ORG-0736"",""ORG-1146"",""ORG-1147"",""ORG-1259"",""ORG-1347"",""ORG-1357"",""ORG-1503"",""ORG-1839"",""ORG-1891"",""ORG-1911""]"
1963,10.12938/bmfh.2022-009,12,"[""ORG-0188"",""ORG-0413"",""ORG-1232"",""ORG-1347"",""ORG-1357"",""ORG-1608"",""ORG-1609"",""ORG-1812"",""ORG-1891"",""ORG-1908"",""ORG-1911"",""ORG-1934""]"
1964,10.3389/fimmu.2021.771242,7,"[""ORG-0413"",""ORG-0559"",""ORG-1347"",""ORG-1608"",""ORG-1609"",""ORG-1896"",""ORG-2154""]"
1971,10.1111/febs.16096,4,"[""ORG-1608"",""ORG-1609"",""ORG-1891"",""ORG-1937""]"
1976,10.1002/jmv.27510,8,"[""ORG-0413"",""ORG-1361"",""ORG-1593"",""ORG-1608"",""ORG-1609"",""ORG-1641"",""ORG-1910"",""ORG-2166""]"
1979,10.1055/s-0041-1735590,9,"[""ORG-1347"",""ORG-1357"",""ORG-1608"",""ORG-1609"",""ORG-1910"",""ORG-1937"",""ORG-1938"",""ORG-2057"",""ORG-2154""]"
1986,10.1128/mBio.00365-13,6,"[""ORG-0421"",""ORG-0880"",""ORG-1347"",""ORG-1357"",""ORG-2154"",""ORG-2166""]"
1989,10.1093/ofid/ofad068,4,"[""ORG-1248"",""ORG-1347"",""ORG-1357"",""ORG-1839""]"
1990,10.1016/S1473-3099(20)30438-2,4,"[""ORG-0413"",""ORG-1891"",""ORG-1910"",""ORG-1956""]"
1991,10.1016/j.idm.2020.12.012,15,"[""ORG-0413"",""ORG-1259"",""ORG-1480"",""ORG-1503"",""ORG-1667"",""ORG-1839"",""ORG-1848"",""ORG-1859"",""ORG-1867"",""ORG-1898"",""ORG-1934"",""ORG-1938"",""ORG-2154"",""ORG-2165"",""ORG-2193""]"
1992,10.1186/s12987-020-00216-1,15,"[""ORG-0413"",""ORG-1146"",""ORG-1147"",""ORG-1432"",""ORG-1540"",""ORG-1608"",""ORG-1609"",""ORG-1870"",""ORG-1891"",""ORG-1911"",""ORG-1938"",""ORG-2154"",""ORG-2166"",""ORG-2170"",""ORG-2315""]"
1996,10.3389/fbioe.2018.00011,4,"[""ORG-0694"",""ORG-1347"",""ORG-1357"",""ORG-1822""]"
1997,10.1101/2021.11.29.470421,9,"[""ORG-0012"",""ORG-0302"",""ORG-0434"",""ORG-1347"",""ORG-1432"",""ORG-1608"",""ORG-1609"",""ORG-1766"",""ORG-1891""]"
1999,10.1002/ccr3.4154,6,"[""ORG-1347"",""ORG-1608"",""ORG-1609"",""ORG-1839"",""ORG-1856"",""ORG-2244""]"
2007,10.1371/journal.pone.0065965,10,"[""ORG-0188"",""ORG-0191"",""ORG-0824"",""ORG-0825"",""ORG-0963"",""ORG-1421"",""ORG-1874"",""ORG-1891"",""ORG-1938"",""ORG-2154""]"
2013,10.1128/mBio.00445-13,9,"[""ORG-0015"",""ORG-0171"",""ORG-0172"",""ORG-0968"",""ORG-1870"",""ORG-1952"",""ORG-1970"",""ORG-2154"",""ORG-2166""]"
2025,10.1016/j.jcv.2021.104900,7,"[""ORG-0413"",""ORG-0471"",""ORG-1259"",""ORG-1608"",""ORG-1609"",""ORG-1877"",""ORG-2304""]"
2027,10.3389/fimmu.2022.904686,11,"[""ORG-0413"",""ORG-0560"",""ORG-0963"",""ORG-0974"",""ORG-1230"",""ORG-1608"",""ORG-1609"",""ORG-1610"",""ORG-1825"",""ORG-1912"",""ORG-2154""]"
2033,10.3389/fcimb.2021.753444,8,"[""ORG-0413"",""ORG-1230"",""ORG-1608"",""ORG-1609"",""ORG-1938"",""ORG-2004"",""ORG-2154"",""ORG-2163""]"
2037,10.1021/acsapm.2c00744,11,"[""ORG-0191"",""ORG-0413"",""ORG-0596"",""ORG-1347"",""ORG-1357"",""ORG-1608"",""ORG-1609"",""ORG-1610"",""ORG-1714"",""ORG-1802"",""ORG-2154""]"
2047,10.1186/s12985-020-01401-2,11,"[""ORG-0312"",""ORG-0413"",""ORG-0925"",""ORG-0963"",""ORG-1146"",""ORG-1147"",""ORG-1259"",""ORG-1608"",""ORG-1609"",""ORG-1986"",""ORG-2154""]"
2048,10.1093/bib/bbab485,5,"[""ORG-0413"",""ORG-1608"",""ORG-1609"",""ORG-1911"",""ORG-2154""]"
2054,10.3389/fimmu.2017.01839,6,"[""ORG-0012"",""ORG-0082"",""ORG-0187"",""ORG-0625"",""ORG-1347"",""ORG-2114""]"
2062,10.1186/s41182-021-00344-w,8,"[""ORG-0363"",""ORG-0413"",""ORG-1347"",""ORG-1357"",""ORG-1847"",""ORG-1881"",""ORG-1891"",""ORG-1934""]"
2072,10.1080/21505594.2022.2092941,8,"[""ORG-0413"",""ORG-1608"",""ORG-1609"",""ORG-1826"",""ORG-1847"",""ORG-1911"",""ORG-1938"",""ORG-2154""]"
2078,10.1128/mBio.00760-20,12,"[""ORG-0413"",""ORG-1221"",""ORG-1608"",""ORG-1609"",""ORG-1811"",""ORG-1851"",""ORG-1881"",""ORG-1891"",""ORG-2154"",""ORG-2160"",""ORG-2166"",""ORG-2260""]"
2090,10.7717/peerj.9790,18,"[""ORG-0399"",""ORG-0413"",""ORG-0602"",""ORG-1047"",""ORG-1221"",""ORG-1259"",""ORG-1347"",""ORG-1357"",""ORG-1714"",""ORG-1853"",""ORG-1857"",""ORG-1867"",""ORG-1881"",""ORG-1894"",""ORG-1910"",""ORG-1911"",""ORG-1948"",""ORG-2260""]"
2104,10.3389/fimmu.2020.601170,12,"[""ORG-0413"",""ORG-0522"",""ORG-1221"",""ORG-1347"",""ORG-1357"",""ORG-1490"",""ORG-1608"",""ORG-1609"",""ORG-1825"",""ORG-1881"",""ORG-2114"",""ORG-2154""]"
2105,10.1371/journal.pone.0066105,5,"[""ORG-0171"",""ORG-1221"",""ORG-1881"",""ORG-2154"",""ORG-2166""]"
2106,10.3389/fitd.2021.769330,10,"[""ORG-0413"",""ORG-1347"",""ORG-1357"",""ORG-1608"",""ORG-1609"",""ORG-1839"",""ORG-1894"",""ORG-1925"",""ORG-1956"",""ORG-2166""]"
2107,10.1038/s42003-022-03580-w,4,"[""ORG-1347"",""ORG-1357"",""ORG-1847"",""ORG-1986""]"
2109,10.1038/s41423-020-00612-5,6,"[""ORG-0413"",""ORG-0691"",""ORG-1608"",""ORG-1609"",""ORG-1702"",""ORG-1851""]"
2111,10.1016/j.jneuroim.2021.577629,6,"[""ORG-0413"",""ORG-1347"",""ORG-1839"",""ORG-1847"",""ORG-1867"",""ORG-1890""]"
2122,10.1080/22221751.2022.2098060,10,"[""ORG-0244"",""ORG-0413"",""ORG-1316"",""ORG-1600"",""ORG-1608"",""ORG-1609"",""ORG-1856"",""ORG-1891"",""ORG-2154"",""ORG-2306""]"
2123,10.1038/s42003-021-02858-9,8,"[""ORG-0267"",""ORG-0343"",""ORG-0413"",""ORG-0497"",""ORG-0887"",""ORG-1608"",""ORG-1609"",""ORG-2154""]"
2124,10.3390/v15020525,13,"[""ORG-0970"",""ORG-1347"",""ORG-1357"",""ORG-1581"",""ORG-1586"",""ORG-1744"",""ORG-1797"",""ORG-1898"",""ORG-1921"",""ORG-1948"",""ORG-2154"",""ORG-2161"",""ORG-2166""]"
2127,10.1016/j.compbiomed.2021.104560,16,"[""ORG-0413"",""ORG-0966"",""ORG-1020"",""ORG-1146"",""ORG-1147"",""ORG-1405"",""ORG-1581"",""ORG-1608"",""ORG-1609"",""ORG-1702"",""ORG-1847"",""ORG-1919"",""ORG-1938"",""ORG-1948"",""ORG-2154"",""ORG-2166""]"
2128,10.1038/s41598-017-16139-1,4,"[""ORG-0171"",""ORG-1505"",""ORG-2154"",""ORG-2166""]"
2129,10.1016/j.meegid.2021.105164,9,"[""ORG-0136"",""ORG-0413"",""ORG-1608"",""ORG-1609"",""ORG-1851"",""ORG-1877"",""ORG-1879"",""ORG-1891"",""ORG-2114""]"
2131,10.1186/1471-2334-13-257,8,"[""ORG-0379"",""ORG-0970"",""ORG-1347"",""ORG-1361"",""ORG-1464"",""ORG-1847"",""ORG-1911"",""ORG-2154""]"
2134,10.1007/s12033-021-00353-4,4,"[""ORG-0413"",""ORG-1608"",""ORG-1609"",""ORG-2154""]"
2137,10.1080/07853890.2022.2087898,10,"[""ORG-0385"",""ORG-0413"",""ORG-0497"",""ORG-1581"",""ORG-1608"",""ORG-1609"",""ORG-1667"",""ORG-2154"",""ORG-2166"",""ORG-2170""]"
2159,10.3390/ijms18112295,10,"[""ORG-0015"",""ORG-0171"",""ORG-0172"",""ORG-0315"",""ORG-0968"",""ORG-0985"",""ORG-1119"",""ORG-1952"",""ORG-2154"",""ORG-2166""]"
2164,10.1016/j.bjm.2017.06.006,3,"[""ORG-1248"",""ORG-1639"",""ORG-1839""]"
2177,10.1080/22221751.2020.1775132,5,"[""ORG-0413"",""ORG-1608"",""ORG-1609"",""ORG-1938"",""ORG-2154""]"
2180,10.1016/j.chom.2017.09.008,10,"[""ORG-0171"",""ORG-0866"",""ORG-0970"",""ORG-1221"",""ORG-1558"",""ORG-1881"",""ORG-1952"",""ORG-2154"",""ORG-2166"",""ORG-2315""]"
2183,10.1016/j.pathol.2020.08.001,8,"[""ORG-0413"",""ORG-1608"",""ORG-1609"",""ORG-1610"",""ORG-1911"",""ORG-1932"",""ORG-1948"",""ORG-2154""]"
2186,10.34172/bi.2021.11,9,"[""ORG-0413"",""ORG-0497"",""ORG-1347"",""ORG-1357"",""ORG-1608"",""ORG-1609"",""ORG-1891"",""ORG-1900"",""ORG-1986""]"
2189,10.3390/nano11113118,8,"[""ORG-0413"",""ORG-0938"",""ORG-1608"",""ORG-1609"",""ORG-1826"",""ORG-1948"",""ORG-1952"",""ORG-2166""]"
2196,10.1371/journal.pone.0061397,10,"[""ORG-0015"",""ORG-0968"",""ORG-1522"",""ORG-1876"",""ORG-1921"",""ORG-1937"",""ORG-2105"",""ORG-2154"",""ORG-2166"",""ORG-2306""]"
2198,10.1038/s41590-020-0782-6,7,"[""ORG-0302"",""ORG-0413"",""ORG-1608"",""ORG-1609"",""ORG-1766"",""ORG-1825"",""ORG-1891""]"
2203,10.3390/molecules25102424,9,"[""ORG-0189"",""ORG-0435"",""ORG-1146"",""ORG-1147"",""ORG-1611"",""ORG-1938"",""ORG-2147"",""ORG-2154"",""ORG-2158""]"
2208,10.3390/microorganisms8050778,11,"[""ORG-0866"",""ORG-1246"",""ORG-1864"",""ORG-1891"",""ORG-1937"",""ORG-1952"",""ORG-1986"",""ORG-2139"",""ORG-2147"",""ORG-2154"",""ORG-2166""]"
2211,10.1016/j.idm.2023.02.003,8,"[""ORG-0374"",""ORG-1347"",""ORG-1461"",""ORG-1503"",""ORG-1817"",""ORG-1848"",""ORG-1856"",""ORG-1891""]"
2213,10.1186/s13063-022-06402-w,9,"[""ORG-0413"",""ORG-0763"",""ORG-1146"",""ORG-1147"",""ORG-1259"",""ORG-1347"",""ORG-1357"",""ORG-1897"",""ORG-1910""]"
2214,10.3390/nu13010150,15,"[""ORG-0206"",""ORG-0413"",""ORG-0455"",""ORG-0824"",""ORG-1146"",""ORG-1147"",""ORG-1259"",""ORG-1347"",""ORG-1357"",""ORG-1608"",""ORG-1609"",""ORG-1891"",""ORG-1897"",""ORG-1910"",""ORG-1956""]"
2221,10.3390/v13112302,12,"[""ORG-0413"",""ORG-0906"",""ORG-0963"",""ORG-1347"",""ORG-1357"",""ORG-1608"",""ORG-1609"",""ORG-1839"",""ORG-1862"",""ORG-1866"",""ORG-1891"",""ORG-1934""]"
2222,10.3345/cep.2022.00150,8,"[""ORG-0188"",""ORG-0413"",""ORG-0683"",""ORG-1259"",""ORG-1347"",""ORG-1357"",""ORG-1896"",""ORG-2166""]"
2223,10.3390/pathogens12020339,5,"[""ORG-0188"",""ORG-0413"",""ORG-0683"",""ORG-1368"",""ORG-1851""]"
2228,10.1017/ice.2020.451,5,"[""ORG-0413"",""ORG-1347"",""ORG-1357"",""ORG-1839"",""ORG-1911""]"
2233,10.3390/v13112250,6,"[""ORG-0857"",""ORG-0880"",""ORG-0963"",""ORG-1902"",""ORG-1986"",""ORG-2166""]"
2241,10.7774/cevr.2012.1.1.35,6,"[""ORG-0385"",""ORG-0573"",""ORG-0970"",""ORG-1825"",""ORG-2151"",""ORG-2154""]"
2242,10.3390/ijms21176351,9,"[""ORG-0413"",""ORG-1023"",""ORG-1215"",""ORG-1259"",""ORG-1347"",""ORG-1608"",""ORG-1609"",""ORG-1887"",""ORG-1891""]"
2244,10.3389/fimmu.2021.659041,5,"[""ORG-0413"",""ORG-1089"",""ORG-1608"",""ORG-1609"",""ORG-2154""]"
2248,10.3390/v13112221,14,"[""ORG-0188"",""ORG-0497"",""ORG-0824"",""ORG-0825"",""ORG-0861"",""ORG-1246"",""ORG-1259"",""ORG-1581"",""ORG-1819"",""ORG-1825"",""ORG-1932"",""ORG-2147"",""ORG-2154"",""ORG-2166""]"
2250,10.3389/fmicb.2022.889811,7,"[""ORG-0413"",""ORG-1019"",""ORG-1361"",""ORG-1608"",""ORG-1609"",""ORG-1667"",""ORG-2304""]"
2253,10.1016/j.ajic.2022.05.020,2,"[""ORG-0280"",""ORG-1347""]"
2254,10.3390/v13112132,10,"[""ORG-0413"",""ORG-1347"",""ORG-1357"",""ORG-1608"",""ORG-1609"",""ORG-1831"",""ORG-1847"",""ORG-1891"",""ORG-1921"",""ORG-1948""]"
2259,10.1016/j.jviromet.2022.114571,12,"[""ORG-0545"",""ORG-0808"",""ORG-0893"",""ORG-1399"",""ORG-1421"",""ORG-1432"",""ORG-1608"",""ORG-1609"",""ORG-1913"",""ORG-1934"",""ORG-2105"",""ORG-2315""]"
2265,10.1016/j.jtumed.2021.05.002,4,"[""ORG-0413"",""ORG-1347"",""ORG-1910"",""ORG-2154""]"
2267,10.1128/JVI.01340-17,13,"[""ORG-0082"",""ORG-0124"",""ORG-0171"",""ORG-0497"",""ORG-0866"",""ORG-0938"",""ORG-0963"",""ORG-1581"",""ORG-1797"",""ORG-1891"",""ORG-1938"",""ORG-1986"",""ORG-2154""]"
2274,10.1186/1471-2334-13-176,5,"[""ORG-1347"",""ORG-1887"",""ORG-1891"",""ORG-1910"",""ORG-1911""]"
2285,10.3390/v14061294,7,"[""ORG-0385"",""ORG-0497"",""ORG-1361"",""ORG-1368"",""ORG-1608"",""ORG-1609"",""ORG-1798""]"
2288,10.4161/viru.24041,2,"[""ORG-1825"",""ORG-1856""]"
2293,10.1128/mBio.02616-20,12,"[""ORG-0469"",""ORG-0559"",""ORG-0938"",""ORG-1232"",""ORG-1259"",""ORG-1347"",""ORG-1357"",""ORG-1744"",""ORG-1825"",""ORG-1839"",""ORG-1891"",""ORG-1934""]"
2303,10.3390/ijms222212412,12,"[""ORG-0413"",""ORG-1169"",""ORG-1259"",""ORG-1347"",""ORG-1357"",""ORG-1421"",""ORG-1608"",""ORG-1609"",""ORG-1917"",""ORG-1938"",""ORG-2154"",""ORG-2306""]"
2305,10.1093/cid/ciaa629,9,"[""ORG-0413"",""ORG-0736"",""ORG-1361"",""ORG-1593"",""ORG-1608"",""ORG-1609"",""ORG-1856"",""ORG-1938"",""ORG-2154""]"
2308,10.2196/18707,6,"[""ORG-1221"",""ORG-1347"",""ORG-1357"",""ORG-1503"",""ORG-1881"",""ORG-2315""]"
2310,10.1016/j.jiph.2021.05.009,8,"[""ORG-0363"",""ORG-0364"",""ORG-0413"",""ORG-1608"",""ORG-1609"",""ORG-1825"",""ORG-1948"",""ORG-2154""]"
2313,10.3390/tropicalmed8020099,10,"[""ORG-0188"",""ORG-0363"",""ORG-0364"",""ORG-0413"",""ORG-0683"",""ORG-1259"",""ORG-1608"",""ORG-1609"",""ORG-1848"",""ORG-1921""]"
2324,10.1016/j.lfs.2020.117765,10,"[""ORG-0413"",""ORG-0497"",""ORG-1225"",""ORG-1241"",""ORG-1324"",""ORG-1347"",""ORG-1715"",""ORG-1938"",""ORG-2154"",""ORG-2156""]"
2329,10.15585/mmwr.mm6635a2,2,"[""ORG-0171"",""ORG-2166""]"
2333,10.3389/fmicb.2023.1094184,6,"[""ORG-0413"",""ORG-1221"",""ORG-1608"",""ORG-1609"",""ORG-1667"",""ORG-1839""]"
2343,10.4315/JFP-20-463,6,"[""ORG-0413"",""ORG-1259"",""ORG-1347"",""ORG-1608"",""ORG-1609"",""ORG-1881""]"
2346,10.3390/microorganisms10061181,7,"[""ORG-0385"",""ORG-1234"",""ORG-1259"",""ORG-1911"",""ORG-2147"",""ORG-2154"",""ORG-2315""]"
2353,10.3390/antibiotics11060806,10,"[""ORG-0413"",""ORG-1259"",""ORG-1347"",""ORG-1421"",""ORG-1439"",""ORG-1825"",""ORG-1826"",""ORG-1881"",""ORG-1890"",""ORG-1891""]"
2358,10.1038/s41598-017-10595-5,5,"[""ORG-0187"",""ORG-0267"",""ORG-1847"",""ORG-2154"",""ORG-2340""]"
2367,10.1016/j.hazadv.2023.100259,14,"[""ORG-0012"",""ORG-0206"",""ORG-1259"",""ORG-1347"",""ORG-1608"",""ORG-1609"",""ORG-1887"",""ORG-1890"",""ORG-1891"",""ORG-1910"",""ORG-1938"",""ORG-1948"",""ORG-2154"",""ORG-2158""]"
2381,10.3389/fmicb.2022.910955,10,"[""ORG-0413"",""ORG-0497"",""ORG-1089"",""ORG-1347"",""ORG-1357"",""ORG-1361"",""ORG-1593"",""ORG-1608"",""ORG-1609"",""ORG-2304""]"
2383,10.2217/fvl.12.122,7,"[""ORG-0171"",""ORG-0188"",""ORG-0970"",""ORG-1353"",""ORG-1581"",""ORG-2154"",""ORG-2166""]"
2386,10.6061/clinics/2020/e1947,2,"[""ORG-1608"",""ORG-1609""]"
2387,10.1007/s42535-022-00404-4,10,"[""ORG-0413"",""ORG-0497"",""ORG-0925"",""ORG-1608"",""ORG-1609"",""ORG-1891"",""ORG-1894"",""ORG-1938"",""ORG-1999"",""ORG-2154""]"
2395,10.1021/acsinfecdis.7b00072,7,"[""ORG-0507"",""ORG-0824"",""ORG-0938"",""ORG-1178"",""ORG-1200"",""ORG-1347"",""ORG-1839""]"
2397,10.1002/gepi.22373,17,"[""ORG-0497"",""ORG-0503"",""ORG-0728"",""ORG-1608"",""ORG-1609"",""ORG-1610"",""ORG-1667"",""ORG-1839"",""ORG-1846"",""ORG-1862"",""ORG-1877"",""ORG-1912"",""ORG-1938"",""ORG-2141"",""ORG-2154"",""ORG-2166"",""ORG-2260""]"
2404,10.1097/CCE.0000000000000109,4,"[""ORG-0320"",""ORG-0399"",""ORG-0736"",""ORG-1347""]"
2407,10.1371/journal.pcbi.1009587,7,"[""ORG-0413"",""ORG-0457"",""ORG-0895"",""ORG-0897"",""ORG-1608"",""ORG-1609"",""ORG-2154""]"
2412,10.1128/JVI.00617-21,12,"[""ORG-0027"",""ORG-0413"",""ORG-1246"",""ORG-1493"",""ORG-1505"",""ORG-1608"",""ORG-1609"",""ORG-1702"",""ORG-1825"",""ORG-1827"",""ORG-1859"",""ORG-2154""]"
2415,10.1016/j.bioflm.2022.100079,6,"[""ORG-0188"",""ORG-0413"",""ORG-1248"",""ORG-1347"",""ORG-1357"",""ORG-1839""]"
2416,10.1038/s41415-020-2503-9,7,"[""ORG-0413"",""ORG-1259"",""ORG-1347"",""ORG-1357"",""ORG-1608"",""ORG-1609"",""ORG-2315""]"
2420,10.1111/j.1750-2659.2007.00024.x,10,"[""ORG-0497"",""ORG-0970"",""ORG-1221"",""ORG-1347"",""ORG-1361"",""ORG-1503"",""ORG-1593"",""ORG-1881"",""ORG-2154"",""ORG-2166""]"
2423,10.7759/cureus.25065,4,"[""ORG-0413"",""ORG-0943"",""ORG-1347"",""ORG-1887""]"
2429,10.1016/j.mehy.2020.109842,6,"[""ORG-0413"",""ORG-1259"",""ORG-1347"",""ORG-1357"",""ORG-1421"",""ORG-2154""]"
2430,10.1016/j.ebiom.2017.07.010,6,"[""ORG-0171"",""ORG-0970"",""ORG-1095"",""ORG-1952"",""ORG-2154"",""ORG-2166""]"
2433,10.1016/j.jemermed.2021.03.022,4,"[""ORG-0413"",""ORG-0736"",""ORG-1259"",""ORG-1839""]"
2438,10.1136/bmjopen-2020-043004,5,"[""ORG-0413"",""ORG-1608"",""ORG-1609"",""ORG-1911"",""ORG-1934""]"
2441,10.7554/eLife.70970,4,"[""ORG-0413"",""ORG-1221"",""ORG-1839"",""ORG-1881""]"
2444,10.1186/s13063-020-04964-1,7,"[""ORG-0413"",""ORG-1259"",""ORG-1608"",""ORG-1609"",""ORG-1839"",""ORG-1897"",""ORG-1934""]"
2449,10.1016/j.jviromet.2007.04.006,11,"[""ORG-0729"",""ORG-1047"",""ORG-1347"",""ORG-1357"",""ORG-1361"",""ORG-1581"",""ORG-1797"",""ORG-1890"",""ORG-1891"",""ORG-1906"",""ORG-2166""]"
2451,10.3389/fpubh.2022.894389,3,"[""ORG-0413"",""ORG-1347"",""ORG-1357""]"
2454,10.1007/s11262-017-1486-3,12,"[""ORG-0464"",""ORG-0497"",""ORG-0824"",""ORG-1136"",""ORG-1252"",""ORG-1259"",""ORG-1347"",""ORG-1357"",""ORG-1581"",""ORG-1825"",""ORG-2154"",""ORG-2166""]"
2465,10.1128/mbio.03285-22,7,"[""ORG-1347"",""ORG-1357"",""ORG-1608"",""ORG-1609"",""ORG-1857"",""ORG-1952"",""ORG-2166""]"
2466,10.3345/cep.2021.01270,5,"[""ORG-0413"",""ORG-1347"",""ORG-1667"",""ORG-1802"",""ORG-1839""]"
2474,10.1016/j.vaccine.2020.08.043,2,"[""ORG-0413"",""ORG-0843""]"
2477,10.1073/pnas.2103984118,17,"[""ORG-0817"",""ORG-0925"",""ORG-0963"",""ORG-1146"",""ORG-1147"",""ORG-1248"",""ORG-1259"",""ORG-1347"",""ORG-1357"",""ORG-1421"",""ORG-1798"",""ORG-1956"",""ORG-1969"",""ORG-2154"",""ORG-2163"",""ORG-2166"",""ORG-2171""]"
2478,10.1007/s11033-020-05511-6,3,"[""ORG-0413"",""ORG-1368"",""ORG-1581""]"
2479,10.1080/22221751.2021.1872353,8,"[""ORG-0413"",""ORG-1146"",""ORG-1147"",""ORG-1608"",""ORG-1609"",""ORG-1773"",""ORG-1847"",""ORG-2154""]"
2481,10.1007/s11262-023-01974-4,6,"[""ORG-0171"",""ORG-0413"",""ORG-0967"",""ORG-1952"",""ORG-2154"",""ORG-2166""]"
2482,10.1016/j.arcmed.2020.08.002,12,"[""ORG-0413"",""ORG-1023"",""ORG-1347"",""ORG-1357"",""ORG-1374"",""ORG-1608"",""ORG-1609"",""ORG-1825"",""ORG-1891"",""ORG-1937"",""ORG-2139"",""ORG-2193""]"
2493,10.1016/j.vaccine.2017.04.082,7,"[""ORG-1146"",""ORG-1347"",""ORG-1357"",""ORG-1421"",""ORG-1833"",""ORG-1847"",""ORG-1891""]"
2500,10.1038/s41598-022-13396-7,12,"[""ORG-0319"",""ORG-0413"",""ORG-0435"",""ORG-1146"",""ORG-1147"",""ORG-1347"",""ORG-1357"",""ORG-1421"",""ORG-1839"",""ORG-1952"",""ORG-1969"",""ORG-2166""]"
2507,10.1155/2021/6661191,9,"[""ORG-0413"",""ORG-0925"",""ORG-1347"",""ORG-1357"",""ORG-1461"",""ORG-1600"",""ORG-1608"",""ORG-1609"",""ORG-1891""]"
2525,10.1101/gr.147710.112,7,"[""ORG-0188"",""ORG-0506"",""ORG-0507"",""ORG-1347"",""ORG-1714"",""ORG-1839"",""ORG-1846""]"
2533,10.1146/annurev-animal-031412-103733,6,"[""ORG-0100"",""ORG-0171"",""ORG-1826"",""ORG-1839"",""ORG-1856"",""ORG-2166""]"
2539,10.1186/s12864-017-3803-6,10,"[""ORG-0015"",""ORG-0171"",""ORG-0880"",""ORG-0968"",""ORG-0970"",""ORG-1095"",""ORG-1353"",""ORG-1938"",""ORG-2154"",""ORG-2166""]"
2542,10.1371/journal.ppat.0030040,1,"[""ORG-2166""]"
2550,10.1038/s41598-021-91265-5,12,"[""ORG-0379"",""ORG-0413"",""ORG-0457"",""ORG-1146"",""ORG-1147"",""ORG-1246"",""ORG-1347"",""ORG-1357"",""ORG-1802"",""ORG-1986"",""ORG-2154"",""ORG-2256""]"
2552,10.4102/ajlm.v12i1.1964,9,"[""ORG-0413"",""ORG-1253"",""ORG-1259"",""ORG-1347"",""ORG-1357"",""ORG-1432"",""ORG-1608"",""ORG-1609"",""ORG-1891""]"
2555,10.3389/fviro.2021.813606,8,"[""ORG-0435"",""ORG-0824"",""ORG-0925"",""ORG-1248"",""ORG-1857"",""ORG-1952"",""ORG-2154"",""ORG-2166""]"
2558,10.1016/S1473-3099(17)30240-2,7,"[""ORG-0171"",""ORG-0379"",""ORG-1368"",""ORG-1839"",""ORG-1981"",""ORG-2059"",""ORG-2166""]"
2560,10.3390/foods11111540,5,"[""ORG-0413"",""ORG-1047"",""ORG-1503"",""ORG-1667"",""ORG-1891""]"
2562,10.1016/j.crchbi.2021.100001,10,"[""ORG-0409"",""ORG-0413"",""ORG-1347"",""ORG-1357"",""ORG-1361"",""ORG-1490"",""ORG-1503"",""ORG-1593"",""ORG-1608"",""ORG-1609""]"
2569,10.4269/ajtmh.21-0812,9,"[""ORG-0385"",""ORG-0413"",""ORG-1503"",""ORG-1608"",""ORG-1609"",""ORG-1765"",""ORG-1839"",""ORG-1856"",""ORG-1910""]"
2570,10.1371/journal.ppat.1011135,15,"[""ORG-0171"",""ORG-0316"",""ORG-0760"",""ORG-0813"",""ORG-0862"",""ORG-0925"",""ORG-1259"",""ORG-1581"",""ORG-1846"",""ORG-1896"",""ORG-1911"",""ORG-1937"",""ORG-2154"",""ORG-2163"",""ORG-2166""]"
2571,10.1016/j.jsxm.2020.05.001,11,"[""ORG-0413"",""ORG-0843"",""ORG-1095"",""ORG-1259"",""ORG-1368"",""ORG-1608"",""ORG-1609"",""ORG-1839"",""ORG-1896"",""ORG-1910"",""ORG-1981""]"
2573,10.3389/fpsyg.2021.647881,6,"[""ORG-0413"",""ORG-1259"",""ORG-1347"",""ORG-1357"",""ORG-1783"",""ORG-1839""]"
2585,10.1371/journal.pone.0176407,2,"[""ORG-0302"",""ORG-1766""]"
2588,10.1080/21655979.2021.1933301,4,"[""ORG-0413"",""ORG-1527"",""ORG-1891"",""ORG-1911""]"
2590,10.3389/fmed.2022.896308,4,"[""ORG-0188"",""ORG-0413"",""ORG-1259"",""ORG-1347""]"
2592,10.3390/ijms21103426,10,"[""ORG-0413"",""ORG-1581"",""ORG-1582"",""ORG-1608"",""ORG-1609"",""ORG-1702"",""ORG-1938"",""ORG-1970"",""ORG-2154"",""ORG-2166""]"
2602,10.1007/s00705-023-05703-y,5,"[""ORG-1347"",""ORG-1357"",""ORG-1894"",""ORG-2166"",""ORG-2260""]"
2605,10.3389/fcimb.2022.899546,7,"[""ORG-0413"",""ORG-0559"",""ORG-0895"",""ORG-1259"",""ORG-1608"",""ORG-1609"",""ORG-1744""]"
2606,10.1007/s42247-021-00306-2,11,"[""ORG-0497"",""ORG-0596"",""ORG-1259"",""ORG-1347"",""ORG-1357"",""ORG-1581"",""ORG-1586"",""ORG-1870"",""ORG-1934"",""ORG-2154"",""ORG-2166""]"
2611,10.1007/s13399-021-01553-3,9,"[""ORG-0243"",""ORG-0413"",""ORG-1259"",""ORG-1347"",""ORG-1357"",""ORG-1608"",""ORG-1609"",""ORG-1618"",""ORG-1839""]"
2618,10.3390/pathogens10010008,5,"[""ORG-0413"",""ORG-1089"",""ORG-1259"",""ORG-1931"",""ORG-1981""]"
2621,10.1097/WCO.0000000000001051,4,"[""ORG-0360"",""ORG-1608"",""ORG-1609"",""ORG-1825""]"
2623,10.1016/j.xphs.2023.01.019,7,"[""ORG-0413"",""ORG-1089"",""ORG-1232"",""ORG-1432"",""ORG-1608"",""ORG-1609"",""ORG-1891""]"
2624,10.1371/journal.pone.0047540,4,"[""ORG-0495"",""ORG-1368"",""ORG-1432"",""ORG-1891""]"
2625,10.1126/science.abc2241,11,"[""ORG-0027"",""ORG-0180"",""ORG-0413"",""ORG-1169"",""ORG-1230"",""ORG-1505"",""ORG-1937"",""ORG-1938"",""ORG-2139"",""ORG-2154"",""ORG-2166""]"
2629,10.1016/j.jhin.2022.05.019,5,"[""ORG-0413"",""ORG-1421"",""ORG-1608"",""ORG-1609"",""ORG-1891""]"
2631,10.3389/fmicb.2021.770656,8,"[""ORG-0413"",""ORG-0833"",""ORG-1146"",""ORG-1147"",""ORG-1581"",""ORG-1608"",""ORG-1609"",""ORG-2166""]"
2636,10.1016/j.ebiom.2017.04.010,9,"[""ORG-0171"",""ORG-0970"",""ORG-1253"",""ORG-1259"",""ORG-1825"",""ORG-1891"",""ORG-1897"",""ORG-2154"",""ORG-2166""]"
2639,10.1016/j.jcv.2020.104391,6,"[""ORG-1146"",""ORG-1361"",""ORG-1593"",""ORG-1608"",""ORG-1609"",""ORG-2166""]"
2644,10.4161/viru.21864,8,"[""ORG-0015"",""ORG-0317"",""ORG-0880"",""ORG-0968"",""ORG-1891"",""ORG-1911"",""ORG-1921"",""ORG-2154""]"
2648,10.1016/j.jcv.2021.105025,9,"[""ORG-0413"",""ORG-1347"",""ORG-1357"",""ORG-1581"",""ORG-1608"",""ORG-1609"",""ORG-1839"",""ORG-1862"",""ORG-2154""]"
2660,10.1128/mBio.00360-12,5,"[""ORG-1259"",""ORG-1347"",""ORG-1357"",""ORG-1969"",""ORG-2166""]"
2662,10.1007/s12640-020-00219-8,5,"[""ORG-0413"",""ORG-1259"",""ORG-1608"",""ORG-1609"",""ORG-2154""]"
2666,10.3390/ma14112956,7,"[""ORG-0188"",""ORG-0596"",""ORG-1167"",""ORG-1581"",""ORG-1697"",""ORG-1956"",""ORG-2193""]"
2668,10.3389/fimmu.2022.881604,9,"[""ORG-0409"",""ORG-0413"",""ORG-0925"",""ORG-1347"",""ORG-1493"",""ORG-1608"",""ORG-1609"",""ORG-1891"",""ORG-2315""]"
2670,10.1128/mBio.00290-12,7,"[""ORG-0694"",""ORG-0736"",""ORG-0970"",""ORG-1259"",""ORG-1347"",""ORG-1357"",""ORG-2154""]"
2671,10.1101/2023.01.19.23284806,13,"[""ORG-0171"",""ORG-0413"",""ORG-1176"",""ORG-1347"",""ORG-1357"",""ORG-1361"",""ORG-1593"",""ORG-1608"",""ORG-1609"",""ORG-1817"",""ORG-1891"",""ORG-2154"",""ORG-2166""]"
2677,10.1098/rspb.2020.1173,6,"[""ORG-0413"",""ORG-1347"",""ORG-1608"",""ORG-1609"",""ORG-1839"",""ORG-1903""]"
2682,10.1016/S0001-4079(19)33293-5,1,"[""ORG-2154""]"
2694,10.3390/pathogens9050355,14,"[""ORG-0015"",""ORG-0413"",""ORG-0836"",""ORG-0968"",""ORG-0970"",""ORG-0985"",""ORG-1221"",""ORG-1846"",""ORG-1847"",""ORG-1881"",""ORG-1896"",""ORG-2038"",""ORG-2154"",""ORG-2166""]"
2704,10.1038/ng.2423,1,"[""ORG-1934""]"
2705,10.1016/j.vaccine.2022.05.022,4,"[""ORG-0413"",""ORG-0890"",""ORG-1839"",""ORG-2315""]"
2708,10.1371/journal.pbio.3001024,17,"[""ORG-0015"",""ORG-0171"",""ORG-0312"",""ORG-0379"",""ORG-0565"",""ORG-0963"",""ORG-0970"",""ORG-1203"",""ORG-1230"",""ORG-1461"",""ORG-1802"",""ORG-1851"",""ORG-1937"",""ORG-2154"",""ORG-2166"",""ORG-2171"",""ORG-2306""]"
2710,10.1016/j.vaccine.2022.12.053,4,"[""ORG-0385"",""ORG-1259"",""ORG-1347"",""ORG-1856""]"
2716,10.3201/eid1810.120398,7,"[""ORG-0379"",""ORG-0605"",""ORG-0947"",""ORG-1421"",""ORG-1891"",""ORG-1938"",""ORG-2154""]"
2717,10.1002/vms3.819,8,"[""ORG-0171"",""ORG-0243"",""ORG-1347"",""ORG-1831"",""ORG-1839"",""ORG-2166"",""ORG-2171"",""ORG-2304""]"
2719,10.3390/v13050849,8,"[""ORG-0012"",""ORG-0413"",""ORG-0457"",""ORG-0736"",""ORG-0951"",""ORG-1347"",""ORG-1851"",""ORG-1934""]"
2724,10.1007/s13311-021-01108-4,7,"[""ORG-0434"",""ORG-1259"",""ORG-1608"",""ORG-1609"",""ORG-1819"",""ORG-1844"",""ORG-1891""]"
2728,10.3390/v4081235,16,"[""ORG-0171"",""ORG-0399"",""ORG-0497"",""ORG-0763"",""ORG-0880"",""ORG-0970"",""ORG-1221"",""ORG-1259"",""ORG-1289"",""ORG-1353"",""ORG-1361"",""ORG-1581"",""ORG-1881"",""ORG-1952"",""ORG-2154"",""ORG-2166""]"
2729,10.1080/22221751.2020.1763209,5,"[""ORG-0429"",""ORG-0897"",""ORG-1800"",""ORG-1896"",""ORG-2304""]"
2739,10.1186/s13567-017-0410-0,10,"[""ORG-0171"",""ORG-0754"",""ORG-0755"",""ORG-0970"",""ORG-1259"",""ORG-1505"",""ORG-1675"",""ORG-1827"",""ORG-1846"",""ORG-2154""]"
2742,10.3390/v13050942,8,"[""ORG-0413"",""ORG-1421"",""ORG-1581"",""ORG-1608"",""ORG-1609"",""ORG-1798"",""ORG-2147"",""ORG-2154""]"
2749,10.1016/j.antiviral.2017.01.021,7,"[""ORG-0171"",""ORG-0760"",""ORG-0803"",""ORG-0970"",""ORG-1353"",""ORG-2154"",""ORG-2166""]"
2789,10.1186/s12985-017-0683-y,12,"[""ORG-0542"",""ORG-0877"",""ORG-0895"",""ORG-0963"",""ORG-0970"",""ORG-1259"",""ORG-1934"",""ORG-1937"",""ORG-1952"",""ORG-2154"",""ORG-2163"",""ORG-2166""]"
2793,10.2196/36882,8,"[""ORG-0413"",""ORG-0736"",""ORG-1259"",""ORG-1347"",""ORG-1368"",""ORG-1503"",""ORG-1653"",""ORG-1897""]"
2799,10.3389/fmicb.2022.863802,5,"[""ORG-0413"",""ORG-1608"",""ORG-1609"",""ORG-1937"",""ORG-2147""]"
2801,10.1093/ve/veaa077,10,"[""ORG-0171"",""ORG-0813"",""ORG-0970"",""ORG-1259"",""ORG-1410"",""ORG-1421"",""ORG-1837"",""ORG-1891"",""ORG-2154"",""ORG-2166""]"
2803,10.1038/srep40667,9,"[""ORG-0167"",""ORG-0171"",""ORG-0455"",""ORG-1000"",""ORG-1800"",""ORG-1910"",""ORG-2154"",""ORG-2166"",""ORG-2167""]"
2809,10.1007/s11259-022-09942-3,7,"[""ORG-0171"",""ORG-0623"",""ORG-0970"",""ORG-1353"",""ORG-2154"",""ORG-2166"",""ORG-2306""]"
2810,10.1016/j.dsx.2020.04.038,4,"[""ORG-0413"",""ORG-0938"",""ORG-0951"",""ORG-1089""]"
2830,10.1007/s00894-021-04779-0,9,"[""ORG-0413"",""ORG-1079"",""ORG-1258"",""ORG-1493"",""ORG-1505"",""ORG-1608"",""ORG-1609"",""ORG-1611"",""ORG-1937""]"
2835,10.3390/vaccines8030465,12,"[""ORG-0171"",""ORG-0312"",""ORG-0434"",""ORG-0680"",""ORG-0970"",""ORG-1347"",""ORG-1461"",""ORG-1934"",""ORG-2154"",""ORG-2161"",""ORG-2162"",""ORG-2166""]"
2839,10.1038/s41467-022-30698-6,13,"[""ORG-0107"",""ORG-0155"",""ORG-0413"",""ORG-0866"",""ORG-1259"",""ORG-1347"",""ORG-1608"",""ORG-1609"",""ORG-1877"",""ORG-1898"",""ORG-1938"",""ORG-2141"",""ORG-2154""]"
2842,10.3389/fimmu.2021.667787,4,"[""ORG-1221"",""ORG-1881"",""ORG-1911"",""ORG-1948""]"
2850,10.3390/pathogens9080670,4,"[""ORG-0171"",""ORG-1259"",""ORG-1846"",""ORG-2166""]"
2851,10.3389/fmicb.2021.662575,10,"[""ORG-0507"",""ORG-0596"",""ORG-0897"",""ORG-1182"",""ORG-1347"",""ORG-1357"",""ORG-1846"",""ORG-1847"",""ORG-1894"",""ORG-2260""]"
2859,10.1098/rstb.2020.0266,4,"[""ORG-0413"",""ORG-0843"",""ORG-1047"",""ORG-1503""]"
2861,10.3390/s20164648,9,"[""ORG-0413"",""ORG-0497"",""ORG-1361"",""ORG-1490"",""ORG-1503"",""ORG-1545"",""ORG-1581"",""ORG-1593"",""ORG-1906""]"
2863,10.1093/cid/ciac413,8,"[""ORG-1000"",""ORG-1316"",""ORG-1347"",""ORG-1608"",""ORG-1609"",""ORG-1797"",""ORG-1898"",""ORG-2315""]"
2877,10.3390/vaccines11010121,8,"[""ORG-0136"",""ORG-0413"",""ORG-1221"",""ORG-1253"",""ORG-1259"",""ORG-1347"",""ORG-1357"",""ORG-1421""]"
2878,10.1098/rstb.2020.0274,5,"[""ORG-0413"",""ORG-1089"",""ORG-1608"",""ORG-1609"",""ORG-1862""]"
2885,10.1098/rstb.2020.0284,5,"[""ORG-0413"",""ORG-0421"",""ORG-1259"",""ORG-1368"",""ORG-1856""]"
2886,10.1128/Spectrum.00283-21,12,"[""ORG-0095"",""ORG-0188"",""ORG-0413"",""ORG-0506"",""ORG-0602"",""ORG-1095"",""ORG-1335"",""ORG-1347"",""ORG-1357"",""ORG-1839"",""ORG-1897"",""ORG-1948""]"
2889,10.1007/s40592-020-00123-z,5,"[""ORG-0987"",""ORG-1259"",""ORG-1347"",""ORG-1357"",""ORG-1911""]"
2890,10.1186/s12879-022-07469-1,6,"[""ORG-0012"",""ORG-0413"",""ORG-1347"",""ORG-1357"",""ORG-1809"",""ORG-1839""]"
2893,10.3390/pathogens12010088,6,"[""ORG-0413"",""ORG-0457"",""ORG-1608"",""ORG-1609"",""ORG-1856"",""ORG-1937""]"
2894,10.1186/1465-9921-7-43,5,"[""ORG-0171"",""ORG-0963"",""ORG-0970"",""ORG-1809"",""ORG-2154""]"
2895,10.1007/82_2012_238,16,"[""ORG-0095"",""ORG-0171"",""ORG-0188"",""ORG-0207"",""ORG-0399"",""ORG-0596"",""ORG-1221"",""ORG-1259"",""ORG-1347"",""ORG-1357"",""ORG-1803"",""ORG-1867"",""ORG-1881"",""ORG-1934"",""ORG-1956"",""ORG-1969""]"
2900,10.3390/pathogens12010051,8,"[""ORG-0319"",""ORG-0557"",""ORG-0970"",""ORG-1169"",""ORG-1259"",""ORG-2154"",""ORG-2163"",""ORG-2166""]"
2901,10.1038/s41598-022-08233-w,8,"[""ORG-0015"",""ORG-0968"",""ORG-1253"",""ORG-1347"",""ORG-1357"",""ORG-1860"",""ORG-2154"",""ORG-2166""]"
2904,10.1016/j.mbs.2020.108452,6,"[""ORG-0413"",""ORG-1259"",""ORG-1421"",""ORG-1439"",""ORG-1831"",""ORG-1891""]"
2905,10.12659/MSM.930340,7,"[""ORG-0399"",""ORG-0413"",""ORG-0789"",""ORG-1881"",""ORG-1891"",""ORG-1938"",""ORG-2154""]"
2906,10.3390/pathogens12010020,6,"[""ORG-0413"",""ORG-1259"",""ORG-1608"",""ORG-1609"",""ORG-1803"",""ORG-1934""]"
2907,10.20945/2359-3997000000484,6,"[""ORG-0159"",""ORG-0399"",""ORG-0413"",""ORG-1839"",""ORG-1911"",""ORG-1934""]"
2927,10.1038/s41598-021-90512-z,4,"[""ORG-1221"",""ORG-1881"",""ORG-2154"",""ORG-2166""]"
2928,10.3390/genes14010173,19,"[""ORG-0413"",""ORG-1232"",""ORG-1316"",""ORG-1361"",""ORG-1405"",""ORG-1593"",""ORG-1608"",""ORG-1609"",""ORG-1610"",""ORG-1856"",""ORG-1877"",""ORG-1879"",""ORG-1891"",""ORG-1903"",""ORG-1910"",""ORG-1912"",""ORG-1938"",""ORG-2153"",""ORG-2154""]"
2929,10.3389/fmed.2022.825245,2,"[""ORG-1608"",""ORG-1609""]"
2932,10.2183/pjab.88.226,7,"[""ORG-0690"",""ORG-0970"",""ORG-1505"",""ORG-1891"",""ORG-2154"",""ORG-2166"",""ORG-2171""]"
2934,10.1183/13993003.01948-2020,8,"[""ORG-0027"",""ORG-0413"",""ORG-1095"",""ORG-1581"",""ORG-1608"",""ORG-1609"",""ORG-1668"",""ORG-1862""]"
2940,10.1126/science.1222526,11,"[""ORG-0015"",""ORG-0455"",""ORG-0721"",""ORG-0970"",""ORG-1421"",""ORG-1558"",""ORG-1798"",""ORG-1891"",""ORG-1938"",""ORG-2154"",""ORG-2166""]"
2943,10.1080/22221751.2020.1812437,5,"[""ORG-0188"",""ORG-0413"",""ORG-1259"",""ORG-1347"",""ORG-1357""]"
2945,10.3389/fped.2022.790273,9,"[""ORG-0136"",""ORG-0413"",""ORG-0963"",""ORG-1146"",""ORG-1147"",""ORG-1259"",""ORG-1347"",""ORG-1608"",""ORG-1609""]"
2948,10.1016/j.biopha.2023.114242,8,"[""ORG-0413"",""ORG-1608"",""ORG-1609"",""ORG-1891"",""ORG-1911"",""ORG-1937"",""ORG-1938"",""ORG-2154""]"
2956,10.1038/s41591-020-0843-2,6,"[""ORG-0497"",""ORG-0970"",""ORG-1558"",""ORG-2154"",""ORG-2164"",""ORG-2166""]"
2960,10.1080/07853890.2021.1991589,7,"[""ORG-0413"",""ORG-1259"",""ORG-1608"",""ORG-1609"",""ORG-1856"",""ORG-1910"",""ORG-1956""]"
2962,10.1007/s00284-020-02167-0,1,"[""ORG-0413""]"
2964,10.1080/13880209.2022.2063341,7,"[""ORG-0310"",""ORG-1581"",""ORG-1608"",""ORG-1609"",""ORG-1894"",""ORG-2154"",""ORG-2166""]"
2980,10.3389/fmed.2022.850374,10,"[""ORG-0188"",""ORG-0413"",""ORG-0683"",""ORG-0808"",""ORG-1347"",""ORG-1357"",""ORG-1797"",""ORG-1819"",""ORG-1847"",""ORG-2166""]"
2981,10.1007/s00253-020-10832-4,8,"[""ORG-0413"",""ORG-1608"",""ORG-1825"",""ORG-1891"",""ORG-1932"",""ORG-1934"",""ORG-2154"",""ORG-2166""]"
2987,10.1128/mSystems.00032-16,13,"[""ORG-0188"",""ORG-0559"",""ORG-0623"",""ORG-0808"",""ORG-0951"",""ORG-1347"",""ORG-1357"",""ORG-1368"",""ORG-1421"",""ORG-1868"",""ORG-1891"",""ORG-1910"",""ORG-1934""]"
2989,10.1111/bph.15092,6,"[""ORG-0623"",""ORG-1608"",""ORG-1609"",""ORG-1891"",""ORG-1938"",""ORG-2154""]"
2997,10.1080/01652176.2022.2079756,9,"[""ORG-0497"",""ORG-0985"",""ORG-1347"",""ORG-1357"",""ORG-1608"",""ORG-1609"",""ORG-1897"",""ORG-1911"",""ORG-2154""]"
2998,10.1126/sciadv.abd8988,3,"[""ORG-0413"",""ORG-0897"",""ORG-1259""]"
3005,10.1099/mgen.0.000822,4,"[""ORG-1347"",""ORG-1357"",""ORG-1581"",""ORG-2260""]"
3014,10.1038/s41598-020-70623-9,7,"[""ORG-0188"",""ORG-0413"",""ORG-0925"",""ORG-1334"",""ORG-1347"",""ORG-1825"",""ORG-1887""]"
3015,10.1080/21505594.2021.1996519,7,"[""ORG-0413"",""ORG-1259"",""ORG-1608"",""ORG-1609"",""ORG-1896"",""ORG-1938"",""ORG-2154""]"
3023,10.1128/mBio.00120-12,18,"[""ORG-0001"",""ORG-0015"",""ORG-0125"",""ORG-0455"",""ORG-0925"",""ORG-0947"",""ORG-0968"",""ORG-1276"",""ORG-1421"",""ORG-1505"",""ORG-1825"",""ORG-1894"",""ORG-1917"",""ORG-1952"",""ORG-2154"",""ORG-2158"",""ORG-2166"",""ORG-2306""]"
3024,10.3390/v13102086,6,"[""ORG-0171"",""ORG-1839"",""ORG-1910"",""ORG-1938"",""ORG-2154"",""ORG-2166""]"
3028,10.1093/glycob/cwaa042,8,"[""ORG-1505"",""ORG-1600"",""ORG-1608"",""ORG-1609"",""ORG-1702"",""ORG-1825"",""ORG-1839"",""ORG-1937""]"
3034,10.1371/journal.pbio.3001652,9,"[""ORG-1146"",""ORG-1147"",""ORG-1221"",""ORG-1259"",""ORG-1347"",""ORG-1357"",""ORG-1608"",""ORG-1609"",""ORG-2208""]"
3038,10.1016/j.pulmoe.2020.04.009,8,"[""ORG-0413"",""ORG-1259"",""ORG-1347"",""ORG-1357"",""ORG-1608"",""ORG-1609"",""ORG-1934"",""ORG-2166""]"
3041,10.3390/v13101972,15,"[""ORG-0374"",""ORG-0413"",""ORG-0869"",""ORG-1221"",""ORG-1230"",""ORG-1461"",""ORG-1505"",""ORG-1600"",""ORG-1608"",""ORG-1609"",""ORG-1702"",""ORG-1839"",""ORG-1881"",""ORG-1894"",""ORG-2154""]"
3045,10.1371/journal.ppat.1005891,6,"[""ORG-0332"",""ORG-0942"",""ORG-1095"",""ORG-1347"",""ORG-1948"",""ORG-2154""]"
3071,10.1016/j.jaci.2020.04.027,2,"[""ORG-0413"",""ORG-1003""]"
3076,10.12659/AJCR.925641,7,"[""ORG-0413"",""ORG-1146"",""ORG-1147"",""ORG-1259"",""ORG-1608"",""ORG-1609"",""ORG-1894""]"
3078,10.1016/j.antiviral.2020.104811,8,"[""ORG-0413"",""ORG-0895"",""ORG-0897"",""ORG-1368"",""ORG-1608"",""ORG-1609"",""ORG-2129"",""ORG-2166""]"
3079,10.1371/journal.pone.0243270,11,"[""ORG-0413"",""ORG-0525"",""ORG-1146"",""ORG-1147"",""ORG-1608"",""ORG-1609"",""ORG-1839"",""ORG-1846"",""ORG-1866"",""ORG-2166"",""ORG-2260""]"
3082,10.1016/j.dci.2022.104443,17,"[""ORG-0413"",""ORG-0895"",""ORG-0897"",""ORG-0963"",""ORG-1146"",""ORG-1147"",""ORG-1347"",""ORG-1357"",""ORG-1581"",""ORG-1586"",""ORG-1825"",""ORG-1839"",""ORG-1881"",""ORG-1891"",""ORG-1937"",""ORG-2154"",""ORG-2166""]"
3089,10.3389/fimmu.2021.672808,7,"[""ORG-0413"",""ORG-1347"",""ORG-1357"",""ORG-1839"",""ORG-1911"",""ORG-1934"",""ORG-2260""]"
3100,10.3389/fpubh.2022.1042647,10,"[""ORG-0413"",""ORG-1221"",""ORG-1361"",""ORG-1608"",""ORG-1609"",""ORG-1639"",""ORG-1864"",""ORG-1881"",""ORG-1894"",""ORG-2304""]"
3109,10.1155/2021/6677420,9,"[""ORG-0188"",""ORG-0507"",""ORG-0824"",""ORG-1347"",""ORG-1357"",""ORG-1714"",""ORG-1848"",""ORG-1896"",""ORG-1934""]"
3113,10.1097/CCM.0b013e3182416f23,6,"[""ORG-0363"",""ORG-1259"",""ORG-1347"",""ORG-1357"",""ORG-1714"",""ORG-2154""]"
3120,10.1007/s11886-020-01293-2,4,"[""ORG-0413"",""ORG-1611"",""ORG-1938"",""ORG-2154""]"
3122,10.2807/1560-7917.ES.2020.25.32.2001410,2,"[""ORG-1608"",""ORG-1609""]"
3124,10.3390/microorganisms9102177,5,"[""ORG-0280"",""ORG-1259"",""ORG-1347"",""ORG-1608"",""ORG-1936""]"
3125,10.1371/journal.pone.0034415,11,"[""ORG-0869"",""ORG-0970"",""ORG-1347"",""ORG-1357"",""ORG-1825"",""ORG-1891"",""ORG-1938"",""ORG-1952"",""ORG-2154"",""ORG-2161"",""ORG-2166""]"
3127,10.1093/ofid/ofaa410,4,"[""ORG-0596"",""ORG-1259"",""ORG-1783"",""ORG-2315""]"
3131,10.1093/molbev/msab147,7,"[""ORG-0497"",""ORG-0683"",""ORG-1089"",""ORG-1347"",""ORG-1357"",""ORG-1891"",""ORG-2332""]"
3143,10.1016/j.immuni.2022.04.010,6,"[""ORG-1259"",""ORG-1347"",""ORG-1856"",""ORG-2154"",""ORG-2166"",""ORG-2171""]"
3145,10.3390/biomedicines9101314,13,"[""ORG-0413"",""ORG-0925"",""ORG-1253"",""ORG-1347"",""ORG-1357"",""ORG-1361"",""ORG-1368"",""ORG-1608"",""ORG-1609"",""ORG-1938"",""ORG-1979"",""ORG-2154"",""ORG-2166""]"
3146,10.1186/s13073-020-00767-w,11,"[""ORG-0413"",""ORG-1347"",""ORG-1608"",""ORG-1609"",""ORG-1766"",""ORG-1797"",""ORG-1831"",""ORG-1921"",""ORG-1938"",""ORG-2154"",""ORG-2244""]"
3148,10.1371/journal.pone.0034294,4,"[""ORG-0596"",""ORG-1258"",""ORG-1259"",""ORG-2315""]"
3154,10.1093/database/baab063,3,"[""ORG-0497"",""ORG-1387"",""ORG-1581""]"
3157,10.1186/s12879-016-1738-1,13,"[""ORG-0125"",""ORG-0206"",""ORG-0421"",""ORG-0974"",""ORG-1233"",""ORG-1498"",""ORG-1505"",""ORG-1800"",""ORG-1806"",""ORG-1894"",""ORG-1986"",""ORG-2166"",""ORG-2315""]"
3168,10.1371/journal.pone.0033383,12,"[""ORG-0015"",""ORG-0720"",""ORG-0925"",""ORG-0968"",""ORG-0970"",""ORG-1042"",""ORG-1288"",""ORG-2137"",""ORG-2154"",""ORG-2158"",""ORG-2166"",""ORG-2306""]"
3169,10.1016/j.jmii.2021.09.011,7,"[""ORG-0413"",""ORG-1347"",""ORG-1357"",""ORG-1361"",""ORG-1852"",""ORG-1891"",""ORG-2154""]"
3174,10.3389/fcimb.2021.668034,11,"[""ORG-0963"",""ORG-0987"",""ORG-1259"",""ORG-1608"",""ORG-1609"",""ORG-1797"",""ORG-1881"",""ORG-1911"",""ORG-2091"",""ORG-2166"",""ORG-2171""]"
3176,10.3389/fcimb.2021.663949,7,"[""ORG-0413"",""ORG-0429"",""ORG-1221"",""ORG-1232"",""ORG-1259"",""ORG-1461"",""ORG-1891""]"
3177,10.3389/fneur.2022.968193,9,"[""ORG-0188"",""ORG-0413"",""ORG-0963"",""ORG-1347"",""ORG-1357"",""ORG-1608"",""ORG-1609"",""ORG-1887"",""ORG-2166""]"
3180,10.1016/j.tracli.2020.11.004,8,"[""ORG-0413"",""ORG-1347"",""ORG-1608"",""ORG-1609"",""ORG-1887"",""ORG-1934"",""ORG-1938"",""ORG-2154""]"
3184,10.1371/journal.pone.0033174,13,"[""ORG-0015"",""ORG-0223"",""ORG-0317"",""ORG-0507"",""ORG-0736"",""ORG-0968"",""ORG-1047"",""ORG-1347"",""ORG-1809"",""ORG-1844"",""ORG-1846"",""ORG-2154"",""ORG-2166""]"
3188,10.1007/s12015-020-10026-5,14,"[""ORG-0310"",""ORG-0413"",""ORG-1089"",""ORG-1439"",""ORG-1454"",""ORG-1825"",""ORG-1839"",""ORG-1867"",""ORG-1881"",""ORG-1891"",""ORG-1938"",""ORG-1981"",""ORG-2154"",""ORG-2165""]"
3192,10.7759/cureus.31736,8,"[""ORG-0413"",""ORG-1259"",""ORG-1347"",""ORG-1825"",""ORG-1887"",""ORG-1898"",""ORG-1970"",""ORG-2154""]"
3197,10.1016/j.antiviral.2022.105488,10,"[""ORG-0421"",""ORG-0683"",""ORG-1019"",""ORG-1259"",""ORG-1347"",""ORG-1357"",""ORG-1608"",""ORG-1609"",""ORG-1891"",""ORG-2166""]"
3198,10.1016/j.envint.2022.107272,13,"[""ORG-0188"",""ORG-0413"",""ORG-0736"",""ORG-1259"",""ORG-1347"",""ORG-1357"",""ORG-1490"",""ORG-1608"",""ORG-1609"",""ORG-1867"",""ORG-1874"",""ORG-2166"",""ORG-2260""]"
3212,10.1186/1471-2105-12-S13-S6,4,"[""ORG-1358"",""ORG-1581"",""ORG-1894"",""ORG-1948""]"
3216,10.3390/pathogens11121489,5,"[""ORG-0012"",""ORG-0545"",""ORG-0596"",""ORG-1347"",""ORG-1847""]"
3219,10.1002/cti2.1345,14,"[""ORG-0048"",""ORG-1347"",""ORG-1357"",""ORG-1608"",""ORG-1609"",""ORG-1667"",""ORG-1825"",""ORG-1839"",""ORG-1847"",""ORG-1856"",""ORG-1891"",""ORG-1932"",""ORG-2166"",""ORG-2171""]"
3221,10.3389/fbioe.2022.896751,11,"[""ORG-0313"",""ORG-0413"",""ORG-1347"",""ORG-1357"",""ORG-1608"",""ORG-1609"",""ORG-1891"",""ORG-1898"",""ORG-1931"",""ORG-1934"",""ORG-2147""]"
3238,10.1016/j.jcv.2020.104372,10,"[""ORG-0413"",""ORG-1259"",""ORG-1608"",""ORG-1609"",""ORG-1610"",""ORG-1709"",""ORG-1891"",""ORG-1932"",""ORG-1938"",""ORG-2154""]"
3246,10.1038/srep29430,8,"[""ORG-0015"",""ORG-0880"",""ORG-0968"",""ORG-1248"",""ORG-1288"",""ORG-1999"",""ORG-2154"",""ORG-2166""]"
3247,10.1016/S2213-8587(20)30152-2,4,"[""ORG-0413"",""ORG-0736"",""ORG-0943"",""ORG-1847""]"
3260,10.3389/fped.2022.810616,3,"[""ORG-0413"",""ORG-1347"",""ORG-1357""]"
3263,10.1007/s00705-020-04768-3,3,"[""ORG-0413"",""ORG-1608"",""ORG-1609""]"
3267,10.2807/1560-7917.ES.2020.25.48.2001813,5,"[""ORG-0413"",""ORG-1361"",""ORG-1593"",""ORG-1608"",""ORG-1609""]"
3280,10.1371/journal.pone.0157287,11,"[""ORG-0338"",""ORG-0925"",""ORG-1019"",""ORG-1413"",""ORG-1581"",""ORG-1586"",""ORG-1841"",""ORG-1934"",""ORG-2154"",""ORG-2166"",""ORG-2187""]"
3281,10.3389/fmicb.2022.879152,17,"[""ORG-0027"",""ORG-0363"",""ORG-0364"",""ORG-0413"",""ORG-0455"",""ORG-0754"",""ORG-0824"",""ORG-0861"",""ORG-1179"",""ORG-1347"",""ORG-1357"",""ORG-1432"",""ORG-1608"",""ORG-1609"",""ORG-1856"",""ORG-1934"",""ORG-2154""]"
3284,10.3389/fmicb.2016.00787,6,"[""ORG-0559"",""ORG-1259"",""ORG-1347"",""ORG-1833"",""ORG-1846"",""ORG-2134""]"
3289,10.1007/s11033-021-06827-7,3,"[""ORG-0413"",""ORG-0559"",""ORG-1908""]"
3301,10.3389/fmed.2022.868954,13,"[""ORG-0363"",""ORG-0364"",""ORG-0413"",""ORG-1259"",""ORG-1347"",""ORG-1357"",""ORG-1608"",""ORG-1609"",""ORG-1839"",""ORG-1868"",""ORG-1894"",""ORG-1938"",""ORG-2154""]"
3302,10.1007/s00059-020-04925-z,4,"[""ORG-1608"",""ORG-1609"",""ORG-1938"",""ORG-2154""]"
3304,10.6061/clinics/2020/e2353,4,"[""ORG-0413"",""ORG-1608"",""ORG-1609"",""ORG-1910""]"
3305,10.1016/j.jbior.2020.100735,7,"[""ORG-0413"",""ORG-1608"",""ORG-1609"",""ORG-1610"",""ORG-1851"",""ORG-1912"",""ORG-2154""]"
3311,10.3892/etm.2020.9465,9,"[""ORG-0413"",""ORG-1347"",""ORG-1357"",""ORG-1608"",""ORG-1609"",""ORG-1847"",""ORG-1867"",""ORG-1890"",""ORG-1934""]"
3314,10.1016/j.tracli.2021.05.003,9,"[""ORG-0413"",""ORG-0789"",""ORG-1221"",""ORG-1259"",""ORG-1347"",""ORG-1608"",""ORG-1609"",""ORG-1610"",""ORG-2154""]"
3317,10.1038/s41392-022-00997-x,5,"[""ORG-0413"",""ORG-1316"",""ORG-1608"",""ORG-1609"",""ORG-1667""]"
3318,10.1080/19382014.2021.1909970,8,"[""ORG-0413"",""ORG-0963"",""ORG-1259"",""ORG-1608"",""ORG-1609"",""ORG-1667"",""ORG-1938"",""ORG-2154""]"
3328,10.5588/ijtld.11.0536,4,"[""ORG-0943"",""ORG-1347"",""ORG-1357"",""ORG-1859""]"
3330,10.1016/j.mbs.2020.108438,13,"[""ORG-0413"",""ORG-0606"",""ORG-1245"",""ORG-1259"",""ORG-1608"",""ORG-1609"",""ORG-1847"",""ORG-1862"",""ORG-1866"",""ORG-1921"",""ORG-1937"",""ORG-1938"",""ORG-2154""]"
3331,10.1016/j.mehy.2020.110374,1,"[""ORG-0413""]"
3332,10.3389/fmed.2021.656926,8,"[""ORG-0413"",""ORG-0623"",""ORG-1253"",""ORG-1608"",""ORG-1609"",""ORG-1610"",""ORG-1912"",""ORG-2154""]"
3333,10.3389/fmicb.2016.00654,12,"[""ORG-0015"",""ORG-0497"",""ORG-0968"",""ORG-1263"",""ORG-1288"",""ORG-1289"",""ORG-1391"",""ORG-1891"",""ORG-2154"",""ORG-2163"",""ORG-2166"",""ORG-2171""]"
3344,10.1016/j.jare.2021.07.008,7,"[""ORG-0413"",""ORG-0869"",""ORG-1230"",""ORG-1608"",""ORG-1609"",""ORG-1839"",""ORG-1986""]"
3350,10.3390/pathogens9120985,9,"[""ORG-0413"",""ORG-1146"",""ORG-1221"",""ORG-1608"",""ORG-1609"",""ORG-1881"",""ORG-1937"",""ORG-1938"",""ORG-2154""]"
3352,10.1016/j.imu.2022.100951,6,"[""ORG-0413"",""ORG-0497"",""ORG-1347"",""ORG-1608"",""ORG-1609"",""ORG-2154""]"
3357,10.1016/j.msard.2020.102439,10,"[""ORG-0602"",""ORG-0869"",""ORG-1089"",""ORG-1347"",""ORG-1357"",""ORG-1608"",""ORG-1609"",""ORG-1856"",""ORG-1927"",""ORG-2248""]"
3360,10.1016/j.jbc.2021.100759,9,"[""ORG-0027"",""ORG-0413"",""ORG-0925"",""ORG-1347"",""ORG-1608"",""ORG-1609"",""ORG-1911"",""ORG-2166"",""ORG-2170""]"
3366,10.15252/embj.2022111562,2,"[""ORG-1891"",""ORG-2110""]"
3368,10.1097/CCE.0000000000000160,3,"[""ORG-1347"",""ORG-1357"",""ORG-1910""]"
3370,10.1016/j.scitotenv.2022.155473,15,"[""ORG-0413"",""ORG-1221"",""ORG-1608"",""ORG-1609"",""ORG-1833"",""ORG-1856"",""ORG-1881"",""ORG-1890"",""ORG-1891"",""ORG-1910"",""ORG-1952"",""ORG-1986"",""ORG-2154"",""ORG-2166"",""ORG-2168""]"
3376,10.1371/journal.pntd.0010363,18,"[""ORG-0413"",""ORG-0571"",""ORG-0833"",""ORG-1145"",""ORG-1540"",""ORG-1581"",""ORG-1600"",""ORG-1608"",""ORG-1609"",""ORG-1866"",""ORG-1905"",""ORG-1937"",""ORG-1938"",""ORG-1948"",""ORG-2147"",""ORG-2154"",""ORG-2163"",""ORG-2315""]"
3381,10.3390/v12080855,5,"[""ORG-0379"",""ORG-0413"",""ORG-0800"",""ORG-1611"",""ORG-1894""]"
3386,10.1029/2021GH000543,6,"[""ORG-0413"",""ORG-1862"",""ORG-1881"",""ORG-1931"",""ORG-2260"",""ORG-2315""]"
3391,10.1007/s13346-021-00989-4,7,"[""ORG-0188"",""ORG-0413"",""ORG-0683"",""ORG-1347"",""ORG-1357"",""ORG-1867"",""ORG-2154""]"
3393,10.3389/fgene.2022.858252,5,"[""ORG-0413"",""ORG-1608"",""ORG-1609"",""ORG-1847"",""ORG-1898""]"
3396,10.1186/1471-2458-11-885,4,"[""ORG-1347"",""ORG-1357"",""ORG-1891"",""ORG-2061""]"
3405,10.1186/s12879-020-05314-x,5,"[""ORG-0413"",""ORG-1259"",""ORG-1368"",""ORG-1608"",""ORG-1609""]"
3407,10.1007/s13205-020-02544-3,5,"[""ORG-0897"",""ORG-0925"",""ORG-1639"",""ORG-1864"",""ORG-2166""]"
3410,10.1016/j.bbmt.2020.04.005,1,"[""ORG-0413""]"
3418,10.1016/j.jtbi.2022.111376,7,"[""ORG-0413"",""ORG-1189"",""ORG-1608"",""ORG-1609"",""ORG-1702"",""ORG-2118"",""ORG-2154""]"
3428,10.1007/s00404-021-06061-3,5,"[""ORG-0413"",""ORG-0987"",""ORG-1608"",""ORG-1609"",""ORG-1891""]"
3430,10.1080/22221751.2020.1756700,14,"[""ORG-0435"",""ORG-0678"",""ORG-0754"",""ORG-0755"",""ORG-1249"",""ORG-1259"",""ORG-1608"",""ORG-1609"",""ORG-1891"",""ORG-1894"",""ORG-1896"",""ORG-1932"",""ORG-2154"",""ORG-2306""]"
3432,10.1128/AAC.00825-20,10,"[""ORG-0413"",""ORG-0895"",""ORG-0899"",""ORG-0988"",""ORG-1522"",""ORG-1608"",""ORG-1609"",""ORG-1898"",""ORG-2154"",""ORG-2315""]"
3434,10.1038/s41551-021-00718-9,6,"[""ORG-0559"",""ORG-0925"",""ORG-1259"",""ORG-1898"",""ORG-1921"",""ORG-2154""]"
3439,10.1371/journal.pone.0150146,6,"[""ORG-0970"",""ORG-1259"",""ORG-1347"",""ORG-1981"",""ORG-2154"",""ORG-2162""]"
3442,10.3389/fimmu.2022.1070424,5,"[""ORG-0188"",""ORG-0413"",""ORG-0507"",""ORG-1182"",""ORG-1347""]"
3447,10.1371/journal.pone.0026118,12,"[""ORG-0171"",""ORG-0455"",""ORG-0970"",""ORG-1347"",""ORG-1421"",""ORG-1798"",""ORG-1831"",""ORG-1891"",""ORG-1911"",""ORG-1927"",""ORG-1938"",""ORG-2154""]"
3448,10.1371/journal.ppat.1005473,17,"[""ORG-0497"",""ORG-1146"",""ORG-1147"",""ORG-1225"",""ORG-1325"",""ORG-1347"",""ORG-1357"",""ORG-1581"",""ORG-1585"",""ORG-1586"",""ORG-1608"",""ORG-1812"",""ORG-1839"",""ORG-1903"",""ORG-1938"",""ORG-2154"",""ORG-2166""]"
3459,10.3389/fcimb.2020.560616,19,"[""ORG-0409"",""ORG-0413"",""ORG-0429"",""ORG-0938"",""ORG-1221"",""ORG-1347"",""ORG-1357"",""ORG-1361"",""ORG-1490"",""ORG-1608"",""ORG-1609"",""ORG-1819"",""ORG-1881"",""ORG-1887"",""ORG-1897"",""ORG-1898"",""ORG-1956"",""ORG-2154"",""ORG-2260""]"
3461,10.1186/s13148-020-00912-7,13,"[""ORG-0413"",""ORG-1146"",""ORG-1147"",""ORG-1347"",""ORG-1357"",""ORG-1581"",""ORG-1586"",""ORG-1608"",""ORG-1609"",""ORG-1672"",""ORG-2154"",""ORG-2160"",""ORG-2166""]"
3468,10.1128/msystems.00582-22,8,"[""ORG-0497"",""ORG-1581"",""ORG-1586"",""ORG-1672"",""ORG-1839"",""ORG-1937"",""ORG-2166"",""ORG-2171""]"
3471,10.1016/j.watres.2021.117681,9,"[""ORG-0413"",""ORG-1361"",""ORG-1503"",""ORG-1593"",""ORG-1608"",""ORG-1609"",""ORG-1797"",""ORG-1881"",""ORG-1975""]"
3476,10.1016/j.jaut.2020.102452,4,"[""ORG-0413"",""ORG-1146"",""ORG-1221"",""ORG-2315""]"
3477,10.3389/fmicb.2021.628335,7,"[""ORG-0206"",""ORG-0813"",""ORG-1347"",""ORG-1667"",""ORG-1851"",""ORG-2304"",""ORG-2332""]"
3484,10.1371/journal.pone.0147271,11,"[""ORG-0015"",""ORG-0385"",""ORG-0968"",""ORG-1095"",""ORG-1259"",""ORG-1839"",""ORG-1890"",""ORG-1891"",""ORG-1938"",""ORG-2154"",""ORG-2166""]"
3487,10.1002/jmv.27056,12,"[""ORG-0038"",""ORG-0413"",""ORG-0559"",""ORG-0789"",""ORG-1608"",""ORG-1609"",""ORG-1667"",""ORG-1937"",""ORG-1938"",""ORG-2141"",""ORG-2154"",""ORG-2166""]"
3491,10.1186/s41065-022-00258-5,7,"[""ORG-0413"",""ORG-1259"",""ORG-1454"",""ORG-1825"",""ORG-1826"",""ORG-1839"",""ORG-1891""]"
3493,10.21203/rs.3.rs-926789/v1,16,"[""ORG-0200"",""ORG-0522"",""ORG-0680"",""ORG-0887"",""ORG-1234"",""ORG-1259"",""ORG-1347"",""ORG-1357"",""ORG-1608"",""ORG-1609"",""ORG-1696"",""ORG-1948"",""ORG-2154"",""ORG-2166"",""ORG-2170"",""ORG-2171""]"
3495,10.1186/s43141-022-00344-1,8,"[""ORG-0559"",""ORG-1347"",""ORG-1357"",""ORG-1608"",""ORG-1609"",""ORG-1839"",""ORG-1937"",""ORG-2147""]"
3498,10.3389/fimmu.2020.01708,7,"[""ORG-0413"",""ORG-1095"",""ORG-1347"",""ORG-1608"",""ORG-1609"",""ORG-1887"",""ORG-1981""]"
3500,10.1016/j.scitotenv.2022.160506,7,"[""ORG-0188"",""ORG-0379"",""ORG-0413"",""ORG-0943"",""ORG-1480"",""ORG-1856"",""ORG-1859""]"
3502,10.1186/s12985-021-01564-6,6,"[""ORG-0171"",""ORG-0545"",""ORG-0970"",""ORG-1847"",""ORG-2154"",""ORG-2166""]"
3504,10.3389/fimmu.2020.01664,13,"[""ORG-0413"",""ORG-0925"",""ORG-0974"",""ORG-1259"",""ORG-1490"",""ORG-1493"",""ORG-1505"",""ORG-1608"",""ORG-1609"",""ORG-1898"",""ORG-1937"",""ORG-1938"",""ORG-2154""]"
3513,10.1007/s12026-021-09198-0,5,"[""ORG-0413"",""ORG-1608"",""ORG-1609"",""ORG-1911"",""ORG-2154""]"
3514,10.1371/journal.pone.0024742,9,"[""ORG-0435"",""ORG-0857"",""ORG-1877"",""ORG-1908"",""ORG-1937"",""ORG-2154"",""ORG-2166"",""ORG-2167"",""ORG-2306""]"
3519,10.3389/fmolb.2021.629873,10,"[""ORG-0413"",""ORG-1145"",""ORG-1230"",""ORG-1600"",""ORG-1608"",""ORG-1609"",""ORG-1702"",""ORG-1911"",""ORG-2147"",""ORG-2154""]"
3523,10.3390/v13050765,1,"[""ORG-2154""]"
3528,10.3390/v13050792,4,"[""ORG-0413"",""ORG-0925"",""ORG-1608"",""ORG-1609""]"
3534,10.1016/j.meegid.2015.12.002,13,"[""ORG-0970"",""ORG-1085"",""ORG-1221"",""ORG-1347"",""ORG-1349"",""ORG-1357"",""ORG-1825"",""ORG-1881"",""ORG-1887"",""ORG-1891"",""ORG-1898"",""ORG-1911"",""ORG-2154""]"
3545,10.1177/00333549211063469,5,"[""ORG-0413"",""ORG-1146"",""ORG-1147"",""ORG-1347"",""ORG-1887""]"
3550,10.3389/fimmu.2021.699389,7,"[""ORG-0413"",""ORG-0559"",""ORG-0602"",""ORG-1608"",""ORG-1609"",""ORG-1848"",""ORG-1856""]"
3556,10.1126/scitranslmed.abc5332,11,"[""ORG-0207"",""ORG-0310"",""ORG-0312"",""ORG-0413"",""ORG-0925"",""ORG-1146"",""ORG-1147"",""ORG-1608"",""ORG-1609"",""ORG-1891"",""ORG-2154""]"
3558,10.1186/1471-2334-11-232,8,"[""ORG-0970"",""ORG-1259"",""ORG-1361"",""ORG-1894"",""ORG-1937"",""ORG-1938"",""ORG-1956"",""ORG-2154""]"
3559,10.4103/aer.aer_151_21,3,"[""ORG-0413"",""ORG-0559"",""ORG-1667""]"
3569,10.1038/srep16913,5,"[""ORG-0464"",""ORG-0897"",""ORG-1851"",""ORG-1868"",""ORG-2154""]"
3572,10.3390/genes12040603,1,"[""ORG-0581""]"
3583,10.1111/all.15593,8,"[""ORG-0413"",""ORG-1089"",""ORG-1099"",""ORG-1667"",""ORG-1766"",""ORG-1825"",""ORG-1837"",""ORG-1847""]"
3588,10.1016/j.medidd.2022.100146,13,"[""ORG-0526"",""ORG-0589"",""ORG-0590"",""ORG-1347"",""ORG-1357"",""ORG-1608"",""ORG-1609"",""ORG-1827"",""ORG-1829"",""ORG-1834"",""ORG-1948"",""ORG-2154"",""ORG-2166""]"
3589,10.1371/journal.pone.0142584,9,"[""ORG-0171"",""ORG-0376"",""ORG-0963"",""ORG-1259"",""ORG-1839"",""ORG-1844"",""ORG-1896"",""ORG-1952"",""ORG-2166""]"
3592,10.1177/0022034520946251,6,"[""ORG-0413"",""ORG-1146"",""ORG-1147"",""ORG-1259"",""ORG-1937"",""ORG-2315""]"
3593,10.2147/JIR.S353467,11,"[""ORG-0413"",""ORG-0833"",""ORG-1095"",""ORG-1259"",""ORG-1347"",""ORG-1608"",""ORG-1609"",""ORG-1891"",""ORG-1938"",""ORG-1986"",""ORG-2154""]"
3596,10.3390/antibiotics10040412,7,"[""ORG-0191"",""ORG-1259"",""ORG-1347"",""ORG-1361"",""ORG-1894"",""ORG-1910"",""ORG-2110""]"
3599,10.3390/ijerph18083910,4,"[""ORG-0413"",""ORG-1347"",""ORG-1608"",""ORG-1609""]"
3607,10.3906/sag-2108-239,12,"[""ORG-0413"",""ORG-1259"",""ORG-1347"",""ORG-1357"",""ORG-1608"",""ORG-1609"",""ORG-1744"",""ORG-1894"",""ORG-1938"",""ORG-1948"",""ORG-2154"",""ORG-2260""]"
3608,10.1080/23144599.2022.2139985,7,"[""ORG-1347"",""ORG-1357"",""ORG-1361"",""ORG-1362"",""ORG-1368"",""ORG-1593"",""ORG-2166""]"
3611,10.3390/curroncol28050316,4,"[""ORG-0806"",""ORG-1259"",""ORG-1809"",""ORG-1948""]"
3622,10.1242/dmm.007823,10,"[""ORG-0015"",""ORG-0171"",""ORG-0968"",""ORG-0970"",""ORG-1347"",""ORG-1934"",""ORG-2154"",""ORG-2160"",""ORG-2166"",""ORG-2171""]"
3626,10.1016/j.chom.2021.04.003,8,"[""ORG-0413"",""ORG-0421"",""ORG-0429"",""ORG-0465"",""ORG-1581"",""ORG-1891"",""ORG-2147"",""ORG-2166""]"
3631,10.1016/j.tcsw.2022.100088,3,"[""ORG-0413"",""ORG-1200"",""ORG-2306""]"
3635,10.3389/fpubh.2021.630449,12,"[""ORG-0413"",""ORG-1089"",""ORG-1259"",""ORG-1347"",""ORG-1608"",""ORG-1609"",""ORG-1667"",""ORG-1695"",""ORG-1837"",""ORG-1839"",""ORG-1887"",""ORG-2154""]"
3638,10.1371/journal.pone.0257905,10,"[""ORG-0027"",""ORG-0267"",""ORG-0413"",""ORG-1505"",""ORG-1608"",""ORG-1609"",""ORG-1610"",""ORG-1825"",""ORG-1938"",""ORG-2154""]"
3643,10.3389/fcell.2022.999351,7,"[""ORG-0413"",""ORG-1581"",""ORG-1585"",""ORG-1608"",""ORG-1609"",""ORG-2166"",""ORG-2167""]"
3660,10.1038/s12276-022-00755-7,11,"[""ORG-0360"",""ORG-0413"",""ORG-1023"",""ORG-1608"",""ORG-1609"",""ORG-1610"",""ORG-1894"",""ORG-1912"",""ORG-1921"",""ORG-1938"",""ORG-2154""]"
3662,10.1016/j.autrev.2020.102537,6,"[""ORG-0413"",""ORG-0902"",""ORG-0963"",""ORG-1856"",""ORG-1891"",""ORG-1911""]"
3664,10.3389/fimmu.2022.1008084,14,"[""ORG-0317"",""ORG-1226"",""ORG-1259"",""ORG-1414"",""ORG-1581"",""ORG-1583"",""ORG-1608"",""ORG-1609"",""ORG-1610"",""ORG-1847"",""ORG-1911"",""ORG-2129"",""ORG-2154"",""ORG-2166""]"
3669,10.1016/j.jocn.2011.01.014,4,"[""ORG-0963"",""ORG-1221"",""ORG-1881"",""ORG-2154""]"
3678,10.1007/s13205-020-02522-9,5,"[""ORG-0413"",""ORG-1608"",""ORG-1609"",""ORG-1825"",""ORG-2166""]"
3685,10.1016/j.rmed.2020.106192,7,"[""ORG-0413"",""ORG-1347"",""ORG-1368"",""ORG-1490"",""ORG-1608"",""ORG-1825"",""ORG-1887""]"
3691,10.3389/fcimb.2022.843463,9,"[""ORG-0413"",""ORG-1201"",""ORG-1259"",""ORG-1347"",""ORG-1357"",""ORG-1608"",""ORG-1609"",""ORG-1667"",""ORG-1852""]"
3697,10.3389/fcimb.2022.868414,14,"[""ORG-0413"",""ORG-1023"",""ORG-1608"",""ORG-1609"",""ORG-1747"",""ORG-1877"",""ORG-1879"",""ORG-1890"",""ORG-1894"",""ORG-1911"",""ORG-1938"",""ORG-2141"",""ORG-2154"",""ORG-2315""]"
3698,10.7150/ijbs.59137,10,"[""ORG-0267"",""ORG-0413"",""ORG-0602"",""ORG-0789"",""ORG-1608"",""ORG-1609"",""ORG-1846"",""ORG-1891"",""ORG-1938"",""ORG-2154""]"
3699,10.3389/fgene.2022.972598,2,"[""ORG-0399"",""ORG-1862""]"
3701,10.3389/fpubh.2020.00281,9,"[""ORG-0413"",""ORG-1413"",""ORG-1581"",""ORG-1586"",""ORG-1937"",""ORG-2154"",""ORG-2166"",""ORG-2171"",""ORG-2260""]"
3702,10.3390/pathogens10091108,12,"[""ORG-0413"",""ORG-0435"",""ORG-0497"",""ORG-1421"",""ORG-1608"",""ORG-1609"",""ORG-1857"",""ORG-1874"",""ORG-1881"",""ORG-1890"",""ORG-1938"",""ORG-2154""]"
3703,10.2471/BLT.22.288220,2,"[""ORG-1347"",""ORG-1357""]"
3706,10.1371/journal.ppat.1002077,13,"[""ORG-0015"",""ORG-0100"",""ORG-0435"",""ORG-0968"",""ORG-0970"",""ORG-1347"",""ORG-1357"",""ORG-1846"",""ORG-1891"",""ORG-1941"",""ORG-2154"",""ORG-2166"",""ORG-2171""]"
3708,10.1007/s00134-020-06026-1,2,"[""ORG-0413"",""ORG-1668""]"
3722,10.1007/s00296-021-04873-9,2,"[""ORG-0413"",""ORG-1259""]"
3727,10.3390/v12111290,6,"[""ORG-0171"",""ORG-0571"",""ORG-0736"",""ORG-1851"",""ORG-1894"",""ORG-2154""]"
3728,10.3390/ijms221810069,15,"[""ORG-0015"",""ORG-0636"",""ORG-0968"",""ORG-0970"",""ORG-1232"",""ORG-1233"",""ORG-1259"",""ORG-1276"",""ORG-1288"",""ORG-1851"",""ORG-1891"",""ORG-1938"",""ORG-1974"",""ORG-2154"",""ORG-2166""]"
3729,10.1136/bmj.m2980,5,"[""ORG-0413"",""ORG-0455"",""ORG-1259"",""ORG-1368"",""ORG-1910""]"
3735,10.3390/ijerph18189785,13,"[""ORG-0413"",""ORG-0683"",""ORG-0895"",""ORG-0897"",""ORG-0942"",""ORG-0966"",""ORG-1608"",""ORG-1609"",""ORG-1819"",""ORG-1825"",""ORG-1891"",""ORG-1938"",""ORG-2154""]"
3740,10.14336/AD.2021.1210,5,"[""ORG-0413"",""ORG-1608"",""ORG-1609"",""ORG-1847"",""ORG-1898""]"
3742,10.1016/j.imu.2021.100578,4,"[""ORG-0413"",""ORG-1608"",""ORG-1609"",""ORG-1865""]"
3748,10.3390/cells10092212,2,"[""ORG-0413"",""ORG-1259""]"
3749,10.1371/journal.pone.0137529,7,"[""ORG-0754"",""ORG-0925"",""ORG-1347"",""ORG-1357"",""ORG-1361"",""ORG-1986"",""ORG-2110""]"
3753,10.1128/JVI.01173-20,13,"[""ORG-0015"",""ORG-0171"",""ORG-0925"",""ORG-0947"",""ORG-1259"",""ORG-1800"",""ORG-1846"",""ORG-1937"",""ORG-1938"",""ORG-1952"",""ORG-2154"",""ORG-2166"",""ORG-2315""]"
3755,10.1177/01926233221084634,4,"[""ORG-1259"",""ORG-1347"",""ORG-1357"",""ORG-1934""]"
3763,10.1038/s41586-022-04690-5,10,"[""ORG-0559"",""ORG-0887"",""ORG-1347"",""ORG-1357"",""ORG-1608"",""ORG-1609"",""ORG-1847"",""ORG-1910"",""ORG-2114"",""ORG-2315""]"
3764,10.1038/s42003-021-02029-w,10,"[""ORG-0413"",""ORG-0763"",""ORG-0925"",""ORG-1169"",""ORG-1608"",""ORG-1609"",""ORG-1702"",""ORG-1732"",""ORG-1866"",""ORG-2154""]"
3767,10.1080/22221751.2020.1803146,10,"[""ORG-0413"",""ORG-1221"",""ORG-1421"",""ORG-1608"",""ORG-1609"",""ORG-1839"",""ORG-1874"",""ORG-1881"",""ORG-2154"",""ORG-2304""]"
3769,10.3390/vaccines3020293,9,"[""ORG-0015"",""ORG-0869"",""ORG-0968"",""ORG-1221"",""ORG-1347"",""ORG-1825"",""ORG-1891"",""ORG-2154"",""ORG-2166""]"
3777,10.1038/s41467-020-15562-9,11,"[""ORG-0413"",""ORG-0433"",""ORG-1146"",""ORG-1147"",""ORG-1259"",""ORG-1600"",""ORG-1608"",""ORG-1609"",""ORG-1702"",""ORG-1811"",""ORG-2154""]"
3780,10.1109/TCBB.2021.3075299,5,"[""ORG-0413"",""ORG-1347"",""ORG-1608"",""ORG-1609"",""ORG-1819""]"
3788,10.3390/pathogens11111246,11,"[""ORG-0125"",""ORG-0171"",""ORG-0188"",""ORG-0683"",""ORG-0899"",""ORG-0970"",""ORG-1253"",""ORG-1353"",""ORG-1825"",""ORG-2154"",""ORG-2166""]"
3792,10.1136/medethics-2014-102619,9,"[""ORG-0379"",""ORG-0421"",""ORG-0694"",""ORG-1259"",""ORG-1347"",""ORG-1357"",""ORG-1822"",""ORG-1910"",""ORG-1913""]"
3793,10.1083/jcb.202006005,12,"[""ORG-0833"",""ORG-0938"",""ORG-1243"",""ORG-1259"",""ORG-1581"",""ORG-1586"",""ORG-1608"",""ORG-1609"",""ORG-1774"",""ORG-1938"",""ORG-2154"",""ORG-2166""]"
3796,10.1016/j.lfs.2020.117583,5,"[""ORG-0413"",""ORG-1347"",""ORG-1357"",""ORG-2154"",""ORG-2193""]"
3802,10.1371/journal.pntd.0004031,10,"[""ORG-0188"",""ORG-0559"",""ORG-0938"",""ORG-1347"",""ORG-1357"",""ORG-1797"",""ORG-1833"",""ORG-1872"",""ORG-2110"",""ORG-2315""]"
3808,10.1093/infdis/jir172,4,"[""ORG-0171"",""ORG-0897"",""ORG-1897"",""ORG-2166""]"
3818,10.1038/s41598-022-21354-6,7,"[""ORG-0413"",""ORG-1347"",""ORG-1357"",""ORG-1797"",""ORG-1831"",""ORG-1891"",""ORG-1894""]"
3822,10.1080/21505594.2020.1845039,4,"[""ORG-0191"",""ORG-1347"",""ORG-2110"",""ORG-2315""]"
3833,10.1016/j.biosx.2022.100276,3,"[""ORG-0413"",""ORG-1347"",""ORG-1357""]"
3835,10.1007/s12250-020-00212-7,1,"[""ORG-1702""]"
3838,10.3390/pathogens9110925,13,"[""ORG-0015"",""ORG-0497"",""ORG-0503"",""ORG-0880"",""ORG-0968"",""ORG-1288"",""ORG-1413"",""ORG-1581"",""ORG-1891"",""ORG-1937"",""ORG-2147"",""ORG-2154"",""ORG-2163""]"
3840,10.1016/j.cell.2021.09.001,4,"[""ORG-0728"",""ORG-1347"",""ORG-1937"",""ORG-2154""]"
3848,10.3390/ijms21218294,15,"[""ORG-0015"",""ORG-0171"",""ORG-0497"",""ORG-0507"",""ORG-0880"",""ORG-0925"",""ORG-0968"",""ORG-0970"",""ORG-1259"",""ORG-1860"",""ORG-1868"",""ORG-1938"",""ORG-2154"",""ORG-2156"",""ORG-2161""]"
3850,10.1371/journal.pone.0133910,9,"[""ORG-0171"",""ORG-0970"",""ORG-0985"",""ORG-1747"",""ORG-1905"",""ORG-1911"",""ORG-2154"",""ORG-2166"",""ORG-2171""]"
3851,10.3390/biology11030400,10,"[""ORG-0413"",""ORG-1432"",""ORG-1608"",""ORG-1609"",""ORG-1827"",""ORG-1910"",""ORG-1938"",""ORG-1986"",""ORG-2154"",""ORG-2160""]"
3853,10.1038/s41598-021-98302-3,2,"[""ORG-0413"",""ORG-1246""]"
3860,10.3390/pathogens11030368,6,"[""ORG-0413"",""ORG-1259"",""ORG-1608"",""ORG-1609"",""ORG-1862"",""ORG-1898""]"
3866,10.3390/pathogens11030313,6,"[""ORG-0925"",""ORG-1503"",""ORG-1608"",""ORG-1609"",""ORG-1847"",""ORG-1891""]"
3878,10.3389/fvets.2022.999507,9,"[""ORG-0970"",""ORG-1259"",""ORG-1897"",""ORG-1910"",""ORG-2154"",""ORG-2161"",""ORG-2163"",""ORG-2164"",""ORG-2260""]"
3880,10.1007/s00284-021-02657-9,9,"[""ORG-0014"",""ORG-0413"",""ORG-1259"",""ORG-1608"",""ORG-1609"",""ORG-1610"",""ORG-1911"",""ORG-1974"",""ORG-2154""]"
3883,10.1016/j.jpba.2022.115118,7,"[""ORG-0413"",""ORG-1259"",""ORG-1608"",""ORG-1609"",""ORG-1839"",""ORG-2154"",""ORG-2260""]"
3886,10.1080/07853890.2022.2138529,5,"[""ORG-0373"",""ORG-1259"",""ORG-1347"",""ORG-1357"",""ORG-1839""]"
3887,10.7150/ijms.48696,1,"[""ORG-0413""]"
3888,10.3389/fmicb.2021.663815,14,"[""ORG-0413"",""ORG-0435"",""ORG-1095"",""ORG-1608"",""ORG-1609"",""ORG-1825"",""ORG-1839"",""ORG-1856"",""ORG-1908"",""ORG-1938"",""ORG-1956"",""ORG-2154"",""ORG-2166"",""ORG-2171""]"
3891,10.1016/j.ajic.2015.06.014,3,"[""ORG-1137"",""ORG-1809"",""ORG-1908""]"
3892,10.1002/jmv.27739,13,"[""ORG-0522"",""ORG-0525"",""ORG-1122"",""ORG-1259"",""ORG-1347"",""ORG-1357"",""ORG-1797"",""ORG-1812"",""ORG-1839"",""ORG-1890"",""ORG-1937"",""ORG-2154"",""ORG-2166""]"
3908,10.1016/j.scitotenv.2020.143346,10,"[""ORG-0413"",""ORG-0938"",""ORG-1421"",""ORG-1608"",""ORG-1609"",""ORG-1856"",""ORG-1891"",""ORG-1910"",""ORG-1938"",""ORG-2154""]"
3915,10.3389/fcimb.2021.596201,12,"[""ORG-0413"",""ORG-1146"",""ORG-1147"",""ORG-1221"",""ORG-1230"",""ORG-1347"",""ORG-1608"",""ORG-1609"",""ORG-1831"",""ORG-1887"",""ORG-1938"",""ORG-2154""]"
3916,10.1007/s12038-020-00069-8,13,"[""ORG-0413"",""ORG-0683"",""ORG-1146"",""ORG-1147"",""ORG-1259"",""ORG-1347"",""ORG-1812"",""ORG-1887"",""ORG-1921"",""ORG-1938"",""ORG-1948"",""ORG-2154"",""ORG-2166""]"
3920,10.2147/JIR.S303117,9,"[""ORG-0302"",""ORG-0413"",""ORG-0951"",""ORG-1259"",""ORG-1347"",""ORG-1357"",""ORG-1766"",""ORG-1839"",""ORG-1911""]"
3931,10.3389/fmicb.2022.1003824,9,"[""ORG-0435"",""ORG-0963"",""ORG-1608"",""ORG-1609"",""ORG-1696"",""ORG-1851"",""ORG-1937"",""ORG-1949"",""ORG-2154""]"
3942,10.3389/fmolb.2022.1017338,12,"[""ORG-0313"",""ORG-0783"",""ORG-0880"",""ORG-0970"",""ORG-1221"",""ORG-1259"",""ORG-1825"",""ORG-1897"",""ORG-1956"",""ORG-1986"",""ORG-2154"",""ORG-2166""]"
3948,10.1200/GO.20.00376,3,"[""ORG-0413"",""ORG-1839"",""ORG-1856""]"
3952,10.3389/fmed.2022.751929,11,"[""ORG-0413"",""ORG-1221"",""ORG-1347"",""ORG-1357"",""ORG-1421"",""ORG-1608"",""ORG-1609"",""ORG-1746"",""ORG-1881"",""ORG-1891"",""ORG-1894""]"
3954,10.3389/fcimb.2021.680127,8,"[""ORG-0399"",""ORG-0413"",""ORG-0925"",""ORG-1608"",""ORG-1609"",""ORG-1667"",""ORG-1839"",""ORG-2166""]"
3956,10.1128/mBio.00065-21,18,"[""ORG-0268"",""ORG-0413"",""ORG-0833"",""ORG-0925"",""ORG-0941"",""ORG-1046"",""ORG-1259"",""ORG-1356"",""ORG-1581"",""ORG-1586"",""ORG-1608"",""ORG-1609"",""ORG-1894"",""ORG-1938"",""ORG-1958"",""ORG-2154"",""ORG-2166"",""ORG-2170""]"
3974,10.3389/fmicb.2022.997058,9,"[""ORG-0683"",""ORG-1347"",""ORG-1357"",""ORG-1952"",""ORG-1956"",""ORG-1969"",""ORG-2154"",""ORG-2166"",""ORG-2171""]"
3975,10.1016/j.ijdrr.2021.102245,10,"[""ORG-0015"",""ORG-0413"",""ORG-1047"",""ORG-1276"",""ORG-1347"",""ORG-1490"",""ORG-1862"",""ORG-1887"",""ORG-1970"",""ORG-2154""]"
3977,10.1101/2022.10.14.22280783,17,"[""ORG-0413"",""ORG-0736"",""ORG-1221"",""ORG-1347"",""ORG-1357"",""ORG-1361"",""ORG-1368"",""ORG-1581"",""ORG-1608"",""ORG-1609"",""ORG-1847"",""ORG-1881"",""ORG-1891"",""ORG-1938"",""ORG-1986"",""ORG-2154"",""ORG-2304""]"
3985,10.1093/cvr/cvab094,10,"[""ORG-0317"",""ORG-0413"",""ORG-1221"",""ORG-1259"",""ORG-1581"",""ORG-1608"",""ORG-1609"",""ORG-1881"",""ORG-1890"",""ORG-1919""]"
3990,10.3390/nu14204227,5,"[""ORG-0155"",""ORG-0413"",""ORG-1347"",""ORG-1855"",""ORG-1910""]"
3995,10.1111/irv.12458,3,"[""ORG-0421"",""ORG-0694"",""ORG-1910""]"
4000,10.1128/mbio.00099-22,7,"[""ORG-0343"",""ORG-1230"",""ORG-1608"",""ORG-1609"",""ORG-1877"",""ORG-2306"",""ORG-2315""]"
4003,10.1007/s40142-020-00197-5,11,"[""ORG-0413"",""ORG-1146"",""ORG-1546"",""ORG-1581"",""ORG-1608"",""ORG-1609"",""ORG-1867"",""ORG-1937"",""ORG-1938"",""ORG-2141"",""ORG-2154""]"
4005,10.1016/j.vaccine.2009.04.035,9,"[""ORG-0302"",""ORG-0455"",""ORG-0824"",""ORG-0825"",""ORG-0861"",""ORG-0925"",""ORG-1224"",""ORG-1538"",""ORG-2154""]"
4006,10.1002/hsr2.230,14,"[""ORG-0171"",""ORG-0963"",""ORG-0970"",""ORG-1089"",""ORG-1347"",""ORG-1357"",""ORG-1361"",""ORG-1581"",""ORG-1593"",""ORG-1851"",""ORG-1948"",""ORG-2154"",""ORG-2166"",""ORG-2171""]"
4007,10.1534/g3.117.042598,2,"[""ORG-0338"",""ORG-1844""]"
4010,10.1002/em.20482,9,"[""ORG-0824"",""ORG-0825"",""ORG-0925"",""ORG-1089"",""ORG-1797"",""ORG-1798"",""ORG-1938"",""ORG-2040"",""ORG-2154""]"
4011,10.1371/journal.ppat.1011059,11,"[""ORG-0824"",""ORG-0825"",""ORG-0861"",""ORG-0925"",""ORG-1089"",""ORG-1639"",""ORG-2154"",""ORG-2160"",""ORG-2163"",""ORG-2166"",""ORG-2170""]"
4012,10.1128/mBio.03134-20,14,"[""ORG-0455"",""ORG-0506"",""ORG-0824"",""ORG-0825"",""ORG-0925"",""ORG-0946"",""ORG-1189"",""ORG-1330"",""ORG-1797"",""ORG-1798"",""ORG-1813"",""ORG-1894"",""ORG-1938"",""ORG-2154""]"
4020,10.1186/s12879-020-05734-9,4,"[""ORG-0694"",""ORG-1259"",""ORG-1766"",""ORG-1931""]"
4032,10.3892/etm.2020.9517,5,"[""ORG-0316"",""ORG-0497"",""ORG-0694"",""ORG-1844"",""ORG-1856""]"
4036,10.1085/jgp.200810089,3,"[""ORG-0694"",""ORG-1894"",""ORG-2306""]"
4043,10.1038/s41421-023-00566-8,11,"[""ORG-0027"",""ORG-0435"",""ORG-0836"",""ORG-1146"",""ORG-1147"",""ORG-1259"",""ORG-1696"",""ORG-1891"",""ORG-1952"",""ORG-2166"",""ORG-2168""]"
4052,10.1371/journal.pcbi.1008449,16,"[""ORG-0378"",""ORG-0435"",""ORG-0736"",""ORG-1047"",""ORG-1259"",""ORG-1608"",""ORG-1609"",""ORG-1825"",""ORG-1839"",""ORG-1866"",""ORG-1937"",""ORG-1983"",""ORG-2147"",""ORG-2166"",""ORG-2221"",""ORG-2251""]"
4053,10.7554/eLife.24733,3,"[""ORG-0694"",""ORG-0941"",""ORG-1798""]"
4063,10.1371/journal.ppat.1009018,14,"[""ORG-0188"",""ORG-0633"",""ORG-1179"",""ORG-1241"",""ORG-1242"",""ORG-1259"",""ORG-1347"",""ORG-1357"",""ORG-1839"",""ORG-1894"",""ORG-1913"",""ORG-1956"",""ORG-2154"",""ORG-2166""]"
4066,10.1371/journal.ppat.1011380,5,"[""ORG-0069"",""ORG-1084"",""ORG-1983"",""ORG-2154"",""ORG-2161""]"
4071,10.1002/bies.202000240,14,"[""ORG-0385"",""ORG-1216"",""ORG-1259"",""ORG-1505"",""ORG-1608"",""ORG-1609"",""ORG-1797"",""ORG-1842"",""ORG-1846"",""ORG-1894"",""ORG-1938"",""ORG-2154"",""ORG-2166"",""ORG-2167""]"
4082,10.1038/srep38607,11,"[""ORG-0312"",""ORG-0435"",""ORG-0565"",""ORG-0678"",""ORG-0780"",""ORG-0925"",""ORG-1259"",""ORG-1894"",""ORG-1919"",""ORG-1937"",""ORG-2315""]"
4083,10.12688/f1000research.131522.1,6,"[""ORG-0413"",""ORG-1600"",""ORG-1608"",""ORG-1609"",""ORG-1891"",""ORG-1896""]"
4107,10.1093/database/baw130,10,"[""ORG-0559"",""ORG-0691"",""ORG-0969"",""ORG-0970"",""ORG-1347"",""ORG-1806"",""ORG-1851"",""ORG-1899"",""ORG-1938"",""ORG-2154""]"
4143,10.1085/jgp.201611584,4,"[""ORG-1259"",""ORG-1835"",""ORG-2260"",""ORG-2306""]"
4144,10.1080/22221751.2021.2023329,6,"[""ORG-1259"",""ORG-1316"",""ORG-1608"",""ORG-1609"",""ORG-1999"",""ORG-2260""]"
4148,10.1371/journal.pbio.0050036,5,"[""ORG-1259"",""ORG-1581"",""ORG-1864"",""ORG-1911"",""ORG-1934""]"
4152,10.1371/journal.pone.0260424,6,"[""ORG-0332"",""ORG-1259"",""ORG-1846"",""ORG-1881"",""ORG-1903"",""ORG-2154""]"
4153,10.1126/sciadv.adf3731,5,"[""ORG-0951"",""ORG-1136"",""ORG-2154"",""ORG-2166"",""ORG-2306""]"
4156,10.1371/journal.pbio.3001969,2,"[""ORG-0694"",""ORG-1581""]"
4157,10.1016/j.neuron.2013.02.036,2,"[""ORG-1259"",""ORG-1890""]"
4160,10.3390/v15010101,7,"[""ORG-1230"",""ORG-1316"",""ORG-1461"",""ORG-1608"",""ORG-1609"",""ORG-1766"",""ORG-1856""]"
4186,10.1016/j.jcv.2021.105049,10,"[""ORG-1259"",""ORG-1361"",""ORG-1432"",""ORG-1503"",""ORG-1593"",""ORG-1608"",""ORG-1609"",""ORG-2154"",""ORG-2306"",""ORG-2315""]"
4190,10.1101/2020.06.12.148726,11,"[""ORG-1259"",""ORG-1608"",""ORG-1609"",""ORG-1702"",""ORG-1937"",""ORG-1938"",""ORG-2139"",""ORG-2154"",""ORG-2162"",""ORG-2166"",""ORG-2171""]"
4191,10.1016/j.bbrc.2021.11.059,3,"[""ORG-1608"",""ORG-1609"",""ORG-1825""]"
4193,10.1093/hmg/ddt005,2,"[""ORG-0399"",""ORG-0694""]"
4201,10.3390/pathogens11111385,19,"[""ORG-0171"",""ORG-0173"",""ORG-0379"",""ORG-0435"",""ORG-0925"",""ORG-0970"",""ORG-1119"",""ORG-1259"",""ORG-1287"",""ORG-1359"",""ORG-1569"",""ORG-1800"",""ORG-1921"",""ORG-1937"",""ORG-1938"",""ORG-2040"",""ORG-2154"",""ORG-2166"",""ORG-2193""]"
4213,10.1371/journal.pone.0144522,6,"[""ORG-0824"",""ORG-0825"",""ORG-1439"",""ORG-1454"",""ORG-1773"",""ORG-1894""]"
4214,10.1128/mBio.00359-12,4,"[""ORG-0694"",""ORG-0970"",""ORG-1891"",""ORG-2154""]"
4216,10.1016/j.neurobiolaging.2020.02.026,4,"[""ORG-0421"",""ORG-0694"",""ORG-1259"",""ORG-1844""]"
4222,10.1371/journal.pone.0042994,6,"[""ORG-0694"",""ORG-0951"",""ORG-1259"",""ORG-1439"",""ORG-1715"",""ORG-1798""]"
4230,10.1080/19420889.2015.1063753,5,"[""ORG-0694"",""ORG-1862"",""ORG-1894"",""ORG-2306"",""ORG-2315""]"
4238,10.1016/j.jbc.2021.101318,6,"[""ORG-0680"",""ORG-0694"",""ORG-1738"",""ORG-1894"",""ORG-1906"",""ORG-2315""]"
4239,10.1128/mbio.02540-22,9,"[""ORG-0171"",""ORG-0559"",""ORG-1259"",""ORG-1839"",""ORG-1938"",""ORG-2038"",""ORG-2154"",""ORG-2166"",""ORG-2170""]"
4243,10.1371/journal.pone.0038233,11,"[""ORG-0171"",""ORG-0938"",""ORG-0970"",""ORG-1095"",""ORG-1259"",""ORG-1359"",""ORG-1766"",""ORG-1856"",""ORG-1859"",""ORG-1872"",""ORG-2154""]"
4252,10.7554/eLife.46607,4,"[""ORG-0694"",""ORG-0951"",""ORG-1844"",""ORG-2306""]"
4258,10.1021/jacs.1c07965,9,"[""ORG-1505"",""ORG-1608"",""ORG-1609"",""ORG-1702"",""ORG-1877"",""ORG-1879"",""ORG-1931"",""ORG-1938"",""ORG-2154""]"
4266,10.1080/19336950.2015.1078040,2,"[""ORG-0694"",""ORG-0941""]"
4271,10.1016/j.jhin.2022.09.013,7,"[""ORG-0206"",""ORG-0413"",""ORG-0565"",""ORG-1259"",""ORG-1608"",""ORG-1609"",""ORG-1839""]"
4277,10.1371/journal.ppat.1005042,18,"[""ORG-0302"",""ORG-0559"",""ORG-0824"",""ORG-0825"",""ORG-0951"",""ORG-1169"",""ORG-1230"",""ORG-1259"",""ORG-1347"",""ORG-1357"",""ORG-1766"",""ORG-1797"",""ORG-1812"",""ORG-1839"",""ORG-1911"",""ORG-1956"",""ORG-2154"",""ORG-2166""]"
4278,10.1371/journal.pone.0034521,10,"[""ORG-0302"",""ORG-0824"",""ORG-0825"",""ORG-1177"",""ORG-1259"",""ORG-1766"",""ORG-1911"",""ORG-1931"",""ORG-2166"",""ORG-2306""]"
4282,10.1523/JNEUROSCI.6000-11.2012,2,"[""ORG-0694"",""ORG-1934""]"
4287,10.7554/eLife.45905,1,"[""ORG-0694""]"
4290,10.1371/journal.pone.0030960,14,"[""ORG-0171"",""ORG-0317"",""ORG-0809"",""ORG-0970"",""ORG-1259"",""ORG-1356"",""ORG-1359"",""ORG-1877"",""ORG-1898"",""ORG-1937"",""ORG-1938"",""ORG-2154"",""ORG-2163"",""ORG-2166""]"
4291,10.1016/j.virol.2019.07.012,5,"[""ORG-0171"",""ORG-0925"",""ORG-0967"",""ORG-2154"",""ORG-2166""]"
4295,10.1128/JVI.00775-19,11,"[""ORG-0038"",""ORG-0206"",""ORG-0332"",""ORG-1259"",""ORG-1685"",""ORG-1936"",""ORG-1937"",""ORG-1938"",""ORG-1948"",""ORG-2154"",""ORG-2166""]"
4304,10.1016/j.antiviral.2019.104541,11,"[""ORG-0244"",""ORG-0435"",""ORG-0925"",""ORG-0938"",""ORG-1581"",""ORG-1582"",""ORG-1937"",""ORG-1948"",""ORG-1986"",""ORG-2154"",""ORG-2166""]"
4307,10.1073/pnas.2204717119,14,"[""ORG-0413"",""ORG-1246"",""ORG-1505"",""ORG-1608"",""ORG-1609"",""ORG-1702"",""ORG-1709"",""ORG-1825"",""ORG-1877"",""ORG-1879"",""ORG-1938"",""ORG-1952"",""ORG-2154"",""ORG-2166""]"
4325,10.1128/jvi.01140-22,6,"[""ORG-1230"",""ORG-1259"",""ORG-1316"",""ORG-1608"",""ORG-1609"",""ORG-1696""]"
4327,10.1523/JNEUROSCI.3638-11.2011,1,"[""ORG-0694""]"
4337,10.1002/ctm2.1026,8,"[""ORG-0413"",""ORG-1608"",""ORG-1609"",""ORG-1766"",""ORG-1891"",""ORG-1921"",""ORG-1948"",""ORG-2154""]"
4338,10.1085/jgp.201812237,6,"[""ORG-0457"",""ORG-0694"",""ORG-1485"",""ORG-1857"",""ORG-1890"",""ORG-2306""]"
4345,10.1128/mSphere.00183-19,10,"[""ORG-0079"",""ORG-0188"",""ORG-0633"",""ORG-1259"",""ORG-1798"",""ORG-1833"",""ORG-2062"",""ORG-2154"",""ORG-2166"",""ORG-2315""]"
4352,10.3389/fmicb.2015.00140,8,"[""ORG-0015"",""ORG-0171"",""ORG-0172"",""ORG-0497"",""ORG-0967"",""ORG-0968"",""ORG-1839"",""ORG-2154""]"
4354,10.1080/22221751.2022.2112912,1,"[""ORG-2315""]"
4355,10.3390/ijms22147425,5,"[""ORG-0413"",""ORG-1439"",""ORG-1608"",""ORG-1609"",""ORG-1825""]"
4359,10.1016/j.cell.2021.07.007,11,"[""ORG-0413"",""ORG-0866"",""ORG-1259"",""ORG-1493"",""ORG-1608"",""ORG-1609"",""ORG-1702"",""ORG-1881"",""ORG-2166"",""ORG-2306"",""ORG-2315""]"
4360,10.1093/infdis/jiz043,1,"[""ORG-1825""]"
4362,10.1080/07391102.2021.1953604,10,"[""ORG-0027"",""ORG-0267"",""ORG-0413"",""ORG-0987"",""ORG-1608"",""ORG-1609"",""ORG-1894"",""ORG-1937"",""ORG-2166"",""ORG-2170""]"
4363,10.1109/TNB.2015.2406992,10,"[""ORG-0625"",""ORG-0783"",""ORG-1019"",""ORG-1839"",""ORG-1919"",""ORG-1937"",""ORG-1938"",""ORG-2153"",""ORG-2154"",""ORG-2166""]"
4364,10.1371/journal.pone.0025091,12,"[""ORG-0171"",""ORG-0173"",""ORG-0317"",""ORG-0754"",""ORG-0862"",""ORG-0970"",""ORG-1259"",""ORG-1505"",""ORG-1839"",""ORG-2154"",""ORG-2166"",""ORG-2306""]"
4367,10.1016/j.gene.2021.145843,8,"[""ORG-0080"",""ORG-0570"",""ORG-1079"",""ORG-1608"",""ORG-1609"",""ORG-1856"",""ORG-1903"",""ORG-2154""]"
4369,10.1371/journal.ppat.1004693,8,"[""ORG-0833"",""ORG-1259"",""ORG-1833"",""ORG-1937"",""ORG-2154"",""ORG-2166"",""ORG-2306"",""ORG-2315""]"
4395,10.1186/s13104-018-3804-9,7,"[""ORG-0506"",""ORG-0559"",""ORG-0824"",""ORG-0825"",""ORG-1259"",""ORG-1825"",""ORG-1896""]"
4406,10.1371/journal.ppat.1010472,14,"[""ORG-0312"",""ORG-0316"",""ORG-0680"",""ORG-0773"",""ORG-0809"",""ORG-0925"",""ORG-1089"",""ORG-1259"",""ORG-1581"",""ORG-1797"",""ORG-1809"",""ORG-1825"",""ORG-1851"",""ORG-2154""]"
4409,10.1128/mBio.02431-14,2,"[""ORG-0171"",""ORG-0694""]"
4410,10.3390/brainsci12060789,6,"[""ORG-0694"",""ORG-0779"",""ORG-1259"",""ORG-1798"",""ORG-1894"",""ORG-1911""]"
4414,10.1021/acsnano.8b02805,7,"[""ORG-0497"",""ORG-0671"",""ORG-1604"",""ORG-1714"",""ORG-2154"",""ORG-2162"",""ORG-2166""]"
4425,10.3389/fimmu.2022.921483,10,"[""ORG-0095"",""ORG-0207"",""ORG-0413"",""ORG-1259"",""ORG-1859"",""ORG-1896"",""ORG-1910"",""ORG-1938"",""ORG-1956"",""ORG-2154""]"
4432,10.1016/S1672-0229(10)60021-6,9,"[""ORG-0015"",""ORG-0694"",""ORG-0721"",""ORG-0968"",""ORG-1263"",""ORG-1356"",""ORG-1938"",""ORG-2147"",""ORG-2154""]"
4433,10.1371/journal.pgen.1004715,4,"[""ORG-1775"",""ORG-1803"",""ORG-1866"",""ORG-2306""]"
4443,10.1371/journal.ppat.1007054,18,"[""ORG-0206"",""ORG-0316"",""ORG-0790"",""ORG-0853"",""ORG-0854"",""ORG-1230"",""ORG-1259"",""ORG-1286"",""ORG-1330"",""ORG-1797"",""ORG-1798"",""ORG-1839"",""ORG-1847"",""ORG-1894"",""ORG-1938"",""ORG-2147"",""ORG-2154"",""ORG-2306""]"
4446,10.3389/fmed.2022.849217,19,"[""ORG-0413"",""ORG-0560"",""ORG-1117"",""ORG-1189"",""ORG-1230"",""ORG-1485"",""ORG-1493"",""ORG-1608"",""ORG-1609"",""ORG-1702"",""ORG-1839"",""ORG-1877"",""ORG-1879"",""ORG-1910"",""ORG-1938"",""ORG-1986"",""ORG-2154"",""ORG-2260"",""ORG-2315""]"
4449,10.1016/j.heliyon.2021.e07068,10,"[""ORG-0413"",""ORG-0559"",""ORG-1608"",""ORG-1609"",""ORG-1809"",""ORG-1872"",""ORG-1891"",""ORG-1938"",""ORG-1948"",""ORG-2154""]"
4450,10.1128/mBio.01985-14,3,"[""ORG-0694"",""ORG-0970"",""ORG-2154""]"
4452,10.1186/s13062-022-00325-x,11,"[""ORG-0267"",""ORG-0421"",""ORG-1316"",""ORG-1493"",""ORG-1608"",""ORG-1609"",""ORG-1851"",""ORG-1856"",""ORG-1894"",""ORG-2154"",""ORG-2306""]"
4459,10.1038/s41467-018-02927-4,1,"[""ORG-1876""]"
4461,10.1177/1759091414551957,2,"[""ORG-0943"",""ORG-1232""]"
4470,10.1371/journal.pgen.1004611,12,"[""ORG-0015"",""ORG-1259"",""ORG-1276"",""ORG-1347"",""ORG-1357"",""ORG-1833"",""ORG-1846"",""ORG-1877"",""ORG-1894"",""ORG-2154"",""ORG-2166"",""ORG-2315""]"
4471,10.3389/fendo.2022.799521,9,"[""ORG-0413"",""ORG-0560"",""ORG-1089"",""ORG-1347"",""ORG-1357"",""ORG-1608"",""ORG-1609"",""ORG-1891"",""ORG-2154""]"
4477,10.1186/s12870-014-0217-3,9,"[""ORG-0694"",""ORG-1259"",""ORG-1696"",""ORG-1825"",""ORG-1864"",""ORG-1986"",""ORG-2154"",""ORG-2166"",""ORG-2306""]"
4490,10.1016/j.nbd.2010.01.014,2,"[""ORG-2306"",""ORG-2315""]"
4494,10.3389/fmed.2022.863917,9,"[""ORG-0244"",""ORG-0413"",""ORG-1361"",""ORG-1608"",""ORG-1609"",""ORG-1709"",""ORG-1938"",""ORG-2040"",""ORG-2154""]"
4506,10.1109/IEMBS.2009.5332579,10,"[""ORG-0606"",""ORG-0824"",""ORG-0825"",""ORG-1221"",""ORG-1490"",""ORG-1825"",""ORG-1839"",""ORG-1898"",""ORG-2166"",""ORG-2315""]"
4511,10.3389/fpubh.2014.00077,8,"[""ORG-0171"",""ORG-0694"",""ORG-0970"",""ORG-1248"",""ORG-1259"",""ORG-1910"",""ORG-2154"",""ORG-2260""]"
4512,10.1097/MD.0000000000025123,5,"[""ORG-0497"",""ORG-1174"",""ORG-1581"",""ORG-1898"",""ORG-1937""]"
4513,10.3390/v14040783,9,"[""ORG-0027"",""ORG-0571"",""ORG-0833"",""ORG-1405"",""ORG-1493"",""ORG-1608"",""ORG-1609"",""ORG-1667"",""ORG-1702""]"
4519,10.4142/jvs.2009.10.4.349,5,"[""ORG-0015"",""ORG-0968"",""ORG-1358"",""ORG-2154"",""ORG-2166""]"
4520,10.1371/journal.ppat.1006638,8,"[""ORG-0015"",""ORG-0824"",""ORG-0925"",""ORG-1189"",""ORG-1839"",""ORG-2154"",""ORG-2166"",""ORG-2306""]"
4521,10.1016/j.ajpath.2021.03.004,7,"[""ORG-1608"",""ORG-1609"",""ORG-1667"",""ORG-1839"",""ORG-1894"",""ORG-1956"",""ORG-2154""]"
4524,10.1016/j.physa.2022.127318,8,"[""ORG-0024"",""ORG-0413"",""ORG-0974"",""ORG-1608"",""ORG-1609"",""ORG-1905"",""ORG-1938"",""ORG-2154""]"
4535,10.1007/s12010-022-03885-w,7,"[""ORG-0413"",""ORG-1361"",""ORG-1608"",""ORG-1609"",""ORG-1851"",""ORG-1910"",""ORG-1999""]"
4539,10.1016/j.immuni.2017.07.013,6,"[""ORG-0559"",""ORG-1230"",""ORG-1797"",""ORG-1844"",""ORG-2154"",""ORG-2166""]"
4545,10.1016/j.virol.2014.03.008,10,"[""ORG-0175"",""ORG-0207"",""ORG-0970"",""ORG-0987"",""ORG-1505"",""ORG-1876"",""ORG-2154"",""ORG-2166"",""ORG-2170"",""ORG-2306""]"
4547,10.1128/JVI.00071-21,10,"[""ORG-0302"",""ORG-0736"",""ORG-0824"",""ORG-0825"",""ORG-0861"",""ORG-0925"",""ORG-1259"",""ORG-1766"",""ORG-2154"",""ORG-2306""]"
4551,10.1038/s41598-017-05335-8,7,"[""ORG-0316"",""ORG-0497"",""ORG-1835"",""ORG-1905"",""ORG-2154"",""ORG-2166"",""ORG-2313""]"
4572,10.4103/0973-6247.126682,9,"[""ORG-0773"",""ORG-0824"",""ORG-0861"",""ORG-1890"",""ORG-1910"",""ORG-1911"",""ORG-2154"",""ORG-2166"",""ORG-2167""]"
4573,10.1007/s11481-021-09984-5,4,"[""ORG-0824"",""ORG-0825"",""ORG-1825"",""ORG-2306""]"
4576,10.3390/cells11050855,10,"[""ORG-0413"",""ORG-0516"",""ORG-0833"",""ORG-1611"",""ORG-1702"",""ORG-1825"",""ORG-1891"",""ORG-1911"",""ORG-1938"",""ORG-2154""]"
4583,10.1007/s11103-017-0621-9,2,"[""ORG-1569"",""ORG-1844""]"
4591,10.1128/JVI.00743-17,18,"[""ORG-0188"",""ORG-0549"",""ORG-0619"",""ORG-0895"",""ORG-1238"",""ORG-1581"",""ORG-1839"",""ORG-1890"",""ORG-1934"",""ORG-1937"",""ORG-1938"",""ORG-1952"",""ORG-2154"",""ORG-2163"",""ORG-2166"",""ORG-2167"",""ORG-2170"",""ORG-2315""]"
4594,10.1038/srep05127,8,"[""ORG-0082"",""ORG-1095"",""ORG-1259"",""ORG-1347"",""ORG-1569"",""ORG-1581"",""ORG-1797"",""ORG-1881""]"
4597,10.3389/fmicb.2020.01085,7,"[""ORG-0171"",""ORG-0762"",""ORG-0970"",""ORG-1230"",""ORG-1353"",""ORG-2154"",""ORG-2166""]"
4599,10.3390/vaccines8020330,6,"[""ORG-1581"",""ORG-1797"",""ORG-1856"",""ORG-1891"",""ORG-1934"",""ORG-2166""]"
4613,10.1016/j.jviromet.2017.05.011,16,"[""ORG-0101"",""ORG-0312"",""ORG-0497"",""ORG-0641"",""ORG-0643"",""ORG-0925"",""ORG-1503"",""ORG-1536"",""ORG-1538"",""ORG-1581"",""ORG-1644"",""ORG-1839"",""ORG-1905"",""ORG-1934"",""ORG-1948"",""ORG-2154""]"
4616,10.3791/55213,3,"[""ORG-0429"",""ORG-0925"",""ORG-1979""]"
4618,10.1186/1743-422X-7-261,9,"[""ORG-0497"",""ORG-0545"",""ORG-0925"",""ORG-1259"",""ORG-1647"",""ORG-1867"",""ORG-1979"",""ORG-2154"",""ORG-2306""]"
4619,10.1128/jvi.01964-22,13,"[""ORG-0497"",""ORG-1259"",""ORG-1347"",""ORG-1569"",""ORG-1702"",""ORG-1813"",""ORG-1856"",""ORG-1862"",""ORG-1911"",""ORG-2154"",""ORG-2166"",""ORG-2167"",""ORG-2315""]"
4620,10.1111/nph.16748,6,"[""ORG-1347"",""ORG-1357"",""ORG-1569"",""ORG-1941"",""ORG-1948"",""ORG-2154""]"
4627,10.1002/9780471729259.mc15k02s33,10,"[""ORG-0206"",""ORG-0312"",""ORG-0633"",""ORG-1347"",""ORG-1413"",""ORG-1569"",""ORG-1581"",""ORG-1797"",""ORG-1809"",""ORG-2154""]"
4635,10.1371/journal.pbio.3000723,4,"[""ORG-0925"",""ORG-1259"",""ORG-1798"",""ORG-1911""]"
4637,10.1016/j.xpro.2023.102352,9,"[""ORG-1608"",""ORG-1609"",""ORG-1781"",""ORG-1877"",""ORG-1879"",""ORG-1934"",""ORG-2154"",""ORG-2166"",""ORG-2306""]"
4646,10.7554/eLife.56193,3,"[""ORG-0559"",""ORG-1569"",""ORG-1803""]"
4649,10.1016/j.virusres.2014.03.023,8,"[""ORG-0015"",""ORG-0171"",""ORG-0968"",""ORG-0970"",""ORG-1358"",""ORG-2154"",""ORG-2166"",""ORG-2170""]"
4650,10.3390/v15051147,5,"[""ORG-0925"",""ORG-1948"",""ORG-2147"",""ORG-2154"",""ORG-2306""]"
4653,10.3389/fmicb.2014.00123,6,"[""ORG-0267"",""ORG-1259"",""ORG-1405"",""ORG-1581"",""ORG-1839"",""ORG-2315""]"
4654,10.3390/v15051094,11,"[""ORG-0207"",""ORG-0334"",""ORG-0451"",""ORG-0925"",""ORG-1259"",""ORG-1919"",""ORG-2154"",""ORG-2166"",""ORG-2174"",""ORG-2176"",""ORG-2177""]"
4656,10.1002/ddrr.114,8,"[""ORG-0188"",""ORG-0596"",""ORG-0925"",""ORG-1668"",""ORG-1738"",""ORG-1811"",""ORG-1837"",""ORG-1911""]"
4657,10.3390/v12060598,14,"[""ORG-0808"",""ORG-1174"",""ORG-1259"",""ORG-1347"",""ORG-1357"",""ORG-1581"",""ORG-1586"",""ORG-1608"",""ORG-1609"",""ORG-1672"",""ORG-1851"",""ORG-1934"",""ORG-2154"",""ORG-2166""]"
4662,10.3390/v6041637,11,"[""ORG-0497"",""ORG-1047"",""ORG-1225"",""ORG-1259"",""ORG-1511"",""ORG-1867"",""ORG-1937"",""ORG-2154"",""ORG-2163"",""ORG-2166"",""ORG-2315""]"
4680,10.1186/1743-422X-11-60,7,"[""ORG-0559"",""ORG-0925"",""ORG-1259"",""ORG-1856"",""ORG-1937"",""ORG-2154"",""ORG-2331""]"
4685,10.3390/cells9051126,14,"[""ORG-0522"",""ORG-0525"",""ORG-0723"",""ORG-0728"",""ORG-0930"",""ORG-0987"",""ORG-1245"",""ORG-1347"",""ORG-1825"",""ORG-1866"",""ORG-2139"",""ORG-2147"",""ORG-2154"",""ORG-2166""]"
4689,10.1111/tpj.14795,6,"[""ORG-1421"",""ORG-1479"",""ORG-1569"",""ORG-1846"",""ORG-1851"",""ORG-1931""]"
4697,10.3390/vaccines11040756,7,"[""ORG-0636"",""ORG-0987"",""ORG-1334"",""ORG-1461"",""ORG-1667"",""ORG-1825"",""ORG-1839""]"
4703,10.1111/nph.16625,5,"[""ORG-0497"",""ORG-0925"",""ORG-1569"",""ORG-1581"",""ORG-2315""]"
4708,10.1093/nar/gkx236,2,"[""ORG-0385"",""ORG-1189""]"
4723,10.1371/journal.pone.0011313,7,"[""ORG-1569"",""ORG-1581"",""ORG-1586"",""ORG-1911"",""ORG-2062"",""ORG-2154"",""ORG-2166""]"
4728,10.1186/s13567-023-01165-x,5,"[""ORG-1047"",""ORG-1891"",""ORG-2154"",""ORG-2166"",""ORG-2306""]"
4730,10.3389/fpls.2023.1146922,3,"[""ORG-0736"",""ORG-0938"",""ORG-1581""]"
4739,10.1186/s13059-020-01994-5,4,"[""ORG-1238"",""ORG-1569"",""ORG-1581"",""ORG-1831""]"
4743,10.1371/journal.pone.0087695,5,"[""ORG-0267"",""ORG-0925"",""ORG-1205"",""ORG-1569"",""ORG-1815""]"
4748,10.1371/journal.pone.0087098,4,"[""ORG-0925"",""ORG-1825"",""ORG-1938"",""ORG-2154""]"
4752,10.25259/SNI_36_2023,13,"[""ORG-0413"",""ORG-0461"",""ORG-1259"",""ORG-1608"",""ORG-1609"",""ORG-1825"",""ORG-1839"",""ORG-1870"",""ORG-2154"",""ORG-2157"",""ORG-2158"",""ORG-2166"",""ORG-2170""]"
4761,10.3389/fphar.2020.00246,5,"[""ORG-0506"",""ORG-0507"",""ORG-0974"",""ORG-1243"",""ORG-1894""]"
4768,10.1016/j.micinf.2005.02.003,18,"[""ORG-0421"",""ORG-0503"",""ORG-1023"",""ORG-1046"",""ORG-1226"",""ORG-1569"",""ORG-1570"",""ORG-1581"",""ORG-1583"",""ORG-1586"",""ORG-1738"",""ORG-1822"",""ORG-1937"",""ORG-1986"",""ORG-2154"",""ORG-2160"",""ORG-2166"",""ORG-2171""]"
4773,10.3390/vaccines11030707,4,"[""ORG-1232"",""ORG-1598"",""ORG-1603"",""ORG-2154""]"
4774,10.1016/j.antiviral.2014.01.003,17,"[""ORG-0716"",""ORG-0925"",""ORG-0938"",""ORG-1310"",""ORG-1511"",""ORG-1569"",""ORG-1822"",""ORG-1846"",""ORG-1900"",""ORG-1937"",""ORG-1948"",""ORG-1952"",""ORG-2141"",""ORG-2154"",""ORG-2166"",""ORG-2167"",""ORG-2315""]"
4776,10.3390/microorganisms11030589,15,"[""ORG-0700"",""ORG-0918"",""ORG-1221"",""ORG-1259"",""ORG-1347"",""ORG-1357"",""ORG-1738"",""ORG-1812"",""ORG-1849"",""ORG-1881"",""ORG-1913"",""ORG-1938"",""ORG-2111"",""ORG-2154"",""ORG-2166""]"
4777,10.4137/BBI.S13076,4,"[""ORG-0497"",""ORG-1259"",""ORG-2154"",""ORG-2260""]"
4787,10.1895/wormbook.1.167.1,1,"[""ORG-1216""]"
4793,10.1128/mBio.00186-20,16,"[""ORG-0312"",""ORG-0379"",""ORG-0947"",""ORG-0963"",""ORG-1048"",""ORG-1644"",""ORG-1825"",""ORG-1856"",""ORG-1868"",""ORG-1894"",""ORG-1903"",""ORG-1913"",""ORG-1938"",""ORG-2154"",""ORG-2306"",""ORG-2315""]"
4795,10.1371/journal.pbio.0030093,1,"[""ORG-1569""]"
4798,10.1186/s13059-023-02881-5,11,"[""ORG-0413"",""ORG-0421"",""ORG-1259"",""ORG-1608"",""ORG-1609"",""ORG-1702"",""ORG-1797"",""ORG-1847"",""ORG-1937"",""ORG-2141"",""ORG-2166""]"
4800,10.1590/0074-0276130298,10,"[""ORG-0312"",""ORG-0464"",""ORG-0596"",""ORG-0683"",""ORG-0925"",""ORG-1246"",""ORG-1259"",""ORG-1569"",""ORG-1581"",""ORG-2154""]"
4805,10.3390/ijms21051742,8,"[""ORG-1259"",""ORG-1569"",""ORG-1911"",""ORG-1937"",""ORG-2141"",""ORG-2154"",""ORG-2158"",""ORG-2166""]"
4817,10.3390/pathogens9030157,13,"[""ORG-0312"",""ORG-1084"",""ORG-1246"",""ORG-1402"",""ORG-1545"",""ORG-1563"",""ORG-1569"",""ORG-1581"",""ORG-1675"",""ORG-1867"",""ORG-1922"",""ORG-1938"",""ORG-2154""]"
4820,10.1371/journal.pone.0170260,2,"[""ORG-1404"",""ORG-1569""]"
4822,10.1186/1472-6750-5-6,9,"[""ORG-0503"",""ORG-0808"",""ORG-1047"",""ORG-1259"",""ORG-1569"",""ORG-1581"",""ORG-1583"",""ORG-1917"",""ORG-1986""]"
4828,10.1093/jxb/ert428,6,"[""ORG-0133"",""ORG-0694"",""ORG-1581"",""ORG-1932"",""ORG-1986"",""ORG-2260""]"
4829,10.1073/pnas.2214421120,13,"[""ORG-0925"",""ORG-0963"",""ORG-1179"",""ORG-1230"",""ORG-1347"",""ORG-1357"",""ORG-1536"",""ORG-1538"",""ORG-1597"",""ORG-1868"",""ORG-1891"",""ORG-1921"",""ORG-2166""]"
4839,10.1038/s41598-020-59124-x,6,"[""ORG-0171"",""ORG-0516"",""ORG-0970"",""ORG-1353"",""ORG-1825"",""ORG-2154""]"
4841,10.1007/978-3-642-38919-1_13,5,"[""ORG-1259"",""ORG-1894"",""ORG-1956"",""ORG-1986"",""ORG-2154""]"
4844,10.1093/jxb/erw490,9,"[""ORG-0359"",""ORG-0497"",""ORG-0539"",""ORG-1569"",""ORG-1581"",""ORG-1825"",""ORG-2154"",""ORG-2166"",""ORG-2306""]"
4847,10.3390/vaccines8010065,7,"[""ORG-0015"",""ORG-0880"",""ORG-0968"",""ORG-0970"",""ORG-1938"",""ORG-2154"",""ORG-2166""]"
4850,10.1016/j.jviromet.2013.12.005,16,"[""ORG-0312"",""ORG-0360"",""ORG-0643"",""ORG-0680"",""ORG-0925"",""ORG-1257"",""ORG-1259"",""ORG-1361"",""ORG-1409"",""ORG-1569"",""ORG-1581"",""ORG-1593"",""ORG-1894"",""ORG-1938"",""ORG-2032"",""ORG-2154""]"
4853,10.1371/journal.ppat.1008102,8,"[""ORG-0058"",""ORG-0399"",""ORG-1825"",""ORG-1877"",""ORG-1879"",""ORG-1902"",""ORG-2154"",""ORG-2166""]"
4854,10.1186/s12929-023-00897-4,10,"[""ORG-0015"",""ORG-0334"",""ORG-0968"",""ORG-1905"",""ORG-1937"",""ORG-1938"",""ORG-2154"",""ORG-2163"",""ORG-2166"",""ORG-2306""]"
4859,10.1371/journal.ppat.1006094,2,"[""ORG-1986"",""ORG-2260""]"
4862,10.1038/s41598-020-58442-4,4,"[""ORG-0399"",""ORG-1259"",""ORG-1569"",""ORG-1581""]"
4868,10.1093/pcp/pcw205,6,"[""ORG-0497"",""ORG-0571"",""ORG-1387"",""ORG-1569"",""ORG-1581"",""ORG-2315""]"
4883,10.1371/journal.pgen.1010577,6,"[""ORG-0342"",""ORG-1259"",""ORG-1545"",""ORG-1569"",""ORG-1846"",""ORG-1958""]"
4884,10.1002/cpz1.639,8,"[""ORG-0312"",""ORG-1569"",""ORG-1766"",""ORG-1881"",""ORG-1921"",""ORG-1934"",""ORG-2154"",""ORG-2166""]"
4887,10.3390/v12010061,8,"[""ORG-0625"",""ORG-0637"",""ORG-0680"",""ORG-1709"",""ORG-1938"",""ORG-2154"",""ORG-2166"",""ORG-2340""]"
4891,10.1186/s12284-019-0364-0,7,"[""ORG-1072"",""ORG-1569"",""ORG-1581"",""ORG-1583"",""ORG-1846"",""ORG-1848"",""ORG-2306""]"
4893,10.1080/22221751.2022.2164216,7,"[""ORG-0522"",""ORG-0525"",""ORG-0862"",""ORG-0925"",""ORG-1259"",""ORG-1421"",""ORG-2154""]"
4898,10.3390/v12010041,10,"[""ORG-0334"",""ORG-1259"",""ORG-1330"",""ORG-1511"",""ORG-1534"",""ORG-1702"",""ORG-1847"",""ORG-1911"",""ORG-2154"",""ORG-2166""]"
4907,10.1128/msystems.01045-22,14,"[""ORG-0191"",""ORG-0292"",""ORG-0429"",""ORG-0455"",""ORG-0694"",""ORG-0808"",""ORG-1047"",""ORG-1253"",""ORG-1347"",""ORG-1569"",""ORG-1581"",""ORG-1844"",""ORG-1891"",""ORG-1979""]"
4931,10.1016/j.sleep.2016.08.002,6,"[""ORG-0728"",""ORG-0756"",""ORG-1259"",""ORG-1569"",""ORG-1844"",""ORG-1911""]"
4932,10.1016/j.virol.2009.11.037,11,"[""ORG-0497"",""ORG-1511"",""ORG-1569"",""ORG-1581"",""ORG-1618"",""ORG-1672"",""ORG-1812"",""ORG-1825"",""ORG-2154"",""ORG-2163"",""ORG-2166""]"
4935,10.1038/srep36890,12,"[""ORG-0086"",""ORG-0784"",""ORG-0925"",""ORG-1205"",""ORG-1218"",""ORG-1231"",""ORG-1259"",""ORG-1569"",""ORG-1905"",""ORG-1952"",""ORG-2154"",""ORG-2166""]"
4936,10.1093/hr/uhac198,3,"[""ORG-0974"",""ORG-1569"",""ORG-1911""]"
4938,10.1371/journal.pone.0164639,7,"[""ORG-0497"",""ORG-0925"",""ORG-0951"",""ORG-1825"",""ORG-1881"",""ORG-1900"",""ORG-2154""]"
4939,10.1186/1756-0500-2-258,11,"[""ORG-0723"",""ORG-0808"",""ORG-1046"",""ORG-1259"",""ORG-1368"",""ORG-1614"",""ORG-1844"",""ORG-1846"",""ORG-1894"",""ORG-2306"",""ORG-2315""]"
4948,10.3390/genes10121003,5,"[""ORG-1259"",""ORG-1569"",""ORG-1826"",""ORG-2260"",""ORG-2315""]"
4951,10.1016/j.jviromet.2013.10.023,10,"[""ORG-0367"",""ORG-0938"",""ORG-1084"",""ORG-1402"",""ORG-1569"",""ORG-1581"",""ORG-1825"",""ORG-1890"",""ORG-2154"",""ORG-2163""]"
4955,10.1016/j.fgb.2009.11.007,4,"[""ORG-0623"",""ORG-0887"",""ORG-1347"",""ORG-1569""]"
4960,10.3390/vaccines10111860,5,"[""ORG-0171"",""ORG-2154"",""ORG-2163"",""ORG-2166"",""ORG-2171""]"
4961,10.1186/s12985-019-1261-2,15,"[""ORG-0250"",""ORG-0497"",""ORG-0893"",""ORG-1221"",""ORG-1347"",""ORG-1361"",""ORG-1569"",""ORG-1581"",""ORG-1672"",""ORG-1952"",""ORG-2032"",""ORG-2141"",""ORG-2154"",""ORG-2166"",""ORG-2306""]"
4966,10.1128/jvi.01290-22,12,"[""ORG-0171"",""ORG-0897"",""ORG-0925"",""ORG-0970"",""ORG-1899"",""ORG-1905"",""ORG-1908"",""ORG-1921"",""ORG-1952"",""ORG-2154"",""ORG-2166"",""ORG-2167""]"
4970,10.1186/s12870-016-0916-z,5,"[""ORG-0623"",""ORG-1020"",""ORG-1569"",""ORG-1846"",""ORG-1856""]"
4977,10.1128/spectrum.02021-22,6,"[""ORG-0683"",""ORG-1569"",""ORG-1839"",""ORG-1866"",""ORG-1894"",""ORG-1896""]"
4978,10.1111/j.1750-2659.2009.00104.x,9,"[""ORG-0171"",""ORG-0925"",""ORG-0970"",""ORG-1221"",""ORG-1806"",""ORG-1881"",""ORG-1898"",""ORG-2154"",""ORG-2166""]"
4980,10.1084/jem.20091703,3,"[""ORG-0899"",""ORG-1259"",""ORG-1919""]"
4983,10.1038/srep35401,6,"[""ORG-0967"",""ORG-1359"",""ORG-1511"",""ORG-1911"",""ORG-2154"",""ORG-2166""]"
5003,10.3390/vetsci9100555,9,"[""ORG-0171"",""ORG-0619"",""ORG-1246"",""ORG-1511"",""ORG-1900"",""ORG-1901"",""ORG-1934"",""ORG-2154"",""ORG-2166""]"
5009,10.1094/MPMI-07-13-0200-R,8,"[""ORG-0015"",""ORG-0925"",""ORG-1259"",""ORG-1454"",""ORG-1569"",""ORG-1797"",""ORG-2154"",""ORG-2306""]"
5014,10.1371/journal.pone.0164245,6,"[""ORG-0970"",""ORG-1891"",""ORG-1894"",""ORG-1937"",""ORG-1956"",""ORG-2154""]"
5015,10.1093/nar/gkac904,8,"[""ORG-0497"",""ORG-0930"",""ORG-1253"",""ORG-1581"",""ORG-1675"",""ORG-1931"",""ORG-2154"",""ORG-2161""]"
5020,10.14440/jbm.2016.142,8,"[""ORG-0497"",""ORG-1361"",""ORG-1503"",""ORG-1569"",""ORG-1581"",""ORG-1583"",""ORG-1867"",""ORG-1911""]"
5021,10.3390/ijms20215478,2,"[""ORG-0399"",""ORG-2154""]"
5022,10.1155/2009/262463,4,"[""ORG-0887"",""ORG-1023"",""ORG-1569"",""ORG-1581""]"
5040,10.1371/journal.pone.0072530,12,"[""ORG-0171"",""ORG-0925"",""ORG-0970"",""ORG-1218"",""ORG-1231"",""ORG-1353"",""ORG-1432"",""ORG-1841"",""ORG-1894"",""ORG-2154"",""ORG-2163"",""ORG-2166""]"
5045,10.1128/mBio.00650-13,19,"[""ORG-0312"",""ORG-0680"",""ORG-1031"",""ORG-1146"",""ORG-1147"",""ORG-1246"",""ORG-1259"",""ORG-1536"",""ORG-1538"",""ORG-1667"",""ORG-1825"",""ORG-1839"",""ORG-1876"",""ORG-1921"",""ORG-1938"",""ORG-2032"",""ORG-2154"",""ORG-2166"",""ORG-2306""]"
5047,10.1292/jvms.22-0254,5,"[""ORG-1246"",""ORG-1569"",""ORG-1581"",""ORG-1900"",""ORG-2154""]"
5053,10.1016/j.fgb.2013.08.013,5,"[""ORG-0497"",""ORG-0683"",""ORG-1569"",""ORG-1979"",""ORG-2306""]"
5056,10.1111/j.1365-2583.2009.00905.x,10,"[""ORG-0057"",""ORG-0497"",""ORG-0503"",""ORG-1569"",""ORG-1581"",""ORG-1672"",""ORG-1797"",""ORG-2154"",""ORG-2166"",""ORG-2331""]"
5062,10.1038/s41564-019-0592-5,6,"[""ORG-0824"",""ORG-0825"",""ORG-1245"",""ORG-1259"",""ORG-1581"",""ORG-1911""]"
5063,10.3390/v14091886,12,"[""ORG-0267"",""ORG-0416"",""ORG-0895"",""ORG-1259"",""ORG-1368"",""ORG-1894"",""ORG-1905"",""ORG-1921"",""ORG-1937"",""ORG-2141"",""ORG-2154"",""ORG-2306""]"
5076,10.3390/v11100933,9,"[""ORG-0399"",""ORG-0970"",""ORG-1603"",""ORG-1839"",""ORG-1846"",""ORG-1858"",""ORG-1934"",""ORG-2154"",""ORG-2306""]"
5087,10.1371/journal.pbio.3000502,9,"[""ORG-0569"",""ORG-1095"",""ORG-1347"",""ORG-1569"",""ORG-1581"",""ORG-1797"",""ORG-1856"",""ORG-1902"",""ORG-2154""]"
5090,10.1016/j.bjm.2016.07.022,13,"[""ORG-0312"",""ORG-0334"",""ORG-0421"",""ORG-0678"",""ORG-0829"",""ORG-1511"",""ORG-1581"",""ORG-1797"",""ORG-1815"",""ORG-1900"",""ORG-1901"",""ORG-2154"",""ORG-2166""]"
5094,10.1038/s41598-022-19231-3,4,"[""ORG-1243"",""ORG-1527"",""ORG-1569"",""ORG-1797""]"
5101,10.4142/jvs.2017.18.S1.351,7,"[""ORG-0316"",""ORG-1135"",""ORG-1231"",""ORG-1259"",""ORG-1310"",""ORG-1900"",""ORG-2154""]"
5106,10.3390/v14081737,6,"[""ORG-1921"",""ORG-1937"",""ORG-2147"",""ORG-2154"",""ORG-2166"",""ORG-2306""]"
5110,10.1128/mBio.01794-19,22,"[""ORG-0497"",""ORG-0571"",""ORG-0895"",""ORG-0970"",""ORG-1359"",""ORG-1361"",""ORG-1503"",""ORG-1511"",""ORG-1644"",""ORG-1844"",""ORG-1864"",""ORG-1865"",""ORG-1877"",""ORG-1921"",""ORG-1937"",""ORG-1938"",""ORG-2017"",""ORG-2147"",""ORG-2154"",""ORG-2163"",""ORG-2166"",""ORG-2167""]"
5114,10.1038/s41587-019-0260-6,6,"[""ORG-0188"",""ORG-0938"",""ORG-1084"",""ORG-1668"",""ORG-1891"",""ORG-2260""]"
5116,10.15252/msb.20166890,3,"[""ORG-0497"",""ORG-1047"",""ORG-1569""]"
5122,10.3389/fimmu.2022.911024,4,"[""ORG-0312"",""ORG-1839"",""ORG-1925"",""ORG-2154""]"
5125,10.1016/j.jbc.2022.102360,8,"[""ORG-0987"",""ORG-1221"",""ORG-1404"",""ORG-1464"",""ORG-1825"",""ORG-1847"",""ORG-1867"",""ORG-1881""]"
5132,10.1021/acsinfecdis.9b00284,4,"[""ORG-1347"",""ORG-2139"",""ORG-2154"",""ORG-2306""]"
5133,10.1093/nar/gkt638,3,"[""ORG-0497"",""ORG-1569"",""ORG-1581""]"
5139,10.1186/1471-2229-9-92,5,"[""ORG-0678"",""ORG-1361"",""ORG-1569"",""ORG-1593"",""ORG-1825""]"
5146,10.3389/fmicb.2022.897560,7,"[""ORG-0312"",""ORG-1259"",""ORG-1310"",""ORG-1405"",""ORG-1534"",""ORG-1900"",""ORG-2154""]"
5147,10.3390/pathogens8030145,6,"[""ORG-0925"",""ORG-1218"",""ORG-1231"",""ORG-1900"",""ORG-2154"",""ORG-2164""]"
5148,10.1371/journal.pone.0159360,11,"[""ORG-0015"",""ORG-0101"",""ORG-0605"",""ORG-0643"",""ORG-1276"",""ORG-1806"",""ORG-1846"",""ORG-1856"",""ORG-1938"",""ORG-2154"",""ORG-2166""]"
5151,10.3390/v8070197,8,"[""ORG-0606"",""ORG-1347"",""ORG-1357"",""ORG-1825"",""ORG-1934"",""ORG-1937"",""ORG-2154"",""ORG-2160""]"
5155,10.1186/s12915-022-01365-5,4,"[""ORG-0497"",""ORG-1454"",""ORG-1569"",""ORG-2260""]"
5157,10.1016/j.crmicr.2022.100155,12,"[""ORG-0182"",""ORG-0623"",""ORG-0680"",""ORG-1246"",""ORG-1259"",""ORG-1569"",""ORG-1647"",""ORG-1825"",""ORG-1937"",""ORG-2154"",""ORG-2166"",""ORG-2171""]"
5159,10.1016/j.virol.2019.08.014,7,"[""ORG-0315"",""ORG-0316"",""ORG-0790"",""ORG-0987"",""ORG-2129"",""ORG-2154"",""ORG-2165""]"
5164,10.3390/v14071396,9,"[""ORG-0497"",""ORG-0623"",""ORG-0897"",""ORG-1569"",""ORG-1581"",""ORG-1937"",""ORG-2060"",""ORG-2147"",""ORG-2154""]"
5166,10.1371/journal.pone.0158814,7,"[""ORG-0334"",""ORG-0925"",""ORG-1205"",""ORG-1825"",""ORG-2154"",""ORG-2166"",""ORG-2306""]"
5170,10.3390/cells11142168,1,"[""ORG-0497""]"
5172,10.3390/plants8090310,5,"[""ORG-0497"",""ORG-0630"",""ORG-0978"",""ORG-1232"",""ORG-1844""]"
5173,10.3390/cells11142127,6,"[""ORG-1259"",""ORG-1569"",""ORG-1581"",""ORG-1583"",""ORG-1986"",""ORG-2315""]"
5175,10.3390/md20070440,5,"[""ORG-0805"",""ORG-1259"",""ORG-1454"",""ORG-1581"",""ORG-1675""]"
5177,10.4137/EBO.S11412,8,"[""ORG-0824"",""ORG-0825"",""ORG-0861"",""ORG-1569"",""ORG-1581"",""ORG-1583"",""ORG-2154"",""ORG-2166""]"
5180,10.1016/j.antiviral.2013.05.017,11,"[""ORG-0082"",""ORG-0522"",""ORG-0525"",""ORG-0963"",""ORG-1490"",""ORG-1511"",""ORG-1809"",""ORG-2147"",""ORG-2154"",""ORG-2166"",""ORG-2306""]"
5188,10.1093/nar/gkp448,7,"[""ORG-0188"",""ORG-1581"",""ORG-1839"",""ORG-1867"",""ORG-1890"",""ORG-1961"",""ORG-2304""]"
5189,10.3389/fmicb.2013.00099,11,"[""ORG-0014"",""ORG-0497"",""ORG-0503"",""ORG-1225"",""ORG-1325"",""ORG-1581"",""ORG-1839"",""ORG-2154"",""ORG-2166"",""ORG-2260"",""ORG-2315""]"
5194,10.1186/s13227-022-00201-9,5,"[""ORG-0317"",""ORG-1047"",""ORG-1259"",""ORG-1569"",""ORG-2260""]"
5211,10.2174/138920208784533656,8,"[""ORG-0421"",""ORG-0497"",""ORG-1259"",""ORG-1347"",""ORG-1569"",""ORG-1675"",""ORG-1822"",""ORG-1825""]"
5217,10.1371/journal.ppat.1000424,14,"[""ORG-0171"",""ORG-0173"",""ORG-0866"",""ORG-0925"",""ORG-0970"",""ORG-1079"",""ORG-1119"",""ORG-1259"",""ORG-1870"",""ORG-1924"",""ORG-1952"",""ORG-2154"",""ORG-2163"",""ORG-2166""]"
5219,10.1038/s41598-022-15972-3,5,"[""ORG-0549"",""ORG-0938"",""ORG-1259"",""ORG-1569"",""ORG-1581""]"
5220,10.1038/s41598-019-47612-8,5,"[""ORG-0766"",""ORG-1771"",""ORG-1891"",""ORG-1931"",""ORG-1932""]"
5226,10.1371/journal.pone.0158105,9,"[""ORG-0312"",""ORG-1119"",""ORG-1254"",""ORG-1779"",""ORG-1897"",""ORG-1990"",""ORG-2154"",""ORG-2166"",""ORG-2306""]"
5260,10.3390/v11070666,20,"[""ORG-0726"",""ORG-0925"",""ORG-1007"",""ORG-1259"",""ORG-1361"",""ORG-1569"",""ORG-1581"",""ORG-1582"",""ORG-1586"",""ORG-1738"",""ORG-1825"",""ORG-1846"",""ORG-1856"",""ORG-1862"",""ORG-1890"",""ORG-1934"",""ORG-1937"",""ORG-2141"",""ORG-2154"",""ORG-2166""]"
5264,10.1128/mbio.00864-22,4,"[""ORG-0191"",""ORG-0497"",""ORG-0596"",""ORG-0942""]"
5267,10.1371/journal.pone.0061092,9,"[""ORG-0015"",""ORG-0880"",""ORG-0968"",""ORG-1084"",""ORG-1288"",""ORG-1358"",""ORG-1522"",""ORG-2154"",""ORG-2163""]"
5268,10.1186/1471-2164-10-129,7,"[""ORG-0206"",""ORG-0497"",""ORG-1259"",""ORG-1479"",""ORG-1569"",""ORG-1909"",""ORG-1979""]"
5275,10.1128/mbio.01308-22,8,"[""ORG-0836"",""ORG-1347"",""ORG-1357"",""ORG-1569"",""ORG-1738"",""ORG-1833"",""ORG-1911"",""ORG-1913""]"
5277,10.1016/j.vaccine.2013.03.055,13,"[""ORG-0312"",""ORG-0497"",""ORG-0619"",""ORG-0680"",""ORG-0925"",""ORG-1511"",""ORG-1569"",""ORG-1797"",""ORG-1825"",""ORG-1900"",""ORG-2140"",""ORG-2154"",""ORG-2166""]"
5278,10.1007/s11357-022-00604-5,3,"[""ORG-0457"",""ORG-1569"",""ORG-1921""]"
5282,10.3390/plants11111461,4,"[""ORG-1259"",""ORG-1361"",""ORG-1581"",""ORG-1593""]"
5284,10.1038/s41467-022-30661-5,1,"[""ORG-0188""]"
5285,10.1099/vir.0.052308-0,9,"[""ORG-0101"",""ORG-0641"",""ORG-0643"",""ORG-0925"",""ORG-1347"",""ORG-1357"",""ORG-1503"",""ORG-1938"",""ORG-2154""]"
5286,10.1371/journal.pone.0156579,6,"[""ORG-1238"",""ORG-1361"",""ORG-1569"",""ORG-1867"",""ORG-2154"",""ORG-2306""]"
5294,10.1128/aem.00333-22,12,"[""ORG-0072"",""ORG-0188"",""ORG-0191"",""ORG-0497"",""ORG-0938"",""ORG-1569"",""ORG-1825"",""ORG-1829"",""ORG-1833"",""ORG-1844"",""ORG-1891"",""ORG-2306""]"
5297,10.1371/journal.ppat.1000302,8,"[""ORG-0571"",""ORG-1149"",""ORG-1243"",""ORG-1259"",""ORG-1569"",""ORG-1825"",""ORG-1877"",""ORG-2306""]"
5299,10.1074/jbc.M116.714766,9,"[""ORG-0497"",""ORG-0925"",""ORG-0930"",""ORG-1254"",""ORG-1937"",""ORG-2141"",""ORG-2147"",""ORG-2154"",""ORG-2166""]"
5300,10.3389/fmicb.2022.907281,11,"[""ORG-0497"",""ORG-0963"",""ORG-1569"",""ORG-1581"",""ORG-1586"",""ORG-1809"",""ORG-1938"",""ORG-2154"",""ORG-2166"",""ORG-2171"",""ORG-2306""]"
5306,10.1016/j.virusres.2016.05.003,9,"[""ORG-0312"",""ORG-0497"",""ORG-1221"",""ORG-1569"",""ORG-1811"",""ORG-1847"",""ORG-1867"",""ORG-1937"",""ORG-2154""]"
5308,10.1186/1743-422X-10-69,8,"[""ORG-0925"",""ORG-1259"",""ORG-1325"",""ORG-1825"",""ORG-1932"",""ORG-1938"",""ORG-1990"",""ORG-2154""]"
5310,10.1016/j.xplc.2022.100317,11,"[""ORG-0421"",""ORG-0497"",""ORG-0547"",""ORG-0808"",""ORG-1221"",""ORG-1368"",""ORG-1569"",""ORG-1581"",""ORG-1683"",""ORG-1877"",""ORG-2315""]"
5318,10.1016/j.virol.2013.01.022,3,"[""ORG-1569"",""ORG-1935"",""ORG-2166""]"
5319,10.1371/journal.pntd.0006983,11,"[""ORG-0015"",""ORG-0522"",""ORG-0525"",""ORG-0680"",""ORG-0939"",""ORG-1766"",""ORG-1911"",""ORG-1937"",""ORG-1952"",""ORG-2154"",""ORG-2166""]"
5320,10.1039/d2np00019a,1,"[""ORG-0623""]"
5327,10.1080/08820139.2019.1631341,4,"[""ORG-1089"",""ORG-1766"",""ORG-1911"",""ORG-1934""]"
5330,10.1093/bioinformatics/btw216,3,"[""ORG-1047"",""ORG-1228"",""ORG-1862""]"
5335,10.21769/BioProtoc.3233,10,"[""ORG-0312"",""ORG-0497"",""ORG-0925"",""ORG-1581"",""ORG-1667"",""ORG-2147"",""ORG-2154"",""ORG-2166"",""ORG-2167"",""ORG-2171""]"
5341,10.1186/s12915-016-0256-3,6,"[""ORG-0723"",""ORG-0728"",""ORG-0963"",""ORG-1866"",""ORG-1898"",""ORG-2304""]"
5342,10.1371/journal.pbio.3000281,11,"[""ORG-0244"",""ORG-0571"",""ORG-1347"",""ORG-1357"",""ORG-1581"",""ORG-1811"",""ORG-1813"",""ORG-1937"",""ORG-2139"",""ORG-2147"",""ORG-2183""]"
5344,10.3390/ijms20112775,2,"[""ORG-1259"",""ORG-1569""]"
5357,10.1371/journal.pone.0054263,6,"[""ORG-1259"",""ORG-1810"",""ORG-2062"",""ORG-2154"",""ORG-2176"",""ORG-2179""]"
5361,10.1016/j.vaccine.2016.04.022,10,"[""ORG-0171"",""ORG-1218"",""ORG-1231"",""ORG-1511"",""ORG-1639"",""ORG-1900"",""ORG-1986"",""ORG-2154"",""ORG-2164"",""ORG-2166""]"
5362,10.3390/v11060497,9,"[""ORG-0082"",""ORG-0559"",""ORG-1797"",""ORG-1843"",""ORG-1862"",""ORG-1866"",""ORG-1937"",""ORG-1938"",""ORG-2154""]"
5363,10.3389/fvets.2022.845845,10,"[""ORG-0925"",""ORG-1405"",""ORG-1536"",""ORG-1644"",""ORG-1900"",""ORG-1990"",""ORG-2154"",""ORG-2166"",""ORG-2170"",""ORG-2306""]"
5371,10.3389/fgene.2022.832542,2,"[""ORG-1259"",""ORG-1839""]"
5375,10.1038/s41598-019-44255-7,4,"[""ORG-0429"",""ORG-1361"",""ORG-1569"",""ORG-1747""]"
5379,10.1371/journal.pone.0052179,8,"[""ORG-0951"",""ORG-1259"",""ORG-1569"",""ORG-1798"",""ORG-1861"",""ORG-1894"",""ORG-1956"",""ORG-2304""]"
5383,10.1016/j.molbiopara.2016.04.001,2,"[""ORG-1569"",""ORG-1825""]"
5384,10.1186/1756-0500-1-129,3,"[""ORG-1439"",""ORG-1846"",""ORG-2260""]"
5388,10.1371/journal.pone.0052588,6,"[""ORG-1023"",""ORG-1238"",""ORG-1569"",""ORG-1581"",""ORG-1825"",""ORG-1891""]"
5389,10.1080/14760584.2016.1175943,8,"[""ORG-0497"",""ORG-0500"",""ORG-1226"",""ORG-1581"",""ORG-1900"",""ORG-2154"",""ORG-2166"",""ORG-2171""]"
5393,10.4142/jvs.2016.17.1.71,4,"[""ORG-1392"",""ORG-2114"",""ORG-2154"",""ORG-2166""]"
5397,10.3390/v8040088,7,"[""ORG-0316"",""ORG-1569"",""ORG-1798"",""ORG-1937"",""ORG-2139"",""ORG-2154"",""ORG-2306""]"
5400,10.1016/S2049-0801(13)70037-2,1,"[""ORG-0421""]"
5413,10.1186/s13020-022-00584-w,5,"[""ORG-0429"",""ORG-0700"",""ORG-1675"",""ORG-1825"",""ORG-1839""]"
5414,10.1099/vir.0.049981-0,13,"[""ORG-0312"",""ORG-0497"",""ORG-0836"",""ORG-0895"",""ORG-0925"",""ORG-1254"",""ORG-1325"",""ORG-1413"",""ORG-1569"",""ORG-1822"",""ORG-1825"",""ORG-2154"",""ORG-2306""]"
5424,10.1146/annurev-virology-100114-055204,9,"[""ORG-0497"",""ORG-1225"",""ORG-1347"",""ORG-1357"",""ORG-1891"",""ORG-1969"",""ORG-2154"",""ORG-2166"",""ORG-2170""]"
5427,10.3390/v11040313,11,"[""ORG-0267"",""ORG-1205"",""ORG-1246"",""ORG-1259"",""ORG-1511"",""ORG-1581"",""ORG-1702"",""ORG-1825"",""ORG-2154"",""ORG-2166"",""ORG-2171""]"
5440,10.1186/s12867-019-0127-x,14,"[""ORG-0188"",""ORG-0411"",""ORG-0421"",""ORG-0559"",""ORG-0925"",""ORG-1259"",""ORG-1490"",""ORG-1569"",""ORG-1581"",""ORG-1714"",""ORG-1911"",""ORG-1922"",""ORG-1931"",""ORG-1932""]"
5442,10.3390/v11030286,12,"[""ORG-0312"",""ORG-0754"",""ORG-0755"",""ORG-1259"",""ORG-1330"",""ORG-1347"",""ORG-1581"",""ORG-1905"",""ORG-1948"",""ORG-1969"",""ORG-2154"",""ORG-2166""]"
5443,10.1371/journal.pone.0049968,11,"[""ORG-0571"",""ORG-1259"",""ORG-1511"",""ORG-1569"",""ORG-1644"",""ORG-1900"",""ORG-1937"",""ORG-2141"",""ORG-2147"",""ORG-2154"",""ORG-2166""]"
5470,10.3390/ijms20040888,6,"[""ORG-0429"",""ORG-0431"",""ORG-1121"",""ORG-1809"",""ORG-1846"",""ORG-1986""]"
5484,10.1128/mbio.03478-21,10,"[""ORG-0085"",""ORG-0542"",""ORG-0833"",""ORG-0925"",""ORG-0946"",""ORG-0963"",""ORG-1569"",""ORG-1911"",""ORG-1934"",""ORG-2315""]"
5489,10.1016/j.virol.2008.05.033,6,"[""ORG-1368"",""ORG-1569"",""ORG-1581"",""ORG-1934"",""ORG-2154"",""ORG-2166""]"
5491,10.1128/mbio.03618-21,6,"[""ORG-0188"",""ORG-1347"",""ORG-1357"",""ORG-1730"",""ORG-1809"",""ORG-1839""]"
5492,10.1186/1471-2229-12-193,4,"[""ORG-0497"",""ORG-0547"",""ORG-1833"",""ORG-1891""]"
5493,10.1128/mBio.01817-15,9,"[""ORG-0188"",""ORG-0191"",""ORG-0721"",""ORG-1361"",""ORG-1405"",""ORG-1503"",""ORG-1569"",""ORG-1825"",""ORG-1839""]"
5497,10.1016/j.virol.2012.09.022,7,"[""ORG-0182"",""ORG-1414"",""ORG-1569"",""ORG-1581"",""ORG-1839"",""ORG-2154"",""ORG-2166""]"
5498,10.3791/53164,14,"[""ORG-0497"",""ORG-0678"",""ORG-1226"",""ORG-1246"",""ORG-1414"",""ORG-1511"",""ORG-1569"",""ORG-1581"",""ORG-1586"",""ORG-1825"",""ORG-1937"",""ORG-2147"",""ORG-2154"",""ORG-2166""]"
5501,10.3390/ijms23010400,3,"[""ORG-0683"",""ORG-0978"",""ORG-1911""]"
5502,10.3389/fpls.2018.01822,2,"[""ORG-1569"",""ORG-1934""]"
5503,10.1016/j.coi.2015.12.002,4,"[""ORG-0636"",""ORG-1569"",""ORG-2140"",""ORG-2166""]"
5505,10.1016/S0065-3527(08)00005-5,6,"[""ORG-1856"",""ORG-1859"",""ORG-1981"",""ORG-2154"",""ORG-2160"",""ORG-2166""]"
5508,10.1242/dmm.033803,4,"[""ORG-0310"",""ORG-0457"",""ORG-0497"",""ORG-1137""]"
5509,10.1186/s12917-018-1756-x,5,"[""ORG-0312"",""ORG-0497"",""ORG-1259"",""ORG-1569"",""ORG-2154""]"
5510,10.1016/j.coi.2012.09.005,5,"[""ORG-0728"",""ORG-0756"",""ORG-1696"",""ORG-1846"",""ORG-2247""]"
5511,10.3389/fmicb.2021.771934,17,"[""ORG-0009"",""ORG-0188"",""ORG-0497"",""ORG-0683"",""ORG-1241"",""ORG-1246"",""ORG-1414"",""ORG-1569"",""ORG-1581"",""ORG-1586"",""ORG-1937"",""ORG-1952"",""ORG-2141"",""ORG-2154"",""ORG-2166"",""ORG-2167"",""ORG-2171""]"
5512,10.1128/mBio.01451-15,14,"[""ORG-0312"",""ORG-0602"",""ORG-0680"",""ORG-0925"",""ORG-1246"",""ORG-1581"",""ORG-1746"",""ORG-1822"",""ORG-1825"",""ORG-1846"",""ORG-1867"",""ORG-1938"",""ORG-2154"",""ORG-2306""]"
5519,10.1080/22221751.2021.2021808,10,"[""ORG-0167"",""ORG-0244"",""ORG-0417"",""ORG-0464"",""ORG-0497"",""ORG-0925"",""ORG-1943"",""ORG-2141"",""ORG-2154"",""ORG-2166""]"
5520,10.1186/s12864-015-2330-6,6,"[""ORG-0362"",""ORG-1020"",""ORG-1361"",""ORG-1503"",""ORG-1527"",""ORG-1569""]"
5529,10.1002/hep4.1288,9,"[""ORG-0312"",""ORG-0497"",""ORG-1259"",""ORG-1421"",""ORG-1569"",""ORG-1890"",""ORG-1891"",""ORG-1938"",""ORG-2154""]"
5530,10.18699/VJ21.013,7,"[""ORG-0497"",""ORG-1259"",""ORG-1569"",""ORG-1809"",""ORG-1825"",""ORG-1846"",""ORG-1934""]"
5540,10.1186/s13046-015-0271-1,6,"[""ORG-0974"",""ORG-1218"",""ORG-1231"",""ORG-1259"",""ORG-1921"",""ORG-2154""]"
5555,10.3390/v11010006,11,"[""ORG-0571"",""ORG-0925"",""ORG-1221"",""ORG-1511"",""ORG-1569"",""ORG-1856"",""ORG-1881"",""ORG-1900"",""ORG-1937"",""ORG-2166"",""ORG-2306""]"
5561,10.1111/j.1467-7652.2012.00733.x,2,"[""ORG-1569"",""ORG-1825""]"
5569,10.3390/v13112166,9,"[""ORG-0015"",""ORG-0267"",""ORG-1259"",""ORG-1581"",""ORG-1622"",""ORG-1906"",""ORG-2060"",""ORG-2147"",""ORG-2154""]"
5572,10.1371/journal.pgen.1002912,11,"[""ORG-0808"",""ORG-0987"",""ORG-1137"",""ORG-1259"",""ORG-1347"",""ORG-1357"",""ORG-1569"",""ORG-1839"",""ORG-1846"",""ORG-1851"",""ORG-1932""]"
5577,10.3390/ijms222212439,3,"[""ORG-0720"",""ORG-1246"",""ORG-2154""]"
5578,10.1371/journal.pone.0042924,2,"[""ORG-0497"",""ORG-1569""]"
5580,10.1016/j.jviromet.2008.01.011,12,"[""ORG-0182"",""ORG-0188"",""ORG-0680"",""ORG-0925"",""ORG-1092"",""ORG-1259"",""ORG-1405"",""ORG-1569"",""ORG-1581"",""ORG-1714"",""ORG-2154"",""ORG-2306""]"
5584,10.3389/fpls.2018.01676,6,"[""ORG-0497"",""ORG-0941"",""ORG-1368"",""ORG-1569"",""ORG-1581"",""ORG-2306""]"
5587,10.1128/JVI.02023-18,22,"[""ORG-0497"",""ORG-0503"",""ORG-0925"",""ORG-1259"",""ORG-1347"",""ORG-1413"",""ORG-1581"",""ORG-1622"",""ORG-1672"",""ORG-1803"",""ORG-1813"",""ORG-1839"",""ORG-1866"",""ORG-1874"",""ORG-1937"",""ORG-2147"",""ORG-2154"",""ORG-2163"",""ORG-2166"",""ORG-2171"",""ORG-2182"",""ORG-2315""]"
5592,10.1371/journal.ppat.1002847,16,"[""ORG-0312"",""ORG-0334"",""ORG-0522"",""ORG-0525"",""ORG-0925"",""ORG-0947"",""ORG-0963"",""ORG-1259"",""ORG-1800"",""ORG-1897"",""ORG-1911"",""ORG-1937"",""ORG-1952"",""ORG-2154"",""ORG-2166"",""ORG-2306""]"
5596,10.1016/j.dci.2018.12.002,9,"[""ORG-0506"",""ORG-0897"",""ORG-0963"",""ORG-1178"",""ORG-1182"",""ORG-1200"",""ORG-1766"",""ORG-1851"",""ORG-1911""]"
5607,10.1126/science.abl6184,15,"[""ORG-1461"",""ORG-1490"",""ORG-1581"",""ORG-1600"",""ORG-1608"",""ORG-1609"",""ORG-1610"",""ORG-1738"",""ORG-1802"",""ORG-1934"",""ORG-1937"",""ORG-2154"",""ORG-2158"",""ORG-2162"",""ORG-2172""]"
5611,10.1099/vir.0.043521-0,9,"[""ORG-0101"",""ORG-0640"",""ORG-0641"",""ORG-0643"",""ORG-1047"",""ORG-1246"",""ORG-1644"",""ORG-2154"",""ORG-2166""]"
5620,10.3390/v13102010,5,"[""ORG-0522"",""ORG-0525"",""ORG-1783"",""ORG-2154"",""ORG-2166""]"
5627,10.1038/s41467-018-07226-6,1,"[""ORG-1986""]"
5631,10.3201/eid1310.061262,6,"[""ORG-0571"",""ORG-0866"",""ORG-1797"",""ORG-1952"",""ORG-2154"",""ORG-2166""]"
5635,10.1080/22221751.2021.1997340,10,"[""ORG-0171"",""ORG-0571"",""ORG-0970"",""ORG-1825"",""ORG-1877"",""ORG-1952"",""ORG-2141"",""ORG-2154"",""ORG-2166"",""ORG-2306""]"
5636,10.1534/genetics.118.301674,2,"[""ORG-0497"",""ORG-1259""]"
5637,10.3390/cells10102786,9,"[""ORG-0313"",""ORG-0497"",""ORG-0925"",""ORG-0963"",""ORG-1347"",""ORG-1581"",""ORG-1839"",""ORG-1894"",""ORG-2154""]"
5644,10.1186/1746-4811-4-5,6,"[""ORG-1259"",""ORG-1409"",""ORG-1569"",""ORG-1858"",""ORG-1903"",""ORG-2154""]"
5645,10.1186/1471-2180-12-131,8,"[""ORG-0691"",""ORG-0887"",""ORG-0925"",""ORG-1347"",""ORG-1545"",""ORG-1877"",""ORG-1911"",""ORG-1941""]"
5649,10.3389/fpls.2021.732608,9,"[""ORG-0267"",""ORG-0497"",""ORG-1259"",""ORG-1675"",""ORG-1844"",""ORG-1897"",""ORG-1961"",""ORG-2304"",""ORG-2306""]"
5655,10.1007/s00253-015-7042-y,12,"[""ORG-0312"",""ORG-0497"",""ORG-1119"",""ORG-1347"",""ORG-1357"",""ORG-1361"",""ORG-1503"",""ORG-1581"",""ORG-1815"",""ORG-1831"",""ORG-2154"",""ORG-2166""]"
5665,10.1111/j.1750-2659.2012.00392.x,11,"[""ORG-0015"",""ORG-0497"",""ORG-0970"",""ORG-1347"",""ORG-1357"",""ORG-1414"",""ORG-1569"",""ORG-1825"",""ORG-2154"",""ORG-2166"",""ORG-2171""]"
5666,10.1093/plphys/kiab412,4,"[""ORG-1259"",""ORG-1569"",""ORG-1921"",""ORG-2315""]"
5673,10.1371/journal.pone.0038584,3,"[""ORG-1347"",""ORG-1839"",""ORG-2306""]"
5676,10.1007/s00705-021-05234-4,14,"[""ORG-0121"",""ORG-0171"",""ORG-0455"",""ORG-0522"",""ORG-0525"",""ORG-0869"",""ORG-0970"",""ORG-1218"",""ORG-1221"",""ORG-1259"",""ORG-1432"",""ORG-1872"",""ORG-1881"",""ORG-2154""]"
5678,10.3389/fmicb.2012.00186,10,"[""ORG-0503"",""ORG-0925"",""ORG-1581"",""ORG-1798"",""ORG-1894"",""ORG-1921"",""ORG-2154"",""ORG-2177"",""ORG-2193"",""ORG-2306""]"
5681,10.1371/journal.pone.0205527,2,"[""ORG-1569"",""ORG-1922""]"
5682,10.1093/bioinformatics/btab679,9,"[""ORG-0082"",""ORG-0421"",""ORG-0497"",""ORG-0728"",""ORG-0978"",""ORG-1569"",""ORG-1800"",""ORG-1822"",""ORG-1864""]"
5685,10.3390/v10100547,13,"[""ORG-0188"",""ORG-0312"",""ORG-0347"",""ORG-1248"",""ORG-1581"",""ORG-1825"",""ORG-1867"",""ORG-1907"",""ORG-1934"",""ORG-1938"",""ORG-2154"",""ORG-2306"",""ORG-2340""]"
5690,10.3390/v13091866,9,"[""ORG-0808"",""ORG-0925"",""ORG-1581"",""ORG-1825"",""ORG-1937"",""ORG-1948"",""ORG-2139"",""ORG-2154"",""ORG-2306""]"
5698,10.1371/journal.ppat.1002696,18,"[""ORG-0312"",""ORG-0681"",""ORG-0773"",""ORG-0895"",""ORG-0897"",""ORG-1023"",""ORG-1246"",""ORG-1259"",""ORG-1522"",""ORG-1569"",""ORG-1802"",""ORG-1825"",""ORG-1851"",""ORG-1853"",""ORG-1935"",""ORG-1937"",""ORG-1938"",""ORG-2154""]"
5701,10.3390/v13091723,15,"[""ORG-0015"",""ORG-0455"",""ORG-0497"",""ORG-1136"",""ORG-1226"",""ORG-1276"",""ORG-1569"",""ORG-1581"",""ORG-1586"",""ORG-1825"",""ORG-1934"",""ORG-1937"",""ORG-2140"",""ORG-2154"",""ORG-2166""]"
5705,10.1093/nar/gks445,4,"[""ORG-0243"",""ORG-0808"",""ORG-1569"",""ORG-1979""]"
5711,10.1038/s41467-021-25810-1,2,"[""ORG-1569"",""ORG-1931""]"
5721,10.1371/journal.pone.0036241,7,"[""ORG-1238"",""ORG-1259"",""ORG-1744"",""ORG-1861"",""ORG-2154"",""ORG-2166"",""ORG-2306""]"
5724,10.1186/1743-422X-4-102,20,"[""ORG-0310"",""ORG-0497"",""ORG-0970"",""ORG-1106"",""ORG-1133"",""ORG-1225"",""ORG-1259"",""ORG-1368"",""ORG-1413"",""ORG-1441"",""ORG-1550"",""ORG-1569"",""ORG-1581"",""ORG-1825"",""ORG-1897"",""ORG-1937"",""ORG-2154"",""ORG-2158"",""ORG-2166"",""ORG-2306""]"
5726,10.1002/cpmb.65,5,"[""ORG-0596"",""ORG-0808"",""ORG-1581"",""ORG-1583"",""ORG-1844""]"
5740,10.3390/ijms22179259,4,"[""ORG-1631"",""ORG-1839"",""ORG-1911"",""ORG-2154""]"
5742,10.1155/2018/7278459,11,"[""ORG-0723"",""ORG-1218"",""ORG-1231"",""ORG-1461"",""ORG-1825"",""ORG-1847"",""ORG-1874"",""ORG-1905"",""ORG-1938"",""ORG-1979"",""ORG-2154""]"
5745,10.1186/s12915-021-01109-x,4,"[""ORG-0497"",""ORG-1020"",""ORG-1259"",""ORG-1569""]"
5756,10.1073/pnas.2103378118,4,"[""ORG-0683"",""ORG-1072"",""ORG-1891"",""ORG-1902""]"
5765,10.1007/s00253-015-6819-3,11,"[""ORG-0045"",""ORG-0122"",""ORG-0464"",""ORG-0773"",""ORG-0947"",""ORG-1259"",""ORG-1534"",""ORG-1569"",""ORG-1581"",""ORG-1825"",""ORG-2154""]"
5768,10.3389/fimmu.2021.694959,12,"[""ORG-0268"",""ORG-0312"",""ORG-0565"",""ORG-0939"",""ORG-0947"",""ORG-1259"",""ORG-1581"",""ORG-1813"",""ORG-1831"",""ORG-2154"",""ORG-2166"",""ORG-2171""]"
5771,10.1111/j.1750-2659.2007.00033.x,6,"[""ORG-0171"",""ORG-0925"",""ORG-1569"",""ORG-2154"",""ORG-2166"",""ORG-2306""]"
5776,10.1091/mbc.E11-08-0694,5,"[""ORG-0457"",""ORG-1259"",""ORG-1569"",""ORG-1898"",""ORG-1915""]"
5780,10.1038/s41598-021-95771-4,8,"[""ORG-0171"",""ORG-0506"",""ORG-0507"",""ORG-0925"",""ORG-1511"",""ORG-1851"",""ORG-2154"",""ORG-2166""]"
5786,10.1534/g3.111.000307,8,"[""ORG-0683"",""ORG-1121"",""ORG-1569"",""ORG-1876"",""ORG-1877"",""ORG-1879"",""ORG-1911"",""ORG-2304""]"
5788,10.1371/journal.ppat.1002554,8,"[""ORG-0461"",""ORG-0497"",""ORG-1259"",""ORG-1361"",""ORG-1581"",""ORG-1668"",""ORG-1911"",""ORG-1993""]"
5791,10.1038/ncb3201,4,"[""ORG-1569"",""ORG-1641"",""ORG-1897"",""ORG-2304""]"
5796,10.1016/j.virol.2015.06.016,10,"[""ORG-0753"",""ORG-1254"",""ORG-1608"",""ORG-1675"",""ORG-1905"",""ORG-1911"",""ORG-1937"",""ORG-2141"",""ORG-2260"",""ORG-2315""]"
5816,10.1002/dvg.22007,4,"[""ORG-0243"",""ORG-0694"",""ORG-0957"",""ORG-1569""]"
5819,10.1007/s00705-021-05142-7,9,"[""ORG-0497"",""ORG-1232"",""ORG-1569"",""ORG-1581"",""ORG-1672"",""ORG-1956"",""ORG-2147"",""ORG-2166"",""ORG-2171""]"
5820,10.1016/j.fgb.2015.04.006,5,"[""ORG-0072"",""ORG-0497"",""ORG-0925"",""ORG-1581"",""ORG-2154""]"
5825,10.1371/journal.pone.0130231,6,"[""ORG-0728"",""ORG-0925"",""ORG-1569"",""ORG-1581"",""ORG-1877"",""ORG-2315""]"
5833,10.1016/j.meegid.2018.06.019,12,"[""ORG-0620"",""ORG-0963"",""ORG-1125"",""ORG-1135"",""ORG-1289"",""ORG-1347"",""ORG-1357"",""ORG-1766"",""ORG-1952"",""ORG-2154"",""ORG-2166"",""ORG-2306""]"
5834,10.3390/molecules26113476,6,"[""ORG-0683"",""ORG-0951"",""ORG-1259"",""ORG-1347"",""ORG-1357"",""ORG-1418""]"
5843,10.1038/srep11233,10,"[""ORG-0507"",""ORG-0754"",""ORG-0755"",""ORG-0866"",""ORG-1259"",""ORG-1803"",""ORG-1890"",""ORG-2154"",""ORG-2163"",""ORG-2166""]"
5844,10.1534/g3.118.200046,8,"[""ORG-0497"",""ORG-0694"",""ORG-0700"",""ORG-1243"",""ORG-1259"",""ORG-1569"",""ORG-1828"",""ORG-1844""]"
5847,10.1016/j.ijpddr.2015.04.002,4,"[""ORG-0506"",""ORG-1259"",""ORG-1815"",""ORG-1846""]"
5854,10.1371/journal.pone.0028568,5,"[""ORG-0399"",""ORG-1259"",""ORG-1374"",""ORG-1569"",""ORG-1986""]"
5855,10.1128/JVI.00402-21,13,"[""ORG-0027"",""ORG-0413"",""ORG-0925"",""ORG-1347"",""ORG-1511"",""ORG-1608"",""ORG-1609"",""ORG-1937"",""ORG-1938"",""ORG-2147"",""ORG-2154"",""ORG-2166"",""ORG-2306""]"
5859,10.1038/s41598-018-25983-8,5,"[""ORG-0683"",""ORG-1023"",""ORG-1569"",""ORG-1844"",""ORG-2306""]"
5866,10.1021/acs.biochem.8b00327,5,"[""ORG-0925"",""ORG-1418"",""ORG-1569"",""ORG-1843"",""ORG-1844""]"
5869,10.1128/mBio.00927-21,4,"[""ORG-0082"",""ORG-0191"",""ORG-1569"",""ORG-1825""]"
5875,10.1111/j.1750-2659.2007.00015.x,6,"[""ORG-0620"",""ORG-1259"",""ORG-1569"",""ORG-2154"",""ORG-2166"",""ORG-2260""]"
5884,10.1093/jxb/err405,4,"[""ORG-1361"",""ORG-1911"",""ORG-1986"",""ORG-2260""]"
5886,10.1038/ncomms8106,3,"[""ORG-0728"",""ORG-1569"",""ORG-1809""]"
5888,10.3390/molecules26113299,3,"[""ORG-0897"",""ORG-1569"",""ORG-1986""]"
5890,10.3390/v13061020,7,"[""ORG-0015"",""ORG-0497"",""ORG-0728"",""ORG-0808"",""ORG-2147"",""ORG-2154"",""ORG-2166""]"
5896,10.3390/vaccines9050480,5,"[""ORG-1259"",""ORG-1569"",""ORG-1581"",""ORG-1866"",""ORG-2154""]"
5897,10.3390/plants10050999,2,"[""ORG-1232"",""ORG-1844""]"
5901,10.1128/JVI.00259-18,13,"[""ORG-0015"",""ORG-0455"",""ORG-0652"",""ORG-0968"",""ORG-0974"",""ORG-1859"",""ORG-1891"",""ORG-1921"",""ORG-1937"",""ORG-2154"",""ORG-2166"",""ORG-2260"",""ORG-2315""]"
5913,10.1016/j.chom.2015.03.014,4,"[""ORG-1259"",""ORG-1347"",""ORG-1934"",""ORG-2304""]"
5918,10.3389/fmicb.2018.00453,13,"[""ORG-0171"",""ORG-0559"",""ORG-0938"",""ORG-0970"",""ORG-1359"",""ORG-1410"",""ORG-1505"",""ORG-1746"",""ORG-1859"",""ORG-1938"",""ORG-2154"",""ORG-2166"",""ORG-2306""]"
5926,10.1038/s41426-018-0040-2,17,"[""ORG-0497"",""ORG-0503"",""ORG-0925"",""ORG-1225"",""ORG-1361"",""ORG-1490"",""ORG-1569"",""ORG-1581"",""ORG-1586"",""ORG-1738"",""ORG-1856"",""ORG-1898"",""ORG-1937"",""ORG-1979"",""ORG-2141"",""ORG-2154"",""ORG-2166""]"
5936,10.1093/nar/gkr1047,2,"[""ORG-0497"",""ORG-1569""]"
5938,10.1128/mSphere.00235-21,14,"[""ORG-0497"",""ORG-0522"",""ORG-0525"",""ORG-1347"",""ORG-1357"",""ORG-1415"",""ORG-1569"",""ORG-1600"",""ORG-1867"",""ORG-2147"",""ORG-2154"",""ORG-2163"",""ORG-2166"",""ORG-2306""]"
5941,10.1016/j.virusres.2011.10.022,8,"[""ORG-0833"",""ORG-1205"",""ORG-1581"",""ORG-1905"",""ORG-1937"",""ORG-2141"",""ORG-2147"",""ORG-2154""]"
5943,10.3389/fpls.2015.00208,16,"[""ORG-0086"",""ORG-0188"",""ORG-0571"",""ORG-0683"",""ORG-1153"",""ORG-1238"",""ORG-1315"",""ORG-1331"",""ORG-1368"",""ORG-1569"",""ORG-1581"",""ORG-1583"",""ORG-1638"",""ORG-1651"",""ORG-1844"",""ORG-2166""]"
5945,10.1186/s12864-015-1348-0,8,"[""ORG-0188"",""ORG-0801"",""ORG-0808"",""ORG-1569"",""ORG-1844"",""ORG-1877"",""ORG-1879"",""ORG-1979""]"
5946,10.1186/1746-4811-7-36,3,"[""ORG-0925"",""ORG-1569"",""ORG-1934""]"
5956,10.3390/v13040605,10,"[""ORG-0312"",""ORG-0925"",""ORG-1136"",""ORG-1259"",""ORG-1813"",""ORG-1894"",""ORG-1937"",""ORG-1938"",""ORG-2140"",""ORG-2154""]"
5959,10.1038/nmeth.1742,6,"[""ORG-0497"",""ORG-0596"",""ORG-0728"",""ORG-0829"",""ORG-1569"",""ORG-1826""]"
5962,10.1128/mBio.00081-15,9,"[""ORG-0171"",""ORG-0970"",""ORG-1259"",""ORG-1505"",""ORG-1540"",""ORG-1938"",""ORG-2154"",""ORG-2166"",""ORG-2260""]"
5964,10.1016/bs.mcb.2014.12.001,2,"[""ORG-1809"",""ORG-1828""]"
5968,10.1186/s12915-021-00995-5,4,"[""ORG-1047"",""ORG-1581"",""ORG-1585"",""ORG-1641""]"
5969,10.1073/pnas.1718769115,13,"[""ORG-0895"",""ORG-1146"",""ORG-1147"",""ORG-1221"",""ORG-1259"",""ORG-1569"",""ORG-1803"",""ORG-1846"",""ORG-1859"",""ORG-1881"",""ORG-2154"",""ORG-2163"",""ORG-2166""]"
5978,10.1371/journal.ppat.1006934,11,"[""ORG-0188"",""ORG-0464"",""ORG-0559"",""ORG-0963"",""ORG-1169"",""ORG-1230"",""ORG-1259"",""ORG-1938"",""ORG-1948"",""ORG-2154"",""ORG-2166""]"
5979,10.1007/s12250-021-00369-9,5,"[""ORG-1246"",""ORG-1608"",""ORG-1609"",""ORG-1921"",""ORG-2154""]"
5982,10.1136/gutjnl-2020-323585,9,"[""ORG-0312"",""ORG-0334"",""ORG-0728"",""ORG-0773"",""ORG-0943"",""ORG-1246"",""ORG-1851"",""ORG-2154"",""ORG-2166""]"
5985,10.1111/j.1750-2659.2006.00003.x,2,"[""ORG-1259"",""ORG-2166""]"
5986,10.1155/2015/976575,11,"[""ORG-0015"",""ORG-0315"",""ORG-0968"",""ORG-1358"",""ORG-1421"",""ORG-1581"",""ORG-1900"",""ORG-2141"",""ORG-2154"",""ORG-2166"",""ORG-2167""]"
5991,10.1093/pcp/pcr134,6,"[""ORG-0497"",""ORG-1368"",""ORG-1569"",""ORG-1829"",""ORG-1877"",""ORG-1898""]"
5994,10.3390/biomedicines9040363,8,"[""ORG-0133"",""ORG-1232"",""ORG-1259"",""ORG-1347"",""ORG-1459"",""ORG-1569"",""ORG-1990"",""ORG-1991""]"
6006,10.1371/journal.pgen.0020193,8,"[""ORG-0694"",""ORG-0728"",""ORG-0897"",""ORG-1047"",""ORG-1121"",""ORG-1569"",""ORG-1844"",""ORG-1917""]"
6008,10.1111/tpj.15242,8,"[""ORG-0429"",""ORG-0431"",""ORG-0694"",""ORG-1418"",""ORG-1825"",""ORG-1846"",""ORG-1975"",""ORG-2260""]"
6009,10.3389/fmicb.2021.639655,17,"[""ORG-0108"",""ORG-0187"",""ORG-0545"",""ORG-0925"",""ORG-1246"",""ORG-1347"",""ORG-1581"",""ORG-1738"",""ORG-1798"",""ORG-1803"",""ORG-1825"",""ORG-1937"",""ORG-2060"",""ORG-2154"",""ORG-2157"",""ORG-2166"",""ORG-2340""]"
6012,10.3389/fmicb.2021.631346,11,"[""ORG-0015"",""ORG-0363"",""ORG-0364"",""ORG-0880"",""ORG-0963"",""ORG-0968"",""ORG-1259"",""ORG-1538"",""ORG-1894"",""ORG-2154"",""ORG-2166""]"
6015,10.1016/j.chom.2015.01.014,5,"[""ORG-0421"",""ORG-0728"",""ORG-0808"",""ORG-0925"",""ORG-1047""]"
6017,10.1038/s41598-018-20038-4,3,"[""ORG-1259"",""ORG-1569"",""ORG-1894""]"
6020,10.1155/JBB/2006/45716,7,"[""ORG-0409"",""ORG-0503"",""ORG-0728"",""ORG-0808"",""ORG-1047"",""ORG-1569"",""ORG-1581""]"
6022,10.3390/v13020289,8,"[""ORG-1259"",""ORG-1511"",""ORG-1781"",""ORG-1839"",""ORG-1900"",""ORG-1901"",""ORG-1924"",""ORG-2166""]"
6023,10.1016/j.virol.2018.01.005,8,"[""ORG-0970"",""ORG-1135"",""ORG-1347"",""ORG-1569"",""ORG-1839"",""ORG-1910"",""ORG-2154"",""ORG-2306""]"
6028,10.3390/pathogens10020197,6,"[""ORG-0925"",""ORG-1900"",""ORG-1934"",""ORG-1948"",""ORG-2113"",""ORG-2154""]"
6029,10.1186/1471-2164-7-262,12,"[""ORG-0207"",""ORG-0497"",""ORG-1238"",""ORG-1259"",""ORG-1569"",""ORG-1839"",""ORG-1844"",""ORG-1877"",""ORG-1879"",""ORG-1934"",""ORG-1956"",""ORG-2260""]"
6033,10.1073/pnas.2022562118,4,"[""ORG-0317"",""ORG-0435"",""ORG-1581"",""ORG-1881""]"
6034,10.1016/j.virol.2015.01.029,10,"[""ORG-1413"",""ORG-1569"",""ORG-1581"",""ORG-1811"",""ORG-1866"",""ORG-1894"",""ORG-1934"",""ORG-1952"",""ORG-1986"",""ORG-2166""]"
6042,10.3390/v10010002,11,"[""ORG-0082"",""ORG-0171"",""ORG-1221"",""ORG-1248"",""ORG-1825"",""ORG-1881"",""ORG-1898"",""ORG-1934"",""ORG-2154"",""ORG-2166"",""ORG-2171""]"
6050,10.1371/journal.pone.0189250,6,"[""ORG-0292"",""ORG-0497"",""ORG-0806"",""ORG-1598"",""ORG-2154"",""ORG-2306""]"
6053,10.3389/fmicb.2014.00804,8,"[""ORG-0713"",""ORG-0808"",""ORG-1228"",""ORG-1641"",""ORG-1812"",""ORG-1894"",""ORG-2154"",""ORG-2315""]"
6054,10.1093/g3journal/jkaa058,4,"[""ORG-1569"",""ORG-1581"",""ORG-1583"",""ORG-1825""]"
6060,10.1016/j.chom.2021.01.015,10,"[""ORG-0413"",""ORG-1361"",""ORG-1593"",""ORG-1608"",""ORG-1609"",""ORG-1610"",""ORG-1912"",""ORG-2154"",""ORG-2166"",""ORG-2260""]"
6068,10.1586/ers.11.32,3,"[""ORG-1825"",""ORG-2154"",""ORG-2166""]"
6070,10.1371/journal.pone.0116917,10,"[""ORG-0188"",""ORG-0719"",""ORG-0880"",""ORG-1084"",""ORG-1230"",""ORG-1714"",""ORG-1846"",""ORG-1934"",""ORG-1937"",""ORG-2166""]"
6074,10.1186/1756-0500-4-289,7,"[""ORG-0694"",""ORG-1259"",""ORG-1405"",""ORG-1569"",""ORG-1809"",""ORG-1839"",""ORG-1846""]"
6075,10.1111/cas.13468,9,"[""ORG-0302"",""ORG-0903"",""ORG-0925"",""ORG-1218"",""ORG-1231"",""ORG-1634"",""ORG-1744"",""ORG-1766"",""ORG-2154""]"
6080,10.1038/s41598-017-17355-5,2,"[""ORG-0464"",""ORG-2154""]"
6081,10.1371/journal.pone.0022383,8,"[""ORG-0359"",""ORG-1259"",""ORG-1569"",""ORG-1844"",""ORG-1921"",""ORG-1934"",""ORG-2154"",""ORG-2166""]"
6084,10.1371/journal.pone.0021812,4,"[""ORG-0925"",""ORG-1848"",""ORG-1866"",""ORG-1900""]"
6095,10.3390/ijms22020743,8,"[""ORG-0015"",""ORG-0171"",""ORG-0450"",""ORG-0762"",""ORG-0968"",""ORG-1203"",""ORG-1866"",""ORG-2154""]"
6096,10.1016/j.ymeth.2011.07.002,14,"[""ORG-0619"",""ORG-0636"",""ORG-0938"",""ORG-0970"",""ORG-1402"",""ORG-1569"",""ORG-1581"",""ORG-1618"",""ORG-1839"",""ORG-1934"",""ORG-2024"",""ORG-2139"",""ORG-2147"",""ORG-2154""]"
6099,10.1038/s41541-017-0021-9,10,"[""ORG-0497"",""ORG-1259"",""ORG-1415"",""ORG-1644"",""ORG-1846"",""ORG-1891"",""ORG-1938"",""ORG-1986"",""ORG-2154"",""ORG-2158""]"
6107,10.1002/acn3.444,5,"[""ORG-0360"",""ORG-0869"",""ORG-0925"",""ORG-1766"",""ORG-1894""]"
6114,10.1073/pnas.1711538114,7,"[""ORG-0057"",""ORG-0455"",""ORG-0623"",""ORG-0736"",""ORG-1259"",""ORG-1825"",""ORG-1958""]"
6118,10.3389/fmicb.2020.602124,8,"[""ORG-0171"",""ORG-0173"",""ORG-0862"",""ORG-1189"",""ORG-1259"",""ORG-1505"",""ORG-1797"",""ORG-2166""]"
6126,10.1186/1471-2180-11-154,19,"[""ORG-0101"",""ORG-0312"",""ORG-0640"",""ORG-0641"",""ORG-0643"",""ORG-0680"",""ORG-0833"",""ORG-0925"",""ORG-1259"",""ORG-1505"",""ORG-1511"",""ORG-1572"",""ORG-1581"",""ORG-1797"",""ORG-1813"",""ORG-2139"",""ORG-2141"",""ORG-2154"",""ORG-2166""]"
6131,10.3390/v12121459,14,"[""ORG-0362"",""ORG-1225"",""ORG-1226"",""ORG-1228"",""ORG-1259"",""ORG-1347"",""ORG-1357"",""ORG-1413"",""ORG-1581"",""ORG-1586"",""ORG-1672"",""ORG-1922"",""ORG-2154"",""ORG-2166""]"
6132,10.1016/j.antiviral.2011.06.003,17,"[""ORG-0497"",""ORG-1246"",""ORG-1413"",""ORG-1536"",""ORG-1569"",""ORG-1581"",""ORG-1586"",""ORG-1738"",""ORG-1773"",""ORG-1891"",""ORG-1905"",""ORG-1938"",""ORG-2141"",""ORG-2154"",""ORG-2162"",""ORG-2166"",""ORG-2171""]"
6133,10.1038/s41598-020-78904-z,5,"[""ORG-0497"",""ORG-0623"",""ORG-1464"",""ORG-1569"",""ORG-2154""]"
6144,10.1093/nar/gkaa1156,5,"[""ORG-0497"",""ORG-0694"",""ORG-0700"",""ORG-1238"",""ORG-1934""]"
6145,10.3389/fmicb.2017.01978,7,"[""ORG-0171"",""ORG-0623"",""ORG-0970"",""ORG-1259"",""ORG-2154"",""ORG-2166"",""ORG-2171""]"
6149,10.1038/s41586-020-3002-5,4,"[""ORG-0596"",""ORG-1243"",""ORG-1890"",""ORG-1913""]"
6151,10.1111/j.1365-313X.2011.04674.x,6,"[""ORG-0497"",""ORG-1221"",""ORG-1259"",""ORG-1569"",""ORG-1869"",""ORG-1881""]"
6155,10.3389/fmicb.2020.581856,13,"[""ORG-0497"",""ORG-0565"",""ORG-0723"",""ORG-1254"",""ORG-1414"",""ORG-1511"",""ORG-1581"",""ORG-1732"",""ORG-1847"",""ORG-2154"",""ORG-2163"",""ORG-2166"",""ORG-2306""]"
6156,10.1016/j.vaccine.2014.10.050,8,"[""ORG-0545"",""ORG-0925"",""ORG-1259"",""ORG-1809"",""ORG-1825"",""ORG-1877"",""ORG-2154"",""ORG-2166""]"
6172,10.1128/mSystems.00565-20,9,"[""ORG-0188"",""ORG-0728"",""ORG-1178"",""ORG-1259"",""ORG-1569"",""ORG-1683"",""ORG-1839"",""ORG-1846"",""ORG-2315""]"
6174,10.1128/mBio.02116-14,11,"[""ORG-0015"",""ORG-0171"",""ORG-0172"",""ORG-0968"",""ORG-0970"",""ORG-1825"",""ORG-2154"",""ORG-2161"",""ORG-2162"",""ORG-2166"",""ORG-2171""]"
6177,10.3389/fpls.2017.01635,7,"[""ORG-0421"",""ORG-0429"",""ORG-0431"",""ORG-0497"",""ORG-0581"",""ORG-1421"",""ORG-1934""]"
6178,10.1186/s12896-014-0095-7,4,"[""ORG-0206"",""ORG-0925"",""ORG-1581"",""ORG-1839""]"
6181,10.1093/nar/gnj033,7,"[""ORG-1569"",""ORG-1809"",""ORG-1825"",""ORG-1839"",""ORG-1898"",""ORG-1934"",""ORG-1986""]"
6182,10.1126/science.abb7250,2,"[""ORG-1527"",""ORG-1569""]"
6184,10.1186/s40694-017-0035-0,6,"[""ORG-0072"",""ORG-0683"",""ORG-0978"",""ORG-1581"",""ORG-1825"",""ORG-1856""]"
6187,10.1038/s41598-020-75682-6,6,"[""ORG-0808"",""ORG-1569"",""ORG-1581"",""ORG-1583"",""ORG-1696"",""ORG-1934""]"
6189,10.3791/2625,6,"[""ORG-0082"",""ORG-0478"",""ORG-0723"",""ORG-1569"",""ORG-1828"",""ORG-1846""]"
6190,10.1371/journal.pgen.1004705,5,"[""ORG-0808"",""ORG-1047"",""ORG-1259"",""ORG-1811"",""ORG-1846""]"
6198,10.1007/s10815-020-01992-3,1,"[""ORG-1569""]"
6204,10.26508/lsa.202000879,1,"[""ORG-1569""]"
6214,10.1038/ncomms6021,9,"[""ORG-0015"",""ORG-0171"",""ORG-0925"",""ORG-0970"",""ORG-1359"",""ORG-2147"",""ORG-2154"",""ORG-2166"",""ORG-2171""]"
6218,10.1186/1743-422X-8-110,4,"[""ORG-0680"",""ORG-1569"",""ORG-1581"",""ORG-2154""]"
6220,10.1371/journal.ppat.1001305,21,"[""ORG-0015"",""ORG-1218"",""ORG-1248"",""ORG-1276"",""ORG-1581"",""ORG-1607"",""ORG-1797"",""ORG-1798"",""ORG-1839"",""ORG-1891"",""ORG-1934"",""ORG-1937"",""ORG-1938"",""ORG-1948"",""ORG-2105"",""ORG-2141"",""ORG-2154"",""ORG-2159"",""ORG-2166"",""ORG-2170"",""ORG-2315""]"
6221,10.1186/s12870-017-1098-z,6,"[""ORG-1259"",""ORG-1569"",""ORG-1581"",""ORG-1868"",""ORG-2260"",""ORG-2306""]"
6232,10.1016/j.virusres.2014.09.006,11,"[""ORG-0683"",""ORG-1084"",""ORG-1225"",""ORG-1569"",""ORG-1581"",""ORG-1586"",""ORG-1825"",""ORG-1913"",""ORG-1934"",""ORG-2154"",""ORG-2166""]"
6235,10.1093/nar/gkj012,5,"[""ORG-0978"",""ORG-1569"",""ORG-1864"",""ORG-1909"",""ORG-2304""]"
6236,10.1128/mBio.01246-17,7,"[""ORG-0683"",""ORG-1259"",""ORG-1569"",""ORG-1744"",""ORG-1862"",""ORG-1890"",""ORG-2304""]"
6238,10.3390/vaccines8040583,13,"[""ORG-0038"",""ORG-0101"",""ORG-0312"",""ORG-0421"",""ORG-0641"",""ORG-0643"",""ORG-1511"",""ORG-1877"",""ORG-1879"",""ORG-1938"",""ORG-2154"",""ORG-2166"",""ORG-2171""]"
6249,10.1002/hep.29494,9,"[""ORG-0773"",""ORG-1569"",""ORG-1675"",""ORG-1797"",""ORG-1798"",""ORG-1867"",""ORG-1937"",""ORG-2141"",""ORG-2154""]"
6250,10.1371/journal.pone.0106479,4,"[""ORG-0155"",""ORG-1798"",""ORG-1831"",""ORG-1844""]"
6256,10.1016/j.virol.2017.08.026,7,"[""ORG-0571"",""ORG-1146"",""ORG-1147"",""ORG-1581"",""ORG-1608"",""ORG-1894"",""ORG-1986""]"
6258,10.3390/v12101071,10,"[""ORG-0312"",""ORG-0347"",""ORG-1203"",""ORG-1259"",""ORG-1511"",""ORG-1825"",""ORG-1937"",""ORG-1938"",""ORG-2154"",""ORG-2166""]"
6273,10.1155/2011/812742,7,"[""ORG-0182"",""ORG-0421"",""ORG-1205"",""ORG-1569"",""ORG-1937"",""ORG-2141"",""ORG-2154""]"
6283,10.3389/fimmu.2020.02051,3,"[""ORG-0413"",""ORG-0925"",""ORG-1569""]"
6286,10.1371/journal.pone.0105081,15,"[""ORG-0015"",""ORG-0833"",""ORG-0919"",""ORG-0968"",""ORG-0970"",""ORG-1259"",""ORG-1263"",""ORG-1911"",""ORG-1937"",""ORG-2147"",""ORG-2154"",""ORG-2163"",""ORG-2166"",""ORG-2306"",""ORG-2315""]"
6296,10.1371/journal.pone.0181609,6,"[""ORG-0188"",""ORG-1047"",""ORG-1347"",""ORG-1569"",""ORG-1581"",""ORG-1866""]"
6303,10.1016/j.psj.2020.06.012,11,"[""ORG-0155"",""ORG-0171"",""ORG-0970"",""ORG-1259"",""ORG-1795"",""ORG-1825"",""ORG-1900"",""ORG-1938"",""ORG-2154"",""ORG-2158"",""ORG-2306""]"
6304,10.1371/journal.pone.0015556,11,"[""ORG-0015"",""ORG-0968"",""ORG-0970"",""ORG-1347"",""ORG-1357"",""ORG-1851"",""ORG-1937"",""ORG-2154"",""ORG-2163"",""ORG-2166"",""ORG-2170""]"
6311,10.1038/jcbfm.2014.134,1,"[""ORG-1891""]"
6313,10.1155/2011/412829,11,"[""ORG-0182"",""ORG-0680"",""ORG-1135"",""ORG-1246"",""ORG-1248"",""ORG-1891"",""ORG-1911"",""ORG-2140"",""ORG-2154"",""ORG-2166"",""ORG-2306""]"
6314,10.3390/v12090920,6,"[""ORG-0171"",""ORG-0970"",""ORG-1129"",""ORG-1353"",""ORG-1921"",""ORG-2154""]"
6318,10.3390/vaccines8030458,13,"[""ORG-0310"",""ORG-0497"",""ORG-1106"",""ORG-1133"",""ORG-1259"",""ORG-1522"",""ORG-1569"",""ORG-1815"",""ORG-1937"",""ORG-2154"",""ORG-2166"",""ORG-2170"",""ORG-2193""]"
6319,10.3390/v12080896,6,"[""ORG-0925"",""ORG-1259"",""ORG-1938"",""ORG-1948"",""ORG-2147"",""ORG-2154""]"
6322,10.1016/j.virol.2017.07.012,16,"[""ORG-0072"",""ORG-0559"",""ORG-0571"",""ORG-0596"",""ORG-0897"",""ORG-0925"",""ORG-1246"",""ORG-1581"",""ORG-1865"",""ORG-1906"",""ORG-1937"",""ORG-1979"",""ORG-2141"",""ORG-2154"",""ORG-2166"",""ORG-2260""]"
6323,10.1101/2020.08.12.248823,8,"[""ORG-1230"",""ORG-1505"",""ORG-1608"",""ORG-1609"",""ORG-1610"",""ORG-1801"",""ORG-2154"",""ORG-2158""]"
6325,10.1007/s00253-020-10834-2,10,"[""ORG-0338"",""ORG-0680"",""ORG-0925"",""ORG-1259"",""ORG-1569"",""ORG-1815"",""ORG-1900"",""ORG-2154"",""ORG-2166"",""ORG-2306""]"
6332,10.1186/1471-2229-10-243,12,"[""ORG-0014"",""ORG-0362"",""ORG-0680"",""ORG-0887"",""ORG-1206"",""ORG-1361"",""ORG-1581"",""ORG-1641"",""ORG-1844"",""ORG-1986"",""ORG-2260"",""ORG-2304""]"
6333,10.1128/mBio.00668-17,11,"[""ORG-0312"",""ORG-1263"",""ORG-1347"",""ORG-1357"",""ORG-1581"",""ORG-1732"",""ORG-1839"",""ORG-1866"",""ORG-1911"",""ORG-1937"",""ORG-2147""]"
6338,10.1128/JVI.01099-20,11,"[""ORG-0267"",""ORG-0833"",""ORG-0925"",""ORG-1205"",""ORG-1894"",""ORG-1937"",""ORG-2141"",""ORG-2147"",""ORG-2154"",""ORG-2163"",""ORG-2166""]"
6341,10.1002/cpmb.42,11,"[""ORG-0429"",""ORG-0431"",""ORG-0471"",""ORG-0700"",""ORG-0808"",""ORG-1569"",""ORG-1797"",""ORG-1851"",""ORG-1890"",""ORG-1898"",""ORG-2256""]"
6343,10.1016/j.jmb.2017.06.018,13,"[""ORG-0579"",""ORG-0625"",""ORG-0680"",""ORG-0824"",""ORG-0825"",""ORG-0987"",""ORG-1019"",""ORG-1257"",""ORG-1259"",""ORG-1581"",""ORG-1911"",""ORG-1937"",""ORG-2147""]"
6347,10.1038/s41598-017-04267-7,9,"[""ORG-0691"",""ORG-0925"",""ORG-1218"",""ORG-1231"",""ORG-1232"",""ORG-1248"",""ORG-1825"",""ORG-1900"",""ORG-2154""]"
6368,10.1016/j.coviro.2020.05.004,10,"[""ORG-1246"",""ORG-1259"",""ORG-1347"",""ORG-1357"",""ORG-1569"",""ORG-1581"",""ORG-1586"",""ORG-1825"",""ORG-2141"",""ORG-2166""]"
6376,10.3390/plants12112228,10,"[""ORG-0015"",""ORG-0244"",""ORG-0925"",""ORG-0968"",""ORG-1095"",""ORG-1252"",""ORG-1627"",""ORG-1860"",""ORG-2154"",""ORG-2157""]"
6377,10.1186/s12985-014-0228-6,15,"[""ORG-0015"",""ORG-0497"",""ORG-0503"",""ORG-0836"",""ORG-0880"",""ORG-0968"",""ORG-0987"",""ORG-1241"",""ORG-1347"",""ORG-1357"",""ORG-1581"",""ORG-1866"",""ORG-1937"",""ORG-2154"",""ORG-2166""]"
6385,10.1007/s00122-008-0848-6,6,"[""ORG-0497"",""ORG-0680"",""ORG-0820"",""ORG-1581"",""ORG-1894"",""ORG-1903""]"
6391,10.1128/msphere.00662-22,7,"[""ORG-0413"",""ORG-0869"",""ORG-1608"",""ORG-1609"",""ORG-1839"",""ORG-1847"",""ORG-1948""]"
6392,10.1021/bm501116x,2,"[""ORG-0285"",""ORG-1603""]"
6396,10.1371/journal.ppat.1000098,19,"[""ORG-0057"",""ORG-0464"",""ORG-0497"",""ORG-0571"",""ORG-0678"",""ORG-0963"",""ORG-1347"",""ORG-1357"",""ORG-1581"",""ORG-1583"",""ORG-1856"",""ORG-1921"",""ORG-1938"",""ORG-1986"",""ORG-2154"",""ORG-2163"",""ORG-2166"",""ORG-2170"",""ORG-2304""]"
6410,10.1021/bm501166j,9,"[""ORG-0310"",""ORG-1095"",""ORG-1259"",""ORG-1744"",""ORG-1748"",""ORG-1825"",""ORG-1934"",""ORG-1986"",""ORG-2058""]"
6413,10.1186/1471-2199-4-1,7,"[""ORG-0497"",""ORG-0503"",""ORG-0596"",""ORG-1259"",""ORG-1672"",""ORG-1724"",""ORG-1905""]"
6416,10.3390/vaccines10122156,5,"[""ORG-1248"",""ORG-1273"",""ORG-1581"",""ORG-1937"",""ORG-2154""]"
6419,10.1016/j.virusres.2022.199019,9,"[""ORG-0497"",""ORG-0625"",""ORG-0680"",""ORG-0925"",""ORG-1771"",""ORG-1913"",""ORG-1936"",""ORG-2154"",""ORG-2315""]"
6422,10.3390/polym14224901,3,"[""ORG-0497"",""ORG-1815"",""ORG-1986""]"
6424,10.7717/peerj.14281,9,"[""ORG-0268"",""ORG-0559"",""ORG-1259"",""ORG-1347"",""ORG-1357"",""ORG-1581"",""ORG-1908"",""ORG-1937"",""ORG-2154""]"
6427,10.1111/nph.12890,8,"[""ORG-1259"",""ORG-1581"",""ORG-1802"",""ORG-1894"",""ORG-1937"",""ORG-2141"",""ORG-2154"",""ORG-2157""]"
6430,10.3390/ijms232012310,9,"[""ORG-0085"",""ORG-0506"",""ORG-0736"",""ORG-0925"",""ORG-1368"",""ORG-1847"",""ORG-1938"",""ORG-2147"",""ORG-2154""]"
6433,10.1080/21645515.2022.2129196,5,"[""ORG-0413"",""ORG-1316"",""ORG-1608"",""ORG-1609"",""ORG-1898""]"
6434,10.1002/term.1906,3,"[""ORG-0571"",""ORG-1748"",""ORG-1894""]"
6448,10.1371/journal.pone.0089545,5,"[""ORG-1259"",""ORG-1347"",""ORG-1357"",""ORG-1843"",""ORG-2260""]"
6451,10.3390/v14061225,12,"[""ORG-0334"",""ORG-0435"",""ORG-1259"",""ORG-1421"",""ORG-1493"",""ORG-1702"",""ORG-1825"",""ORG-1905"",""ORG-2154"",""ORG-2161"",""ORG-2166"",""ORG-2306""]"
6452,10.3390/plants11121591,12,"[""ORG-0808"",""ORG-0963"",""ORG-1259"",""ORG-1347"",""ORG-1357"",""ORG-1361"",""ORG-1581"",""ORG-1894"",""ORG-1936"",""ORG-1937"",""ORG-2154"",""ORG-2166""]"
6454,10.3390/ijerph19095418,5,"[""ORG-0413"",""ORG-1608"",""ORG-1609"",""ORG-1839"",""ORG-1937""]"
6457,10.3390/v14040802,6,"[""ORG-0085"",""ORG-0413"",""ORG-1608"",""ORG-1609"",""ORG-1910"",""ORG-1981""]"
6459,10.3390/cancers14081925,8,"[""ORG-0497"",""ORG-0897"",""ORG-1257"",""ORG-1581"",""ORG-1669"",""ORG-1773"",""ORG-1844"",""ORG-2058""]"
6460,10.3390/molecules27061753,2,"[""ORG-1130"",""ORG-1856""]"
6462,10.1186/1479-5876-11-305,5,"[""ORG-1228"",""ORG-1259"",""ORG-1825"",""ORG-1839"",""ORG-2166""]"
6464,10.1177/10760296211056648,11,"[""ORG-0413"",""ORG-0497"",""ORG-1581"",""ORG-1608"",""ORG-1609"",""ORG-1702"",""ORG-1825"",""ORG-1847"",""ORG-1934"",""ORG-1937"",""ORG-2154""]"
6465,10.1080/10717544.2022.2032874,4,"[""ORG-0925"",""ORG-1259"",""ORG-1674"",""ORG-1853""]"
6472,10.3390/cells11010008,8,"[""ORG-0293"",""ORG-0427"",""ORG-0428"",""ORG-1146"",""ORG-1147"",""ORG-1958"",""ORG-2154"",""ORG-2166""]"
6473,10.1371/journal.pone.0075574,6,"[""ORG-0963"",""ORG-1468"",""ORG-1934"",""ORG-2115"",""ORG-2154"",""ORG-2166""]"
6491,10.1371/journal.pntd.0002349,15,"[""ORG-0243"",""ORG-0312"",""ORG-0497"",""ORG-1347"",""ORG-1357"",""ORG-1361"",""ORG-1581"",""ORG-1586"",""ORG-1797"",""ORG-1917"",""ORG-1948"",""ORG-1952"",""ORG-1956"",""ORG-2154"",""ORG-2166""]"
6492,10.1186/1742-4690-4-49,17,"[""ORG-0024"",""ORG-0559"",""ORG-0856"",""ORG-0865"",""ORG-0941"",""ORG-1058"",""ORG-1121"",""ORG-1325"",""ORG-1581"",""ORG-1766"",""ORG-1767"",""ORG-1797"",""ORG-1839"",""ORG-1911"",""ORG-1938"",""ORG-2154"",""ORG-2160""]"
6496,10.3389/fcell.2021.717587,11,"[""ORG-0027"",""ORG-0413"",""ORG-0571"",""ORG-1259"",""ORG-1608"",""ORG-1609"",""ORG-1773"",""ORG-1839"",""ORG-1844"",""ORG-1938"",""ORG-2154""]"
6499,10.1038/nature12466,3,"[""ORG-0497"",""ORG-1259"",""ORG-1825""]"
6522,10.1016/j.bmc.2021.116119,4,"[""ORG-0310"",""ORG-0413"",""ORG-1608"",""ORG-1609""]"
6524,10.3390/ijms22062912,6,"[""ORG-0602"",""ORG-1257"",""ORG-1634"",""ORG-1825"",""ORG-1943"",""ORG-2145""]"
6526,10.3390/v13040572,9,"[""ORG-0268"",""ORG-0471"",""ORG-0559"",""ORG-1421"",""ORG-1815"",""ORG-2154"",""ORG-2157"",""ORG-2166"",""ORG-2167""]"
6531,10.3389/fpls.2013.00005,4,"[""ORG-0987"",""ORG-2154"",""ORG-2160"",""ORG-2306""]"
6532,10.1186/s12985-021-01499-y,7,"[""ORG-0497"",""ORG-1325"",""ORG-1326"",""ORG-1931"",""ORG-1938"",""ORG-2154"",""ORG-2163""]"
6547,10.1099/jgv.0.001516,8,"[""ORG-1361"",""ORG-1368"",""ORG-1581"",""ORG-1802"",""ORG-1839"",""ORG-1853"",""ORG-1938"",""ORG-2154""]"
6550,10.1016/j.omtm.2020.10.003,5,"[""ORG-0020"",""ORG-0046"",""ORG-0317"",""ORG-1867"",""ORG-1949""]"
6552,10.1016/j.neuropharm.2020.108398,5,"[""ORG-0497"",""ORG-0606"",""ORG-1259"",""ORG-1844"",""ORG-1956""]"
6559,10.3390/cells9102227,5,"[""ORG-0046"",""ORG-1259"",""ORG-1839"",""ORG-1851"",""ORG-1922""]"
6565,10.3390/pharmaceutics12100930,6,"[""ORG-0082"",""ORG-0925"",""ORG-1581"",""ORG-1678"",""ORG-1931"",""ORG-1970""]"
6577,10.2174/1389202920666191129112705,3,"[""ORG-1238"",""ORG-1259"",""ORG-1581""]"
6586,10.1186/1745-6150-1-21,2,"[""ORG-0492"",""ORG-1851""]"
6593,10.3389/fbioe.2020.00199,5,"[""ORG-0596"",""ORG-0824"",""ORG-1221"",""ORG-1603"",""ORG-1891""]"
6595,10.1007/s11262-012-0793-y,5,"[""ORG-1205"",""ORG-1259"",""ORG-1903"",""ORG-1911"",""ORG-2154""]"
6596,10.1093/nar/gkl442,7,"[""ORG-0313"",""ORG-0317"",""ORG-0471"",""ORG-0497"",""ORG-0539"",""ORG-0925"",""ORG-1257""]"
6600,10.3390/v12030299,8,"[""ORG-0497"",""ORG-1254"",""ORG-1672"",""ORG-1956"",""ORG-1969"",""ORG-2154"",""ORG-2166"",""ORG-2167""]"
6602,10.1186/s12935-020-1155-9,8,"[""ORG-0497"",""ORG-0506"",""ORG-1361"",""ORG-1581"",""ORG-1800"",""ORG-1891"",""ORG-1986"",""ORG-2260""]"
6604,10.1016/j.virol.2020.01.009,5,"[""ORG-0987"",""ORG-1866"",""ORG-1937"",""ORG-2154"",""ORG-2163""]"
6609,10.1371/journal.pone.0228707,1,"[""ORG-0046""]"
6612,10.7717/peerj.8359,14,"[""ORG-0015"",""ORG-0497"",""ORG-0728"",""ORG-0887"",""ORG-1226"",""ORG-1325"",""ORG-1347"",""ORG-1581"",""ORG-1672"",""ORG-1822"",""ORG-1921"",""ORG-1986"",""ORG-2154"",""ORG-2166""]"
6617,10.1186/s13041-020-0544-2,11,"[""ORG-0457"",""ORG-0790"",""ORG-0853"",""ORG-0855"",""ORG-0925"",""ORG-1253"",""ORG-1581"",""ORG-1744"",""ORG-2052"",""ORG-2154"",""ORG-2166""]"
6621,10.1016/j.meegid.2012.04.027,7,"[""ORG-0057"",""ORG-0464"",""ORG-0963"",""ORG-1936"",""ORG-1937"",""ORG-2154"",""ORG-2166""]"
6625,10.1093/nar/gkz1073,8,"[""ORG-0497"",""ORG-1004"",""ORG-1112"",""ORG-1581"",""ORG-1586"",""ORG-2154"",""ORG-2166"",""ORG-2315""]"
6627,10.1371/journal.pone.0034421,5,"[""ORG-1259"",""ORG-1890"",""ORG-1938"",""ORG-1986"",""ORG-2154""]"
6631,10.1038/s41598-019-49660-6,2,"[""ORG-0057"",""ORG-1259""]"
6633,10.3389/fnmol.2019.00201,7,"[""ORG-0022"",""ORG-0315"",""ORG-0317"",""ORG-0925"",""ORG-1825"",""ORG-1934"",""ORG-2315""]"
6640,10.1523/ENEURO.0161-19.2019,2,"[""ORG-1259"",""ORG-1421""]"
6646,10.1371/journal.pone.0027329,6,"[""ORG-1246"",""ORG-1581"",""ORG-1839"",""ORG-1938"",""ORG-2154"",""ORG-2166""]"
6647,10.1371/journal.pntd.0007462,9,"[""ORG-0809"",""ORG-0810"",""ORG-0866"",""ORG-1234"",""ORG-1259"",""ORG-1825"",""ORG-1997"",""ORG-2147"",""ORG-2154""]"
6648,10.1371/journal.pone.0026381,6,"[""ORG-0317"",""ORG-0457"",""ORG-0585"",""ORG-0925"",""ORG-1843"",""ORG-1917""]"
6652,10.1371/journal.ppat.1002297,21,"[""ORG-0421"",""ORG-0526"",""ORG-0560"",""ORG-0589"",""ORG-0590"",""ORG-0701"",""ORG-0728"",""ORG-0833"",""ORG-0987"",""ORG-1039"",""ORG-1135"",""ORG-1259"",""ORG-1330"",""ORG-1418"",""ORG-1464"",""ORG-1581"",""ORG-1866"",""ORG-2147"",""ORG-2154"",""ORG-2163"",""ORG-2166""]"
6656,10.3390/v2102290,15,"[""ORG-0048"",""ORG-0049"",""ORG-0285"",""ORG-0873"",""ORG-0878"",""ORG-0987"",""ORG-1079"",""ORG-1169"",""ORG-1230"",""ORG-1245"",""ORG-1315"",""ORG-1432"",""ORG-1505"",""ORG-1934"",""ORG-1986""]"
6665,10.1371/journal.pone.0212811,9,"[""ORG-0020"",""ORG-0046"",""ORG-0047"",""ORG-1230"",""ORG-1347"",""ORG-1432"",""ORG-1894"",""ORG-2154"",""ORG-2306""]"
6668,10.3390/ijms20040913,14,"[""ORG-0497"",""ORG-0772"",""ORG-0799"",""ORG-0858"",""ORG-1047"",""ORG-1405"",""ORG-1581"",""ORG-1714"",""ORG-1913"",""ORG-1979"",""ORG-2111"",""ORG-2141"",""ORG-2154"",""ORG-2260""]"
6674,10.1186/1743-422X-2-76,3,"[""ORG-1934"",""ORG-1949"",""ORG-2154""]"
6678,10.1186/s12951-019-0444-8,8,"[""ORG-0497"",""ORG-0897"",""ORG-1257"",""ORG-1461"",""ORG-1667"",""ORG-1683"",""ORG-1851"",""ORG-2032""]"
6679,10.1186/s12985-019-1117-9,5,"[""ORG-1839"",""ORG-1948"",""ORG-2140"",""ORG-2154"",""ORG-2315""]"
6687,10.1128/JVI.00900-18,9,"[""ORG-0434"",""ORG-0691"",""ORG-1057"",""ORG-1347"",""ORG-1505"",""ORG-1839"",""ORG-2154"",""ORG-2166"",""ORG-2187""]"
6692,10.15252/emmm.201708084,4,"[""ORG-0188"",""ORG-0497"",""ORG-1095"",""ORG-2306""]"
6701,10.1016/j.omtm.2018.02.002,8,"[""ORG-0020"",""ORG-0046"",""ORG-0047"",""ORG-0680"",""ORG-0697"",""ORG-0766"",""ORG-1639"",""ORG-2154""]"
6703,10.1186/s12967-018-1483-x,4,"[""ORG-0925"",""ORG-1019"",""ORG-1368"",""ORG-1851""]"
6716,10.1186/s13071-018-2625-y,5,"[""ORG-0440"",""ORG-1112"",""ORG-1894"",""ORG-1908"",""ORG-2154""]"
6720,10.1016/j.neuroscience.2010.12.019,3,"[""ORG-0497"",""ORG-1259"",""ORG-1866""]"
6721,10.1093/gbe/evx219,6,"[""ORG-0497"",""ORG-1846"",""ORG-2154"",""ORG-2165"",""ORG-2166"",""ORG-2170""]"
6722,10.1093/femsec/fix129,9,"[""ORG-0243"",""ORG-0497"",""ORG-1347"",""ORG-1357"",""ORG-1361"",""ORG-1896"",""ORG-1956"",""ORG-1990"",""ORG-1991""]"
6726,10.3390/v9090257,5,"[""ORG-1238"",""ORG-1581"",""ORG-1583"",""ORG-2154"",""ORG-2166""]"
6727,10.3390/ijms18091966,5,"[""ORG-0359"",""ORG-0362"",""ORG-0963"",""ORG-1347"",""ORG-2154""]"
6733,10.1016/j.jmb.2010.08.033,11,"[""ORG-0032"",""ORG-0302"",""ORG-0824"",""ORG-0825"",""ORG-0861"",""ORG-1119"",""ORG-1259"",""ORG-1894"",""ORG-1922"",""ORG-2154"",""ORG-2306""]"
6747,10.1016/j.omtm.2017.02.004,8,"[""ORG-0020"",""ORG-0022"",""ORG-0046"",""ORG-0047"",""ORG-0484"",""ORG-1844"",""ORG-1897"",""ORG-2154""]"
6776,10.1371/journal.pone.0163320,6,"[""ORG-0359"",""ORG-0951"",""ORG-1023"",""ORG-1862"",""ORG-1938"",""ORG-2154""]"
6782,10.1186/s13071-016-1725-9,4,"[""ORG-0440"",""ORG-1839"",""ORG-1894"",""ORG-2154""]"
6788,10.1186/s13071-016-1677-0,5,"[""ORG-0440"",""ORG-0663"",""ORG-1259"",""ORG-1783"",""ORG-2154""]"
6792,10.4049/jimmunol.0900999,4,"[""ORG-1259"",""ORG-1566"",""ORG-2115"",""ORG-2154""]"
6794,10.3389/fmicb.2016.00740,5,"[""ORG-0188"",""ORG-1259"",""ORG-1347"",""ORG-1891"",""ORG-1936""]"
6810,10.1186/s12896-015-0230-0,8,"[""ORG-0020"",""ORG-0022"",""ORG-0046"",""ORG-0497"",""ORG-0539"",""ORG-0925"",""ORG-1405"",""ORG-1581""]"
6814,10.3390/v7122951,8,"[""ORG-0409"",""ORG-0539"",""ORG-0683"",""ORG-0897"",""ORG-1614"",""ORG-1825"",""ORG-1891"",""ORG-1956""]"
6816,10.1016/j.biopsycho.2009.06.009,1,"[""ORG-1581""]"
6829,10.1371/journal.pone.0138760,7,"[""ORG-0497"",""ORG-0808"",""ORG-1400"",""ORG-1581"",""ORG-1634"",""ORG-2154"",""ORG-2166""]"
6831,10.1038/mt.2009.33,1,"[""ORG-2154""]"
6837,10.1016/j.jpain.2008.09.013,5,"[""ORG-1243"",""ORG-1259"",""ORG-1581"",""ORG-1934"",""ORG-1936""]"
6839,10.1111/cas.12746,5,"[""ORG-0308"",""ORG-0925"",""ORG-1797"",""ORG-1894"",""ORG-2154""]"
6843,10.1038/srep10971,4,"[""ORG-0987"",""ORG-1866"",""ORG-2154"",""ORG-2260""]"
6846,10.1634/stemcells.2008-1075,5,"[""ORG-0048"",""ORG-0049"",""ORG-0319"",""ORG-0925"",""ORG-1934""]"
6848,10.1371/journal.pone.0125967,3,"[""ORG-0959"",""ORG-1259"",""ORG-1667""]"
6864,10.1186/s12879-023-08300-1,2,"[""ORG-0643"",""ORG-1368""]"
6868,10.1056/NEJMoa1716435,2,"[""ORG-1476"",""ORG-1798""]"
6869,10.3389/fcimb.2023.1142172,4,"[""ORG-0773"",""ORG-2154"",""ORG-2166"",""ORG-2187""]"
6873,10.1128/spectrum.04300-22,22,"[""ORG-0497"",""ORG-0571"",""ORG-0643"",""ORG-0683"",""ORG-0925"",""ORG-1232"",""ORG-1252"",""ORG-1439"",""ORG-1798"",""ORG-1813"",""ORG-1825"",""ORG-1833"",""ORG-1848"",""ORG-1890"",""ORG-1891"",""ORG-1937"",""ORG-2141"",""ORG-2154"",""ORG-2162"",""ORG-2172"",""ORG-2260"",""ORG-2306""]"
6877,10.1186/1471-2334-12-177,6,"[""ORG-0925"",""ORG-1581"",""ORG-1583"",""ORG-1856"",""ORG-1937"",""ORG-1948""]"
6881,10.3390/v14092078,2,"[""ORG-2154"",""ORG-2166""]"
6883,10.3390/v14092076,2,"[""ORG-2154"",""ORG-2166""]"
6884,10.4142/jvs.2018.19.3.350,8,"[""ORG-1347"",""ORG-1357"",""ORG-1361"",""ORG-1839"",""ORG-1952"",""ORG-1970"",""ORG-2154"",""ORG-2166""]"
6890,10.1126/scitranslmed.aan4220,8,"[""ORG-0124"",""ORG-0188"",""ORG-0895"",""ORG-0897"",""ORG-0925"",""ORG-1347"",""ORG-1825"",""ORG-2315""]"
6891,10.1371/journal.pntd.0005859,11,"[""ORG-0012"",""ORG-0332"",""ORG-0963"",""ORG-1068"",""ORG-1253"",""ORG-1347"",""ORG-1357"",""ORG-1361"",""ORG-1469"",""ORG-2154"",""ORG-2166""]"
6892,10.1016/j.vaccine.2012.03.034,10,"[""ORG-0736"",""ORG-0824"",""ORG-1047"",""ORG-1254"",""ORG-1259"",""ORG-1432"",""ORG-1797"",""ORG-1825"",""ORG-1891"",""ORG-2154""]"
6894,10.3390/v14030525,9,"[""ORG-1173"",""ORG-1732"",""ORG-1877"",""ORG-1879"",""ORG-1903"",""ORG-1937"",""ORG-2139"",""ORG-2154"",""ORG-2166""]"
6895,10.1016/S1294-5501(05)80175-X,1,"[""ORG-2154""]"
6899,10.18632/oncotarget.12975,5,"[""ORG-1089"",""ORG-1476"",""ORG-2154"",""ORG-2166"",""ORG-2171""]"
6907,10.3390/v13061082,7,"[""ORG-0497"",""ORG-0503"",""ORG-0559"",""ORG-1225"",""ORG-1905"",""ORG-2154"",""ORG-2166""]"
6915,10.1007/s11262-021-01830-3,4,"[""ORG-0085"",""ORG-0643"",""ORG-1839"",""ORG-2315""]"
6919,10.1101/2020.08.13.249649,6,"[""ORG-1221"",""ORG-1368"",""ORG-1490"",""ORG-1639"",""ORG-2166"",""ORG-2170""]"
6924,10.1186/s12985-020-01338-6,15,"[""ORG-0719"",""ORG-1310"",""ORG-1795"",""ORG-1797"",""ORG-1825"",""ORG-1846"",""ORG-1900"",""ORG-1921"",""ORG-1937"",""ORG-1948"",""ORG-2032"",""ORG-2154"",""ORG-2166"",""ORG-2174"",""ORG-2312""]"
6942,10.3390/v11100895,7,"[""ORG-0601"",""ORG-1000"",""ORG-1851"",""ORG-1938"",""ORG-2154"",""ORG-2165"",""ORG-2315""]"
6948,10.1186/s40425-019-0632-y,7,"[""ORG-0319"",""ORG-0897"",""ORG-1797"",""ORG-1825"",""ORG-1911"",""ORG-2058"",""ORG-2154""]"
6952,10.1186/1743-422X-10-250,15,"[""ORG-0067"",""ORG-0421"",""ORG-0859"",""ORG-0946"",""ORG-1347"",""ORG-1357"",""ORG-1361"",""ORG-1503"",""ORG-1593"",""ORG-1839"",""ORG-1952"",""ORG-2129"",""ORG-2154"",""ORG-2163"",""ORG-2166""]"
6954,10.1371/journal.pone.0057601,9,"[""ORG-0643"",""ORG-0925"",""ORG-1230"",""ORG-1568"",""ORG-1773"",""ORG-2154"",""ORG-2162"",""ORG-2172"",""ORG-2177""]"
6955,10.1371/journal.pone.0207440,5,"[""ORG-0360"",""ORG-0598"",""ORG-2154"",""ORG-2166"",""ORG-2294""]"
6976,10.1371/journal.pone.0034445,8,"[""ORG-0302"",""ORG-0970"",""ORG-1934"",""ORG-1936"",""ORG-2115"",""ORG-2154"",""ORG-2172"",""ORG-2184""]"
6979,10.1016/j.bbmt.2012.04.004,6,"[""ORG-0217"",""ORG-0319"",""ORG-0887"",""ORG-1917"",""ORG-1938"",""ORG-2154""]"
6986,10.1186/1471-2148-7-41,6,"[""ORG-0497"",""ORG-0699"",""ORG-1259"",""ORG-1894"",""ORG-2166"",""ORG-2304""]"
6991,10.3390/v9030054,1,"[""ORG-2154""]"
6995,10.3390/v15040828,4,"[""ORG-0559"",""ORG-2115"",""ORG-2154"",""ORG-2166""]"
6998,10.1093/infdis/jiad108,2,"[""ORG-1196"",""ORG-2154""]"
6999,10.1016/j.vetimm.2017.01.004,7,"[""ORG-0777"",""ORG-0859"",""ORG-0887"",""ORG-1119"",""ORG-1196"",""ORG-1839"",""ORG-1900""]"
7003,10.1038/s41392-023-01408-5,9,"[""ORG-0970"",""ORG-1136"",""ORG-1347"",""ORG-1357"",""ORG-1421"",""ORG-1825"",""ORG-1847"",""ORG-2154"",""ORG-2166""]"
7005,10.3201/eid2906.230326,1,"[""ORG-1347""]"
7011,10.3390/v15030604,7,"[""ORG-1259"",""ORG-1368"",""ORG-1803"",""ORG-1938"",""ORG-1948"",""ORG-2034"",""ORG-2154""]"
7015,10.1038/s41541-023-00645-7,8,"[""ORG-0497"",""ORG-1196"",""ORG-1230"",""ORG-1259"",""ORG-1608"",""ORG-1609"",""ORG-1802"",""ORG-2154""]"
7022,10.1080/20477724.2016.1275465,14,"[""ORG-0545"",""ORG-0963"",""ORG-0970"",""ORG-1196"",""ORG-1197"",""ORG-1233"",""ORG-1289"",""ORG-1358"",""ORG-1766"",""ORG-1825"",""ORG-2115"",""ORG-2154"",""ORG-2166"",""ORG-2171""]"
7027,10.1016/j.leukres.2012.01.020,7,"[""ORG-0311"",""ORG-0421"",""ORG-0925"",""ORG-1259"",""ORG-1894"",""ORG-2154"",""ORG-2166""]"
7030,10.3390/md21020077,8,"[""ORG-0317"",""ORG-0559"",""ORG-1259"",""ORG-1511"",""ORG-2115"",""ORG-2154"",""ORG-2166"",""ORG-2171""]"
7036,10.1172/JCI163338,5,"[""ORG-0302"",""ORG-0824"",""ORG-0825"",""ORG-1581"",""ORG-1839""]"
7045,10.1186/s12967-016-1096-1,7,"[""ORG-0925"",""ORG-1668"",""ORG-1938"",""ORG-2115"",""ORG-2116"",""ORG-2154"",""ORG-2315""]"
7047,10.1186/s12917-022-03529-5,12,"[""ORG-0101"",""ORG-0640"",""ORG-0641"",""ORG-0643"",""ORG-0951"",""ORG-1095"",""ORG-1361"",""ORG-1714"",""ORG-1803"",""ORG-1938"",""ORG-2154"",""ORG-2193""]"
7048,10.1016/j.bbapap.2006.09.006,12,"[""ORG-0471"",""ORG-1205"",""ORG-1505"",""ORG-1616"",""ORG-1696"",""ORG-1900"",""ORG-1903"",""ORG-1917"",""ORG-1986"",""ORG-2154"",""ORG-2159"",""ORG-2166""]"
7049,10.4049/jimmunol.1103001,4,"[""ORG-0302"",""ORG-0899"",""ORG-1259"",""ORG-2154""]"
7051,10.1016/j.jvacx.2022.100259,8,"[""ORG-1112"",""ORG-1196"",""ORG-1221"",""ORG-1347"",""ORG-1429"",""ORG-1841"",""ORG-2154"",""ORG-2299""]"
7052,10.1016/j.jconrel.2011.12.026,8,"[""ORG-0302"",""ORG-1221"",""ORG-1825"",""ORG-1839"",""ORG-1881"",""ORG-1952"",""ORG-2154"",""ORG-2166""]"
7058,10.1084/jem.20160888,4,"[""ORG-0963"",""ORG-1766"",""ORG-1798"",""ORG-2154""]"
7062,10.1038/nature10766,6,"[""ORG-0399"",""ORG-0824"",""ORG-0825"",""ORG-1368"",""ORG-1839"",""ORG-2154""]"
7068,10.1186/1743-422X-8-562,12,"[""ORG-0312"",""ORG-0497"",""ORG-0895"",""ORG-0899"",""ORG-1259"",""ORG-1325"",""ORG-1326"",""ORG-1439"",""ORG-1900"",""ORG-1921"",""ORG-1948"",""ORG-2154""]"
7070,10.1186/1746-6148-7-80,8,"[""ORG-0716"",""ORG-1325"",""ORG-1326"",""ORG-1511"",""ORG-1900"",""ORG-1901"",""ORG-2154"",""ORG-2166""]"
7077,10.1016/j.vaccine.2006.07.035,7,"[""ORG-0469"",""ORG-0516"",""ORG-1019"",""ORG-1119"",""ORG-1232"",""ORG-1936"",""ORG-2154""]"
7089,10.3748/wjg.v22.i35.7999,3,"[""ORG-0506"",""ORG-1019"",""ORG-2166""]"
7096,10.1016/j.vaccine.2016.08.088,3,"[""ORG-1581"",""ORG-1936"",""ORG-2154""]"
7101,10.1172/JCI159895,9,"[""ORG-0344"",""ORG-0680"",""ORG-0963"",""ORG-1095"",""ORG-1600"",""ORG-1608"",""ORG-1609"",""ORG-1798"",""ORG-2247""]"
7102,10.1038/s41598-022-21506-8,6,"[""ORG-0763"",""ORG-0801"",""ORG-0925"",""ORG-1938"",""ORG-2115"",""ORG-2154""]"
7103,10.2147/OV.S108831,3,"[""ORG-1839"",""ORG-1949"",""ORG-2154""]"
7105,10.3389/fmicb.2022.988136,9,"[""ORG-0188"",""ORG-0497"",""ORG-1581"",""ORG-1586"",""ORG-1641"",""ORG-1819"",""ORG-1839"",""ORG-2154"",""ORG-2166""]"
7108,10.3390/vaccines10091516,6,"[""ORG-1196"",""ORG-1603"",""ORG-1822"",""ORG-1938"",""ORG-2115"",""ORG-2154""]"
7114,10.1016/j.vaccine.2022.08.054,10,"[""ORG-0413"",""ORG-0565"",""ORG-0899"",""ORG-1095"",""ORG-1230"",""ORG-1505"",""ORG-1608"",""ORG-1609"",""ORG-2115"",""ORG-2154""]"
7117,10.4049/jimmunol.1600591,4,"[""ORG-0302"",""ORG-1347"",""ORG-1766"",""ORG-1798""]"
7120,10.1186/1479-5876-9-172,5,"[""ORG-0188"",""ORG-1839"",""ORG-1891"",""ORG-1938"",""ORG-2154""]"
7127,10.1111/zph.12289,5,"[""ORG-1221"",""ORG-1259"",""ORG-1368"",""ORG-1867"",""ORG-1913""]"
7128,10.3390/v14071453,6,"[""ORG-0571"",""ORG-1825"",""ORG-1919"",""ORG-2115"",""ORG-2116"",""ORG-2154""]"
7134,10.1371/journal.pone.0024643,14,"[""ORG-0082"",""ORG-0421"",""ORG-0623"",""ORG-0639"",""ORG-1822"",""ORG-1825"",""ORG-1829"",""ORG-1898"",""ORG-1922"",""ORG-1934"",""ORG-1937"",""ORG-2115"",""ORG-2141"",""ORG-2154""]"
7137,10.1016/j.xcrm.2022.100685,11,"[""ORG-0413"",""ORG-1146"",""ORG-1147"",""ORG-1196"",""ORG-1197"",""ORG-1230"",""ORG-1259"",""ORG-1891"",""ORG-2114"",""ORG-2115"",""ORG-2154""]"
7147,10.1084/jem.20052005,10,"[""ORG-0206"",""ORG-0302"",""ORG-0497"",""ORG-0824"",""ORG-0861"",""ORG-0989"",""ORG-1461"",""ORG-1581"",""ORG-1766"",""ORG-2154""]"
7151,10.1016/j.virol.2011.08.005,12,"[""ORG-0302"",""ORG-1089"",""ORG-1259"",""ORG-1347"",""ORG-1357"",""ORG-1421"",""ORG-1881"",""ORG-1891"",""ORG-2115"",""ORG-2116"",""ORG-2147"",""ORG-2154""]"
7160,10.1128/spectrum.00272-22,16,"[""ORG-0497"",""ORG-0556"",""ORG-0963"",""ORG-1429"",""ORG-1581"",""ORG-1586"",""ORG-1603"",""ORG-1825"",""ORG-1890"",""ORG-1934"",""ORG-1937"",""ORG-1956"",""ORG-2115"",""ORG-2140"",""ORG-2154"",""ORG-2166""]"
7164,10.1111/mve.12576,9,"[""ORG-0057"",""ORG-0059"",""ORG-0440"",""ORG-1259"",""ORG-1581"",""ORG-1819"",""ORG-1918"",""ORG-1938"",""ORG-2154""]"
7167,10.1158/2326-6066.CIR-21-0171,7,"[""ORG-0455"",""ORG-0895"",""ORG-1825"",""ORG-2115"",""ORG-2154"",""ORG-2157"",""ORG-2166""]"
7177,10.1016/j.vaccine.2011.07.100,3,"[""ORG-1934"",""ORG-1991"",""ORG-2154""]"
7182,10.1016/j.jcyt.2015.12.007,7,"[""ORG-0124"",""ORG-0319"",""ORG-1215"",""ORG-1249"",""ORG-1259"",""ORG-1856"",""ORG-2154""]"
7183,10.1186/s12985-022-01779-1,9,"[""ORG-0545"",""ORG-0925"",""ORG-1259"",""ORG-1361"",""ORG-1593"",""ORG-1905"",""ORG-2058"",""ORG-2115"",""ORG-2154""]"
7186,10.4049/jimmunol.1101138,7,"[""ORG-0302"",""ORG-0434"",""ORG-1259"",""ORG-1766"",""ORG-1872"",""ORG-2115"",""ORG-2154""]"
7189,10.1038/s41408-022-00634-4,9,"[""ORG-0302"",""ORG-0763"",""ORG-0925"",""ORG-1783"",""ORG-1934"",""ORG-1938"",""ORG-1948"",""ORG-2115"",""ORG-2154""]"
7194,10.1371/journal.pone.0020977,7,"[""ORG-0869"",""ORG-0897"",""ORG-0925"",""ORG-1196"",""ORG-1259"",""ORG-1432"",""ORG-1519""]"
7212,10.1136/jitc-2021-002843,9,"[""ORG-0302"",""ORG-0319"",""ORG-1669"",""ORG-1766"",""ORG-1949"",""ORG-1994"",""ORG-2115"",""ORG-2154"",""ORG-2166""]"
7214,10.3390/biomedicines9121780,8,"[""ORG-0556"",""ORG-0938"",""ORG-1825"",""ORG-1846"",""ORG-2115"",""ORG-2116"",""ORG-2154"",""ORG-2315""]"
7220,10.3390/microorganisms9112185,18,"[""ORG-0497"",""ORG-0545"",""ORG-1079"",""ORG-1259"",""ORG-1325"",""ORG-1326"",""ORG-1347"",""ORG-1357"",""ORG-1421"",""ORG-1581"",""ORG-1631"",""ORG-1819"",""ORG-1891"",""ORG-1911"",""ORG-1937"",""ORG-1938"",""ORG-2141"",""ORG-2154""]"
7236,10.3390/molecules26216668,7,"[""ORG-0497"",""ORG-0970"",""ORG-1421"",""ORG-1874"",""ORG-1894"",""ORG-2115"",""ORG-2154""]"
7239,10.1371/journal.pone.0139349,11,"[""ORG-0421"",""ORG-0497"",""ORG-0596"",""ORG-1119"",""ORG-1361"",""ORG-1362"",""ORG-1593"",""ORG-1843"",""ORG-1863"",""ORG-1936"",""ORG-1979""]"
7246,10.3390/vaccines9090959,10,"[""ORG-0283"",""ORG-0824"",""ORG-0825"",""ORG-1196"",""ORG-1347"",""ORG-1357"",""ORG-1568"",""ORG-1581"",""ORG-1608"",""ORG-1609""]"
7249,10.1186/1471-2407-11-68,8,"[""ORG-0315"",""ORG-0560"",""ORG-1259"",""ORG-1897"",""ORG-2115"",""ORG-2116"",""ORG-2154"",""ORG-2315""]"
7252,10.1186/1297-9716-42-3,11,"[""ORG-0182"",""ORG-0497"",""ORG-0680"",""ORG-0925"",""ORG-1514"",""ORG-1831"",""ORG-1936"",""ORG-2141"",""ORG-2154"",""ORG-2166"",""ORG-2306""]"
7253,10.1016/j.omto.2021.06.001,9,"[""ORG-0036"",""ORG-0925"",""ORG-1259"",""ORG-1536"",""ORG-1797"",""ORG-2057"",""ORG-2116"",""ORG-2154"",""ORG-2166""]"
7255,10.1126/scitranslmed.aac5745,4,"[""ORG-0565"",""ORG-1196"",""ORG-1766"",""ORG-2154""]"
7261,10.3390/v13081631,9,"[""ORG-1259"",""ORG-1766"",""ORG-1825"",""ORG-1847"",""ORG-1974"",""ORG-2113"",""ORG-2115"",""ORG-2116"",""ORG-2154""]"
7265,10.7150/thno.12533,3,"[""ORG-2115"",""ORG-2154"",""ORG-2163""]"
7268,10.1128/JVI.01012-21,21,"[""ORG-0090"",""ORG-0573"",""ORG-0621"",""ORG-0995"",""ORG-1195"",""ORG-1259"",""ORG-1558"",""ORG-1798"",""ORG-1839"",""ORG-1862"",""ORG-1911"",""ORG-1921"",""ORG-1937"",""ORG-1938"",""ORG-2115"",""ORG-2147"",""ORG-2154"",""ORG-2166"",""ORG-2170"",""ORG-2171"",""ORG-2315""]"
7272,10.1073/pnas.2026207118,14,"[""ORG-0302"",""ORG-0409"",""ORG-0413"",""ORG-0522"",""ORG-0897"",""ORG-1146"",""ORG-1147"",""ORG-1196"",""ORG-1197"",""ORG-1608"",""ORG-1609"",""ORG-1783"",""ORG-2115"",""ORG-2154""]"
7281,10.3390/md19060292,5,"[""ORG-0895"",""ORG-0897"",""ORG-0925"",""ORG-2115"",""ORG-2154""]"
7282,10.1042/BSR20204186,3,"[""ORG-1364"",""ORG-2115"",""ORG-2154""]"
7283,10.1093/cid/ciq015,5,"[""ORG-1196"",""ORG-1766"",""ORG-1852"",""ORG-1859"",""ORG-2166""]"
7286,10.1186/s13578-021-00610-8,4,"[""ORG-1221"",""ORG-1259"",""ORG-1429"",""ORG-1911""]"
7287,10.1016/j.surg.2015.03.044,3,"[""ORG-0925"",""ORG-1797"",""ORG-2166""]"
7288,10.1038/s41467-021-22929-z,8,"[""ORG-1089"",""ORG-1812"",""ORG-1934"",""ORG-1937"",""ORG-1938"",""ORG-2141"",""ORG-2154"",""ORG-2166""]"
7292,10.1007/s10393-010-0355-5,3,"[""ORG-1910"",""ORG-2154"",""ORG-2260""]"
7299,10.1016/j.mcp.2004.07.004,4,"[""ORG-1361"",""ORG-1581"",""ORG-1696"",""ORG-2166""]"
7310,10.1073/pnas.2026785118,13,"[""ORG-0302"",""ORG-0413"",""ORG-0680"",""ORG-0925"",""ORG-0963"",""ORG-1196"",""ORG-1259"",""ORG-1600"",""ORG-1608"",""ORG-1609"",""ORG-1766"",""ORG-2115"",""ORG-2154""]"
7311,10.1186/s12985-021-01519-x,5,"[""ORG-1259"",""ORG-1581"",""ORG-1839"",""ORG-2154"",""ORG-2340""]"
7315,10.1016/j.micinf.2010.08.012,2,"[""ORG-1891"",""ORG-2154""]"
7316,10.1016/j.immuni.2021.02.001,14,"[""ORG-0302"",""ORG-0413"",""ORG-0497"",""ORG-0942"",""ORG-1196"",""ORG-1197"",""ORG-1230"",""ORG-1259"",""ORG-1608"",""ORG-1609"",""ORG-1611"",""ORG-1668"",""ORG-1766"",""ORG-2154""]"
7328,10.1186/1743-422X-1-10,11,"[""ORG-0317"",""ORG-0836"",""ORG-0963"",""ORG-1169"",""ORG-1766"",""ORG-1797"",""ORG-1825"",""ORG-1938"",""ORG-2115"",""ORG-2154"",""ORG-2315""]"
7329,10.1136/jitc-2020-001586,9,"[""ORG-0302"",""ORG-1196"",""ORG-1766"",""ORG-1771"",""ORG-1772"",""ORG-1902"",""ORG-1921"",""ORG-2057"",""ORG-2058""]"
7331,10.1128/JVI.02239-20,10,"[""ORG-1259"",""ORG-1347"",""ORG-1709"",""ORG-1800"",""ORG-1839"",""ORG-1936"",""ORG-1938"",""ORG-2113"",""ORG-2154"",""ORG-2163""]"
7332,10.1371/journal.pone.0120496,10,"[""ORG-0312"",""ORG-0913"",""ORG-1259"",""ORG-1798"",""ORG-1938"",""ORG-2115"",""ORG-2154"",""ORG-2160"",""ORG-2163"",""ORG-2166""]"
7336,10.1136/jitc-2020-001624,11,"[""ORG-0302"",""ORG-0421"",""ORG-0925"",""ORG-1089"",""ORG-1763"",""ORG-1766"",""ORG-1938"",""ORG-2115"",""ORG-2154"",""ORG-2166"",""ORG-2315""]"
7353,10.1292/jvms.14-0253,11,"[""ORG-0191"",""ORG-0497"",""ORG-1259"",""ORG-1347"",""ORG-1357"",""ORG-1581"",""ORG-1894"",""ORG-1896"",""ORG-1911"",""ORG-2154"",""ORG-2306""]"
7354,10.1371/journal.pone.0117042,9,"[""ORG-0497"",""ORG-0824"",""ORG-1196"",""ORG-1347"",""ORG-1351"",""ORG-1581"",""ORG-1766"",""ORG-1872"",""ORG-1934""]"
7363,10.1038/s41467-020-19819-1,7,"[""ORG-1196"",""ORG-1427"",""ORG-1581"",""ORG-1608"",""ORG-1609"",""ORG-1891"",""ORG-1934""]"
7364,10.1007/s00430-014-0376-8,5,"[""ORG-0560"",""ORG-0773"",""ORG-1581"",""ORG-1825"",""ORG-2154""]"
7370,10.1586/erv.10.55,5,"[""ORG-0808"",""ORG-0906"",""ORG-1766"",""ORG-1825"",""ORG-1956""]"
7371,10.1038/s41598-020-76449-9,13,"[""ORG-0020"",""ORG-0429"",""ORG-0431"",""ORG-0571"",""ORG-0833"",""ORG-0951"",""ORG-1243"",""ORG-1368"",""ORG-1581"",""ORG-1684"",""ORG-1844"",""ORG-1938"",""ORG-2154""]"
7374,10.1038/onc.2010.137,10,"[""ORG-0385"",""ORG-0471"",""ORG-1259"",""ORG-1421"",""ORG-1902"",""ORG-1937"",""ORG-1952"",""ORG-2058"",""ORG-2154"",""ORG-2166""]"
7377,10.1016/j.virol.2010.04.015,8,"[""ORG-0082"",""ORG-0497"",""ORG-0719"",""ORG-1196"",""ORG-1825"",""ORG-1863"",""ORG-1937"",""ORG-2141""]"
7379,10.1016/j.vaccine.2020.08.050,10,"[""ORG-0522"",""ORG-1119"",""ORG-1122"",""ORG-1196"",""ORG-1245"",""ORG-1603"",""ORG-1644"",""ORG-1684"",""ORG-1905"",""ORG-2154""]"
7388,10.1111/pcmr.12935,7,"[""ORG-0302"",""ORG-0895"",""ORG-1259"",""ORG-1766"",""ORG-1911"",""ORG-2154"",""ORG-2306""]"
7389,10.3390/ijms21197326,6,"[""ORG-0925"",""ORG-1259"",""ORG-1581"",""ORG-1585"",""ORG-1856"",""ORG-2166""]"
7391,10.3389/fimmu.2020.02096,9,"[""ORG-0824"",""ORG-0825"",""ORG-1196"",""ORG-1259"",""ORG-1347"",""ORG-1357"",""ORG-1766"",""ORG-2115"",""ORG-2154""]"
7401,10.17998/jlc.20.2.177,1,"[""ORG-2154""]"
7402,10.1371/journal.pone.0107903,11,"[""ORG-0565"",""ORG-0736"",""ORG-0869"",""ORG-0897"",""ORG-1196"",""ORG-1347"",""ORG-1357"",""ORG-1825"",""ORG-1839"",""ORG-2105"",""ORG-2114""]"
7413,10.1016/j.cytogfr.2010.02.010,4,"[""ORG-0188"",""ORG-0319"",""ORG-2154"",""ORG-2315""]"
7420,10.1371/journal.ppat.1000768,11,"[""ORG-0124"",""ORG-0963"",""ORG-1684"",""ORG-1766"",""ORG-1798"",""ORG-1825"",""ORG-1826"",""ORG-1938"",""ORG-2147"",""ORG-2154"",""ORG-2166""]"
7434,10.3390/v12070750,9,"[""ORG-0559"",""ORG-0790"",""ORG-1797"",""ORG-1839"",""ORG-2052"",""ORG-2058"",""ORG-2115"",""ORG-2154"",""ORG-2166""]"
7442,10.1186/1479-5876-12-197,6,"[""ORG-0312"",""ORG-1812"",""ORG-1900"",""ORG-2115"",""ORG-2154"",""ORG-2315""]"
7444,10.2147/OV.S252727,5,"[""ORG-0559"",""ORG-1259"",""ORG-1315"",""ORG-1581"",""ORG-2154""]"
7445,10.1371/journal.pone.0101591,12,"[""ORG-0497"",""ORG-0803"",""ORG-0824"",""ORG-0825"",""ORG-0861"",""ORG-0897"",""ORG-0970"",""ORG-1196"",""ORG-1581"",""ORG-1839"",""ORG-2115"",""ORG-2154""]"
7454,10.3390/vaccines8020244,7,"[""ORG-0836"",""ORG-0925"",""ORG-1914"",""ORG-2154"",""ORG-2159"",""ORG-2166"",""ORG-2260""]"
7460,10.1016/j.vaccine.2014.05.011,12,"[""ORG-0302"",""ORG-0315"",""ORG-0754"",""ORG-0755"",""ORG-0895"",""ORG-1196"",""ORG-1347"",""ORG-1357"",""ORG-1738"",""ORG-1867"",""ORG-2115"",""ORG-2154""]"
7461,10.1084/jem.20091472,9,"[""ORG-0619"",""ORG-0925"",""ORG-0974"",""ORG-1766"",""ORG-1829"",""ORG-1894"",""ORG-1905"",""ORG-1931"",""ORG-2154""]"
7470,10.1186/1476-4598-13-82,5,"[""ORG-0559"",""ORG-0925"",""ORG-0938"",""ORG-1259"",""ORG-2154""]"
7475,10.1080/2162402X.2020.1729300,7,"[""ORG-0899"",""ORG-0925"",""ORG-1095"",""ORG-1259"",""ORG-1364"",""ORG-1938"",""ORG-2154""]"
7483,10.7326/M19-2511,4,"[""ORG-0359"",""ORG-1766"",""ORG-1839"",""ORG-1897""]"
7487,10.1007/s00438-009-0475-1,10,"[""ORG-0374"",""ORG-0836"",""ORG-0947"",""ORG-0988"",""ORG-1253"",""ORG-1859"",""ORG-2115"",""ORG-2116"",""ORG-2154"",""ORG-2166""]"
7496,10.1371/journal.pone.0088340,10,"[""ORG-0302"",""ORG-0970"",""ORG-1196"",""ORG-1766"",""ORG-1797"",""ORG-1809"",""ORG-1937"",""ORG-2115"",""ORG-2154"",""ORG-2166""]"
7502,10.4049/immunohorizons.1900070,6,"[""ORG-0302"",""ORG-1347"",""ORG-1357"",""ORG-1766"",""ORG-2115"",""ORG-2154""]"
7503,10.1371/journal.pone.0084707,6,"[""ORG-0497"",""ORG-0824"",""ORG-1196"",""ORG-1581"",""ORG-1766"",""ORG-1894""]"
7511,10.3389/fimmu.2019.02850,7,"[""ORG-0925"",""ORG-0963"",""ORG-1196"",""ORG-1259"",""ORG-1839"",""ORG-2115"",""ORG-2154""]"
7514,10.1007/s12250-019-00176-3,8,"[""ORG-0409"",""ORG-0719"",""ORG-1196"",""ORG-1254"",""ORG-1405"",""ORG-1432"",""ORG-1511"",""ORG-2166""]"
7518,10.3390/vaccines7040208,15,"[""ORG-0302"",""ORG-0559"",""ORG-0824"",""ORG-0825"",""ORG-0951"",""ORG-1196"",""ORG-1197"",""ORG-1424"",""ORG-1427"",""ORG-1428"",""ORG-1581"",""ORG-1811"",""ORG-1872"",""ORG-2115"",""ORG-2154""]"
7529,10.1371/journal.pone.0083802,15,"[""ORG-0015"",""ORG-0171"",""ORG-0925"",""ORG-0968"",""ORG-0970"",""ORG-1259"",""ORG-1325"",""ORG-1326"",""ORG-1353"",""ORG-1766"",""ORG-1798"",""ORG-1825"",""ORG-1891"",""ORG-1900"",""ORG-2154""]"
7544,10.3390/vaccines7030073,8,"[""ORG-0399"",""ORG-0457"",""ORG-1230"",""ORG-1259"",""ORG-1825"",""ORG-1881"",""ORG-2114"",""ORG-2154""]"
7546,10.1016/j.vaccine.2009.02.048,11,"[""ORG-0133"",""ORG-0497"",""ORG-1259"",""ORG-1347"",""ORG-1357"",""ORG-1581"",""ORG-1798"",""ORG-1927"",""ORG-2114"",""ORG-2147"",""ORG-2154""]"
7552,10.3390/md17060363,4,"[""ORG-0925"",""ORG-2115"",""ORG-2154"",""ORG-2163""]"
7553,10.1038/s41417-019-0112-z,8,"[""ORG-0133"",""ORG-0315"",""ORG-0741"",""ORG-1221"",""ORG-1603"",""ORG-1857"",""ORG-1936"",""ORG-2154""]"
7555,10.1007/s00262-009-0686-7,6,"[""ORG-0906"",""ORG-1079"",""ORG-1259"",""ORG-1347"",""ORG-2154"",""ORG-2166""]"
7561,10.1371/journal.pone.0071105,4,"[""ORG-0315"",""ORG-1839"",""ORG-1934"",""ORG-2154""]"
7564,10.1371/journal.pone.0004180,7,"[""ORG-1196"",""ORG-1432"",""ORG-1536"",""ORG-1538"",""ORG-1608"",""ORG-1813"",""ORG-2306""]"
7574,10.3390/genes10030237,6,"[""ORG-0497"",""ORG-0897"",""ORG-0963"",""ORG-1259"",""ORG-2154"",""ORG-2166""]"
7582,10.1371/journal.pone.0068685,5,"[""ORG-1089"",""ORG-1667"",""ORG-2154"",""ORG-2161"",""ORG-2166""]"
7593,10.1038/gt.2008.152,7,"[""ORG-0108"",""ORG-0497"",""ORG-0506"",""ORG-0897"",""ORG-1196"",""ORG-1402"",""ORG-2154""]"
7600,10.1016/j.vaccine.2008.09.007,2,"[""ORG-0959"",""ORG-2154""]"
7601,10.1371/journal.pone.0066825,6,"[""ORG-0925"",""ORG-0941"",""ORG-1421"",""ORG-1773"",""ORG-1891"",""ORG-2154""]"
7608,10.3389/fimmu.2018.02558,12,"[""ORG-0497"",""ORG-0898"",""ORG-1095"",""ORG-1221"",""ORG-1253"",""ORG-1581"",""ORG-1797"",""ORG-1798"",""ORG-1881"",""ORG-1894"",""ORG-2114"",""ORG-2154""]"
7617,10.1186/1479-5876-11-106,9,"[""ORG-1221"",""ORG-1839"",""ORG-1881"",""ORG-1934"",""ORG-1938"",""ORG-2057"",""ORG-2058"",""ORG-2115"",""ORG-2154""]"
7618,10.1038/s41467-018-06954-z,7,"[""ORG-0900"",""ORG-0902"",""ORG-1167"",""ORG-2115"",""ORG-2154"",""ORG-2166"",""ORG-2260""]"
7623,10.1038/s41598-018-33375-1,6,"[""ORG-0302"",""ORG-1196"",""ORG-1245"",""ORG-1259"",""ORG-1744"",""ORG-1766""]"
7632,10.3390/v10090455,4,"[""ORG-0206"",""ORG-0987"",""ORG-1839"",""ORG-2154""]"
7636,10.1371/journal.pone.0057726,5,"[""ORG-0155"",""ORG-1095"",""ORG-1196"",""ORG-2115"",""ORG-2154""]"
7639,10.3389/fimmu.2018.01756,2,"[""ORG-2115"",""ORG-2154""]"
7648,10.1001/jamaoto.2013.1360,4,"[""ORG-0925"",""ORG-1538"",""ORG-2115"",""ORG-2154""]"
7655,10.3389/fimmu.2013.00007,10,"[""ORG-0559"",""ORG-1215"",""ORG-1259"",""ORG-1347"",""ORG-1357"",""ORG-1911"",""ORG-1937"",""ORG-1986"",""ORG-2154"",""ORG-2166""]"
7657,10.1158/1078-0432.CCR-12-2478,6,"[""ORG-0897"",""ORG-1089"",""ORG-1259"",""ORG-1421"",""ORG-1432"",""ORG-1891""]"
7659,10.1371/journal.pone.0198506,9,"[""ORG-0206"",""ORG-0399"",""ORG-0637"",""ORG-1085"",""ORG-1480"",""ORG-1825"",""ORG-1910"",""ORG-1986"",""ORG-2154""]"
7662,10.1016/j.omto.2018.01.001,10,"[""ORG-1581"",""ORG-1672"",""ORG-1986"",""ORG-2115"",""ORG-2116"",""ORG-2140"",""ORG-2154"",""ORG-2159"",""ORG-2166"",""ORG-2306""]"
7663,10.3390/v5010321,7,"[""ORG-0312"",""ORG-0719"",""ORG-1196"",""ORG-1581"",""ORG-1937"",""ORG-1956"",""ORG-2166""]"
7668,10.1099/vir.0.049700-0,6,"[""ORG-0571"",""ORG-1259"",""ORG-1855"",""ORG-2115"",""ORG-2116"",""ORG-2154""]"
7669,10.1371/journal.pone.0197299,5,"[""ORG-0497"",""ORG-0559"",""ORG-0824"",""ORG-0825"",""ORG-1196""]"
7672,10.1016/j.biologicals.2018.05.004,9,"[""ORG-1146"",""ORG-1196"",""ORG-1259"",""ORG-1361"",""ORG-1503"",""ORG-1538"",""ORG-1581"",""ORG-2115"",""ORG-2154""]"
7675,10.2147/OV.S37971,4,"[""ORG-1858"",""ORG-2154"",""ORG-2166"",""ORG-2315""]"
7676,10.1016/j.ebiom.2018.05.001,4,"[""ORG-0970"",""ORG-1427"",""ORG-1428"",""ORG-2154""]"
7683,10.1371/journal.pmed.0040353,25,"[""ORG-0015"",""ORG-0206"",""ORG-0421"",""ORG-0895"",""ORG-0925"",""ORG-1259"",""ORG-1685"",""ORG-1711"",""ORG-1746"",""ORG-1775"",""ORG-1839"",""ORG-1937"",""ORG-1938"",""ORG-1949"",""ORG-1958"",""ORG-1969"",""ORG-2057"",""ORG-2058"",""ORG-2115"",""ORG-2140"",""ORG-2154"",""ORG-2158"",""ORG-2166"",""ORG-2171"",""ORG-2306""]"
7684,10.1016/j.vaccine.2012.11.047,12,"[""ORG-0171"",""ORG-0895"",""ORG-0970"",""ORG-1196"",""ORG-1259"",""ORG-1353"",""ORG-1511"",""ORG-1825"",""ORG-2115"",""ORG-2154"",""ORG-2166"",""ORG-2170""]"
7685,10.1038/s41598-018-23712-9,8,"[""ORG-0970"",""ORG-1095"",""ORG-1196"",""ORG-1259"",""ORG-1956"",""ORG-2115"",""ORG-2154"",""ORG-2166""]"
7693,10.1016/j.ebiom.2018.02.011,13,"[""ORG-0565"",""ORG-0970"",""ORG-1089"",""ORG-1196"",""ORG-1259"",""ORG-1427"",""ORG-1428"",""ORG-1432"",""ORG-1766"",""ORG-1872"",""ORG-2154"",""ORG-2155"",""ORG-2260""]"
7696,10.1080/20008686.2018.1439215,6,"[""ORG-1230"",""ORG-1894"",""ORG-1911"",""ORG-2154"",""ORG-2331"",""ORG-2340""]"
7699,10.1371/journal.pone.0048322,7,"[""ORG-0302"",""ORG-0559"",""ORG-1196"",""ORG-1395"",""ORG-1464"",""ORG-1519"",""ORG-1766""]"
7702,10.1371/journal.pone.0047472,8,"[""ORG-0312"",""ORG-1669"",""ORG-1934"",""ORG-1938"",""ORG-2058"",""ORG-2115"",""ORG-2116"",""ORG-2154""]"
7708,10.1371/journal.pone.0045942,6,"[""ORG-1143"",""ORG-1893"",""ORG-1938"",""ORG-2115"",""ORG-2154"",""ORG-2157""]"
7711,10.1128/JVI.02219-17,12,"[""ORG-0497"",""ORG-0887"",""ORG-1459"",""ORG-1581"",""ORG-1825"",""ORG-1867"",""ORG-1934"",""ORG-2115"",""ORG-2140"",""ORG-2147"",""ORG-2154"",""ORG-2166""]"
7719,10.1002/eji.201242624,5,"[""ORG-0897"",""ORG-1581"",""ORG-1766"",""ORG-1934"",""ORG-2154""]"
7722,10.1371/journal.pone.0000707,8,"[""ORG-1196"",""ORG-1259"",""ORG-1427"",""ORG-1428"",""ORG-1839"",""ORG-1897"",""ORG-2115"",""ORG-2154""]"
7731,10.1371/journal.pone.0043298,3,"[""ORG-0925"",""ORG-2154"",""ORG-2158""]"
7737,10.18632/oncotarget.20703,5,"[""ORG-0302"",""ORG-0619"",""ORG-1424"",""ORG-1891"",""ORG-1900""]"
7743,10.1016/j.jviromet.2017.10.006,8,"[""ORG-0772"",""ORG-0833"",""ORG-0858"",""ORG-1230"",""ORG-1825"",""ORG-1979"",""ORG-2111"",""ORG-2154""]"
7744,10.1371/journal.pone.0040167,16,"[""ORG-0526"",""ORG-0869"",""ORG-1196"",""ORG-1259"",""ORG-1347"",""ORG-1357"",""ORG-1766"",""ORG-1844"",""ORG-1848"",""ORG-1864"",""ORG-1902"",""ORG-1937"",""ORG-2115"",""ORG-2139"",""ORG-2154"",""ORG-2166""]"
7746,10.1155/2017/3620510,6,"[""ORG-1259"",""ORG-1581"",""ORG-1900"",""ORG-2115"",""ORG-2154"",""ORG-2166""]"
7748,10.1186/s13567-017-0459-9,9,"[""ORG-1089"",""ORG-1245"",""ORG-1667"",""ORG-1825"",""ORG-1833"",""ORG-1839"",""ORG-2115"",""ORG-2154"",""ORG-2260""]"
7761,10.1371/journal.pone.0181886,7,"[""ORG-0824"",""ORG-0825"",""ORG-1196"",""ORG-1212"",""ORG-1259"",""ORG-2115"",""ORG-2154""]"
7762,10.1038/s41598-017-07755-y,5,"[""ORG-1253"",""ORG-1461"",""ORG-1464"",""ORG-1825"",""ORG-1867""]"
7785,10.1038/s41420-023-01466-2,7,"[""ORG-0559"",""ORG-0925"",""ORG-1136"",""ORG-1900"",""ORG-1931"",""ORG-2154"",""ORG-2166""]"
7787,10.3390/diagnostics13091639,4,"[""ORG-0206"",""ORG-0413"",""ORG-1913"",""ORG-2154""]"
7789,10.3390/v12020200,6,"[""ORG-0306"",""ORG-0925"",""ORG-0963"",""ORG-1856"",""ORG-1931"",""ORG-2154""]"
7791,10.1136/medethics-2015-103327,1,"[""ORG-1981""]"
7803,10.1016/j.molonc.2016.07.007,5,"[""ORG-0963"",""ORG-1136"",""ORG-1259"",""ORG-1891"",""ORG-2154""]"
7807,10.1186/s12879-023-08114-1,3,"[""ORG-1259"",""ORG-1856"",""ORG-2154""]"
7809,10.5811/westjem.2016.3.30188,9,"[""ORG-1122"",""ORG-1259"",""ORG-1347"",""ORG-1421"",""ORG-1503"",""ORG-1667"",""ORG-1938"",""ORG-1981"",""ORG-2154""]"
7830,10.1111/cas.15740,8,"[""ORG-0925"",""ORG-1136"",""ORG-1259"",""ORG-1580"",""ORG-1766"",""ORG-1921"",""ORG-2058"",""ORG-2154""]"
7834,10.1002/jgm.2670,8,"[""ORG-0565"",""ORG-0925"",""ORG-1136"",""ORG-1259"",""ORG-1490"",""ORG-1503"",""ORG-1862"",""ORG-2154""]"
7840,10.1007/s00210-012-0793-4,7,"[""ORG-0497"",""ORG-0619"",""ORG-0824"",""ORG-0825"",""ORG-0861"",""ORG-1136"",""ORG-2154""]"
7842,10.3390/ijms232415622,10,"[""ORG-0497"",""ORG-0833"",""ORG-1581"",""ORG-1586"",""ORG-1634"",""ORG-1635"",""ORG-1890"",""ORG-1956"",""ORG-2154"",""ORG-2166""]"
7843,10.1038/gt.2012.62,5,"[""ORG-0736"",""ORG-0925"",""ORG-1136"",""ORG-1908"",""ORG-2154""]"
7854,10.1016/j.jim.2012.06.010,6,"[""ORG-0188"",""ORG-0970"",""ORG-1459"",""ORG-1538"",""ORG-1798"",""ORG-2154""]"
7856,10.1038/mto.2015.17,8,"[""ORG-0171"",""ORG-0244"",""ORG-0970"",""ORG-1353"",""ORG-1581"",""ORG-1586"",""ORG-2154"",""ORG-2166""]"
7858,10.1007/s40259-019-00367-0,10,"[""ORG-0243"",""ORG-1221"",""ORG-1259"",""ORG-1771"",""ORG-1862"",""ORG-1881"",""ORG-1921"",""ORG-1934"",""ORG-2057"",""ORG-2166""]"
7859,10.3389/fimmu.2022.941497,8,"[""ORG-0048"",""ORG-0379"",""ORG-0413"",""ORG-0814"",""ORG-1819"",""ORG-1839"",""ORG-1910"",""ORG-2114""]"
7865,10.1007/s12032-022-01866-x,3,"[""ORG-0925"",""ORG-1891"",""ORG-2166""]"
7868,10.1016/j.vaccine.2015.10.124,3,"[""ORG-1200"",""ORG-1347"",""ORG-2154""]"
7878,10.3390/v14091847,13,"[""ORG-0306"",""ORG-0736"",""ORG-0963"",""ORG-1259"",""ORG-1347"",""ORG-1432"",""ORG-1536"",""ORG-1851"",""ORG-1919"",""ORG-1934"",""ORG-1936"",""ORG-2154"",""ORG-2166""]"
7885,10.1186/s12985-022-01873-4,7,"[""ORG-0413"",""ORG-1608"",""ORG-1609"",""ORG-1839"",""ORG-1881"",""ORG-1894"",""ORG-1896""]"
7886,10.1007/s00705-012-1270-6,8,"[""ORG-0497"",""ORG-1218"",""ORG-1231"",""ORG-1259"",""ORG-1844"",""ORG-1866"",""ORG-2154"",""ORG-2163""]"
7924,10.1038/cgt.2011.82,7,"[""ORG-0228"",""ORG-1136"",""ORG-1259"",""ORG-1315"",""ORG-1347"",""ORG-1357"",""ORG-2154""]"
7932,10.1016/j.xpro.2022.101228,3,"[""ORG-1136"",""ORG-1361"",""ORG-2154""]"
7933,10.1016/j.virusres.2019.01.014,14,"[""ORG-0895"",""ORG-0925"",""ORG-0987"",""ORG-1136"",""ORG-1347"",""ORG-1357"",""ORG-1566"",""ORG-1856"",""ORG-1866"",""ORG-1986"",""ORG-2147"",""ORG-2154"",""ORG-2163"",""ORG-2306""]"
7936,10.3390/membranes12020105,6,"[""ORG-1136"",""ORG-1293"",""ORG-1857"",""ORG-2154"",""ORG-2166"",""ORG-2256""]"
7940,10.1007/978-1-61779-340-0_11,7,"[""ORG-1136"",""ORG-1221"",""ORG-1505"",""ORG-1506"",""ORG-1937"",""ORG-2058"",""ORG-2154""]"
7941,10.1002/hed.21609,3,"[""ORG-1218"",""ORG-1231"",""ORG-2154""]"
7949,10.1038/gt.2011.107,6,"[""ORG-0399"",""ORG-1368"",""ORG-1480"",""ORG-1581"",""ORG-1797"",""ORG-2154""]"
7950,10.1016/j.vaccine.2015.01.004,2,"[""ORG-1847"",""ORG-1894""]"
7952,10.1016/j.omto.2021.11.020,4,"[""ORG-1364"",""ORG-2058"",""ORG-2154"",""ORG-2166""]"
7957,10.1084/jem.20101623,4,"[""ORG-0319"",""ORG-0869"",""ORG-1766"",""ORG-1815""]"
7962,10.1016/j.gendis.2021.11.011,5,"[""ORG-0497"",""ORG-1581"",""ORG-2154"",""ORG-2166"",""ORG-2167""]"
7963,10.1038/cgt.2011.30,7,"[""ORG-0619"",""ORG-1095"",""ORG-1136"",""ORG-1259"",""ORG-1938"",""ORG-1986"",""ORG-2154""]"
7970,10.1016/j.omtm.2021.09.014,6,"[""ORG-0046"",""ORG-0317"",""ORG-0853"",""ORG-2154"",""ORG-2177"",""ORG-2248""]"
7973,10.1007/s10549-014-3236-8,5,"[""ORG-0925"",""ORG-1136"",""ORG-1581"",""ORG-1696"",""ORG-2154""]"
7988,10.1371/journal.pone.0112014,18,"[""ORG-0015"",""ORG-0895"",""ORG-0925"",""ORG-0938"",""ORG-1276"",""ORG-1696"",""ORG-1848"",""ORG-1937"",""ORG-1986"",""ORG-2154"",""ORG-2161"",""ORG-2163"",""ORG-2165"",""ORG-2166"",""ORG-2167"",""ORG-2170"",""ORG-2171"",""ORG-2306""]"
7989,10.1016/j.virol.2018.05.028,12,"[""ORG-0302"",""ORG-0898"",""ORG-1136"",""ORG-1146"",""ORG-1147"",""ORG-1538"",""ORG-1545"",""ORG-1906"",""ORG-1921"",""ORG-2154"",""ORG-2163"",""ORG-2166""]"
7995,10.4142/jvs.2014.15.4.503,6,"[""ORG-0123"",""ORG-0306"",""ORG-0545"",""ORG-1138"",""ORG-1402"",""ORG-2154""]"
7996,10.21037/cco.2018.04.04,4,"[""ORG-1511"",""ORG-1937"",""ORG-2154"",""ORG-2166""]"
8000,10.1097/JTO.0000000000000214,5,"[""ORG-0343"",""ORG-0753"",""ORG-1136"",""ORG-1911"",""ORG-2154""]"
8004,10.3389/fimmu.2018.00421,4,"[""ORG-0399"",""ORG-1230"",""ORG-1325"",""ORG-2154""]"
8009,10.1016/j.virusres.2014.05.025,9,"[""ORG-0302"",""ORG-0856"",""ORG-0925"",""ORG-0963"",""ORG-1249"",""ORG-1259"",""ORG-1797"",""ORG-1891"",""ORG-2154""]"
8014,10.1016/j.omtm.2021.04.012,3,"[""ORG-0315"",""ORG-1057"",""ORG-1581""]"
8015,10.2214/AJR.09.3672,5,"[""ORG-1136"",""ORG-1194"",""ORG-1259"",""ORG-1867"",""ORG-2154""]"
8016,10.3390/v6062268,7,"[""ORG-1136"",""ORG-1220"",""ORG-1833"",""ORG-1911"",""ORG-2057"",""ORG-2154"",""ORG-2193""]"
8018,10.1016/j.bbrep.2017.12.004,12,"[""ORG-0497"",""ORG-0833"",""ORG-1136"",""ORG-1205"",""ORG-1581"",""ORG-1600"",""ORG-1900"",""ORG-1913"",""ORG-1938"",""ORG-2154"",""ORG-2158"",""ORG-2313""]"
8019,10.1038/cgt.2014.25,10,"[""ORG-0559"",""ORG-0796"",""ORG-0925"",""ORG-0951"",""ORG-1136"",""ORG-1259"",""ORG-1278"",""ORG-1851"",""ORG-2154"",""ORG-2166""]"
8022,10.3390/ijms19010091,2,"[""ORG-1368"",""ORG-1839""]"
8023,10.1016/j.mayocp.2014.04.003,7,"[""ORG-1136"",""ORG-1194"",""ORG-1246"",""ORG-1839"",""ORG-2154"",""ORG-2166"",""ORG-2315""]"
8029,10.1016/j.vaccine.2014.03.049,2,"[""ORG-2154"",""ORG-2166""]"
8030,10.1016/j.cell.2021.03.055,8,"[""ORG-0027"",""ORG-1493"",""ORG-1608"",""ORG-1609"",""ORG-1938"",""ORG-2114"",""ORG-2154"",""ORG-2315""]"
8031,10.1371/journal.pone.0010297,12,"[""ORG-0014"",""ORG-0895"",""ORG-0898"",""ORG-0963"",""ORG-1136"",""ORG-1195"",""ORG-1259"",""ORG-1766"",""ORG-1881"",""ORG-1958"",""ORG-2154"",""ORG-2306""]"
8034,10.1016/j.tranon.2021.101091,8,"[""ORG-0925"",""ORG-1136"",""ORG-1819"",""ORG-1839"",""ORG-1891"",""ORG-1900"",""ORG-1931"",""ORG-2154""]"
8036,10.1038/cgt.2010.10,4,"[""ORG-0938"",""ORG-1259"",""ORG-2166"",""ORG-2315""]"
8038,10.3389/fonc.2017.00179,2,"[""ORG-0736"",""ORG-2154""]"
8040,10.1111/imm.12829,6,"[""ORG-1667"",""ORG-1825"",""ORG-1891"",""ORG-2115"",""ORG-2154"",""ORG-2166""]"
8044,10.1371/journal.pone.0248249,3,"[""ORG-0773"",""ORG-2154"",""ORG-2166""]"
8048,10.1158/0008-5472.CAN-09-2762,6,"[""ORG-0118"",""ORG-0619"",""ORG-1136"",""ORG-1503"",""ORG-2154"",""ORG-2164""]"
8064,10.1016/j.omtm.2017.03.005,3,"[""ORG-0048"",""ORG-1507"",""ORG-2154""]"
8068,10.1038/mt.2009.218,5,"[""ORG-0303"",""ORG-0619"",""ORG-0925"",""ORG-1136"",""ORG-2154""]"
8069,10.1371/journal.pone.0079047,5,"[""ORG-1019"",""ORG-1057"",""ORG-1259"",""ORG-1936"",""ORG-2154""]"
8071,10.1038/leu.2017.120,8,"[""ORG-0497"",""ORG-0619"",""ORG-0970"",""ORG-1136"",""ORG-1194"",""ORG-1259"",""ORG-2154"",""ORG-2166""]"
8078,10.3390/cancers13010136,9,"[""ORG-0317"",""ORG-0925"",""ORG-0972"",""ORG-1839"",""ORG-1891"",""ORG-1937"",""ORG-1986"",""ORG-2154"",""ORG-2166""]"
8079,10.3390/v5102384,9,"[""ORG-0497"",""ORG-1245"",""ORG-1415"",""ORG-1432"",""ORG-1891"",""ORG-1894"",""ORG-1986"",""ORG-2154"",""ORG-2166""]"
8087,10.1371/journal.ppat.1006190,2,"[""ORG-2008"",""ORG-2166""]"
8091,10.2174/1568009617666170222125035,3,"[""ORG-1136"",""ORG-1744"",""ORG-2154""]"
8097,10.1016/j.omto.2020.09.006,7,"[""ORG-0118"",""ORG-0925"",""ORG-0963"",""ORG-1136"",""ORG-1364"",""ORG-1894"",""ORG-2154""]"
8101,10.3390/ijms21197073,7,"[""ORG-1744"",""ORG-1825"",""ORG-1937"",""ORG-1938"",""ORG-2154"",""ORG-2166"",""ORG-2306""]"
8107,10.1002/pros.20857,6,"[""ORG-0619"",""ORG-0925"",""ORG-1136"",""ORG-1191"",""ORG-2154"",""ORG-2166""]"
8110,10.3390/ijms21145130,16,"[""ORG-0413"",""ORG-0497"",""ORG-0833"",""ORG-1095"",""ORG-1221"",""ORG-1347"",""ORG-1357"",""ORG-1581"",""ORG-1586"",""ORG-1672"",""ORG-1847"",""ORG-1881"",""ORG-1894"",""ORG-2154"",""ORG-2166"",""ORG-2328""]"
8114,10.3390/cells9061331,2,"[""ORG-1253"",""ORG-2166""]"
8116,10.3390/vaccines8020206,6,"[""ORG-0773"",""ORG-0963"",""ORG-1347"",""ORG-1851"",""ORG-1891"",""ORG-2154""]"
8126,10.1371/journal.ppat.1006613,8,"[""ORG-0285"",""ORG-0302"",""ORG-0824"",""ORG-0825"",""ORG-0925"",""ORG-1259"",""ORG-1766"",""ORG-1797""]"
8129,10.3390/ijms21249535,8,"[""ORG-0046"",""ORG-0047"",""ORG-0540"",""ORG-0583"",""ORG-1891"",""ORG-1937"",""ORG-2154"",""ORG-2166""]"
8136,10.1002/btpr.2564,9,"[""ORG-0540"",""ORG-0571"",""ORG-0925"",""ORG-1259"",""ORG-1581"",""ORG-1583"",""ORG-1877"",""ORG-1879"",""ORG-1900""]"
8142,10.1016/j.jmb.2009.03.016,7,"[""ORG-0086"",""ORG-0311"",""ORG-1019"",""ORG-1205"",""ORG-1259"",""ORG-1669"",""ORG-2154""]"
8158,10.1097/CJI.0b013e318194a6e8,5,"[""ORG-0285"",""ORG-0925"",""ORG-1259"",""ORG-1766"",""ORG-2154""]"
8171,10.1136/jitc-2020-001487,11,"[""ORG-0571"",""ORG-0589"",""ORG-0590"",""ORG-0897"",""ORG-0925"",""ORG-0963"",""ORG-1668"",""ORG-1766"",""ORG-1890"",""ORG-2057"",""ORG-2154""]"
8173,10.1186/1476-4598-12-103,5,"[""ORG-1259"",""ORG-1766"",""ORG-1775"",""ORG-2057"",""ORG-2166""]"
8182,10.1007/s11262-017-1495-2,4,"[""ORG-0243"",""ORG-1057"",""ORG-1766"",""ORG-1773""]"
8190,10.3390/cancers15082204,6,"[""ORG-0188"",""ORG-0559"",""ORG-1232"",""ORG-1315"",""ORG-1581"",""ORG-1825""]"
8195,10.1038/s41467-023-38038-y,3,"[""ORG-0020"",""ORG-0206"",""ORG-2154""]"
8197,10.3389/fonc.2020.01386,7,"[""ORG-0853"",""ORG-1581"",""ORG-1839"",""ORG-1919"",""ORG-1956"",""ORG-2166"",""ORG-2315""]"
8199,10.1128/jvi.00093-23,13,"[""ORG-0020"",""ORG-0046"",""ORG-0188"",""ORG-0244"",""ORG-0429"",""ORG-0431"",""ORG-0497"",""ORG-0833"",""ORG-1672"",""ORG-1986"",""ORG-2166"",""ORG-2170"",""ORG-2315""]"
8200,10.1186/s12967-020-02526-2,8,"[""ORG-0285"",""ORG-0497"",""ORG-1057"",""ORG-1097"",""ORG-1259"",""ORG-1581"",""ORG-1766"",""ORG-1825""]"
8206,10.1080/21645515.2020.1787064,8,"[""ORG-0413"",""ORG-1146"",""ORG-1147"",""ORG-1581"",""ORG-1608"",""ORG-1609"",""ORG-1813"",""ORG-2154""]"
8209,10.1158/1535-7163.MCT-08-0640,3,"[""ORG-0559"",""ORG-0763"",""ORG-2154""]"
8211,10.1097/HC9.0000000000000009,9,"[""ORG-0020"",""ORG-0046"",""ORG-0047"",""ORG-0317"",""ORG-0887"",""ORG-1361"",""ORG-1581"",""ORG-1979"",""ORG-2154""]"
8216,10.1002/sctm.20-0122,2,"[""ORG-1581"",""ORG-2154""]"
8220,10.1038/labinvest.2017.47,7,"[""ORG-0020"",""ORG-0399"",""ORG-1738"",""ORG-1911"",""ORG-1979"",""ORG-2154"",""ORG-2306""]"
8231,10.1089/hum.2022.188,9,"[""ORG-0020"",""ORG-0046"",""ORG-0047"",""ORG-1825"",""ORG-1839"",""ORG-1867"",""ORG-2053"",""ORG-2105"",""ORG-2154""]"
8232,10.1016/j.meegid.2020.104517,8,"[""ORG-0413"",""ORG-0455"",""ORG-0596"",""ORG-0878"",""ORG-1608"",""ORG-1609"",""ORG-1825"",""ORG-1932""]"
8238,10.3390/ijms21176240,8,"[""ORG-0429"",""ORG-0431"",""ORG-0497"",""ORG-1405"",""ORG-1581"",""ORG-1773"",""ORG-1778"",""ORG-1825""]"
8242,10.1128/mBio.02326-16,10,"[""ORG-0455"",""ORG-1122"",""ORG-1153"",""ORG-1221"",""ORG-1259"",""ORG-1775"",""ORG-1865"",""ORG-1881"",""ORG-1917"",""ORG-2154""]"
8244,10.1128/JVI.01604-20,16,"[""ORG-0020"",""ORG-0046"",""ORG-0047"",""ORG-0429"",""ORG-0455"",""ORG-0753"",""ORG-0915"",""ORG-0925"",""ORG-0974"",""ORG-1259"",""ORG-1797"",""ORG-1813"",""ORG-1911"",""ORG-2154"",""ORG-2166"",""ORG-2315""]"
8245,10.1038/gt.2017.24,8,"[""ORG-0317"",""ORG-1057"",""ORG-1119"",""ORG-1259"",""ORG-1581"",""ORG-1597"",""ORG-2154"",""ORG-2157""]"
8246,10.1371/journal.pone.0063037,7,"[""ORG-0497"",""ORG-0557"",""ORG-0559"",""ORG-1259"",""ORG-1581"",""ORG-1766"",""ORG-2057""]"
8249,10.1016/j.omtn.2023.01.007,11,"[""ORG-0020"",""ORG-0046"",""ORG-0315"",""ORG-0317"",""ORG-0497"",""ORG-1315"",""ORG-1499"",""ORG-1581"",""ORG-1813"",""ORG-1851"",""ORG-2166""]"
8256,10.1371/journal.pone.0060306,6,"[""ORG-1241"",""ORG-1259"",""ORG-1536"",""ORG-1581"",""ORG-2154"",""ORG-2166""]"
8263,10.1111/cas.13228,7,"[""ORG-0051"",""ORG-0052"",""ORG-0317"",""ORG-0455"",""ORG-1839"",""ORG-1846"",""ORG-1897""]"
8271,10.1371/journal.pone.0236175,9,"[""ORG-0048"",""ORG-0925"",""ORG-1464"",""ORG-1581"",""ORG-1911"",""ORG-2147"",""ORG-2154"",""ORG-2163"",""ORG-2306""]"
8286,10.1039/d0ra02414g,5,"[""ORG-0497"",""ORG-0897"",""ORG-1797"",""ORG-1945"",""ORG-1956""]"
8289,10.1186/1743-422X-10-50,8,"[""ORG-0020"",""ORG-0046"",""ORG-0047"",""ORG-0484"",""ORG-1581"",""ORG-1825"",""ORG-2034"",""ORG-2154""]"
8297,10.1038/labinvest.2012.179,6,"[""ORG-0925"",""ORG-1259"",""ORG-1505"",""ORG-1848"",""ORG-1937"",""ORG-2315""]"
8301,10.3390/cancers12051210,8,"[""ORG-0925"",""ORG-1259"",""ORG-1421"",""ORG-1581"",""ORG-1891"",""ORG-1938"",""ORG-2154"",""ORG-2166""]"
8306,10.3390/ijms232213911,6,"[""ORG-0464"",""ORG-0497"",""ORG-0925"",""ORG-0987"",""ORG-1094"",""ORG-2154""]"
8309,10.1002/adbi.201900288,5,"[""ORG-0925"",""ORG-1441"",""ORG-1442"",""ORG-1766"",""ORG-1773""]"
8315,10.1016/j.medj.2022.11.002,9,"[""ORG-0020"",""ORG-0046"",""ORG-0047"",""ORG-0360"",""ORG-0887"",""ORG-1221"",""ORG-1259"",""ORG-1461"",""ORG-2154""]"
8319,10.1371/journal.pone.0051849,8,"[""ORG-0267"",""ORG-0368"",""ORG-0680"",""ORG-1205"",""ORG-1259"",""ORG-1839"",""ORG-1986"",""ORG-2032""]"
8322,10.22074/cellj.2021.6917,9,"[""ORG-0285"",""ORG-0736"",""ORG-0895"",""ORG-0900"",""ORG-1618"",""ORG-1669"",""ORG-1766"",""ORG-1932"",""ORG-2154""]"
8334,10.1111/rda.12834,9,"[""ORG-0015"",""ORG-0938"",""ORG-1581"",""ORG-1583"",""ORG-1825"",""ORG-2154"",""ORG-2157"",""ORG-2166"",""ORG-2306""]"
8337,10.1371/journal.pmed.0050026,16,"[""ORG-0188"",""ORG-0319"",""ORG-0895"",""ORG-0974"",""ORG-0988"",""ORG-1259"",""ORG-1467"",""ORG-1485"",""ORG-1803"",""ORG-1825"",""ORG-1846"",""ORG-1890"",""ORG-1931"",""ORG-1934"",""ORG-2166"",""ORG-2306""]"
8338,10.1016/j.omtn.2020.03.009,9,"[""ORG-0020"",""ORG-0046"",""ORG-0047"",""ORG-0455"",""ORG-0925"",""ORG-1874"",""ORG-1891"",""ORG-1934"",""ORG-2154""]"
8339,10.1261/rna.059345.116,7,"[""ORG-0938"",""ORG-1581"",""ORG-1583"",""ORG-1672"",""ORG-1797"",""ORG-1798"",""ORG-1894""]"
8349,10.3390/v8100294,10,"[""ORG-0036"",""ORG-0557"",""ORG-0558"",""ORG-0559"",""ORG-0938"",""ORG-0939"",""ORG-1136"",""ORG-1293"",""ORG-1938"",""ORG-2154""]"
8361,10.1038/sj.gt.3303058,4,"[""ORG-0925"",""ORG-0951"",""ORG-1917"",""ORG-1936""]"
8366,10.3332/ecancer.2016.660,5,"[""ORG-1019"",""ORG-1257"",""ORG-1334"",""ORG-1911"",""ORG-1931""]"
8371,10.1136/jitc-2019-000131,9,"[""ORG-0310"",""ORG-0319"",""ORG-0925"",""ORG-1215"",""ORG-1259"",""ORG-2058"",""ORG-2154"",""ORG-2166"",""ORG-2170""]"
8373,10.1038/s41467-022-32906-9,1,"[""ORG-1844""]"
8376,10.2147/OV.S99856,3,"[""ORG-1917"",""ORG-2166"",""ORG-2171""]"
8381,10.3390/ijms21030994,8,"[""ORG-0020"",""ORG-1797"",""ORG-1809"",""ORG-1813"",""ORG-1846"",""ORG-1891"",""ORG-1894"",""ORG-2154""]"
8384,10.1038/mt.2012.144,8,"[""ORG-0020"",""ORG-0046"",""ORG-0047"",""ORG-0497"",""ORG-0925"",""ORG-1581"",""ORG-1949"",""ORG-2154""]"
8388,10.1016/j.celrep.2019.12.023,2,"[""ORG-1766"",""ORG-2154""]"
8404,10.2165/11631600-000000000-00000,5,"[""ORG-1259"",""ORG-1711"",""ORG-1825"",""ORG-1949"",""ORG-2315""]"
8410,10.1371/journal.pone.0037812,9,"[""ORG-0311"",""ORG-0317"",""ORG-0539"",""ORG-0619"",""ORG-1839"",""ORG-1844"",""ORG-1867"",""ORG-1986"",""ORG-2154""]"
8412,10.1016/j.jsb.2019.107433,7,"[""ORG-0022"",""ORG-0897"",""ORG-0925"",""ORG-1205"",""ORG-1797"",""ORG-1815"",""ORG-2154""]"
8416,10.18632/oncotarget.10122,2,"[""ORG-0206"",""ORG-0925""]"
8428,10.1038/s41598-019-54939-9,10,"[""ORG-0048"",""ORG-0049"",""ORG-0361"",""ORG-1072"",""ORG-1232"",""ORG-1259"",""ORG-1572"",""ORG-1856"",""ORG-1911"",""ORG-1986""]"
8429,10.3390/ijms23137127,6,"[""ORG-0506"",""ORG-0763"",""ORG-0925"",""ORG-1581"",""ORG-1825"",""ORG-1905""]"
8433,10.1021/acssynbio.2c00106,6,"[""ORG-0497"",""ORG-0550"",""ORG-0897"",""ORG-1184"",""ORG-1490"",""ORG-1922""]"
8440,10.15252/emmm.201505869,6,"[""ORG-0285"",""ORG-0833"",""ORG-1089"",""ORG-1766"",""ORG-1891"",""ORG-1910""]"
8451,10.3389/fgeed.2022.925088,14,"[""ORG-0317"",""ORG-0497"",""ORG-0700"",""ORG-1189"",""ORG-1259"",""ORG-1581"",""ORG-1678"",""ORG-1844"",""ORG-1856"",""ORG-1917"",""ORG-1952"",""ORG-2154"",""ORG-2157"",""ORG-2166""]"
8452,10.1073/pnas.1910073116,4,"[""ORG-1891"",""ORG-1894"",""ORG-1910"",""ORG-2154""]"
8457,10.1155/2012/798526,10,"[""ORG-0015"",""ORG-0897"",""ORG-1276"",""ORG-1797"",""ORG-1934"",""ORG-1945"",""ORG-2139"",""ORG-2154"",""ORG-2166"",""ORG-2169""]"
8458,10.1186/s13071-022-05341-4,9,"[""ORG-0009"",""ORG-0503"",""ORG-1347"",""ORG-1357"",""ORG-1581"",""ORG-1891"",""ORG-1938"",""ORG-2040"",""ORG-2154""]"
8460,10.1371/journal.pone.0153350,7,"[""ORG-0421"",""ORG-0925"",""ORG-1421"",""ORG-1848"",""ORG-1891"",""ORG-2120"",""ORG-2154""]"
8467,10.2337/db11-1271,4,"[""ORG-0455"",""ORG-0559"",""ORG-0925"",""ORG-1839""]"
8468,10.1136/jitc-2022-004762,9,"[""ORG-0302"",""ORG-0559"",""ORG-0970"",""ORG-1095"",""ORG-1891"",""ORG-1938"",""ORG-2058"",""ORG-2154"",""ORG-2166""]"
8469,10.1038/s41587-019-0246-4,9,"[""ORG-0020"",""ORG-0429"",""ORG-0539"",""ORG-0559"",""ORG-0700"",""ORG-1047"",""ORG-1766"",""ORG-1937"",""ORG-2154""]"
8478,10.1038/s41598-022-12404-0,7,"[""ORG-0046"",""ORG-0047"",""ORG-0317"",""ORG-0925"",""ORG-1809"",""ORG-2154"",""ORG-2166""]"
8482,10.1186/1471-2199-8-6,7,"[""ORG-0497"",""ORG-0596"",""ORG-0938"",""ORG-1639"",""ORG-1815"",""ORG-1843"",""ORG-1936""]"
8489,10.3389/fimmu.2022.830021,10,"[""ORG-0359"",""ORG-0399"",""ORG-0526"",""ORG-0589"",""ORG-0590"",""ORG-0753"",""ORG-0895"",""ORG-1766"",""ORG-2147"",""ORG-2154""]"
8496,10.3109/10428194.2011.634048,3,"[""ORG-0285"",""ORG-1215"",""ORG-2032""]"
8497,10.1021/acsnano.9b01484,3,"[""ORG-1797"",""ORG-2154"",""ORG-2160""]"
8511,10.1016/j.biomaterials.2011.08.069,9,"[""ORG-0311"",""ORG-0317"",""ORG-0338"",""ORG-1230"",""ORG-1259"",""ORG-1506"",""ORG-1561"",""ORG-1894"",""ORG-1937""]"
8519,10.3389/fmicb.2022.847588,7,"[""ORG-0497"",""ORG-0987"",""ORG-1894"",""ORG-2147"",""ORG-2154"",""ORG-2166"",""ORG-2170""]"
8521,10.1016/j.omto.2022.02.018,9,"[""ORG-0833"",""ORG-1020"",""ORG-1238"",""ORG-1259"",""ORG-1464"",""ORG-1581"",""ORG-1825"",""ORG-2154"",""ORG-2166""]"
8523,10.1186/1743-422X-3-69,12,"[""ORG-0267"",""ORG-0773"",""ORG-0897"",""ORG-0925"",""ORG-1112"",""ORG-1205"",""ORG-1839"",""ORG-1857"",""ORG-1934"",""ORG-2154"",""ORG-2166"",""ORG-2187""]"
8524,10.1016/j.omto.2022.02.010,6,"[""ORG-0365"",""ORG-0741"",""ORG-0902"",""ORG-0974"",""ORG-1766"",""ORG-2172""]"
8527,10.1038/mto.2015.10,9,"[""ORG-0790"",""ORG-0853"",""ORG-0854"",""ORG-1347"",""ORG-1839"",""ORG-2154"",""ORG-2163"",""ORG-2165"",""ORG-2166""]"
8530,10.7554/eLife.44707,10,"[""ORG-0020"",""ORG-0046"",""ORG-0047"",""ORG-0437"",""ORG-1230"",""ORG-1844"",""ORG-1866"",""ORG-1937"",""ORG-1938"",""ORG-2154""]"
8535,10.1016/j.cobme.2018.09.004,6,"[""ORG-0020"",""ORG-0046"",""ORG-0047"",""ORG-1119"",""ORG-1936"",""ORG-2154""]"
8543,10.1371/journal.pone.0215226,7,"[""ORG-0048"",""ORG-0049"",""ORG-0557"",""ORG-0925"",""ORG-1744"",""ORG-1905"",""ORG-2105""]"
8550,10.3389/fonc.2021.704999,7,"[""ORG-0285"",""ORG-0429"",""ORG-0431"",""ORG-1259"",""ORG-1811"",""ORG-1825"",""ORG-1891""]"
8554,10.1038/s41467-019-09614-y,7,"[""ORG-0020"",""ORG-0925"",""ORG-1089"",""ORG-1093"",""ORG-1315"",""ORG-1844"",""ORG-1867""]"
8557,10.1038/s41434-019-0078-3,10,"[""ORG-0020"",""ORG-0022"",""ORG-0046"",""ORG-0047"",""ORG-0497"",""ORG-0925"",""ORG-1259"",""ORG-1825"",""ORG-2034"",""ORG-2154""]"
8558,10.1038/gt.2015.74,5,"[""ORG-0020"",""ORG-0046"",""ORG-0047"",""ORG-1259"",""ORG-2154""]"
8560,10.1142/S1568558610000197,8,"[""ORG-0020"",""ORG-0046"",""ORG-0047"",""ORG-0421"",""ORG-0484"",""ORG-0925"",""ORG-2139"",""ORG-2154""]"
8565,10.1111/j.1582-4934.2011.01343.x,3,"[""ORG-0285"",""ORG-1095"",""ORG-1891""]"
8572,10.3389/fonc.2019.00068,6,"[""ORG-0310"",""ORG-0897"",""ORG-1891"",""ORG-1924"",""ORG-1948"",""ORG-2166""]"
8575,10.3389/fonc.2019.00052,8,"[""ORG-0020"",""ORG-0022"",""ORG-0312"",""ORG-0925"",""ORG-1766"",""ORG-1934"",""ORG-2058"",""ORG-2154""]"
8579,10.3390/v11030198,3,"[""ORG-0497"",""ORG-1119"",""ORG-1581""]"
8582,10.1016/j.molimm.2021.12.006,11,"[""ORG-0188"",""ORG-0413"",""ORG-0545"",""ORG-0596"",""ORG-1505"",""ORG-1608"",""ORG-1609"",""ORG-1669"",""ORG-1702"",""ORG-1900"",""ORG-1983""]"
8590,10.1371/journal.pcbi.1001085,9,"[""ORG-0285"",""ORG-1374"",""ORG-1527"",""ORG-1667"",""ORG-1856"",""ORG-1891"",""ORG-1956"",""ORG-2154"",""ORG-2166""]"
8598,10.3390/cells10112811,2,"[""ORG-1536"",""ORG-2154""]"
8599,10.3390/cancers11020198,8,"[""ORG-0155"",""ORG-0285"",""ORG-0963"",""ORG-1245"",""ORG-1581"",""ORG-1798"",""ORG-1839"",""ORG-2154""]"
8604,10.1016/j.ccr.2010.11.011,2,"[""ORG-1259"",""ORG-1766""]"
8614,10.1016/j.micinf.2010.12.005,8,"[""ORG-0188"",""ORG-0497"",""ORG-0895"",""ORG-0925"",""ORG-1934"",""ORG-2154"",""ORG-2161"",""ORG-2163""]"
8615,10.1016/j.omtm.2021.09.019,11,"[""ORG-0285"",""ORG-0302"",""ORG-0970"",""ORG-1315"",""ORG-1581"",""ORG-1585"",""ORG-1668"",""ORG-1766"",""ORG-1773"",""ORG-1891"",""ORG-2154""]"
8617,10.1016/j.jbiotec.2010.12.011,2,"[""ORG-0969"",""ORG-1781""]"
8619,10.3389/fgeed.2021.604371,12,"[""ORG-0359"",""ORG-0497"",""ORG-0526"",""ORG-0539"",""ORG-0700"",""ORG-1490"",""ORG-1581"",""ORG-1861"",""ORG-1937"",""ORG-2154"",""ORG-2162"",""ORG-2172""]"
8625,10.3390/pharmaceutics13101641,12,"[""ORG-0048"",""ORG-0049"",""ORG-0051"",""ORG-0052"",""ORG-0413"",""ORG-0457"",""ORG-0559"",""ORG-1608"",""ORG-1609"",""ORG-1744"",""ORG-1797"",""ORG-1934""]"
8629,10.3389/fimmu.2018.02460,6,"[""ORG-0285"",""ORG-1766"",""ORG-1891"",""ORG-2058"",""ORG-2166"",""ORG-2167""]"
8631,10.1097/CJI.0000000000000072,8,"[""ORG-0809"",""ORG-1047"",""ORG-1545"",""ORG-1766"",""ORG-1839"",""ORG-1868"",""ORG-1906"",""ORG-1936""]"
8643,10.1155/2018/4054815,5,"[""ORG-1215"",""ORG-1259"",""ORG-1846"",""ORG-1934"",""ORG-2315""]"
8648,10.3390/v10090510,7,"[""ORG-0497"",""ORG-0851"",""ORG-0897"",""ORG-1019"",""ORG-1079"",""ORG-1119"",""ORG-2154""]"
8655,10.1136/jitc-2021-002737,5,"[""ORG-0285"",""ORG-1766"",""ORG-1848"",""ORG-1938"",""ORG-2154""]"
8659,10.1111/jcmm.13832,3,"[""ORG-0313"",""ORG-0925"",""ORG-2154""]"
8664,10.1371/journal.pone.0116252,4,"[""ORG-1259"",""ORG-1581"",""ORG-1848"",""ORG-2154""]"
8684,10.3390/v10070365,5,"[""ORG-0464"",""ORG-2154"",""ORG-2162"",""ORG-2172"",""ORG-2340""]"
8686,10.4049/jimmunol.1000189,4,"[""ORG-0302"",""ORG-0925"",""ORG-1581"",""ORG-1766""]"
8690,10.3389/fmicb.2021.707290,3,"[""ORG-2058"",""ORG-2140"",""ORG-2166""]"
8693,10.3390/v10070352,8,"[""ORG-0268"",""ORG-0315"",""ORG-0853"",""ORG-1259"",""ORG-1797"",""ORG-1864"",""ORG-1999"",""ORG-2166""]"
8696,10.1002/jgm.3380,10,"[""ORG-0317"",""ORG-0359"",""ORG-0362"",""ORG-0680"",""ORG-1131"",""ORG-1259"",""ORG-1881"",""ORG-1921"",""ORG-2154"",""ORG-2193""]"
8697,10.1111/j.1752-8062.2009.00091.x,3,"[""ORG-0925"",""ORG-1245"",""ORG-1405""]"
8711,10.1007/s00262-009-0810-8,4,"[""ORG-0302"",""ORG-0455"",""ORG-1490"",""ORG-1766""]"
8713,10.1016/j.coviro.2014.07.008,11,"[""ORG-0020"",""ORG-0046"",""ORG-0047"",""ORG-0484"",""ORG-1077"",""ORG-1216"",""ORG-1259"",""ORG-1897"",""ORG-1937"",""ORG-2147"",""ORG-2154""]"
8715,10.1155/2018/8740976,1,"[""ORG-2058""]"
8716,10.1016/j.jcyt.2014.05.022,10,"[""ORG-0285"",""ORG-0302"",""ORG-0319"",""ORG-0361"",""ORG-0507"",""ORG-1766"",""ORG-1894"",""ORG-1934"",""ORG-1986"",""ORG-2154""]"
8726,10.3390/v10050242,9,"[""ORG-0497"",""ORG-0557"",""ORG-0559"",""ORG-1252"",""ORG-1259"",""ORG-1581"",""ORG-1586"",""ORG-2154"",""ORG-2166""]"
8729,10.1016/j.celrep.2018.03.125,6,"[""ORG-0317"",""ORG-0833"",""ORG-1137"",""ORG-1200"",""ORG-1766"",""ORG-2306""]"
8733,10.3390/pharmaceutics13050750,7,"[""ORG-0020"",""ORG-0046"",""ORG-0047"",""ORG-1603"",""ORG-1890"",""ORG-1902"",""ORG-2154""]"
8739,10.3389/fmolb.2021.647424,9,"[""ORG-0243"",""ORG-1259"",""ORG-1347"",""ORG-1839"",""ORG-1866"",""ORG-1891"",""ORG-1937"",""ORG-2154"",""ORG-2160""]"
8740,10.1038/s41467-018-03787-8,4,"[""ORG-0457"",""ORG-1089"",""ORG-1766"",""ORG-2154""]"
8744,10.7554/eLife.01911,19,"[""ORG-0015"",""ORG-0090"",""ORG-0421"",""ORG-0497"",""ORG-0557"",""ORG-0700"",""ORG-1315"",""ORG-1441"",""ORG-1442"",""ORG-1581"",""ORG-1675"",""ORG-1839"",""ORG-1844"",""ORG-1846"",""ORG-1958"",""ORG-1969"",""ORG-1979"",""ORG-2154"",""ORG-2166""]"
8751,10.1158/2326-6066.CIR-17-0434,6,"[""ORG-0319"",""ORG-1361"",""ORG-1766"",""ORG-1934"",""ORG-1979"",""ORG-2058""]"
8759,10.1016/j.ymthe.2018.01.010,6,"[""ORG-0360"",""ORG-1177"",""ORG-1259"",""ORG-2166"",""ORG-2306"",""ORG-2315""]"
8760,10.3390/v13050718,7,"[""ORG-0557"",""ORG-0558"",""ORG-1825"",""ORG-1881"",""ORG-1938"",""ORG-2154"",""ORG-2166""]"
8762,10.1016/j.compbiomed.2021.104390,11,"[""ORG-0267"",""ORG-0925"",""ORG-0987"",""ORG-1347"",""ORG-1608"",""ORG-1609"",""ORG-1815"",""ORG-1825"",""ORG-1887"",""ORG-1918"",""ORG-2154""]"
8764,10.1016/j.jsb.2014.03.020,6,"[""ORG-0020"",""ORG-0046"",""ORG-1813"",""ORG-2147"",""ORG-2166"",""ORG-2260""]"
8775,10.1136/jitc-2020-002224,3,"[""ORG-0790"",""ORG-1368"",""ORG-2154""]"
8777,10.1007/s13181-021-00835-6,3,"[""ORG-0925"",""ORG-1169"",""ORG-2166""]"
8787,10.2217/fvl.13.112,15,"[""ORG-0020"",""ORG-0046"",""ORG-0047"",""ORG-0082"",""ORG-0317"",""ORG-0549"",""ORG-1230"",""ORG-1432"",""ORG-1822"",""ORG-1948"",""ORG-1952"",""ORG-1986"",""ORG-2154"",""ORG-2166"",""ORG-2171""]"
8792,10.1016/j.ymthe.2021.03.018,8,"[""ORG-0700"",""ORG-0769"",""ORG-0977"",""ORG-1221"",""ORG-1534"",""ORG-1772"",""ORG-1891"",""ORG-2154""]"
8793,10.1371/journal.pone.0086843,5,"[""ORG-0790"",""ORG-1421"",""ORG-1897"",""ORG-2120"",""ORG-2154""]"
8802,10.1038/s41467-017-01953-y,7,"[""ORG-0497"",""ORG-0836"",""ORG-0925"",""ORG-1581"",""ORG-1825"",""ORG-1867"",""ORG-2154""]"
8803,10.1038/s41598-021-84882-7,13,"[""ORG-0015"",""ORG-0027"",""ORG-0963"",""ORG-1253"",""ORG-1259"",""ORG-1608"",""ORG-1609"",""ORG-1905"",""ORG-1948"",""ORG-1949"",""ORG-1956"",""ORG-2147"",""ORG-2154""]"
8806,10.1038/ncomms4075,8,"[""ORG-0020"",""ORG-0046"",""ORG-0047"",""ORG-1581"",""ORG-1891"",""ORG-1979"",""ORG-2154"",""ORG-2166""]"
8816,10.1371/journal.pone.0082234,11,"[""ORG-0243"",""ORG-0282"",""ORG-0313"",""ORG-0623"",""ORG-1004"",""ORG-1797"",""ORG-1825"",""ORG-1851"",""ORG-1934"",""ORG-1961"",""ORG-2154""]"
8818,10.1097/FBP.0000000000000360,6,"[""ORG-0046"",""ORG-0317"",""ORG-1911"",""ORG-1934"",""ORG-2154"",""ORG-2166""]"
8840,10.3389/fimmu.2021.650713,7,"[""ORG-0520"",""ORG-0526"",""ORG-0589"",""ORG-0590"",""ORG-1259"",""ORG-1851"",""ORG-2154""]"
8841,10.3389/fimmu.2021.647385,4,"[""ORG-0359"",""ORG-0623"",""ORG-1259"",""ORG-1844""]"
8847,10.1016/j.virol.2015.05.006,7,"[""ORG-0526"",""ORG-0527"",""ORG-0589"",""ORG-0590"",""ORG-1259"",""ORG-1986"",""ORG-2154""]"
8849,10.1099/vir.0.83272-0,8,"[""ORG-0339"",""ORG-0497"",""ORG-0790"",""ORG-0853"",""ORG-0854"",""ORG-0882"",""ORG-1286"",""ORG-2154""]"
8854,10.1186/s13045-015-0163-z,7,"[""ORG-0526"",""ORG-0824"",""ORG-0861"",""ORG-0897"",""ORG-1259"",""ORG-1981"",""ORG-2154""]"
8857,10.1093/nar/gkj431,7,"[""ORG-0772"",""ORG-0858"",""ORG-0925"",""ORG-1243"",""ORG-1581"",""ORG-1839"",""ORG-2260""]"
8862,10.1038/srep20577,7,"[""ORG-0824"",""ORG-1253"",""ORG-1259"",""ORG-2120"",""ORG-2154"",""ORG-2157"",""ORG-2189""]"
8869,10.1016/j.omtm.2021.02.015,12,"[""ORG-0020"",""ORG-0046"",""ORG-0047"",""ORG-0853"",""ORG-0963"",""ORG-1839"",""ORG-1856"",""ORG-1894"",""ORG-1936"",""ORG-2154"",""ORG-2256"",""ORG-2315""]"
8870,10.3402/jom.v7.27156,8,"[""ORG-0359"",""ORG-0526"",""ORG-0589"",""ORG-0590"",""ORG-1259"",""ORG-1952"",""ORG-2154"",""ORG-2166""]"
8872,10.3389/fonc.2021.610804,7,"[""ORG-0497"",""ORG-0526"",""ORG-0589"",""ORG-0590"",""ORG-0606"",""ORG-1581"",""ORG-2154""]"
8874,10.1007/s00417-015-3073-4,7,"[""ORG-0790"",""ORG-0853"",""ORG-0854"",""ORG-1894"",""ORG-1934"",""ORG-2154"",""ORG-2163""]"
8875,10.1371/journal.pone.0147567,10,"[""ORG-0526"",""ORG-0589"",""ORG-0590"",""ORG-1023"",""ORG-1545"",""ORG-1581"",""ORG-1639"",""ORG-1766"",""ORG-2154"",""ORG-2315""]"
8876,10.1038/s41423-021-00668-x,7,"[""ORG-0497"",""ORG-0499"",""ORG-1259"",""ORG-1347"",""ORG-1527"",""ORG-1921"",""ORG-2154""]"
8877,10.1371/journal.pone.0148929,9,"[""ORG-0824"",""ORG-0825"",""ORG-0895"",""ORG-0897"",""ORG-1095"",""ORG-1127"",""ORG-1259"",""ORG-1986"",""ORG-2154""]"
8882,10.1186/s13027-016-0051-3,3,"[""ORG-0302"",""ORG-0824"",""ORG-1581""]"
8883,10.1126/sciimmunol.abg5413,7,"[""ORG-0302"",""ORG-0359"",""ORG-0772"",""ORG-0824"",""ORG-1259"",""ORG-1766"",""ORG-2154""]"
8890,10.1177/0300060521999577,4,"[""ORG-0824"",""ORG-0861"",""ORG-2154"",""ORG-2166""]"
8891,10.1371/journal.ppat.1005414,13,"[""ORG-0267"",""ORG-0526"",""ORG-0527"",""ORG-0529"",""ORG-0589"",""ORG-0590"",""ORG-0987"",""ORG-1205"",""ORG-1667"",""ORG-1866"",""ORG-1935"",""ORG-2140"",""ORG-2154""]"
8897,10.2147/PGPM.S296215,7,"[""ORG-0526"",""ORG-0589"",""ORG-0590"",""ORG-1259"",""ORG-1844"",""ORG-1910"",""ORG-2154""]"
8911,10.1590/0074-02760150330,4,"[""ORG-0790"",""ORG-1259"",""ORG-1581"",""ORG-2154""]"
8917,10.1186/s12979-016-0058-z,4,"[""ORG-0359"",""ORG-1112"",""ORG-1766"",""ORG-1911""]"
8918,10.1128/mBio.00288-21,11,"[""ORG-0317"",""ORG-0360"",""ORG-1136"",""ORG-1849"",""ORG-1862"",""ORG-1894"",""ORG-1932"",""ORG-2154"",""ORG-2166"",""ORG-2306"",""ORG-2315""]"
8942,10.1186/1471-2202-5-4,8,"[""ORG-0020"",""ORG-0046"",""ORG-0419"",""ORG-0925"",""ORG-1057"",""ORG-1581"",""ORG-1934"",""ORG-2154""]"
8946,10.3760/cma.j.issn.0253-2727.2015.05.007,3,"[""ORG-0359"",""ORG-1361"",""ORG-1581""]"
8947,10.3389/fimmu.2021.628364,11,"[""ORG-0565"",""ORG-0606"",""ORG-0772"",""ORG-0858"",""ORG-0895"",""ORG-0925"",""ORG-1028"",""ORG-1581"",""ORG-1839"",""ORG-1877"",""ORG-1894""]"
8948,10.1021/acs.biochem.5b01254,14,"[""ORG-0267"",""ORG-0497"",""ORG-0790"",""ORG-0824"",""ORG-0825"",""ORG-0853"",""ORG-0854"",""ORG-1205"",""ORG-1286"",""ORG-1581"",""ORG-1937"",""ORG-2154"",""ORG-2166"",""ORG-2306""]"
8950,10.1080/07448481.2016.1138481,1,"[""ORG-1545""]"
8959,10.1016/j.jbc.2021.100547,7,"[""ORG-0526"",""ORG-0573"",""ORG-0589"",""ORG-0590"",""ORG-2154"",""ORG-2160"",""ORG-2166""]"
8982,10.3892/ol.2021.12541,7,"[""ORG-0457"",""ORG-0526"",""ORG-0545"",""ORG-0589"",""ORG-0590"",""ORG-1454"",""ORG-2154""]"
8983,10.1093/nar/gkm970,8,"[""ORG-0497"",""ORG-0680"",""ORG-0728"",""ORG-0963"",""ORG-1259"",""ORG-1581"",""ORG-1948"",""ORG-2154""]"
8987,10.3389/fimmu.2021.634489,4,"[""ORG-0497"",""ORG-0728"",""ORG-0824"",""ORG-1089""]"
8989,10.1007/s11904-016-0297-9,7,"[""ORG-0359"",""ORG-0363"",""ORG-0824"",""ORG-0861"",""ORG-1911"",""ORG-2154"",""ORG-2166""]"
8991,10.1186/s12879-016-1356-y,11,"[""ORG-0363"",""ORG-0364"",""ORG-0526"",""ORG-0589"",""ORG-0590"",""ORG-0824"",""ORG-0943"",""ORG-0963"",""ORG-1581"",""ORG-1896"",""ORG-2154""]"
8994,10.1186/s40880-016-0079-1,7,"[""ORG-0363"",""ORG-0497"",""ORG-0589"",""ORG-0590"",""ORG-2154"",""ORG-2156"",""ORG-2166""]"
9002,10.1128/mBio.01926-15,13,"[""ORG-0315"",""ORG-0526"",""ORG-0527"",""ORG-0529"",""ORG-0589"",""ORG-0590"",""ORG-0925"",""ORG-1243"",""ORG-1581"",""ORG-1834"",""ORG-1862"",""ORG-2154"",""ORG-2159""]"
9005,10.1084/jem.20031255,11,"[""ORG-0589"",""ORG-0590"",""ORG-1023"",""ORG-1087"",""ORG-1259"",""ORG-1545"",""ORG-1798"",""ORG-1834"",""ORG-1839"",""ORG-2154"",""ORG-2159""]"
9007,10.3390/ijms17010109,3,"[""ORG-1215"",""ORG-1911"",""ORG-2154""]"
9008,10.1038/srep19533,14,"[""ORG-0526"",""ORG-0589"",""ORG-0590"",""ORG-1079"",""ORG-1087"",""ORG-1545"",""ORG-1744"",""ORG-1746"",""ORG-1834"",""ORG-1986"",""ORG-2154"",""ORG-2156"",""ORG-2159"",""ORG-2260""]"
9024,10.1586/14737159.2016.1139455,6,"[""ORG-0310"",""ORG-0589"",""ORG-0590"",""ORG-0869"",""ORG-1839"",""ORG-2154""]"
9036,10.1371/journal.ppat.1005383,16,"[""ORG-0339"",""ORG-0497"",""ORG-0521"",""ORG-0526"",""ORG-0529"",""ORG-0589"",""ORG-0590"",""ORG-1259"",""ORG-1581"",""ORG-1766"",""ORG-1839"",""ORG-1844"",""ORG-1862"",""ORG-1866"",""ORG-1911"",""ORG-2154""]"
9042,10.1186/s12885-015-1436-1,8,"[""ORG-0315"",""ORG-0853"",""ORG-0925"",""ORG-1844"",""ORG-1894"",""ORG-1936"",""ORG-1989"",""ORG-2154""]"
9044,10.1158/1055-9965.EPI-15-0275,4,"[""ORG-0497"",""ORG-1839"",""ORG-1986"",""ORG-2260""]"
9045,10.1016/j.jaci.2015.10.032,1,"[""ORG-0943""]"
9052,10.3390/v7052542,7,"[""ORG-0497"",""ORG-0943"",""ORG-1347"",""ORG-1357"",""ORG-1667"",""ORG-1825"",""ORG-2166""]"
9059,10.1371/journal.pone.0144918,1,"[""ORG-1368""]"
9060,10.1084/jem.20030091,6,"[""ORG-0302"",""ORG-1766"",""ORG-1798"",""ORG-1911"",""ORG-2147"",""ORG-2154""]"
9070,10.3389/fphar.2015.00095,5,"[""ORG-0897"",""ORG-0970"",""ORG-1766"",""ORG-1891"",""ORG-2154""]"
9071,10.2147/OPTH.S81020,7,"[""ORG-0359"",""ORG-0497"",""ORG-1581"",""ORG-1897"",""ORG-2120"",""ORG-2154"",""ORG-2189""]"
9077,10.1371/journal.ppat.1004858,16,"[""ORG-0363"",""ORG-0364"",""ORG-0526"",""ORG-0559"",""ORG-0589"",""ORG-0590"",""ORG-0963"",""ORG-1143"",""ORG-1259"",""ORG-1347"",""ORG-1357"",""ORG-1825"",""ORG-1856"",""ORG-1921"",""ORG-2154"",""ORG-2159""]"
9081,10.1590/S1679-45082015RW3175,2,"[""ORG-1910"",""ORG-1986""]"
9088,10.18632/oncotarget.6751,9,"[""ORG-0526"",""ORG-0527"",""ORG-0589"",""ORG-0590"",""ORG-0728"",""ORG-1825"",""ORG-1839"",""ORG-2154"",""ORG-2306""]"
9100,10.1093/omcr/omu001,4,"[""ORG-0853"",""ORG-0854"",""ORG-1221"",""ORG-1259""]"
9102,10.1080/21645515.2015.1016665,5,"[""ORG-0359"",""ORG-0897"",""ORG-1891"",""ORG-1931"",""ORG-2113""]"
9104,10.1155/2015/146305,2,"[""ORG-0897"",""ORG-0899""]"
9105,10.3389/fmicb.2015.00388,3,"[""ORG-0860"",""ORG-1952"",""ORG-2166""]"
9106,10.1007/s00280-015-2768-x,4,"[""ORG-0302"",""ORG-0753"",""ORG-1259"",""ORG-1581""]"
9110,10.1084/jem.20142350,11,"[""ORG-0359"",""ORG-0895"",""ORG-1259"",""ORG-1347"",""ORG-1357"",""ORG-1839"",""ORG-1949"",""ORG-2115"",""ORG-2154"",""ORG-2166"",""ORG-2187""]"
9117,10.1097/QAI.0000000000000918,3,"[""ORG-0824"",""ORG-1259"",""ORG-1581""]"
9121,10.4049/jimmunol.1501415,13,"[""ORG-0268"",""ORG-0790"",""ORG-0895"",""ORG-0925"",""ORG-1205"",""ORG-1259"",""ORG-1581"",""ORG-1719"",""ORG-1839"",""ORG-1846"",""ORG-1911"",""ORG-2154"",""ORG-2306""]"
9128,10.1542/peds.2015-1352,2,"[""ORG-0860"",""ORG-1490""]"
9130,10.1007/s11910-015-0602-9,1,"[""ORG-1911""]"
9134,10.18632/oncotarget.6584,4,"[""ORG-1039"",""ORG-1607"",""ORG-1847"",""ORG-2147""]"
9139,10.1186/s13045-015-0142-4,5,"[""ORG-0897"",""ORG-1215"",""ORG-1581"",""ORG-1851"",""ORG-2154""]"
9148,10.3892/ijo.2015.2997,4,"[""ORG-0678"",""ORG-0925"",""ORG-1825"",""ORG-2154""]"
9151,10.1038/sj.bmt.1704402,6,"[""ORG-0526"",""ORG-0589"",""ORG-0590"",""ORG-1910"",""ORG-1934"",""ORG-2154""]"
9155,10.9734/BMRJ/2013/4817,10,"[""ORG-0853"",""ORG-0854"",""ORG-1023"",""ORG-1361"",""ORG-1503"",""ORG-1581"",""ORG-1593"",""ORG-1667"",""ORG-1937"",""ORG-2154""]"
9156,10.12659/AJCR.893481,3,"[""ORG-1259"",""ORG-1581"",""ORG-1839""]"
9157,10.1016/j.virol.2015.11.014,3,"[""ORG-1894"",""ORG-1911"",""ORG-2154""]"
9158,10.1186/s12885-015-1398-3,9,"[""ORG-0526"",""ORG-0589"",""ORG-0590"",""ORG-1087"",""ORG-1259"",""ORG-1581"",""ORG-1897"",""ORG-1911"",""ORG-2154""]"
9161,10.1099/vir.0.000180,6,"[""ORG-0319"",""ORG-0772"",""ORG-0858"",""ORG-0898"",""ORG-1051"",""ORG-1986""]"
9162,10.1186/1471-2407-4-1,7,"[""ORG-0860"",""ORG-1257"",""ORG-1259"",""ORG-1368"",""ORG-1825"",""ORG-1896"",""ORG-2193""]"
9165,10.1371/journal.ppat.1004881,9,"[""ORG-0359"",""ORG-0772"",""ORG-0858"",""ORG-0902"",""ORG-1259"",""ORG-1418"",""ORG-1581"",""ORG-1839"",""ORG-1949""]"
9170,10.3389/fphar.2015.00076,8,"[""ORG-0853"",""ORG-1089"",""ORG-1131"",""ORG-1766"",""ORG-1839"",""ORG-1905"",""ORG-1910"",""ORG-2315""]"
9172,10.1016/j.molimm.2015.11.007,6,"[""ORG-0434"",""ORG-0526"",""ORG-0589"",""ORG-0590"",""ORG-1894"",""ORG-2154""]"
9178,10.1371/journal.pone.0126088,14,"[""ORG-0497"",""ORG-0503"",""ORG-0526"",""ORG-0589"",""ORG-0590"",""ORG-1104"",""ORG-1259"",""ORG-1581"",""ORG-1798"",""ORG-1894"",""ORG-1911"",""ORG-2147"",""ORG-2154"",""ORG-2166""]"
9180,10.1371/journal.pmed.0030002,3,"[""ORG-0858"",""ORG-1259"",""ORG-1844""]"
9186,10.5539/gjhs.v7n3p364,9,"[""ORG-0589"",""ORG-0902"",""ORG-0989"",""ORG-0990"",""ORG-1495"",""ORG-1894"",""ORG-1937"",""ORG-2147"",""ORG-2154""]"
9189,10.1093/nar/gni181,5,"[""ORG-1259"",""ORG-1361"",""ORG-1503"",""ORG-1958"",""ORG-2154""]"
9192,10.1111/bjh.12671,5,"[""ORG-0373"",""ORG-0943"",""ORG-1825"",""ORG-1858"",""ORG-1911""]"
9193,10.1016/j.rdc.2015.08.004,1,"[""ORG-1910""]"
9194,10.2217/ijr.12.82,1,"[""ORG-1746""]"
9195,10.1016/j.jviromet.2015.11.010,6,"[""ORG-0374"",""ORG-0497"",""ORG-1089"",""ORG-1221"",""ORG-1881"",""ORG-1937""]"
9197,10.1371/journal.pone.0126439,5,"[""ORG-0990"",""ORG-1039"",""ORG-1232"",""ORG-1361"",""ORG-1607""]"
9198,10.1016/j.virol.2015.10.031,5,"[""ORG-1035"",""ORG-1039"",""ORG-1581"",""ORG-1607"",""ORG-1935""]"
9199,10.1371/journal.pone.0123554,1,"[""ORG-0359""]"
9205,10.1186/1756-9966-32-90,10,"[""ORG-0526"",""ORG-0540"",""ORG-0566"",""ORG-0589"",""ORG-0590"",""ORG-1087"",""ORG-1866"",""ORG-1894"",""ORG-2154"",""ORG-2159""]"
9209,10.1093/infdis/jiv549,5,"[""ORG-0824"",""ORG-0861"",""ORG-1347"",""ORG-1911"",""ORG-2154""]"
9210,10.2217/fvl.13.107,10,"[""ORG-0359"",""ORG-0545"",""ORG-0754"",""ORG-0755"",""ORG-0772"",""ORG-0858"",""ORG-1089"",""ORG-1259"",""ORG-1902"",""ORG-2154""]"
9222,10.1111/jvim.12597,4,"[""ORG-1259"",""ORG-1347"",""ORG-1357"",""ORG-2154""]"
9226,10.1084/jem.20051365,10,"[""ORG-0801"",""ORG-1347"",""ORG-1357"",""ORG-1766"",""ORG-1894"",""ORG-1917"",""ORG-1949"",""ORG-2154"",""ORG-2161"",""ORG-2166""]"
9235,10.1186/1743-422X-2-85,17,"[""ORG-0150"",""ORG-0497"",""ORG-0790"",""ORG-0853"",""ORG-0904"",""ORG-1019"",""ORG-1089"",""ORG-1485"",""ORG-1798"",""ORG-1857"",""ORG-1890"",""ORG-1937"",""ORG-2141"",""ORG-2142"",""ORG-2154"",""ORG-2163"",""ORG-2166""]"
9242,10.1016/j.bmcl.2013.12.041,7,"[""ORG-0526"",""ORG-0589"",""ORG-0590"",""ORG-0798"",""ORG-0925"",""ORG-1874"",""ORG-2154""]"
9243,10.1007/s00125-015-3800-8,2,"[""ORG-1858"",""ORG-1910""]"
9256,10.1084/jem.20031582,8,"[""ORG-0124"",""ORG-0559"",""ORG-0897"",""ORG-0963"",""ORG-1259"",""ORG-1766"",""ORG-1839"",""ORG-2306""]"
9272,10.1158/1055-9965.EPI-15-0144,9,"[""ORG-0526"",""ORG-0527"",""ORG-0589"",""ORG-0590"",""ORG-0756"",""ORG-1087"",""ORG-1862"",""ORG-2154"",""ORG-2315""]"
9288,10.1371/journal.pone.0084919,9,"[""ORG-0526"",""ORG-0589"",""ORG-0590"",""ORG-1243"",""ORG-1259"",""ORG-1825"",""ORG-1911"",""ORG-1931"",""ORG-2154""]"
9289,10.1002/jmv.24420,7,"[""ORG-0302"",""ORG-0359"",""ORG-0824"",""ORG-0925"",""ORG-1259"",""ORG-1361"",""ORG-1896""]"
9290,10.1016/j.celrep.2013.11.045,7,"[""ORG-0772"",""ORG-0858"",""ORG-1938"",""ORG-2154"",""ORG-2163"",""ORG-2166"",""ORG-2170""]"
9291,10.1186/1746-6148-1-9,8,"[""ORG-0012"",""ORG-1347"",""ORG-1361"",""ORG-1803"",""ORG-1839"",""ORG-1894"",""ORG-1938"",""ORG-2154""]"
9296,10.1128/genomeA.01052-13,1,"[""ORG-0754""]"
9299,10.1038/srep09913,5,"[""ORG-0302"",""ORG-0319"",""ORG-1259"",""ORG-1766"",""ORG-1918""]"
9300,10.1007/s13365-015-0393-4,10,"[""ORG-0360"",""ORG-0790"",""ORG-0853"",""ORG-0854"",""ORG-0882"",""ORG-0884"",""ORG-1050"",""ORG-1259"",""ORG-2147"",""ORG-2154""]"
9306,10.1371/journal.pone.0080336,6,"[""ORG-0526"",""ORG-0529"",""ORG-0589"",""ORG-0590"",""ORG-1911"",""ORG-2154""]"
9314,10.1128/JVI.02389-15,12,"[""ORG-0317"",""ORG-0497"",""ORG-0963"",""ORG-1259"",""ORG-1368"",""ORG-1581"",""ORG-1937"",""ORG-2120"",""ORG-2147"",""ORG-2154"",""ORG-2189"",""ORG-2315""]"
9324,10.1371/journal.pone.0081790,12,"[""ORG-0015"",""ORG-0302"",""ORG-0319"",""ORG-0619"",""ORG-0853"",""ORG-1215"",""ORG-1259"",""ORG-1766"",""ORG-1911"",""ORG-1949"",""ORG-2154"",""ORG-2161""]"
9337,10.1586/14789450.2014.864954,1,"[""ORG-1846""]"
9344,10.1186/s13000-015-0271-7,4,"[""ORG-0943"",""ORG-1259"",""ORG-2154"",""ORG-2166""]"
9347,10.1186/s12964-015-0090-1,8,"[""ORG-0319"",""ORG-0691"",""ORG-0925"",""ORG-1462"",""ORG-1868"",""ORG-1937"",""ORG-2154"",""ORG-2315""]"
9357,10.1186/s12976-015-0002-5,6,"[""ORG-1856"",""ORG-1890"",""ORG-1894"",""ORG-2120"",""ORG-2154"",""ORG-2189""]"
9369,10.1371/journal.pone.0123969,9,"[""ORG-0497"",""ORG-0970"",""ORG-1047"",""ORG-1259"",""ORG-1490"",""ORG-1581"",""ORG-1891"",""ORG-1898"",""ORG-2154""]"
9375,10.1016/j.jcyt.2015.03.611,6,"[""ORG-0122"",""ORG-0310"",""ORG-1047"",""ORG-1215"",""ORG-1934"",""ORG-2154""]"
9376,10.3109/10428194.2015.1094693,1,"[""ORG-0943""]"
9378,10.1371/journal.ppat.1004743,13,"[""ORG-0497"",""ORG-0897"",""ORG-1077"",""ORG-1771"",""ORG-1839"",""ORG-1894"",""ORG-1938"",""ORG-1952"",""ORG-2147"",""ORG-2154"",""ORG-2159"",""ORG-2166"",""ORG-2170""]"
9380,10.1038/bjc.2015.136,3,"[""ORG-1259"",""ORG-1831"",""ORG-2315""]"
9383,10.1186/s12906-015-0591-x,10,"[""ORG-0416"",""ORG-0497"",""ORG-0507"",""ORG-0790"",""ORG-0853"",""ORG-0854"",""ORG-1036"",""ORG-1581"",""ORG-2154"",""ORG-2306""]"
9385,10.1111/imr.12288,5,"[""ORG-0188"",""ORG-1866"",""ORG-1972"",""ORG-2154"",""ORG-2166""]"
9386,10.1016/j.bbmt.2015.09.013,2,"[""ORG-0319"",""ORG-1839""]"
9389,10.1016/j.mad.2015.09.003,8,"[""ORG-0302"",""ORG-0359"",""ORG-0824"",""ORG-0858"",""ORG-1089"",""ORG-1347"",""ORG-1766"",""ORG-1856""]"
9390,10.1016/j.chom.2013.11.009,7,"[""ORG-0497"",""ORG-0511"",""ORG-0526"",""ORG-0589"",""ORG-0590"",""ORG-1581"",""ORG-2154""]"
9397,10.1371/journal.ppat.1004811,6,"[""ORG-0772"",""ORG-0858"",""ORG-0860"",""ORG-1937"",""ORG-2094"",""ORG-2154""]"
9398,10.1186/1471-2377-13-200,12,"[""ORG-0359"",""ORG-0497"",""ORG-0526"",""ORG-0773"",""ORG-0824"",""ORG-0853"",""ORG-0854"",""ORG-1131"",""ORG-1581"",""ORG-1896"",""ORG-2154"",""ORG-2189""]"
9402,10.1128/mBio.00441-15,12,"[""ORG-0566"",""ORG-0589"",""ORG-0590"",""ORG-0941"",""ORG-1087"",""ORG-1259"",""ORG-1581"",""ORG-1834"",""ORG-1844"",""ORG-1932"",""ORG-2154"",""ORG-2315""]"
9404,10.1371/journal.pone.0077925,7,"[""ORG-0359"",""ORG-0925"",""ORG-1221"",""ORG-1259"",""ORG-1766"",""ORG-1839"",""ORG-1881""]"
9405,10.1111/ajt.13241,6,"[""ORG-0302"",""ORG-0319"",""ORG-1361"",""ORG-1766"",""ORG-2154"",""ORG-2166""]"
9409,10.4137/IJTR.S13256,5,"[""ORG-0790"",""ORG-0853"",""ORG-1089"",""ORG-1911"",""ORG-2154""]"
9412,10.1002/lt.24332,4,"[""ORG-0359"",""ORG-1259"",""ORG-1839"",""ORG-2315""]"
9416,10.1111/tri.12582,3,"[""ORG-0359"",""ORG-1867"",""ORG-1934""]"
9423,10.1002/jmv.24331,9,"[""ORG-0526"",""ORG-0529"",""ORG-0589"",""ORG-0590"",""ORG-1259"",""ORG-1766"",""ORG-1910"",""ORG-1937"",""ORG-2154""]"
9436,10.1084/jem.20030646,10,"[""ORG-0319"",""ORG-0526"",""ORG-0559"",""ORG-0589"",""ORG-0590"",""ORG-0925"",""ORG-1259"",""ORG-1766"",""ORG-1921"",""ORG-2154""]"
9441,10.1038/srep09730,8,"[""ORG-0317"",""ORG-0790"",""ORG-0853"",""ORG-0854"",""ORG-1581"",""ORG-1672"",""ORG-1673"",""ORG-2154""]"
9448,10.1111/ajt.13422,4,"[""ORG-1089"",""ORG-1259"",""ORG-1839"",""ORG-1897""]"
9459,10.3389/fimmu.2015.00122,5,"[""ORG-0619"",""ORG-0897"",""ORG-1812"",""ORG-1911"",""ORG-2154""]"
9465,10.3892/mmr.2015.3594,5,"[""ORG-0312"",""ORG-0801"",""ORG-0925"",""ORG-1253"",""ORG-1825""]"
9481,10.1016/j.virusres.2015.06.012,8,"[""ORG-1039"",""ORG-1095"",""ORG-1347"",""ORG-1581"",""ORG-1607"",""ORG-1902"",""ORG-1937"",""ORG-2141""]"
9492,10.1371/journal.pone.0080052,3,"[""ORG-1361"",""ORG-1581"",""ORG-1911""]"
9501,10.1371/journal.ppat.1003772,10,"[""ORG-1039"",""ORG-1347"",""ORG-1607"",""ORG-1825"",""ORG-1844"",""ORG-1894"",""ORG-1911"",""ORG-1937"",""ORG-2166"",""ORG-2260""]"
9508,10.1016/j.canep.2013.10.009,3,"[""ORG-0373"",""ORG-0938"",""ORG-1910""]"
9516,10.1016/j.epidem.2013.10.001,9,"[""ORG-0813"",""ORG-1135"",""ORG-1347"",""ORG-1667"",""ORG-1851"",""ORG-1896"",""ORG-1914"",""ORG-1919"",""ORG-2154""]"
9517,10.1128/mBio.02213-14,14,"[""ORG-0678"",""ORG-0790"",""ORG-0853"",""ORG-0854"",""ORG-1259"",""ORG-1347"",""ORG-1480"",""ORG-1581"",""ORG-1802"",""ORG-1856"",""ORG-1938"",""ORG-2141"",""ORG-2154"",""ORG-2166""]"
9519,10.1186/ar4389,8,"[""ORG-0359"",""ORG-0526"",""ORG-0895"",""ORG-0899"",""ORG-0900"",""ORG-1089"",""ORG-1259"",""ORG-2154""]"
9525,10.1016/j.clim.2015.01.002,4,"[""ORG-0497"",""ORG-0808"",""ORG-1259"",""ORG-1361""]"
9526,10.1016/j.vaccine.2015.03.029,5,"[""ORG-0522"",""ORG-0525"",""ORG-1952"",""ORG-2154"",""ORG-2166""]"
9527,10.1097/RHU.0000000000000042,5,"[""ORG-0020"",""ORG-0897"",""ORG-1089"",""ORG-1910"",""ORG-1948""]"
9534,10.5505/1304.7361.2014.82788,2,"[""ORG-2120"",""ORG-2154""]"
9536,10.1155/2013/738794,7,"[""ORG-0559"",""ORG-1347"",""ORG-1357"",""ORG-1581"",""ORG-1958"",""ORG-2154"",""ORG-2166""]"
9540,10.1111/tid.12165,4,"[""ORG-1259"",""ORG-1347"",""ORG-1357"",""ORG-1839""]"
9541,10.4103/aian.AIAN_158_19,6,"[""ORG-0824"",""ORG-0861"",""ORG-1259"",""ORG-2120"",""ORG-2154"",""ORG-2189""]"
9544,10.4103/0019-5154.152501,1,"[""ORG-2154""]"
9553,10.1371/journal.pone.0079474,8,"[""ORG-0589"",""ORG-0590"",""ORG-0895"",""ORG-0988"",""ORG-1035"",""ORG-1039"",""ORG-1607"",""ORG-2154""]"
9557,10.4103/2249-4863.152276,2,"[""ORG-0409"",""ORG-2154""]"
9559,10.1177/1179069519889022,7,"[""ORG-0022"",""ORG-0046"",""ORG-0047"",""ORG-1089"",""ORG-1259"",""ORG-1295"",""ORG-2154""]"
9569,10.1016/j.idcr.2019.e00667,5,"[""ORG-0824"",""ORG-0963"",""ORG-2120"",""ORG-2154"",""ORG-2189""]"
9581,10.1016/j.apsb.2019.06.005,12,"[""ORG-0399"",""ORG-0790"",""ORG-0853"",""ORG-0854"",""ORG-0938"",""ORG-0951"",""ORG-1286"",""ORG-1937"",""ORG-1938"",""ORG-2141"",""ORG-2154"",""ORG-2158""]"
9583,10.3390/v7031391,5,"[""ORG-0302"",""ORG-0359"",""ORG-1095"",""ORG-1910"",""ORG-2154""]"
9589,10.1093/ofid/ofz489,2,"[""ORG-1581"",""ORG-1981""]"
9590,10.1038/bcj.2013.56,3,"[""ORG-0319"",""ORG-1330"",""ORG-1464""]"
9596,10.1038/srep03232,8,"[""ORG-0526"",""ORG-0527"",""ORG-0589"",""ORG-0590"",""ORG-0963"",""ORG-1259"",""ORG-1894"",""ORG-2154""]"
9598,10.1186/1471-2334-13-550,12,"[""ORG-0359"",""ORG-0363"",""ORG-0364"",""ORG-0790"",""ORG-0824"",""ORG-0853"",""ORG-0854"",""ORG-0858"",""ORG-0963"",""ORG-1248"",""ORG-1259"",""ORG-2154""]"
9603,10.3389/fimmu.2019.03131,12,"[""ORG-0497"",""ORG-1259"",""ORG-1347"",""ORG-1357"",""ORG-1441"",""ORG-1442"",""ORG-1581"",""ORG-1586"",""ORG-1766"",""ORG-1900"",""ORG-2154"",""ORG-2166""]"
9606,10.1371/journal.pone.0078474,9,"[""ORG-0526"",""ORG-0529"",""ORG-0589"",""ORG-0590"",""ORG-0809"",""ORG-0810"",""ORG-0925"",""ORG-1834"",""ORG-2154""]"
9608,10.1016/j.virol.2019.12.011,10,"[""ORG-0895"",""ORG-0897"",""ORG-1039"",""ORG-1545"",""ORG-1607"",""ORG-1894"",""ORG-1937"",""ORG-2147"",""ORG-2154"",""ORG-2166""]"
9610,10.1007/s40588-019-00123-6,10,"[""ORG-0526"",""ORG-0527"",""ORG-0589"",""ORG-0590"",""ORG-1259"",""ORG-1581"",""ORG-1911"",""ORG-1986"",""ORG-2147"",""ORG-2154""]"
9615,10.3389/fgene.2019.01376,11,"[""ORG-0824"",""ORG-1035"",""ORG-1039"",""ORG-1325"",""ORG-1607"",""ORG-1825"",""ORG-1891"",""ORG-1911"",""ORG-1935"",""ORG-1938"",""ORG-2154""]"
9617,10.3389/fimmu.2019.03103,11,"[""ORG-0302"",""ORG-0526"",""ORG-0527"",""ORG-0900"",""ORG-1020"",""ORG-1178"",""ORG-1200"",""ORG-1259"",""ORG-1766"",""ORG-1911"",""ORG-2154""]"
9619,10.3389/fimmu.2019.02715,7,"[""ORG-0860"",""ORG-0943"",""ORG-1259"",""ORG-1846"",""ORG-1867"",""ORG-2154"",""ORG-2166""]"
9624,10.1016/j.antiviral.2005.08.002,9,"[""ORG-0312"",""ORG-0772"",""ORG-0833"",""ORG-0858"",""ORG-0904"",""ORG-1259"",""ORG-1581"",""ORG-1897"",""ORG-2154""]"
9628,10.1016/j.virusres.2015.03.004,8,"[""ORG-0897"",""ORG-0963"",""ORG-1253"",""ORG-1347"",""ORG-1607"",""ORG-1887"",""ORG-2154"",""ORG-2166""]"
9631,10.1186/1471-2342-13-35,2,"[""ORG-1503"",""ORG-1934""]"
9638,10.1097/HS9.0000000000000308,6,"[""ORG-0319"",""ORG-0359"",""ORG-0925"",""ORG-1215"",""ORG-1259"",""ORG-2315""]"
9643,10.5812/jjm.17458,8,"[""ORG-0359"",""ORG-0772"",""ORG-0858"",""ORG-0963"",""ORG-1259"",""ORG-1347"",""ORG-1896"",""ORG-1910""]"
9644,10.1159/000504644,3,"[""ORG-1259"",""ORG-1581"",""ORG-2154""]"
9655,10.1128/JVI.03614-14,13,"[""ORG-0526"",""ORG-0527"",""ORG-0589"",""ORG-0590"",""ORG-1581"",""ORG-1639"",""ORG-1825"",""ORG-1839"",""ORG-1846"",""ORG-1948"",""ORG-2147"",""ORG-2154"",""ORG-2306""]"
9656,10.1016/j.virol.2019.11.012,7,"[""ORG-0497"",""ORG-1039"",""ORG-1259"",""ORG-1719"",""ORG-1911"",""ORG-2154"",""ORG-2161""]"
9658,10.1016/j.virol.2013.09.020,5,"[""ORG-0048"",""ORG-0312"",""ORG-0794"",""ORG-0925"",""ORG-1798""]"
9667,10.3389/fimmu.2019.02751,7,"[""ORG-0359"",""ORG-0772"",""ORG-0895"",""ORG-0899"",""ORG-1143"",""ORG-1797"",""ORG-1911""]"
9669,10.3389/fmicb.2019.02923,4,"[""ORG-0497"",""ORG-2154"",""ORG-2163"",""ORG-2166""]"
9676,10.1155/2019/7605056,3,"[""ORG-0602"",""ORG-1819"",""ORG-2154""]"
9680,10.12998/wjcc.v7.i24.4334,4,"[""ORG-0589"",""ORG-0590"",""ORG-1259"",""ORG-2154""]"
9682,10.1371/journal.pone.0075915,7,"[""ORG-0302"",""ORG-0363"",""ORG-0364"",""ORG-0824"",""ORG-0938"",""ORG-1368"",""ORG-1896""]"
9685,10.1016/j.omto.2019.11.003,6,"[""ORG-0790"",""ORG-1259"",""ORG-1797"",""ORG-1891"",""ORG-2154"",""ORG-2166""]"
9693,10.1007/s12026-013-8458-z,6,"[""ORG-0795"",""ORG-0860"",""ORG-1039"",""ORG-1825"",""ORG-1911"",""ORG-1937""]"
9710,10.1136/bcr-2019-231520,6,"[""ORG-0206"",""ORG-0589"",""ORG-0590"",""ORG-1839"",""ORG-1938"",""ORG-2154""]"
9712,10.1371/journal.pone.0078355,12,"[""ORG-0526"",""ORG-0589"",""ORG-0590"",""ORG-1087"",""ORG-1834"",""ORG-1839"",""ORG-1908"",""ORG-1921"",""ORG-1931"",""ORG-1986"",""ORG-2154"",""ORG-2159""]"
9723,10.1038/s41598-019-56994-8,3,"[""ORG-1259"",""ORG-2154"",""ORG-2315""]"
9724,10.1016/j.virol.2015.02.008,4,"[""ORG-0497"",""ORG-0858"",""ORG-1581"",""ORG-2147""]"
9728,10.1186/s12879-019-4715-7,10,"[""ORG-0363"",""ORG-0824"",""ORG-0861"",""ORG-1245"",""ORG-1259"",""ORG-1890"",""ORG-1969"",""ORG-2120"",""ORG-2154"",""ORG-2189""]"
9739,10.12688/f1000research.20906.1,2,"[""ORG-1891"",""ORG-2154""]"
9741,10.1155/2019/1785132,9,"[""ORG-0526"",""ORG-0589"",""ORG-0590"",""ORG-0898"",""ORG-0989"",""ORG-1825"",""ORG-1839"",""ORG-1910"",""ORG-2154""]"
9744,10.1016/j.mayocp.2019.08.022,2,"[""ORG-0943"",""ORG-1259""]"
9745,10.1080/21645515.2015.1009818,3,"[""ORG-1137"",""ORG-1867"",""ORG-1958""]"
9748,10.1371/journal.ppat.1008221,5,"[""ORG-0421"",""ORG-1039"",""ORG-1259"",""ORG-1890"",""ORG-1949""]"
9752,10.1186/s12864-019-6391-9,3,"[""ORG-1825"",""ORG-1846"",""ORG-2154""]"
9767,10.7554/eLife.06054,17,"[""ORG-0316"",""ORG-0790"",""ORG-0833"",""ORG-0853"",""ORG-0854"",""ORG-0963"",""ORG-1221"",""ORG-1248"",""ORG-1259"",""ORG-1459"",""ORG-1709"",""ORG-1866"",""ORG-1938"",""ORG-1948"",""ORG-2147"",""ORG-2154"",""ORG-2306""]"
9783,10.3389/fped.2019.00500,10,"[""ORG-0963"",""ORG-1259"",""ORG-1347"",""ORG-1357"",""ORG-1432"",""ORG-1631"",""ORG-1730"",""ORG-2120"",""ORG-2154"",""ORG-2189""]"
9793,10.3960/jslrt.18032,4,"[""ORG-0856"",""ORG-1089"",""ORG-1825"",""ORG-2154""]"
9796,10.1371/journal.ppat.1004702,12,"[""ORG-0310"",""ORG-0359"",""ORG-0772"",""ORG-0858"",""ORG-1259"",""ORG-1347"",""ORG-1357"",""ORG-1766"",""ORG-1798"",""ORG-1894"",""ORG-1958"",""ORG-2154""]"
9802,10.1186/1743-422X-10-314,11,"[""ORG-0215"",""ORG-0526"",""ORG-0589"",""ORG-0590"",""ORG-1137"",""ORG-1259"",""ORG-1361"",""ORG-1593"",""ORG-2147"",""ORG-2154"",""ORG-2159""]"
9807,10.1016/j.virol.2015.02.009,6,"[""ORG-0497"",""ORG-0790"",""ORG-0853"",""ORG-1286"",""ORG-1937"",""ORG-2154""]"
9812,10.1084/jem.20050882,10,"[""ORG-0302"",""ORG-0772"",""ORG-0858"",""ORG-1259"",""ORG-1766"",""ORG-1839"",""ORG-1938"",""ORG-2154"",""ORG-2166"",""ORG-2273""]"
9813,10.1016/j.jped.2019.10.009,2,"[""ORG-1856"",""ORG-1937""]"
9816,10.3390/v12010012,9,"[""ORG-1039"",""ORG-1040"",""ORG-1361"",""ORG-1446"",""ORG-1607"",""ORG-1825"",""ORG-1839"",""ORG-1894"",""ORG-1937""]"
9817,10.3390/pathogens9010008,9,"[""ORG-0526"",""ORG-0589"",""ORG-0590"",""ORG-1087"",""ORG-1866"",""ORG-1937"",""ORG-1938"",""ORG-2057"",""ORG-2154""]"
9826,10.3390/vaccines7040217,11,"[""ORG-0124"",""ORG-0399"",""ORG-0526"",""ORG-0589"",""ORG-0590"",""ORG-1305"",""ORG-1347"",""ORG-1834"",""ORG-1932"",""ORG-2154"",""ORG-2166""]"
9830,10.1371/journal.pone.0074744,3,"[""ORG-0359"",""ORG-1259"",""ORG-1981""]"
9835,10.1155/2015/508387,6,"[""ORG-0589"",""ORG-0590"",""ORG-0736"",""ORG-1089"",""ORG-1839"",""ORG-2154""]"
9837,10.1186/s12936-019-3070-x,1,"[""ORG-0895""]"
9845,10.1186/s40425-015-0049-1,16,"[""ORG-0285"",""ORG-0526"",""ORG-0623"",""ORG-0814"",""ORG-0895"",""ORG-0925"",""ORG-1089"",""ORG-1490"",""ORG-1766"",""ORG-1894"",""ORG-1949"",""ORG-2057"",""ORG-2058"",""ORG-2154"",""ORG-2161"",""ORG-2166""]"
9851,10.1186/1743-422X-2-78,5,"[""ORG-0795"",""ORG-0860"",""ORG-1347"",""ORG-1938"",""ORG-2154""]"
9854,10.3389/fmicb.2019.02627,10,"[""ORG-0497"",""ORG-0790"",""ORG-0853"",""ORG-0854"",""ORG-0895"",""ORG-1490"",""ORG-1581"",""ORG-1797"",""ORG-1825"",""ORG-2154""]"
9860,10.1186/s12935-015-0172-6,19,"[""ORG-0191"",""ORG-0359"",""ORG-0362"",""ORG-0784"",""ORG-0829"",""ORG-0925"",""ORG-1218"",""ORG-1231"",""ORG-1361"",""ORG-1503"",""ORG-1593"",""ORG-1675"",""ORG-1812"",""ORG-1848"",""ORG-1900"",""ORG-1936"",""ORG-2105"",""ORG-2154"",""ORG-2166""]"
9872,10.1016/j.ekir.2019.08.015,3,"[""ORG-0312"",""ORG-0319"",""ORG-2154""]"
9880,10.1371/journal.pone.0076607,2,"[""ORG-0925"",""ORG-1897""]"
9887,10.3390/ijms20246269,5,"[""ORG-0589"",""ORG-0590"",""ORG-1819"",""ORG-1834"",""ORG-2154""]"
9890,10.1111/his.12251,3,"[""ORG-0308"",""ORG-0359"",""ORG-0897""]"
9898,10.1080/15548627.2015.1017184,11,"[""ORG-1259"",""ORG-1347"",""ORG-1581"",""ORG-1802"",""ORG-1887"",""ORG-1937"",""ORG-1986"",""ORG-2147"",""ORG-2154"",""ORG-2166"",""ORG-2176""]"
9901,10.1080/10428194.2019.1699080,5,"[""ORG-0526"",""ORG-0589"",""ORG-0590"",""ORG-1938"",""ORG-2154""]"
9903,10.1007/s10875-015-0139-3,1,"[""ORG-0359""]"
9905,10.1200/PO.19.00171,2,"[""ORG-1259"",""ORG-1368""]"
9921,10.1155/2015/687162,11,"[""ORG-0736"",""ORG-0790"",""ORG-0824"",""ORG-0825"",""ORG-0853"",""ORG-0854"",""ORG-0925"",""ORG-1286"",""ORG-2147"",""ORG-2154"",""ORG-2315""]"
9942,10.4049/jimmunol.1900455,11,"[""ORG-0302"",""ORG-0359"",""ORG-0963"",""ORG-1112"",""ORG-1347"",""ORG-1545"",""ORG-1766"",""ORG-1872"",""ORG-1906"",""ORG-2154"",""ORG-2260""]"
9943,10.1371/journal.ppat.1004690,13,"[""ORG-0893"",""ORG-0925"",""ORG-1179"",""ORG-1667"",""ORG-1819"",""ORG-1825"",""ORG-1839"",""ORG-1911"",""ORG-1937"",""ORG-2060"",""ORG-2114"",""ORG-2154"",""ORG-2306""]"
9955,10.1155/2015/104912,1,"[""ORG-0974""]"
9971,10.1093/nar/gkt886,6,"[""ORG-0526"",""ORG-0589"",""ORG-0590"",""ORG-1800"",""ORG-1891"",""ORG-2154""]"
9972,10.1371/journal.ppat.1008192,15,"[""ORG-0511"",""ORG-0526"",""ORG-0589"",""ORG-0590"",""ORG-0925"",""ORG-1039"",""ORG-1135"",""ORG-1347"",""ORG-1867"",""ORG-1911"",""ORG-1937"",""ORG-1938"",""ORG-2140"",""ORG-2154"",""ORG-2163""]"
9978,10.2147/OTT.S221040,5,"[""ORG-0285"",""ORG-0925"",""ORG-1087"",""ORG-1259"",""ORG-1766""]"
9979,10.1038/s41591-019-0672-3,5,"[""ORG-0360"",""ORG-0853"",""ORG-0854"",""ORG-0895"",""ORG-1259""]"
9982,10.3390/v7020496,5,"[""ORG-1039"",""ORG-1581"",""ORG-1607"",""ORG-1894"",""ORG-1911""]"
9990,10.1186/1750-9378-10-3,20,"[""ORG-0497"",""ORG-0589"",""ORG-0590"",""ORG-0772"",""ORG-0858"",""ORG-0860"",""ORG-0963"",""ORG-1259"",""ORG-1361"",""ORG-1503"",""ORG-1581"",""ORG-1839"",""ORG-1891"",""ORG-1894"",""ORG-1896"",""ORG-1937"",""ORG-2141"",""ORG-2154"",""ORG-2156"",""ORG-2166""]"
9999,10.7555/JBR.27.20120085,7,"[""ORG-1004"",""ORG-1039"",""ORG-1325"",""ORG-1607"",""ORG-1690"",""ORG-1900"",""ORG-2147""]"
10000,10.1073/pnas.1915752116,10,"[""ORG-0319"",""ORG-0518"",""ORG-0526"",""ORG-0589"",""ORG-0590"",""ORG-1039"",""ORG-1581"",""ORG-1607"",""ORG-1839"",""ORG-2154""]"
10001,10.1128/mBio.02574-19,9,"[""ORG-0511"",""ORG-0772"",""ORG-0858"",""ORG-1462"",""ORG-1937"",""ORG-1938"",""ORG-1986"",""ORG-2140"",""ORG-2154""]"
10011,10.3346/jkms.2005.20.4.636,5,"[""ORG-0526"",""ORG-0589"",""ORG-0590"",""ORG-0897"",""ORG-2154""]"
10025,10.1097/TP.0000000000000549,3,"[""ORG-0359"",""ORG-0943"",""ORG-1259""]"
10032,10.3390/v7020604,7,"[""ORG-0497"",""ORG-1039"",""ORG-1581"",""ORG-1607"",""ORG-1921"",""ORG-2140"",""ORG-2315""]"
10039,10.1155/2019/5731969,4,"[""ORG-0790"",""ORG-0853"",""ORG-1932"",""ORG-2154""]"
10040,10.1155/2019/7853492,7,"[""ORG-0313"",""ORG-0359"",""ORG-0497"",""ORG-0938"",""ORG-1864"",""ORG-1894"",""ORG-1902""]"
10042,10.3389/fimmu.2019.02568,9,"[""ORG-0319"",""ORG-1253"",""ORG-1347"",""ORG-1357"",""ORG-1581"",""ORG-1585"",""ORG-1668"",""ORG-1766"",""ORG-2154""]"
10055,10.15252/msb.20145808,8,"[""ORG-0310"",""ORG-0497"",""ORG-0894"",""ORG-1020"",""ORG-1581"",""ORG-1638"",""ORG-1866"",""ORG-1921""]"
10059,10.1371/journal.pone.0074231,5,"[""ORG-0359"",""ORG-1232"",""ORG-1259"",""ORG-1766"",""ORG-2260""]"
10060,10.1007/s40473-014-0022-1,7,"[""ORG-0756"",""ORG-0987"",""ORG-1259"",""ORG-1833"",""ORG-1844"",""ORG-1846"",""ORG-1911""]"
10070,10.1371/journal.ppat.1003628,20,"[""ORG-0188"",""ORG-0319"",""ORG-0589"",""ORG-0590"",""ORG-0895"",""ORG-0899"",""ORG-0946"",""ORG-1200"",""ORG-1347"",""ORG-1351"",""ORG-1357"",""ORG-1766"",""ORG-1798"",""ORG-1859"",""ORG-1874"",""ORG-1894"",""ORG-1934"",""ORG-1986"",""ORG-2154"",""ORG-2306""]"
10071,10.1016/j.cell.2015.01.015,7,"[""ORG-0497"",""ORG-0526"",""ORG-0589"",""ORG-0590"",""ORG-1581"",""ORG-1866"",""ORG-2154""]"
10077,10.1101/gr.157743.113,12,"[""ORG-0319"",""ORG-0497"",""ORG-0526"",""ORG-0589"",""ORG-0590"",""ORG-0791"",""ORG-1047"",""ORG-1259"",""ORG-1368"",""ORG-1856"",""ORG-2154"",""ORG-2304""]"
10080,10.1016/j.vaccine.2015.01.071,3,"[""ORG-0312"",""ORG-0359"",""ORG-1839""]"
10088,10.3390/molecules24234264,3,"[""ORG-1798"",""ORG-1812"",""ORG-2154""]"
10090,10.1097/MD.0000000000018142,2,"[""ORG-0963"",""ORG-1894""]"
10109,10.1097/MD.0000000000017982,3,"[""ORG-1146"",""ORG-1890"",""ORG-1911""]"
10114,10.1186/1471-2180-5-45,10,"[""ORG-1095"",""ORG-1254"",""ORG-1263"",""ORG-1778"",""ORG-1797"",""ORG-1825"",""ORG-1990"",""ORG-2105"",""ORG-2115"",""ORG-2154""]"
10116,10.1016/j.clim.2019.108311,3,"[""ORG-0035"",""ORG-0526"",""ORG-1259""]"
10124,10.1158/1078-0432.CCR-12-3588,6,"[""ORG-0497"",""ORG-0790"",""ORG-0855"",""ORG-0925"",""ORG-2154"",""ORG-2166""]"
10128,10.12659/AOT.919655,2,"[""ORG-0359"",""ORG-1603""]"
10129,10.1186/1746-6148-9-185,11,"[""ORG-0497"",""ORG-0790"",""ORG-0853"",""ORG-0854"",""ORG-1259"",""ORG-1581"",""ORG-1839"",""ORG-2120"",""ORG-2154"",""ORG-2189"",""ORG-2315""]"
10137,10.1016/j.bjid.2019.10.004,8,"[""ORG-0860"",""ORG-1259"",""ORG-1361"",""ORG-1581"",""ORG-1825"",""ORG-1894"",""ORG-1896"",""ORG-2154""]"
10141,10.1038/nature14156,5,"[""ORG-0188"",""ORG-0497"",""ORG-0559"",""ORG-1368"",""ORG-1581""]"
10145,10.3389/fneur.2019.01086,3,"[""ORG-1253"",""ORG-1259"",""ORG-1862""]"
10146,10.1538/expanim.19-0042,4,"[""ORG-1581"",""ORG-1819"",""ORG-1825"",""ORG-1866""]"
10150,10.1016/j.tim.2015.01.002,2,"[""ORG-2166"",""ORG-2315""]"
10165,10.1097/MD.0000000000000470,7,"[""ORG-0589"",""ORG-0590"",""ORG-0861"",""ORG-1581"",""ORG-2154"",""ORG-2159"",""ORG-2184""]"
10166,10.1371/journal.ppat.1003584,9,"[""ORG-0312"",""ORG-0963"",""ORG-1039"",""ORG-1259"",""ORG-1607"",""ORG-1902"",""ORG-1938"",""ORG-2154"",""ORG-2156""]"
10167,10.1080/2162402X.2019.1678921,5,"[""ORG-0360"",""ORG-0790"",""ORG-0853"",""ORG-1931"",""ORG-2154""]"
10169,10.1007/s15010-013-0504-1,6,"[""ORG-0790"",""ORG-0824"",""ORG-1221"",""ORG-1867"",""ORG-2154"",""ORG-2161""]"
10174,10.1056/NEJMoa1409002,1,"[""ORG-1897""]"
10180,10.3389/fimmu.2019.02473,5,"[""ORG-1839"",""ORG-1877"",""ORG-1956"",""ORG-2054"",""ORG-2306""]"
10182,10.1002/2211-5463.12765,9,"[""ORG-0497"",""ORG-0506"",""ORG-0526"",""ORG-0527"",""ORG-0589"",""ORG-0590"",""ORG-1581"",""ORG-2154"",""ORG-2156""]"
10184,10.1016/j.ebiom.2019.11.005,10,"[""ORG-0312"",""ORG-0497"",""ORG-0545"",""ORG-0772"",""ORG-0858"",""ORG-0904"",""ORG-1361"",""ORG-1503"",""ORG-1900"",""ORG-2154""]"
10186,10.1590/1516-3180.2013.1912814,11,"[""ORG-0497"",""ORG-0526"",""ORG-0589"",""ORG-0590"",""ORG-1361"",""ORG-1581"",""ORG-1834"",""ORG-1894"",""ORG-1896"",""ORG-1937"",""ORG-2154""]"
10189,10.1007/s11908-019-0699-0,2,"[""ORG-0359"",""ORG-1023""]"
10205,10.1097/MD.0000000000017895,5,"[""ORG-0589"",""ORG-0590"",""ORG-0906"",""ORG-1201"",""ORG-2154""]"
10206,10.1016/j.healthplace.2014.12.010,1,"[""ORG-2154""]"
10219,10.1016/j.omto.2019.09.004,4,"[""ORG-0925"",""ORG-0970"",""ORG-1603"",""ORG-2154""]"
10220,10.7759/cureus.5699,8,"[""ORG-0589"",""ORG-0590"",""ORG-0906"",""ORG-1259"",""ORG-1910"",""ORG-2154"",""ORG-2156"",""ORG-2166""]"
10221,10.1038/emm.2014.93,8,"[""ORG-0497"",""ORG-0526"",""ORG-0589"",""ORG-0590"",""ORG-1259"",""ORG-1938"",""ORG-2147"",""ORG-2154""]"
10226,10.1158/1055-9965.EPI-19-0790,4,"[""ORG-0526"",""ORG-0589"",""ORG-0590"",""ORG-2154""]"
10227,10.1038/emm.2014.84,8,"[""ORG-0526"",""ORG-0589"",""ORG-0590"",""ORG-0925"",""ORG-1766"",""ORG-1911"",""ORG-2141"",""ORG-2154""]"
10229,10.1038/emm.2014.109,1,"[""ORG-0526""]"
10231,10.3390/pharmacy7040152,3,"[""ORG-0938"",""ORG-1891"",""ORG-2154""]"
10238,10.1371/journal.pmed.1001778,17,"[""ORG-0824"",""ORG-0938"",""ORG-0943"",""ORG-1221"",""ORG-1228"",""ORG-1259"",""ORG-1260"",""ORG-1484"",""ORG-1667"",""ORG-1839"",""ORG-1881"",""ORG-1896"",""ORG-1910"",""ORG-1937"",""ORG-1938"",""ORG-2061"",""ORG-2154""]"
10241,10.1371/journal.ppat.1004571,15,"[""ORG-0790"",""ORG-0853"",""ORG-0854"",""ORG-0925"",""ORG-1259"",""ORG-1347"",""ORG-1357"",""ORG-1797"",""ORG-1839"",""ORG-1902"",""ORG-1952"",""ORG-2147"",""ORG-2154"",""ORG-2166"",""ORG-2170""]"
10245,10.1155/2014/460574,4,"[""ORG-0526"",""ORG-0589"",""ORG-0590"",""ORG-2154""]"
10246,10.2169/internalmedicine.3394-19,2,"[""ORG-0824"",""ORG-2260""]"
10249,10.1016/j.jmb.2013.08.023,1,"[""ORG-0858""]"
10252,10.1038/s41598-019-52666-9,2,"[""ORG-1019"",""ORG-1215""]"
10258,10.1016/j.ekir.2019.07.007,3,"[""ORG-0589"",""ORG-0590"",""ORG-2154""]"
10265,10.1016/j.jcv.2014.12.003,4,"[""ORG-0694"",""ORG-0853"",""ORG-0854"",""ORG-1259""]"
10267,10.1053/j.ajkd.2014.11.020,1,"[""ORG-1891""]"
10276,10.9734/IJMPCR/2015/13625,3,"[""ORG-0302"",""ORG-0526"",""ORG-0824""]"
10286,10.1097/MD.0000000000017661,3,"[""ORG-1215"",""ORG-2154"",""ORG-2159""]"
10294,10.3390/cancers7010112,13,"[""ORG-0471"",""ORG-0497"",""ORG-0951"",""ORG-0963"",""ORG-1039"",""ORG-1238"",""ORG-1607"",""ORG-1773"",""ORG-1905"",""ORG-1937"",""ORG-1993"",""ORG-2140"",""ORG-2141""]"
10307,10.1111/imcb.12303,6,"[""ORG-0319"",""ORG-0359"",""ORG-1259"",""ORG-1766"",""ORG-1839"",""ORG-1956""]"
10308,10.1002/rmv.1758,7,"[""ORG-0526"",""ORG-0589"",""ORG-0590"",""ORG-1259"",""ORG-1911"",""ORG-2154"",""ORG-2159""]"
10310,10.1371/journal.ppat.1004561,15,"[""ORG-0526"",""ORG-0527"",""ORG-0589"",""ORG-0590"",""ORG-0925"",""ORG-1259"",""ORG-1744"",""ORG-1797"",""ORG-1834"",""ORG-1848"",""ORG-1938"",""ORG-1956"",""ORG-1970"",""ORG-2154"",""ORG-2159""]"
10312,10.3904/kjim.2015.30.1.122,1,"[""ORG-1215""]"
10320,10.3390/v7010072,6,"[""ORG-1039"",""ORG-1527"",""ORG-1607"",""ORG-1891"",""ORG-1937"",""ORG-2154""]"
10322,10.1136/rmdopen-2019-001041,3,"[""ORG-0943"",""ORG-1858"",""ORG-1897""]"
10326,10.4143/crt.2019.457,12,"[""ORG-0215"",""ORG-0526"",""ORG-0527"",""ORG-0589"",""ORG-0590"",""ORG-0925"",""ORG-1581"",""ORG-1891"",""ORG-1911"",""ORG-2154"",""ORG-2156"",""ORG-2315""]"
10331,10.1016/j.ophtha.2019.10.001,2,"[""ORG-0736"",""ORG-1368""]"
10338,10.3389/fgene.2013.00161,10,"[""ORG-0497"",""ORG-0526"",""ORG-0589"",""ORG-0590"",""ORG-1581"",""ORG-1797"",""ORG-1937"",""ORG-2140"",""ORG-2141"",""ORG-2154""]"
10347,10.4049/jimmunol.1300530,6,"[""ORG-0497"",""ORG-0895"",""ORG-0897"",""ORG-0898"",""ORG-0899"",""ORG-2154""]"
10348,10.1016/j.omtm.2019.09.001,4,"[""ORG-1421"",""ORG-1746"",""ORG-1844"",""ORG-1867""]"
10357,10.1371/journal.ppat.1004597,4,"[""ORG-0974"",""ORG-1039"",""ORG-1607"",""ORG-2166""]"
10362,10.1038/s41598-019-51767-9,8,"[""ORG-0497"",""ORG-0526"",""ORG-0589"",""ORG-0590"",""ORG-1259"",""ORG-1834"",""ORG-2154"",""ORG-2192""]"
10365,10.1093/molbev/msu406,6,"[""ORG-1259"",""ORG-1867"",""ORG-1938"",""ORG-2120"",""ORG-2154"",""ORG-2189""]"
10370,10.4103/0975-962X.135269,2,"[""ORG-0571"",""ORG-0925""]"
10379,10.3390/molecules24213834,7,"[""ORG-0188"",""ORG-0526"",""ORG-0527"",""ORG-0798"",""ORG-1851"",""ORG-1921"",""ORG-2154""]"
10386,10.15167/2421-4248/jpmh2019.60.3.1201,4,"[""ORG-1221"",""ORG-1856"",""ORG-1881"",""ORG-1986""]"
10390,10.1097/AOG.0000000000000581,2,"[""ORG-1825"",""ORG-2114""]"
10396,10.1038/s41598-019-51860-z,2,"[""ORG-1259"",""ORG-1872""]"
10400,10.1371/journal.pone.0071254,8,"[""ORG-0824"",""ORG-1035"",""ORG-1039"",""ORG-1230"",""ORG-1259"",""ORG-1607"",""ORG-1896"",""ORG-1911""]"
10401,10.1371/journal.pone.0071062,7,"[""ORG-0302"",""ORG-0319"",""ORG-0753"",""ORG-0824"",""ORG-1089"",""ORG-1259"",""ORG-1766""]"
10403,10.1371/journal.ppat.1003568,13,"[""ORG-0559"",""ORG-0619"",""ORG-0897"",""ORG-1039"",""ORG-1215"",""ORG-1347"",""ORG-1357"",""ORG-1607"",""ORG-1911"",""ORG-1937"",""ORG-1986"",""ORG-2136"",""ORG-2154""]"
10413,10.1101/gad.221341.113,14,"[""ORG-0150"",""ORG-0559"",""ORG-0565"",""ORG-0772"",""ORG-0858"",""ORG-1409"",""ORG-1797"",""ORG-1812"",""ORG-1938"",""ORG-1986"",""ORG-2011"",""ORG-2147"",""ORG-2154"",""ORG-2159""]"
10414,10.1038/s41390-019-0591-5,5,"[""ORG-0526"",""ORG-0589"",""ORG-0590"",""ORG-1891"",""ORG-2154""]"
10415,10.2807/1560-7917.ES.2019.24.42.1900233,2,"[""ORG-1221"",""ORG-1881""]"
10416,10.1186/s12879-019-4545-7,7,"[""ORG-0302"",""ORG-0359"",""ORG-1259"",""ORG-1581"",""ORG-1839"",""ORG-1894"",""ORG-1910""]"
10417,10.1371/journal.pone.0224211,10,"[""ORG-0302"",""ORG-0526"",""ORG-0589"",""ORG-0590"",""ORG-0842"",""ORG-1089"",""ORG-1498"",""ORG-1766"",""ORG-1834"",""ORG-2154""]"
10424,10.3389/fmicb.2019.02297,4,"[""ORG-1825"",""ORG-2154"",""ORG-2160"",""ORG-2166""]"
10431,10.1186/1471-2172-6-13,3,"[""ORG-0302"",""ORG-0359"",""ORG-0824""]"
10432,10.4103/0971-4065.114504,1,"[""ORG-2154""]"
10434,10.1038/nrdp.2015.16,8,"[""ORG-0860"",""ORG-0963"",""ORG-1938"",""ORG-2120"",""ORG-2154"",""ORG-2163"",""ORG-2189"",""ORG-2306""]"
10445,10.2217/fvl.12.138,5,"[""ORG-0853"",""ORG-1221"",""ORG-1825"",""ORG-1938"",""ORG-2154""]"
10446,10.1038/mto.2014.10,7,"[""ORG-0853"",""ORG-0925"",""ORG-1259"",""ORG-1798"",""ORG-2058"",""ORG-2154"",""ORG-2163""]"
10449,10.1016/j.virol.2019.10.002,12,"[""ORG-0542"",""ORG-0824"",""ORG-0825"",""ORG-0861"",""ORG-0898"",""ORG-0899"",""ORG-1035"",""ORG-1039"",""ORG-1040"",""ORG-1259"",""ORG-1607"",""ORG-2154""]"
10453,10.1371/journal.pone.0116288,6,"[""ORG-0925"",""ORG-1257"",""ORG-1315"",""ORG-1934"",""ORG-2108"",""ORG-2154""]"
10458,10.1371/journal.pone.0116178,6,"[""ORG-0858"",""ORG-0899"",""ORG-1089"",""ORG-1441"",""ORG-1442"",""ORG-1894""]"
10461,10.1111/tmi.12165,4,"[""ORG-0824"",""ORG-1368"",""ORG-1897"",""ORG-1910""]"
10464,10.12998/wjcc.v7.i19.3090,6,"[""ORG-0302"",""ORG-0497"",""ORG-0824"",""ORG-0861"",""ORG-1259"",""ORG-2154""]"
10467,10.12998/wjcc.v7.i19.3069,5,"[""ORG-1259"",""ORG-1581"",""ORG-1825"",""ORG-1948"",""ORG-2154""]"
10472,10.1084/jem.20050928,2,"[""ORG-1347"",""ORG-1357""]"
10482,10.1126/scitranslmed.3006637,9,"[""ORG-0015"",""ORG-0869"",""ORG-0968"",""ORG-0970"",""ORG-1230"",""ORG-1894"",""ORG-1956"",""ORG-2154"",""ORG-2166""]"
10492,10.1371/journal.pntd.0007776,12,"[""ORG-0455"",""ORG-0457"",""ORG-0559"",""ORG-0824"",""ORG-0963"",""ORG-1039"",""ORG-1259"",""ORG-1607"",""ORG-1856"",""ORG-1870"",""ORG-1938"",""ORG-2154""]"
10493,10.1371/journal.pone.0071221,3,"[""ORG-0941"",""ORG-1766"",""ORG-2154""]"
10509,10.1530/EDM-19-0082,4,"[""ORG-1259"",""ORG-1839"",""ORG-1890"",""ORG-1897""]"
10519,10.3389/fneur.2019.00987,2,"[""ORG-0244"",""ORG-1259""]"
10529,10.1016/j.jpeds.2013.06.043,1,"[""ORG-1259""]"
10534,10.1002/jps.10399,3,"[""ORG-0359"",""ORG-0824"",""ORG-1259""]"
10535,10.1097/PAI.0000000000000122,5,"[""ORG-0589"",""ORG-0590"",""ORG-1825"",""ORG-2154"",""ORG-2260""]"
10536,10.1186/s12979-014-0022-8,3,"[""ORG-0581"",""ORG-1902"",""ORG-2154""]"
10537,10.1128/mSphere.00658-19,9,"[""ORG-1135"",""ORG-1347"",""ORG-1357"",""ORG-1744"",""ORG-1839"",""ORG-1937"",""ORG-2154"",""ORG-2166"",""ORG-2170""]"
10539,10.1016/j.tim.2019.08.007,11,"[""ORG-0015"",""ORG-0086"",""ORG-0836"",""ORG-1259"",""ORG-1696"",""ORG-1797"",""ORG-1938"",""ORG-2154"",""ORG-2158"",""ORG-2160"",""ORG-2163""]"
10548,10.1177/0194599819880348,2,"[""ORG-0359"",""ORG-0963""]"
10549,10.1186/s12967-014-0336-5,12,"[""ORG-0015"",""ORG-0244"",""ORG-0302"",""ORG-0319"",""ORG-0359"",""ORG-0526"",""ORG-0559"",""ORG-0895"",""ORG-1259"",""ORG-1347"",""ORG-1766"",""ORG-2154""]"
10559,10.3389/fonc.2014.00338,4,"[""ORG-0858"",""ORG-1089"",""ORG-1894"",""ORG-1949""]"
10562,10.4049/jimmunol.1302707,3,"[""ORG-1911"",""ORG-1949"",""ORG-2306""]"
10563,10.1016/j.ejmech.2019.111739,6,"[""ORG-0243"",""ORG-0941"",""ORG-0974"",""ORG-1023"",""ORG-1253"",""ORG-2166""]"
10564,10.1016/j.jpsychires.2013.07.010,8,"[""ORG-0790"",""ORG-0853"",""ORG-0854"",""ORG-1259"",""ORG-1368"",""ORG-1831"",""ORG-1872"",""ORG-2154""]"
10584,10.1016/j.tranon.2014.09.008,7,"[""ORG-0858"",""ORG-1095"",""ORG-1581"",""ORG-1825"",""ORG-1894"",""ORG-1896"",""ORG-2154""]"
10586,10.1093/bmb/ldz031,4,"[""ORG-0772"",""ORG-0858"",""ORG-1084"",""ORG-1581""]"
10597,10.1038/srep07403,3,"[""ORG-1019"",""ORG-1843"",""ORG-2154""]"
10601,10.3389/fonc.2019.00865,7,"[""ORG-0399"",""ORG-0526"",""ORG-0581"",""ORG-0589"",""ORG-0590"",""ORG-1259"",""ORG-2154""]"
10607,10.2147/CMAR.S209880,4,"[""ORG-0310"",""ORG-1259"",""ORG-2120"",""ORG-2154""]"
10608,10.1002/ijc.28402,7,"[""ORG-0526"",""ORG-0589"",""ORG-0590"",""ORG-1897"",""ORG-1920"",""ORG-1938"",""ORG-2154""]"
10609,10.1038/srep07371,3,"[""ORG-2120"",""ORG-2154"",""ORG-2189""]"
10614,10.1371/journal.pone.0114652,10,"[""ORG-0754"",""ORG-0755"",""ORG-0790"",""ORG-0853"",""ORG-1259"",""ORG-1286"",""ORG-1766"",""ORG-1898"",""ORG-1949"",""ORG-2154""]"
10615,10.21037/tcr.2019.10.01,3,"[""ORG-0589"",""ORG-0590"",""ORG-2154""]"
10626,10.1083/jcb.200302085,9,"[""ORG-0497"",""ORG-0526"",""ORG-0527"",""ORG-0589"",""ORG-0590"",""ORG-0951"",""ORG-1087"",""ORG-1259"",""ORG-2154""]"
10640,10.1186/s13023-014-0165-x,6,"[""ORG-0317"",""ORG-0526"",""ORG-0527"",""ORG-1259"",""ORG-1844"",""ORG-1891""]"
10643,10.1186/1750-9378-9-38,8,"[""ORG-0526"",""ORG-0527"",""ORG-0589"",""ORG-0590"",""ORG-0938"",""ORG-1259"",""ORG-1847"",""ORG-2154""]"
10644,10.1111/mpp.12868,11,"[""ORG-0015"",""ORG-0359"",""ORG-0399"",""ORG-0941"",""ORG-1276"",""ORG-1347"",""ORG-1581"",""ORG-1585"",""ORG-1869"",""ORG-2154"",""ORG-2161""]"
10646,10.3390/v5081901,6,"[""ORG-1607"",""ORG-1938"",""ORG-2154"",""ORG-2163"",""ORG-2166"",""ORG-2260""]"
10650,10.7555/JBR.28.20140066,11,"[""ORG-0285"",""ORG-0526"",""ORG-0527"",""ORG-0589"",""ORG-0590"",""ORG-0899"",""ORG-0925"",""ORG-1087"",""ORG-1568"",""ORG-1766"",""ORG-2154""]"
10653,10.1136/esmoopen-2019-000542,5,"[""ORG-1089"",""ORG-1259"",""ORG-1825"",""ORG-1839"",""ORG-2154""]"
10659,10.1128/JVI.00861-19,12,"[""ORG-0963"",""ORG-1218"",""ORG-1231"",""ORG-1747"",""ORG-1798"",""ORG-1839"",""ORG-1856"",""ORG-1891"",""ORG-1911"",""ORG-1931"",""ORG-2140"",""ORG-2154""]"
10666,10.1111/ajt.15605,2,"[""ORG-0736"",""ORG-0789""]"
10672,10.1016/j.coviro.2014.09.019,8,"[""ORG-0312"",""ORG-0860"",""ORG-1421"",""ORG-1581"",""ORG-1586"",""ORG-1825"",""ORG-1891"",""ORG-2166""]"
10678,10.1371/journal.pone.0222537,4,"[""ORG-0399"",""ORG-1259"",""ORG-1910"",""ORG-1948""]"
10680,10.1007/s00705-013-1793-5,5,"[""ORG-0772"",""ORG-0833"",""ORG-0858"",""ORG-1259"",""ORG-1581""]"
10687,10.1016/j.ijscr.2014.11.019,4,"[""ORG-0589"",""ORG-0824"",""ORG-1259"",""ORG-1825""]"
10689,10.3390/ijerph16193544,5,"[""ORG-1259"",""ORG-1858"",""ORG-2120"",""ORG-2154"",""ORG-2189""]"
10690,10.1016/j.psyneuen.2013.06.031,2,"[""ORG-0606"",""ORG-1797""]"
10703,10.1371/journal.ppat.1003510,9,"[""ORG-0015"",""ORG-0341"",""ORG-0925"",""ORG-1039"",""ORG-1276"",""ORG-1607"",""ORG-1839"",""ORG-1911"",""ORG-2154""]"
10709,10.1016/j.virol.2019.08.026,9,"[""ORG-0282"",""ORG-0497"",""ORG-0772"",""ORG-0858"",""ORG-1019"",""ORG-1409"",""ORG-1797"",""ORG-2154"",""ORG-2163""]"
10712,10.1371/journal.ppat.1007999,16,"[""ORG-0302"",""ORG-0497"",""ORG-0895"",""ORG-0963"",""ORG-1135"",""ORG-1347"",""ORG-1357"",""ORG-1581"",""ORG-1719"",""ORG-1825"",""ORG-1829"",""ORG-1905"",""ORG-1938"",""ORG-2154"",""ORG-2160"",""ORG-2306""]"
10713,10.1038/sj.bjc.6601027,11,"[""ORG-0526"",""ORG-0527"",""ORG-0589"",""ORG-0590"",""ORG-1581"",""ORG-1848"",""ORG-1868"",""ORG-1894"",""ORG-2140"",""ORG-2147"",""ORG-2154""]"
10718,10.1016/j.micinf.2014.10.002,7,"[""ORG-0497"",""ORG-1347"",""ORG-1357"",""ORG-1581"",""ORG-1719"",""ORG-1897"",""ORG-2260""]"
10719,10.1016/j.bbi.2014.10.008,12,"[""ORG-0229"",""ORG-0313"",""ORG-0360"",""ORG-0363"",""ORG-0824"",""ORG-0825"",""ORG-1259"",""ORG-1766"",""ORG-1826"",""ORG-2147"",""ORG-2154"",""ORG-2260""]"
10723,10.1155/2019/4536157,9,"[""ORG-0457"",""ORG-0795"",""ORG-0824"",""ORG-0860"",""ORG-1023"",""ORG-1259"",""ORG-1581"",""ORG-1607"",""ORG-1825""]"
10731,10.1155/2019/5184105,4,"[""ORG-0925"",""ORG-1089"",""ORG-1259"",""ORG-1986""]"
10734,10.1128/mBio.01723-19,17,"[""ORG-0497"",""ORG-0526"",""ORG-0529"",""ORG-0589"",""ORG-0590"",""ORG-0925"",""ORG-1177"",""ORG-1259"",""ORG-1330"",""ORG-1581"",""ORG-1744"",""ORG-1746"",""ORG-1839"",""ORG-1937"",""ORG-1938"",""ORG-2154"",""ORG-2306""]"
10740,10.4084/MJHID.2019.048,5,"[""ORG-0359"",""ORG-1259"",""ORG-1894"",""ORG-1934"",""ORG-1981""]"
10742,10.3390/md11072501,3,"[""ORG-0772"",""ORG-0858"",""ORG-0925""]"
10747,10.7774/cevr.2013.2.2.140,2,"[""ORG-1259"",""ORG-1948""]"
10755,10.1371/journal.ppat.1008036,14,"[""ORG-0015"",""ORG-0302"",""ORG-0359"",""ORG-0880"",""ORG-0968"",""ORG-1019"",""ORG-1259"",""ORG-1766"",""ORG-1919"",""ORG-1921"",""ORG-1938"",""ORG-1986"",""ORG-2154"",""ORG-2315""]"
10756,10.1002/cncr.32517,5,"[""ORG-0589"",""ORG-0590"",""ORG-1834"",""ORG-1897"",""ORG-2154""]"
10757,10.1016/j.coviro.2014.09.021,3,"[""ORG-1259"",""ORG-1922"",""ORG-2154""]"
10758,10.3791/59697,11,"[""ORG-0317"",""ORG-0497"",""ORG-1039"",""ORG-1321"",""ORG-1581"",""ORG-1668"",""ORG-1825"",""ORG-1938"",""ORG-2140"",""ORG-2154"",""ORG-2260""]"
10763,10.1016/j.jss.2019.07.009,2,"[""ORG-0872"",""ORG-2154""]"
10777,10.1016/j.vaccine.2013.06.075,1,"[""ORG-1259""]"
10778,10.1186/s12917-019-2073-8,8,"[""ORG-0925"",""ORG-1221"",""ORG-1253"",""ORG-1259"",""ORG-1421"",""ORG-1766"",""ORG-1797"",""ORG-1856""]"
10780,10.1186/s13052-014-0098-y,2,"[""ORG-0363"",""ORG-0860""]"
10782,10.1371/journal.ppat.1008030,10,"[""ORG-0429"",""ORG-0526"",""ORG-0529"",""ORG-0589"",""ORG-0590"",""ORG-1238"",""ORG-1581"",""ORG-1839"",""ORG-1851"",""ORG-2154""]"
10789,10.1186/1479-5876-3-20,11,"[""ORG-0319"",""ORG-0363"",""ORG-0364"",""ORG-0925"",""ORG-1068"",""ORG-1825"",""ORG-1934"",""ORG-1986"",""ORG-2154"",""ORG-2166"",""ORG-2167""]"
10790,10.1155/2013/834295,1,"[""ORG-1896""]"
10795,10.1371/journal.pone.0113921,5,"[""ORG-1259"",""ORG-1825"",""ORG-1839"",""ORG-1891"",""ORG-2154""]"
10804,10.1111/ajt.12328,6,"[""ORG-0526"",""ORG-0527"",""ORG-0589"",""ORG-0590"",""ORG-1095"",""ORG-2154""]"
10818,10.1186/rr56,2,"[""ORG-0207"",""ORG-2154""]"
10830,10.3892/ol.2013.1298,4,"[""ORG-0925"",""ORG-1023"",""ORG-1361"",""ORG-1848""]"
10835,10.3389/fcimb.2014.00158,11,"[""ORG-0363"",""ORG-0364"",""ORG-0790"",""ORG-0796"",""ORG-0853"",""ORG-0854"",""ORG-1259"",""ORG-1286"",""ORG-1361"",""ORG-1593"",""ORG-2154""]"
10837,10.1016/j.jconrel.2013.06.033,3,"[""ORG-0925"",""ORG-1894"",""ORG-2154""]"
10844,10.3390/cancers11091331,3,"[""ORG-1028"",""ORG-1857"",""ORG-1956""]"
10845,10.1038/cgt.2013.38,3,"[""ORG-0925"",""ORG-2154"",""ORG-2340""]"
10847,10.1371/journal.pone.0067234,2,"[""ORG-0385"",""ORG-2306""]"
10849,10.1016/j.ajoc.2019.100547,6,"[""ORG-0824"",""ORG-0925"",""ORG-1862"",""ORG-1905"",""ORG-2120"",""ORG-2166""]"
10850,10.1371/journal.pone.0113427,7,"[""ORG-0267"",""ORG-0772"",""ORG-0858"",""ORG-1205"",""ORG-1347"",""ORG-1361"",""ORG-1462""]"
10867,10.1016/j.virol.2019.08.012,14,"[""ORG-0013"",""ORG-0129"",""ORG-0497"",""ORG-0589"",""ORG-0590"",""ORG-0790"",""ORG-0855"",""ORG-1259"",""ORG-1937"",""ORG-1938"",""ORG-1949"",""ORG-2154"",""ORG-2163"",""ORG-2166""]"
10868,10.1371/journal.pone.0113702,11,"[""ORG-0363"",""ORG-0497"",""ORG-0518"",""ORG-0526"",""ORG-0589"",""ORG-0590"",""ORG-0963"",""ORG-1259"",""ORG-1581"",""ORG-1896"",""ORG-2154""]"
10875,10.3324/haematol.2019.226647,3,"[""ORG-1122"",""ORG-1259"",""ORG-2154""]"
10876,10.1002/ijc.28351,7,"[""ORG-0086"",""ORG-0497"",""ORG-0795"",""ORG-0824"",""ORG-1910"",""ORG-2140"",""ORG-2154""]"
10879,10.1371/journal.pone.0111502,13,"[""ORG-0795"",""ORG-1039"",""ORG-1368"",""ORG-1421"",""ORG-1441"",""ORG-1442"",""ORG-1607"",""ORG-1644"",""ORG-1809"",""ORG-1937"",""ORG-2141"",""ORG-2154"",""ORG-2256""]"
10880,10.1016/j.coviro.2013.06.002,4,"[""ORG-0359"",""ORG-1696"",""ORG-1891"",""ORG-1934""]"
10882,10.1371/journal.pone.0112685,8,"[""ORG-0171"",""ORG-0526"",""ORG-0970"",""ORG-1218"",""ORG-1231"",""ORG-1839"",""ORG-1958"",""ORG-2154""]"
10886,10.1186/1471-2334-13-303,1,"[""ORG-1368""]"
10887,10.1200/PO.18.00276,4,"[""ORG-0497"",""ORG-0589"",""ORG-0590"",""ORG-2154""]"
10892,10.1002/pros.22914,9,"[""ORG-0015"",""ORG-1259"",""ORG-1361"",""ORG-1503"",""ORG-1866"",""ORG-1911"",""ORG-2057"",""ORG-2058"",""ORG-2154""]"
10907,10.3390/vaccines7030104,6,"[""ORG-0015"",""ORG-0772"",""ORG-0858"",""ORG-1825"",""ORG-2154"",""ORG-2157""]"
10912,10.1038/sj.bjc.6602561,8,"[""ORG-0559"",""ORG-0589"",""ORG-0590"",""ORG-1766"",""ORG-1825"",""ORG-1866"",""ORG-1969"",""ORG-2154""]"
10918,10.1038/s41467-019-11853-y,4,"[""ORG-1503"",""ORG-1581"",""ORG-1891"",""ORG-2154""]"
10919,10.4049/jimmunol.1202514,9,"[""ORG-0014"",""ORG-0315"",""ORG-0362"",""ORG-0895"",""ORG-1035"",""ORG-1039"",""ORG-1607"",""ORG-1797"",""ORG-2147""]"
10922,10.3389/fimmu.2019.01850,7,"[""ORG-0122"",""ORG-0824"",""ORG-1215"",""ORG-1347"",""ORG-1357"",""ORG-1773"",""ORG-2154""]"
10923,10.1097/QAD.0b013e328362d8b0,2,"[""ORG-0359"",""ORG-0824""]"
10931,10.1161/CIRCRESAHA.116.304393,6,"[""ORG-0302"",""ORG-0359"",""ORG-0897"",""ORG-1089"",""ORG-1766"",""ORG-1839""]"
10933,10.21037/tcr.2019.08.02,3,"[""ORG-0589"",""ORG-0590"",""ORG-2154""]"
10937,10.6004/jadpro.2019.10.7.8,10,"[""ORG-0359"",""ORG-1221"",""ORG-1259"",""ORG-1581"",""ORG-1672"",""ORG-1673"",""ORG-1856"",""ORG-1881"",""ORG-1937"",""ORG-2154""]"
10938,10.1186/2049-6958-8-42,4,"[""ORG-0790"",""ORG-0853"",""ORG-1839"",""ORG-2154""]"
10941,10.1542/peds.2019-1305,3,"[""ORG-1259"",""ORG-2120"",""ORG-2154""]"
10945,10.3390/v5061587,7,"[""ORG-0526"",""ORG-0527"",""ORG-0589"",""ORG-0590"",""ORG-0902"",""ORG-2147"",""ORG-2154""]"
10956,10.1038/onc.2013.242,6,"[""ORG-0319"",""ORG-1039"",""ORG-1040"",""ORG-1259"",""ORG-1607"",""ORG-1970""]"
10963,10.7759/cureus.5194,4,"[""ORG-0860"",""ORG-2120"",""ORG-2154"",""ORG-2189""]"
10967,10.3390/v6114165,7,"[""ORG-0860"",""ORG-1039"",""ORG-1044"",""ORG-1051"",""ORG-1238"",""ORG-1581"",""ORG-1607""]"
10970,10.1371/journal.ppat.1004503,20,"[""ORG-0086"",""ORG-0457"",""ORG-0565"",""ORG-0853"",""ORG-0854"",""ORG-0894"",""ORG-0895"",""ORG-0951"",""ORG-1023"",""ORG-1259"",""ORG-1347"",""ORG-1581"",""ORG-1798"",""ORG-1839"",""ORG-1894"",""ORG-1911"",""ORG-1949"",""ORG-2146"",""ORG-2154"",""ORG-2306""]"
10974,10.1186/1746-1596-8-100,9,"[""ORG-0526"",""ORG-0529"",""ORG-0589"",""ORG-0590"",""ORG-1259"",""ORG-1766"",""ORG-1862"",""ORG-1913"",""ORG-2154""]"
10983,10.1002/jmv.23634,12,"[""ORG-0497"",""ORG-0790"",""ORG-0824"",""ORG-0853"",""ORG-0854"",""ORG-1286"",""ORG-1896"",""ORG-1937"",""ORG-2120"",""ORG-2154"",""ORG-2166"",""ORG-2189""]"
10989,10.1038/s41587-019-0225-9,7,"[""ORG-0317"",""ORG-0455"",""ORG-1347"",""ORG-1357"",""ORG-1825"",""ORG-2154"",""ORG-2163""]"
10999,10.1371/journal.pone.0110741,8,"[""ORG-0925"",""ORG-1221"",""ORG-1259"",""ORG-1490"",""ORG-1766"",""ORG-1881"",""ORG-2154"",""ORG-2166""]"
11001,10.1002/jmv.25574,5,"[""ORG-0320"",""ORG-0359"",""ORG-1259"",""ORG-1368"",""ORG-1981""]"
11005,10.5732/cjc.014.10170,8,"[""ORG-0497"",""ORG-0589"",""ORG-0590"",""ORG-1825"",""ORG-1844"",""ORG-1846"",""ORG-1856"",""ORG-2154""]"
11013,10.1002/9780471729259.mc14e05s35,10,"[""ORG-0497"",""ORG-0790"",""ORG-0853"",""ORG-1347"",""ORG-1361"",""ORG-1581"",""ORG-1911"",""ORG-2147"",""ORG-2154"",""ORG-2160""]"
11020,10.1186/s12879-019-4379-3,2,"[""ORG-1047"",""ORG-1259""]"
11041,10.1007/s10552-014-0480-5,4,"[""ORG-0791"",""ORG-0795"",""ORG-0860"",""ORG-1259""]"
11043,10.4161/onci.23974,2,"[""ORG-1766"",""ORG-1825""]"
11050,10.1038/s41409-019-0614-1,2,"[""ORG-1766"",""ORG-2154""]"
11051,10.1128/mBio.01889-19,12,"[""ORG-0511"",""ORG-0772"",""ORG-0858"",""ORG-0925"",""ORG-1095"",""ORG-1259"",""ORG-1454"",""ORG-1581"",""ORG-1911"",""ORG-1938"",""ORG-2141"",""ORG-2154""]"
11055,10.1002/acn3.88,2,"[""ORG-0359"",""ORG-0941""]"
11056,10.1007/s00109-013-1006-4,8,"[""ORG-0022"",""ORG-0526"",""ORG-0925"",""ORG-1253"",""ORG-1259"",""ORG-1418"",""ORG-1797"",""ORG-2306""]"
11057,10.3389/fimmu.2019.01792,4,"[""ORG-0925"",""ORG-1421"",""ORG-1766"",""ORG-2057""]"
11059,10.1111/cup.12405,11,"[""ORG-0363"",""ORG-0526"",""ORG-0589"",""ORG-0590"",""ORG-0824"",""ORG-0861"",""ORG-0963"",""ORG-1421"",""ORG-1891"",""ORG-2057"",""ORG-2154""]"
11060,10.1371/journal.pone.0065523,13,"[""ORG-0602"",""ORG-0754"",""ORG-0755"",""ORG-0790"",""ORG-0853"",""ORG-1137"",""ORG-1872"",""ORG-1891"",""ORG-2114"",""ORG-2154"",""ORG-2164"",""ORG-2166"",""ORG-2306""]"
11062,10.3390/v11080757,7,"[""ORG-0895"",""ORG-0925"",""ORG-1259"",""ORG-1938"",""ORG-1986"",""ORG-2154"",""ORG-2166""]"
11065,10.1177/0885066613476454,4,"[""ORG-0359"",""ORG-1825"",""ORG-1938"",""ORG-2154""]"
11072,10.1007/s10096-019-03674-0,4,"[""ORG-0773"",""ORG-1825"",""ORG-2154"",""ORG-2166""]"
11085,10.1016/j.canlet.2013.05.037,8,"[""ORG-0506"",""ORG-0925"",""ORG-1035"",""ORG-1039"",""ORG-1607"",""ORG-1911"",""ORG-2154"",""ORG-2156""]"
11089,10.1186/1742-6405-2-1,7,"[""ORG-0824"",""ORG-0825"",""ORG-1057"",""ORG-1421"",""ORG-1581"",""ORG-1583"",""ORG-1773""]"
11091,10.1186/1471-2458-14-1098,2,"[""ORG-1259"",""ORG-1368""]"
11095,10.3390/v6104047,7,"[""ORG-1581"",""ORG-1825"",""ORG-1839"",""ORG-1937"",""ORG-2154"",""ORG-2166"",""ORG-2167""]"
11105,10.4049/jimmunol.1401436,9,"[""ORG-0302"",""ORG-0319"",""ORG-0359"",""ORG-0897"",""ORG-0925"",""ORG-1259"",""ORG-1347"",""ORG-1766"",""ORG-1812""]"
11106,10.1007/s11899-013-0162-5,3,"[""ORG-0359"",""ORG-0360"",""ORG-1259""]"
11113,10.1371/journal.pone.0221084,6,"[""ORG-0963"",""ORG-1221"",""ORG-1839"",""ORG-2120"",""ORG-2154"",""ORG-2189""]"
11129,10.1186/1471-2407-5-32,6,"[""ORG-0853"",""ORG-0925"",""ORG-1894"",""ORG-1949"",""ORG-2034"",""ORG-2306""]"
11143,10.3390/ijms20163865,4,"[""ORG-0359"",""ORG-0772"",""ORG-0858"",""ORG-1347""]"
11150,10.1128/genomeA.00928-14,3,"[""ORG-0312"",""ORG-0754"",""ORG-2154""]"
11155,10.1251/bpo38,10,"[""ORG-0012"",""ORG-0833"",""ORG-0860"",""ORG-1347"",""ORG-1361"",""ORG-1480"",""ORG-1503"",""ORG-1802"",""ORG-1866"",""ORG-1979""]"
11160,10.4317/medoral.18903,2,"[""ORG-1894"",""ORG-2154""]"
11161,10.1016/j.virol.2019.07.028,9,"[""ORG-0312"",""ORG-0925"",""ORG-1039"",""ORG-1259"",""ORG-1607"",""ORG-1738"",""ORG-1811"",""ORG-1839"",""ORG-1867""]"
11169,10.1177/1179547619867330,9,"[""ORG-0497"",""ORG-0526"",""ORG-0527"",""ORG-0589"",""ORG-0590"",""ORG-1259"",""ORG-1839"",""ORG-2154"",""ORG-2156""]"
11170,10.1371/journal.pone.0064921,8,"[""ORG-0526"",""ORG-0589"",""ORG-0590"",""ORG-1259"",""ORG-1839"",""ORG-1948"",""ORG-1981"",""ORG-2154""]"
11173,10.1371/journal.pone.0064327,8,"[""ORG-0589"",""ORG-0590"",""ORG-0790"",""ORG-0824"",""ORG-0860"",""ORG-0899"",""ORG-2120"",""ORG-2154""]"
11176,10.3389/fimmu.2013.00105,3,"[""ORG-0302"",""ORG-1766"",""ORG-2154""]"
11177,10.1186/s13027-019-0236-7,6,"[""ORG-0085"",""ORG-0963"",""ORG-1259"",""ORG-1896"",""ORG-2154"",""ORG-2260""]"
11178,10.1371/journal.ppat.1003383,12,"[""ORG-0207"",""ORG-0772"",""ORG-0858"",""ORG-0904"",""ORG-0962"",""ORG-1205"",""ORG-1766"",""ORG-1894"",""ORG-1938"",""ORG-1958"",""ORG-2147"",""ORG-2154""]"
11188,10.2174/1874613601408010025,9,"[""ORG-0363"",""ORG-0824"",""ORG-0853"",""ORG-0963"",""ORG-1259"",""ORG-1851"",""ORG-1894"",""ORG-1896"",""ORG-2154""]"
11202,10.3389/fendo.2019.00474,5,"[""ORG-1089"",""ORG-1825"",""ORG-1862"",""ORG-2154"",""ORG-2298""]"
11203,10.1099/vir.0.069872-0,11,"[""ORG-0317"",""ORG-0772"",""ORG-0858"",""ORG-0925"",""ORG-0938"",""ORG-1347"",""ORG-1851"",""ORG-1894"",""ORG-1896"",""ORG-1910"",""ORG-1949""]"
11207,10.1186/1756-0500-6-209,9,"[""ORG-0497"",""ORG-0728"",""ORG-1184"",""ORG-1347"",""ORG-1581"",""ORG-1586"",""ORG-2141"",""ORG-2154"",""ORG-2166""]"
11208,10.1016/j.virol.2019.07.026,10,"[""ORG-0526"",""ORG-0589"",""ORG-0590"",""ORG-0925"",""ORG-1138"",""ORG-1230"",""ORG-1259"",""ORG-1421"",""ORG-1797"",""ORG-2154""]"
11211,10.1155/2014/548097,7,"[""ORG-0526"",""ORG-0772"",""ORG-1259"",""ORG-1361"",""ORG-1862"",""ORG-2141"",""ORG-2166""]"
11215,10.3389/fmicb.2014.00504,23,"[""ORG-0526"",""ORG-0589"",""ORG-0590"",""ORG-0790"",""ORG-0795"",""ORG-0853"",""ORG-0859"",""ORG-0860"",""ORG-0895"",""ORG-1254"",""ORG-1259"",""ORG-1825"",""ORG-1839"",""ORG-1855"",""ORG-1937"",""ORG-1938"",""ORG-1952"",""ORG-1986"",""ORG-2120"",""ORG-2154"",""ORG-2159"",""ORG-2166"",""ORG-2189""]"
11218,10.3390/v5051325,4,"[""ORG-0359"",""ORG-0904"",""ORG-1527"",""ORG-2141""]"
11221,10.1016/j.molonc.2014.09.006,13,"[""ORG-0244"",""ORG-0429"",""ORG-0526"",""ORG-0527"",""ORG-0589"",""ORG-0590"",""ORG-1039"",""ORG-1040"",""ORG-1607"",""ORG-1848"",""ORG-1931"",""ORG-1948"",""ORG-2154""]"
11226,10.1371/journal.ppat.1003336,18,"[""ORG-0312"",""ORG-0904"",""ORG-1039"",""ORG-1259"",""ORG-1581"",""ORG-1607"",""ORG-1798"",""ORG-1839"",""ORG-1868"",""ORG-1897"",""ORG-1921"",""ORG-1937"",""ORG-1938"",""ORG-2140"",""ORG-2141"",""ORG-2154"",""ORG-2260"",""ORG-2306""]"
11234,10.1007/s00103-014-2052-y,8,"[""ORG-0155"",""ORG-0963"",""ORG-1259"",""ORG-1347"",""ORG-1368"",""ORG-1859"",""ORG-1910"",""ORG-1934""]"
11237,10.1155/2013/462968,3,"[""ORG-0359"",""ORG-1771"",""ORG-1862""]"
11240,10.1371/journal.pone.0064442,7,"[""ORG-0012"",""ORG-0244"",""ORG-0963"",""ORG-1347"",""ORG-1357"",""ORG-1856"",""ORG-1949""]"
11243,10.1371/journal.pone.0063802,9,"[""ORG-0265"",""ORG-0497"",""ORG-0526"",""ORG-0589"",""ORG-0590"",""ORG-1921"",""ORG-1937"",""ORG-1986"",""ORG-2154""]"
11251,10.1136/annrheumdis-2019-215724,7,"[""ORG-0943"",""ORG-1236"",""ORG-1330"",""ORG-1890"",""ORG-1900"",""ORG-1986"",""ORG-2315""]"
11263,10.2217/cns.12.42,7,"[""ORG-0790"",""ORG-1259"",""ORG-1536"",""ORG-1938"",""ORG-1956"",""ORG-2154"",""ORG-2166""]"
11268,10.1155/2019/5832410,11,"[""ORG-0155"",""ORG-0526"",""ORG-0589"",""ORG-0590"",""ORG-1087"",""ORG-1581"",""ORG-1894"",""ORG-1911"",""ORG-1948"",""ORG-2154"",""ORG-2306""]"
11269,10.2147/BLCTT.S142814,5,"[""ORG-0824"",""ORG-1891"",""ORG-2154"",""ORG-2161"",""ORG-2315""]"
11276,10.4049/immunohorizons.1900028,4,"[""ORG-0302"",""ORG-0925"",""ORG-1259"",""ORG-1766""]"
11281,10.1097/OLQ.0b013e318289c186,4,"[""ORG-0790"",""ORG-0853"",""ORG-1248"",""ORG-2154""]"
11284,10.1155/2019/2082561,7,"[""ORG-0188"",""ORG-0360"",""ORG-0581"",""ORG-0925"",""ORG-1047"",""ORG-1897"",""ORG-2154""]"
11287,10.3389/fmicb.2019.01544,11,"[""ORG-0497"",""ORG-0589"",""ORG-0590"",""ORG-1432"",""ORG-1607"",""ORG-1797"",""ORG-1937"",""ORG-2141"",""ORG-2143"",""ORG-2154"",""ORG-2166""]"
11294,10.1371/journal.pone.0063255,6,"[""ORG-0188"",""ORG-0895"",""ORG-1259"",""ORG-1894"",""ORG-1993"",""ORG-2166""]"
11305,10.3390/v5051231,7,"[""ORG-0833"",""ORG-1089"",""ORG-1911"",""ORG-2154"",""ORG-2156"",""ORG-2158"",""ORG-2166""]"
11310,10.1084/jem.20021522,10,"[""ORG-0573"",""ORG-0895"",""ORG-0899"",""ORG-0925"",""ORG-0963"",""ORG-1103"",""ORG-1215"",""ORG-1766"",""ORG-1970"",""ORG-2166""]"
11320,10.3748/wjg.v25.i26.3344,7,"[""ORG-1259"",""ORG-1809"",""ORG-1825"",""ORG-1851"",""ORG-1896"",""ORG-1948"",""ORG-2154""]"
11321,10.4084/MJHID.2013.026,4,"[""ORG-0359"",""ORG-1259"",""ORG-1856"",""ORG-1894""]"
11322,10.1371/journal.pone.0063587,10,"[""ORG-0898"",""ORG-0974"",""ORG-0989"",""ORG-1218"",""ORG-1259"",""ORG-1347"",""ORG-1357"",""ORG-2154"",""ORG-2298"",""ORG-2306""]"
11348,10.1089/vim.2019.0080,8,"[""ORG-0526"",""ORG-0589"",""ORG-0590"",""ORG-0925"",""ORG-0963"",""ORG-1766"",""ORG-1967"",""ORG-2154""]"
11352,10.7150/jca.32387,7,"[""ORG-0497"",""ORG-0526"",""ORG-0589"",""ORG-0590"",""ORG-1259"",""ORG-1911"",""ORG-2154""]"
11355,10.1186/ar1691,2,"[""ORG-0963"",""ORG-1921""]"
11360,10.1371/journal.ppat.1003314,17,"[""ORG-0244"",""ORG-0267"",""ORG-0497"",""ORG-0521"",""ORG-0526"",""ORG-0527"",""ORG-0589"",""ORG-0590"",""ORG-0925"",""ORG-0951"",""ORG-1347"",""ORG-1421"",""ORG-1581"",""ORG-1839"",""ORG-1891"",""ORG-2154"",""ORG-2166""]"
11365,10.1038/s41467-019-11104-0,10,"[""ORG-0086"",""ORG-0497"",""ORG-0728"",""ORG-0925"",""ORG-1259"",""ORG-1847"",""ORG-1864"",""ORG-1921"",""ORG-1937"",""ORG-2145""]"
11372,10.1016/j.tim.2019.06.006,7,"[""ORG-0374"",""ORG-0974"",""ORG-1938"",""ORG-2154"",""ORG-2160"",""ORG-2161"",""ORG-2163""]"
11376,10.12688/f1000research.18182.1,4,"[""ORG-0861"",""ORG-0906"",""ORG-1798"",""ORG-2154""]"
11380,10.1007/s40259-013-0039-0,6,"[""ORG-0824"",""ORG-0825"",""ORG-1891"",""ORG-1969"",""ORG-2154"",""ORG-2166""]"
11390,10.1002/path.4448,12,"[""ORG-0526"",""ORG-0527"",""ORG-0589"",""ORG-0590"",""ORG-0833"",""ORG-0963"",""ORG-1259"",""ORG-1744"",""ORG-1826"",""ORG-1848"",""ORG-1911"",""ORG-2154""]"
11392,10.1186/s12879-019-4233-7,4,"[""ORG-1361"",""ORG-2120"",""ORG-2154"",""ORG-2189""]"
11393,10.1111/jcmm.12391,6,"[""ORG-0899"",""ORG-0925"",""ORG-1177"",""ORG-1259"",""ORG-1374"",""ORG-1581""]"
11394,10.1016/j.mehy.2013.04.012,15,"[""ORG-0133"",""ORG-0497"",""ORG-0790"",""ORG-0858"",""ORG-0963"",""ORG-1259"",""ORG-1775"",""ORG-1844"",""ORG-1911"",""ORG-1973"",""ORG-2057"",""ORG-2154"",""ORG-2156"",""ORG-2166"",""ORG-2170""]"
11396,10.3390/cancers11071006,4,"[""ORG-0214"",""ORG-0497"",""ORG-0860"",""ORG-1797""]"
11401,10.3389/fnhum.2013.00170,3,"[""ORG-1089"",""ORG-1986"",""ORG-2154""]"
11402,10.1159/000501358,2,"[""ORG-1766"",""ORG-2154""]"
11411,10.1126/scitranslmed.aaw2607,8,"[""ORG-0359"",""ORG-0399"",""ORG-0772"",""ORG-0824"",""ORG-0869"",""ORG-1089"",""ORG-1891"",""ORG-2154""]"
11424,10.1016/j.pep.2013.04.008,7,"[""ORG-0347"",""ORG-0497"",""ORG-1361"",""ORG-1831"",""ORG-1844"",""ORG-1900"",""ORG-2166""]"
11427,10.1186/s12979-019-0154-y,5,"[""ORG-0302"",""ORG-0814"",""ORG-0970"",""ORG-1766"",""ORG-2154""]"
11436,10.1186/1742-4933-10-16,2,"[""ORG-0359"",""ORG-1766""]"
11440,10.1017/S0950268814002441,5,"[""ORG-0545"",""ORG-1831"",""ORG-2120"",""ORG-2154"",""ORG-2189""]"
11441,10.1159/000348765,1,"[""ORG-1894""]"
11442,10.2147/DDDT.S209211,2,"[""ORG-0374"",""ORG-1259""]"
11443,10.1371/journal.pone.0107654,15,"[""ORG-0444"",""ORG-0497"",""ORG-0559"",""ORG-0790"",""ORG-0853"",""ORG-0854"",""ORG-0938"",""ORG-1238"",""ORG-1259"",""ORG-1581"",""ORG-1847"",""ORG-1849"",""ORG-1850"",""ORG-1913"",""ORG-2154""]"
11444,10.1371/journal.pone.0108071,6,"[""ORG-0048"",""ORG-0049"",""ORG-1259"",""ORG-1572"",""ORG-1813"",""ORG-2315""]"
11446,10.3346/jkms.2005.20.1.79,2,"[""ORG-1839"",""ORG-2315""]"
11447,10.1186/s12879-019-4193-y,6,"[""ORG-1138"",""ORG-1259"",""ORG-1581"",""ORG-2120"",""ORG-2154"",""ORG-2189""]"
11449,10.1093/advances/nmz013,8,"[""ORG-0141"",""ORG-0317"",""ORG-0790"",""ORG-0824"",""ORG-1819"",""ORG-1911"",""ORG-2154"",""ORG-2166""]"
11450,10.1097/MD.0000000000016373,5,"[""ORG-0589"",""ORG-0590"",""ORG-0906"",""ORG-0988"",""ORG-2154""]"
11452,10.1371/journal.pone.0061400,8,"[""ORG-0312"",""ORG-0363"",""ORG-0860"",""ORG-0925"",""ORG-1347"",""ORG-1357"",""ORG-1581"",""ORG-2154""]"
11457,10.1016/j.jpeds.2019.06.033,5,"[""ORG-0363"",""ORG-0364"",""ORG-0497"",""ORG-1361"",""ORG-2166""]"
11460,10.12659/AJCR.916253,8,"[""ORG-0589"",""ORG-0590"",""ORG-0963"",""ORG-1221"",""ORG-1881"",""ORG-1938"",""ORG-1986"",""ORG-2154""]"
11461,10.1111/tid.13145,3,"[""ORG-0526"",""ORG-1259"",""ORG-2192""]"
11462,10.3109/10428194.2014.963079,2,"[""ORG-0359"",""ORG-1361""]"
11463,10.4049/jimmunol.1900396,13,"[""ORG-0315"",""ORG-0319"",""ORG-0895"",""ORG-0925"",""ORG-0988"",""ORG-1215"",""ORG-1581"",""ORG-1585"",""ORG-1773"",""ORG-1932"",""ORG-1948"",""ORG-2154"",""ORG-2306""]"
11469,10.1016/j.vaccine.2012.09.041,13,"[""ORG-0526"",""ORG-0527"",""ORG-0589"",""ORG-0590"",""ORG-1221"",""ORG-1259"",""ORG-1543"",""ORG-1798"",""ORG-1826"",""ORG-1867"",""ORG-1881"",""ORG-2147"",""ORG-2154""]"
11470,10.12688/f1000research.16182.1,1,"[""ORG-0824""]"
11474,10.1371/journal.pone.0061984,2,"[""ORG-0359"",""ORG-1839""]"
11477,10.1371/journal.pone.0061973,9,"[""ORG-0359"",""ORG-0773"",""ORG-0824"",""ORG-1259"",""ORG-1285"",""ORG-1581"",""ORG-1851"",""ORG-1948"",""ORG-2154""]"
11478,10.1371/journal.pone.0061792,4,"[""ORG-0506"",""ORG-0925"",""ORG-1259"",""ORG-1825""]"
11479,10.3389/fmicb.2014.00452,10,"[""ORG-0124"",""ORG-0795"",""ORG-0860"",""ORG-0861"",""ORG-0925"",""ORG-1607"",""ORG-1857"",""ORG-1911"",""ORG-1949"",""ORG-2154""]"
11491,10.3389/fmicb.2019.01408,10,"[""ORG-0585"",""ORG-0860"",""ORG-0925"",""ORG-1259"",""ORG-1581"",""ORG-1847"",""ORG-1937"",""ORG-1938"",""ORG-2141"",""ORG-2154""]"
11492,10.1038/s41598-019-46329-y,7,"[""ORG-0772"",""ORG-0858"",""ORG-0963"",""ORG-1581"",""ORG-1825"",""ORG-2147"",""ORG-2154""]"
11497,10.1016/j.tim.2013.03.005,11,"[""ORG-0507"",""ORG-0791"",""ORG-0792"",""ORG-1347"",""ORG-1357"",""ORG-1421"",""ORG-1464"",""ORG-1581"",""ORG-1631"",""ORG-1891"",""ORG-1897""]"
11523,10.1002/cncr.32366,6,"[""ORG-0545"",""ORG-0897"",""ORG-1137"",""ORG-1259"",""ORG-1361"",""ORG-2154""]"
11524,10.1016/j.vaccine.2013.04.023,5,"[""ORG-0155"",""ORG-1072"",""ORG-1089"",""ORG-1259"",""ORG-2246""]"
11528,10.1007/s13238-019-0647-7,4,"[""ORG-1215"",""ORG-1259"",""ORG-1566"",""ORG-2154""]"
11536,10.3389/fimmu.2019.01358,6,"[""ORG-0310"",""ORG-0359"",""ORG-0974"",""ORG-1766"",""ORG-1921"",""ORG-1927""]"
11553,10.1371/journal.pone.0057833,5,"[""ORG-1089"",""ORG-1896"",""ORG-1911"",""ORG-1986"",""ORG-2306""]"
11557,10.1074/jbc.RA119.009667,6,"[""ORG-0317"",""ORG-0772"",""ORG-0858"",""ORG-1259"",""ORG-1464"",""ORG-1937""]"
11563,10.1371/journal.pone.0217749,6,"[""ORG-0304"",""ORG-0806"",""ORG-1831"",""ORG-2120"",""ORG-2154"",""ORG-2247""]"
11572,10.1007/s00277-019-03745-4,3,"[""ORG-1089"",""ORG-1852"",""ORG-1910""]"
11576,10.1128/mBio.01006-19,17,"[""ORG-0319"",""ORG-0497"",""ORG-0526"",""ORG-0527"",""ORG-0529"",""ORG-0589"",""ORG-0590"",""ORG-0619"",""ORG-0897"",""ORG-0925"",""ORG-1089"",""ORG-1095"",""ORG-1347"",""ORG-1668"",""ORG-1798"",""ORG-1949"",""ORG-2154""]"
11581,10.3892/ijo.2014.2634,6,"[""ORG-1047"",""ORG-1259"",""ORG-1766"",""ORG-2034"",""ORG-2057"",""ORG-2154""]"
11584,10.1016/j.jpeds.2013.03.010,2,"[""ORG-0943"",""ORG-1910""]"
11588,10.3892/etm.2014.1877,6,"[""ORG-0790"",""ORG-0853"",""ORG-0897"",""ORG-1803"",""ORG-1989"",""ORG-2154""]"
11590,10.3389/fendo.2019.00355,13,"[""ORG-0359"",""ORG-0526"",""ORG-0589"",""ORG-0590"",""ORG-0602"",""ORG-0824"",""ORG-0861"",""ORG-1259"",""ORG-1825"",""ORG-1856"",""ORG-1910"",""ORG-2154"",""ORG-2166""]"
11596,10.1186/s12920-019-0551-2,3,"[""ORG-0399"",""ORG-0497"",""ORG-1581""]"
11599,10.1016/j.virusres.2019.197646,7,"[""ORG-0511"",""ORG-0772"",""ORG-0858"",""ORG-0925"",""ORG-1259"",""ORG-1937"",""ORG-2147""]"
11601,10.4161/hv.24269,4,"[""ORG-0906"",""ORG-1603"",""ORG-2120"",""ORG-2154""]"
11602,10.7150/jca.30222,6,"[""ORG-1581"",""ORG-1744"",""ORG-1866"",""ORG-1937"",""ORG-1938"",""ORG-2154""]"
11605,10.6002/ect.2014.0053,1,"[""ORG-2154""]"
11620,10.1038/s41598-019-45479-3,16,"[""ORG-0526"",""ORG-0529"",""ORG-0589"",""ORG-0590"",""ORG-0824"",""ORG-0861"",""ORG-1259"",""ORG-1260"",""ORG-1364"",""ORG-1773"",""ORG-1825"",""ORG-1890"",""ORG-1910"",""ORG-1911"",""ORG-1949"",""ORG-2154""]"
11621,10.1136/gutjnl-2013-304531,6,"[""ORG-0526"",""ORG-0589"",""ORG-0590"",""ORG-0897"",""ORG-1368"",""ORG-2154""]"
11635,10.4110/in.2014.14.4.187,11,"[""ORG-0790"",""ORG-0853"",""ORG-0854"",""ORG-0895"",""ORG-0897"",""ORG-0939"",""ORG-1259"",""ORG-1286"",""ORG-1766"",""ORG-1825"",""ORG-2154""]"
11655,10.1371/journal.pone.0106472,13,"[""ORG-0020"",""ORG-0046"",""ORG-0359"",""ORG-0539"",""ORG-0700"",""ORG-0790"",""ORG-1259"",""ORG-1527"",""ORG-1749"",""ORG-1849"",""ORG-1850"",""ORG-1989"",""ORG-2154""]"
11659,10.1371/journal.pone.0218660,11,"[""ORG-0497"",""ORG-0526"",""ORG-0527"",""ORG-0589"",""ORG-0590"",""ORG-0795"",""ORG-0860"",""ORG-1257"",""ORG-1259"",""ORG-2154"",""ORG-2166""]"
11660,10.1126/science.1257530,2,"[""ORG-0302"",""ORG-1766""]"
11661,10.1002/cam4.2348,10,"[""ORG-0526"",""ORG-0527"",""ORG-0581"",""ORG-0589"",""ORG-0590"",""ORG-0897"",""ORG-1259"",""ORG-1581"",""ORG-1897"",""ORG-2154""]"
11665,10.1128/mBio.01289-19,13,"[""ORG-0108"",""ORG-0317"",""ORG-0772"",""ORG-0858"",""ORG-1259"",""ORG-1347"",""ORG-1441"",""ORG-1855"",""ORG-1866"",""ORG-1897"",""ORG-1986"",""ORG-2154"",""ORG-2315""]"
11679,10.1016/j.coviro.2013.03.003,7,"[""ORG-0526"",""ORG-0589"",""ORG-0590"",""ORG-0860"",""ORG-1811"",""ORG-2147"",""ORG-2154""]"
11682,10.3389/fped.2019.00219,7,"[""ORG-0526"",""ORG-0589"",""ORG-0590"",""ORG-0963"",""ORG-1205"",""ORG-1581"",""ORG-2154""]"
11695,10.1371/journal.pone.0060461,5,"[""ORG-0303"",""ORG-0772"",""ORG-1259"",""ORG-1839"",""ORG-1949""]"
11697,10.1371/journal.pone.0059863,12,"[""ORG-0316"",""ORG-0772"",""ORG-0833"",""ORG-0858"",""ORG-0925"",""ORG-0943"",""ORG-1230"",""ORG-1259"",""ORG-1812"",""ORG-1894"",""ORG-2154"",""ORG-2260""]"
11710,10.1038/s41467-019-10587-1,8,"[""ORG-0303"",""ORG-0317"",""ORG-0359"",""ORG-0808"",""ORG-0833"",""ORG-0858"",""ORG-1259"",""ORG-2154""]"
11719,10.1186/bcr940,9,"[""ORG-0497"",""ORG-0526"",""ORG-0589"",""ORG-0590"",""ORG-1894"",""ORG-1895"",""ORG-1938"",""ORG-2154"",""ORG-2166""]"
11720,10.1186/ar1455,3,"[""ORG-0206"",""ORG-2260"",""ORG-2315""]"
11721,10.7150/ijms.31830,10,"[""ORG-0302"",""ORG-0365"",""ORG-0895"",""ORG-0898"",""ORG-1259"",""ORG-1347"",""ORG-1357"",""ORG-1766"",""ORG-2154"",""ORG-2155""]"
11735,10.1016/j.diagmicrobio.2013.02.026,8,"[""ORG-0545"",""ORG-0795"",""ORG-0824"",""ORG-0963"",""ORG-1039"",""ORG-1361"",""ORG-1607"",""ORG-2154""]"
11742,10.3390/cells8060572,9,"[""ORG-0302"",""ORG-0359"",""ORG-0526"",""ORG-0898"",""ORG-0906"",""ORG-1667"",""ORG-1766"",""ORG-1839"",""ORG-1872""]"
11761,10.1002/cjp2.137,6,"[""ORG-0526"",""ORG-0589"",""ORG-0590"",""ORG-1259"",""ORG-1956"",""ORG-2154""]"
11765,10.1371/journal.pone.0105442,14,"[""ORG-0302"",""ORG-0455"",""ORG-0773"",""ORG-0790"",""ORG-0795"",""ORG-0824"",""ORG-0853"",""ORG-0860"",""ORG-0963"",""ORG-1259"",""ORG-1347"",""ORG-1357"",""ORG-1910"",""ORG-2154""]"
11769,10.1371/journal.pone.0105103,8,"[""ORG-0790"",""ORG-0853"",""ORG-0854"",""ORG-1811"",""ORG-1839"",""ORG-1934"",""ORG-1938"",""ORG-2154""]"
11781,10.4103/0974-7796.134286,2,"[""ORG-2154"",""ORG-2156""]"
11783,10.4161/onci.23035,11,"[""ORG-0085"",""ORG-0526"",""ORG-0589"",""ORG-0590"",""ORG-0619"",""ORG-1259"",""ORG-1891"",""ORG-1937"",""ORG-1938"",""ORG-2154"",""ORG-2159""]"
11787,10.2196/12907,4,"[""ORG-0497"",""ORG-1766"",""ORG-1913"",""ORG-2154""]"
11795,10.1016/j.annepidem.2013.02.005,2,"[""ORG-0790"",""ORG-2154""]"
11800,10.1016/j.chom.2014.07.005,12,"[""ORG-0319"",""ORG-0772"",""ORG-0858"",""ORG-0938"",""ORG-1215"",""ORG-1347"",""ORG-1357"",""ORG-1766"",""ORG-1773"",""ORG-1937"",""ORG-2147"",""ORG-2166""]"
11802,10.1371/journal.pone.0059025,5,"[""ORG-0020"",""ORG-0022"",""ORG-0046"",""ORG-1259"",""ORG-2260""]"
11807,10.1371/journal.ppat.1004304,12,"[""ORG-0227"",""ORG-0317"",""ORG-0521"",""ORG-0526"",""ORG-0527"",""ORG-0529"",""ORG-0589"",""ORG-0590"",""ORG-0860"",""ORG-1581"",""ORG-1766"",""ORG-2154""]"
11809,10.1371/journal.ppat.1004303,12,"[""ORG-0302"",""ORG-0853"",""ORG-0854"",""ORG-0899"",""ORG-0963"",""ORG-1347"",""ORG-1766"",""ORG-1825"",""ORG-1831"",""ORG-1891"",""ORG-2154"",""ORG-2315""]"
11814,10.3389/fimmu.2019.01231,1,"[""ORG-2154""]"
11816,10.3389/fimmu.2019.01193,10,"[""ORG-0302"",""ORG-0304"",""ORG-0694"",""ORG-0970"",""ORG-1259"",""ORG-1766"",""ORG-1894"",""ORG-1902"",""ORG-1931"",""ORG-2154""]"
11829,10.4178/epih/e2014012,3,"[""ORG-1259"",""ORG-1368"",""ORG-1896""]"
11841,10.1186/1746-1596-8-43,5,"[""ORG-0497"",""ORG-1215"",""ORG-1839"",""ORG-2154"",""ORG-2159""]"
11842,10.4049/jimmunol.1202665,3,"[""ORG-1427"",""ORG-1938"",""ORG-2154""]"
11853,10.1186/1471-2164-15-668,8,"[""ORG-0317"",""ORG-0319"",""ORG-0559"",""ORG-1039"",""ORG-1607"",""ORG-1839"",""ORG-2154"",""ORG-2260""]"
11855,10.1186/s12964-014-0046-x,10,"[""ORG-0526"",""ORG-0589"",""ORG-0590"",""ORG-1087"",""ORG-1205"",""ORG-1259"",""ORG-1581"",""ORG-1834"",""ORG-2154"",""ORG-2159""]"
11856,10.1016/j.it.2013.02.005,6,"[""ORG-0897"",""ORG-1215"",""ORG-1259"",""ORG-1347"",""ORG-1357"",""ORG-2154""]"
11860,10.1016/j.chom.2013.02.003,4,"[""ORG-0772"",""ORG-0858"",""ORG-2000"",""ORG-2154""]"
11866,10.1186/1471-2407-13-113,5,"[""ORG-0310"",""ORG-0497"",""ORG-0565"",""ORG-1809"",""ORG-1891""]"
11868,10.1186/1297-9716-44-15,6,"[""ORG-0497"",""ORG-0869"",""ORG-1259"",""ORG-1825"",""ORG-1844"",""ORG-1900""]"
11871,10.1371/journal.ppat.1004302,14,"[""ORG-0302"",""ORG-0317"",""ORG-0623"",""ORG-0904"",""ORG-1243"",""ORG-1746"",""ORG-1766"",""ORG-1866"",""ORG-1890"",""ORG-1937"",""ORG-1938"",""ORG-1986"",""ORG-2154"",""ORG-2260""]"
11880,10.1002/ijc.29127,9,"[""ORG-0526"",""ORG-0589"",""ORG-0590"",""ORG-1259"",""ORG-1766"",""ORG-1825"",""ORG-1894"",""ORG-1911"",""ORG-2154""]"
11883,10.1186/s12934-019-1151-8,5,"[""ORG-0069"",""ORG-0187"",""ORG-1253"",""ORG-1986"",""ORG-2154""]"
11884,10.1161/CIRCRESAHA.119.314845,7,"[""ORG-0312"",""ORG-0895"",""ORG-0901"",""ORG-0902"",""ORG-0906"",""ORG-1236"",""ORG-1259""]"
11888,10.4161/onci.28609,6,"[""ORG-0012"",""ORG-0581"",""ORG-1259"",""ORG-1347"",""ORG-1825"",""ORG-1910""]"
11889,10.1007/s10096-014-2212-x,4,"[""ORG-0359"",""ORG-1911"",""ORG-1938"",""ORG-2154""]"
11893,10.1128/JCM.00296-19,10,"[""ORG-0133"",""ORG-0808"",""ORG-1259"",""ORG-1361"",""ORG-1593"",""ORG-1783"",""ORG-2120"",""ORG-2154"",""ORG-2166"",""ORG-2189""]"
11904,10.1016/j.molcel.2013.01.039,5,"[""ORG-0359"",""ORG-0497"",""ORG-0897"",""ORG-1581"",""ORG-1719""]"
11909,10.1186/s12967-019-1923-2,2,"[""ORG-1581"",""ORG-2154""]"
11914,10.1371/journal.pone.0058359,3,"[""ORG-0925"",""ORG-1259"",""ORG-1949""]"
11918,10.1371/journal.pone.0056114,10,"[""ORG-0312"",""ORG-0526"",""ORG-0589"",""ORG-0590"",""ORG-1087"",""ORG-1581"",""ORG-1834"",""ORG-1986"",""ORG-2154"",""ORG-2159""]"
11927,10.1177/0956462414544724,3,"[""ORG-0824"",""ORG-1089"",""ORG-2154""]"
11931,10.1038/nm.3103,6,"[""ORG-0790"",""ORG-0853"",""ORG-0917"",""ORG-1259"",""ORG-2154"",""ORG-2315""]"
11932,10.1038/nature13480,4,"[""ORG-0736"",""ORG-1581"",""ORG-2154"",""ORG-2260""]"
11935,10.1159/000346346,3,"[""ORG-1911"",""ORG-1948"",""ORG-2154""]"
11937,10.1016/j.bjid.2012.09.008,7,"[""ORG-0313"",""ORG-0526"",""ORG-0589"",""ORG-0590"",""ORG-1581"",""ORG-1834"",""ORG-2154""]"
11938,10.1186/bcr561,13,"[""ORG-0497"",""ORG-0526"",""ORG-0527"",""ORG-0589"",""ORG-0590"",""ORG-0798"",""ORG-0963"",""ORG-1259"",""ORG-1361"",""ORG-1581"",""ORG-1890"",""ORG-2154"",""ORG-2315""]"
11956,10.18632/oncotarget.26907,12,"[""ORG-0526"",""ORG-0790"",""ORG-1347"",""ORG-1825"",""ORG-1868"",""ORG-1898"",""ORG-1913"",""ORG-2140"",""ORG-2154"",""ORG-2163"",""ORG-2166"",""ORG-2169""]"
11958,10.1038/s41598-019-43737-y,4,"[""ORG-0310"",""ORG-0565"",""ORG-1092"",""ORG-1581""]"
11959,10.1038/s41419-019-1661-7,7,"[""ORG-0302"",""ORG-0824"",""ORG-0861"",""ORG-0925"",""ORG-1766"",""ORG-1986"",""ORG-2154""]"
11962,10.3389/fmicb.2014.00337,6,"[""ORG-0772"",""ORG-0858"",""ORG-0898"",""ORG-1347"",""ORG-1357"",""ORG-1825""]"
11963,10.1371/journal.pone.0216898,6,"[""ORG-0315"",""ORG-0526"",""ORG-0589"",""ORG-0590"",""ORG-1911"",""ORG-2154""]"
11965,10.1590/0037-8682-0166-2018,2,"[""ORG-2120"",""ORG-2154""]"
11967,10.4049/jimmunol.1302523,7,"[""ORG-0359"",""ORG-0925"",""ORG-0963"",""ORG-1200"",""ORG-2114"",""ORG-2154"",""ORG-2166""]"
11968,10.1186/s11671-019-3017-8,2,"[""ORG-1259"",""ORG-1783""]"
11972,10.1155/2019/1752456,1,"[""ORG-1259""]"
11977,10.3389/fonc.2013.00028,4,"[""ORG-0853"",""ORG-1527"",""ORG-1797"",""ORG-1932""]"
11978,10.3390/nu11051169,5,"[""ORG-0188"",""ORG-1131"",""ORG-1259"",""ORG-1910"",""ORG-2166""]"
11989,10.1038/s41467-019-10192-2,5,"[""ORG-0925"",""ORG-1937"",""ORG-2147"",""ORG-2154"",""ORG-2166""]"
11994,10.1371/journal.ppat.1004237,14,"[""ORG-0497"",""ORG-0790"",""ORG-0853"",""ORG-0854"",""ORG-1259"",""ORG-1347"",""ORG-1357"",""ORG-1798"",""ORG-1839"",""ORG-1938"",""ORG-1986"",""ORG-2154"",""ORG-2163"",""ORG-2166""]"
12005,10.1371/journal.pone.0056508,11,"[""ORG-0362"",""ORG-0559"",""ORG-0790"",""ORG-0853"",""ORG-0925"",""ORG-1259"",""ORG-1849"",""ORG-1850"",""ORG-1911"",""ORG-1989"",""ORG-2154""]"
12017,10.4161/onci.28782,5,"[""ORG-0559"",""ORG-0974"",""ORG-1215"",""ORG-1894"",""ORG-2154""]"
12021,10.23750/abm.v90i2.8218,3,"[""ORG-0790"",""ORG-1890"",""ORG-2154""]"
12028,10.3390/md11020571,3,"[""ORG-0772"",""ORG-0858"",""ORG-0925""]"
12029,10.2174/157015910792246191,7,"[""ORG-0194"",""ORG-0360"",""ORG-0589"",""ORG-0590"",""ORG-1259"",""ORG-1744"",""ORG-2154""]"
12031,10.1084/jem.20021109,10,"[""ORG-0124"",""ORG-0317"",""ORG-0547"",""ORG-0790"",""ORG-0853"",""ORG-1259"",""ORG-1766"",""ORG-1809"",""ORG-2154"",""ORG-2315""]"
12035,10.1016/j.urolonc.2012.10.007,3,"[""ORG-0048"",""ORG-0925"",""ORG-1891""]"
12037,10.4103/0974-2727.72158,4,"[""ORG-0526"",""ORG-0545"",""ORG-1894"",""ORG-2154""]"
12046,10.1128/mBio.00919-19,13,"[""ORG-0790"",""ORG-0853"",""ORG-0854"",""ORG-0895"",""ORG-0938"",""ORG-1259"",""ORG-1454"",""ORG-1581"",""ORG-1866"",""ORG-1905"",""ORG-1918"",""ORG-2154"",""ORG-2306""]"
12047,10.1111/jop.12221,10,"[""ORG-0363"",""ORG-0526"",""ORG-0589"",""ORG-0590"",""ORG-0925"",""ORG-1259"",""ORG-1361"",""ORG-1891"",""ORG-1896"",""ORG-2154""]"
12048,10.1093/ndtplus/sfq197,8,"[""ORG-0526"",""ORG-0589"",""ORG-0590"",""ORG-1581"",""ORG-1839"",""ORG-1894"",""ORG-2154"",""ORG-2156""]"
12050,10.1194/jlr.M093229,6,"[""ORG-1259"",""ORG-1361"",""ORG-1462"",""ORG-1911"",""ORG-2154"",""ORG-2306""]"
12055,10.4143/crt.2010.42.4.239,1,"[""ORG-2154""]"
12060,10.1136/bmjopen-2018-026953,4,"[""ORG-0951"",""ORG-1259"",""ORG-1839"",""ORG-1910""]"
12061,10.4061/2010/140539,8,"[""ORG-0559"",""ORG-1347"",""ORG-1357"",""ORG-1581"",""ORG-1938"",""ORG-1956"",""ORG-2154"",""ORG-2260""]"
12065,10.3892/ol.2012.1070,6,"[""ORG-0526"",""ORG-0527"",""ORG-0589"",""ORG-0590"",""ORG-1894"",""ORG-2154""]"
12074,10.3389/fimmu.2019.00887,5,"[""ORG-0302"",""ORG-0319"",""ORG-0526"",""ORG-1259"",""ORG-1766""]"
12090,10.1016/j.chom.2012.12.005,6,"[""ORG-1039"",""ORG-1131"",""ORG-1248"",""ORG-1259"",""ORG-1607"",""ORG-2154""]"
12093,10.1126/sciimmunol.aax0644,10,"[""ORG-0526"",""ORG-0589"",""ORG-0590"",""ORG-0824"",""ORG-0861"",""ORG-1259"",""ORG-1347"",""ORG-1351"",""ORG-1357"",""ORG-2154""]"
12099,10.1016/j.pep.2010.12.013,10,"[""ORG-0267"",""ORG-0596"",""ORG-0680"",""ORG-0853"",""ORG-0854"",""ORG-1259"",""ORG-1813"",""ORG-1903"",""ORG-1952"",""ORG-2166""]"
12101,10.1371/journal.pgen.1008169,9,"[""ORG-0497"",""ORG-1243"",""ORG-1259"",""ORG-1581"",""ORG-1668"",""ORG-1825"",""ORG-1911"",""ORG-1986"",""ORG-2166""]"
12109,10.1186/s12887-019-1529-0,4,"[""ORG-1259"",""ORG-1891"",""ORG-1956"",""ORG-1969""]"
12111,10.1097/MD.0000000000015714,3,"[""ORG-1866"",""ORG-1948"",""ORG-2154""]"
12113,10.1097/MD.0000000000015601,11,"[""ORG-0359"",""ORG-0526"",""ORG-0589"",""ORG-0590"",""ORG-0790"",""ORG-0824"",""ORG-0853"",""ORG-0861"",""ORG-1831"",""ORG-2154"",""ORG-2315""]"
12118,10.4049/jimmunol.1003456,8,"[""ORG-0317"",""ORG-0571"",""ORG-0790"",""ORG-0853"",""ORG-0854"",""ORG-1766"",""ORG-1839"",""ORG-2154""]"
12125,10.1002/eji.201242940,7,"[""ORG-0319"",""ORG-0772"",""ORG-0858"",""ORG-1766"",""ORG-1798"",""ORG-1839"",""ORG-2154""]"
12126,10.12659/AJCR.915300,4,"[""ORG-0963"",""ORG-2120"",""ORG-2154"",""ORG-2189""]"
12130,10.1097/QAI.0b013e31828a7056,6,"[""ORG-0581"",""ORG-1035"",""ORG-1039"",""ORG-1259"",""ORG-1607"",""ORG-2315""]"
12134,10.1155/2019/8685312,9,"[""ORG-0312"",""ORG-0421"",""ORG-0559"",""ORG-0824"",""ORG-1744"",""ORG-1825"",""ORG-1856"",""ORG-1952"",""ORG-2166""]"
12135,10.1155/2019/6927380,9,"[""ORG-0267"",""ORG-0455"",""ORG-0899"",""ORG-1177"",""ORG-1259"",""ORG-1347"",""ORG-1894"",""ORG-1911"",""ORG-1970""]"
12138,10.1186/1471-2172-11-64,10,"[""ORG-0015"",""ORG-0790"",""ORG-0880"",""ORG-0925"",""ORG-0968"",""ORG-1347"",""ORG-1357"",""ORG-2154"",""ORG-2260"",""ORG-2306""]"
12144,10.1128/mBio.00732-19,10,"[""ORG-0790"",""ORG-0853"",""ORG-0854"",""ORG-0917"",""ORG-0925"",""ORG-1151"",""ORG-1938"",""ORG-2154"",""ORG-2166"",""ORG-2315""]"
12157,10.14348/molcells.2019.2395,5,"[""ORG-0589"",""ORG-0590"",""ORG-1259"",""ORG-1464"",""ORG-2154""]"
12161,10.1038/gene.2014.42,3,"[""ORG-0795"",""ORG-0824"",""ORG-0825""]"
12164,10.3389/fnmol.2019.00083,8,"[""ORG-0790"",""ORG-0853"",""ORG-0899"",""ORG-0925"",""ORG-1259"",""ORG-1527"",""ORG-1986"",""ORG-2154""]"
12173,10.1590/0074-0276130563,4,"[""ORG-1368"",""ORG-1847"",""ORG-2120"",""ORG-2154""]"
12174,10.1371/journal.pone.0094444,9,"[""ORG-0497"",""ORG-0643"",""ORG-1259"",""ORG-1361"",""ORG-1505"",""ORG-1672"",""ORG-2154"",""ORG-2260"",""ORG-2306""]"
12175,10.3345/kjp.2013.56.1.26,4,"[""ORG-1766"",""ORG-1856"",""ORG-2154"",""ORG-2189""]"
12183,10.1002/stem.1355,7,"[""ORG-0310"",""ORG-0619"",""ORG-0925"",""ORG-1089"",""ORG-1503"",""ORG-1825"",""ORG-2154""]"
12185,10.4049/jimmunol.1002678,7,"[""ORG-0302"",""ORG-0319"",""ORG-0938"",""ORG-1259"",""ORG-1566"",""ORG-1766"",""ORG-1806""]"
12190,10.3390/biom9050178,16,"[""ORG-0123"",""ORG-0497"",""ORG-0773"",""ORG-0790"",""ORG-0824"",""ORG-0825"",""ORG-0853"",""ORG-0861"",""ORG-1047"",""ORG-1581"",""ORG-1586"",""ORG-1849"",""ORG-1850"",""ORG-1948"",""ORG-2154"",""ORG-2166""]"
12191,10.3389/fmicb.2014.00308,4,"[""ORG-0526"",""ORG-0589"",""ORG-0590"",""ORG-2154""]"
12192,10.1371/journal.pone.0215553,6,"[""ORG-0790"",""ORG-0853"",""ORG-0854"",""ORG-0943"",""ORG-1896"",""ORG-2154""]"
12195,10.2147/OPTH.S39113,6,"[""ORG-0790"",""ORG-1368"",""ORG-1783"",""ORG-1881"",""ORG-1934"",""ORG-2154""]"
12196,10.1128/mBio.00558-12,18,"[""ORG-0497"",""ORG-0585"",""ORG-0773"",""ORG-0790"",""ORG-0853"",""ORG-1259"",""ORG-1347"",""ORG-1357"",""ORG-1581"",""ORG-1586"",""ORG-1849"",""ORG-1850"",""ORG-1937"",""ORG-2141"",""ORG-2143"",""ORG-2154"",""ORG-2166"",""ORG-2170""]"
12210,10.1371/journal.pone.0054586,14,"[""ORG-0779"",""ORG-0790"",""ORG-0853"",""ORG-0854"",""ORG-0859"",""ORG-1259"",""ORG-1347"",""ORG-1357"",""ORG-1849"",""ORG-1850"",""ORG-1948"",""ORG-1986"",""ORG-2154"",""ORG-2166""]"
12218,10.1186/s12879-019-3990-7,6,"[""ORG-0545"",""ORG-1259"",""ORG-1361"",""ORG-2120"",""ORG-2166"",""ORG-2189""]"
12224,10.1158/0008-5472.CAN-10-1843,5,"[""ORG-0853"",""ORG-1766"",""ORG-1825"",""ORG-1891"",""ORG-2058""]"
12228,10.1002/cam4.2185,8,"[""ORG-0526"",""ORG-0527"",""ORG-0589"",""ORG-0590"",""ORG-1690"",""ORG-1839"",""ORG-2154"",""ORG-2156""]"
12229,10.3390/molecules18021949,6,"[""ORG-0497"",""ORG-0925"",""ORG-1259"",""ORG-1848"",""ORG-1982"",""ORG-1986""]"
12233,10.1371/journal.pone.0015184,6,"[""ORG-0858"",""ORG-1215"",""ORG-1766"",""ORG-1911"",""ORG-2115"",""ORG-2154""]"
12237,10.1186/1750-9378-8-7,7,"[""ORG-1259"",""ORG-1867"",""ORG-1894"",""ORG-1911"",""ORG-1948"",""ORG-2154"",""ORG-2166""]"
12246,10.3341/kjo.2013.27.1.61,5,"[""ORG-0359"",""ORG-0861"",""ORG-1259"",""ORG-1581"",""ORG-2154""]"
12247,10.1371/journal.ppat.1007743,11,"[""ORG-0860"",""ORG-0895"",""ORG-1039"",""ORG-1104"",""ORG-1607"",""ORG-1747"",""ORG-1911"",""ORG-1937"",""ORG-1938"",""ORG-2147"",""ORG-2154""]"
12254,10.1093/ckj/sfs154,4,"[""ORG-1839"",""ORG-1934"",""ORG-2154"",""ORG-2315""]"
12258,10.1016/j.ophtha.2010.09.017,6,"[""ORG-0359"",""ORG-0824"",""ORG-0861"",""ORG-1910"",""ORG-1981"",""ORG-2154""]"
12262,10.1371/journal.pone.0101373,7,"[""ORG-0007"",""ORG-0754"",""ORG-0755"",""ORG-0790"",""ORG-0853"",""ORG-1581"",""ORG-2154""]"
12263,10.1186/1750-1172-5-37,5,"[""ORG-0943"",""ORG-1259"",""ORG-1956"",""ORG-2120"",""ORG-2154""]"
12266,10.1186/1471-2164-14-64,9,"[""ORG-0374"",""ORG-0471"",""ORG-0736"",""ORG-0808"",""ORG-1135"",""ORG-1368"",""ORG-1581"",""ORG-1585"",""ORG-2154""]"
12269,10.1093/infdis/jiz208,4,"[""ORG-0808"",""ORG-0858"",""ORG-0897"",""ORG-1642""]"
12272,10.1038/ni.2936,3,"[""ORG-0798"",""ORG-1215"",""ORG-2154""]"
12279,10.1371/journal.pone.0100228,10,"[""ORG-0317"",""ORG-0497"",""ORG-1039"",""ORG-1051"",""ORG-1607"",""ORG-1797"",""ORG-1937"",""ORG-1938"",""ORG-2141"",""ORG-2154""]"
12281,10.1186/2051-1426-2-11,1,"[""ORG-2057""]"
12284,10.1186/1471-2180-10-311,25,"[""ORG-0012"",""ORG-0317"",""ORG-0497"",""ORG-0728"",""ORG-1259"",""ORG-1347"",""ORG-1361"",""ORG-1503"",""ORG-1581"",""ORG-1586"",""ORG-1593"",""ORG-1668"",""ORG-1802"",""ORG-1839"",""ORG-1844"",""ORG-1847"",""ORG-1851"",""ORG-1905"",""ORG-1937"",""ORG-1938"",""ORG-2140"",""ORG-2141"",""ORG-2154"",""ORG-2166"",""ORG-2315""]"
12293,10.3892/or.2013.2248,14,"[""ORG-0790"",""ORG-0925"",""ORG-0941"",""ORG-1259"",""ORG-1361"",""ORG-1848"",""ORG-1849"",""ORG-1850"",""ORG-1859"",""ORG-1894"",""ORG-1900"",""ORG-1989"",""ORG-2032"",""ORG-2154""]"
12295,10.1371/journal.ppat.1004220,7,"[""ORG-0897"",""ORG-0925"",""ORG-0963"",""ORG-1511"",""ORG-1766"",""ORG-2154"",""ORG-2166""]"
12300,10.1016/j.immuni.2010.11.020,12,"[""ORG-0015"",""ORG-0895"",""ORG-0897"",""ORG-0974"",""ORG-1215"",""ORG-1527"",""ORG-1766"",""ORG-1986"",""ORG-2154"",""ORG-2166"",""ORG-2170"",""ORG-2187""]"
12308,10.1016/j.antiviral.2019.04.011,2,"[""ORG-0683"",""ORG-1039""]"
12329,10.4049/jimmunol.1202749,10,"[""ORG-0359"",""ORG-0497"",""ORG-0790"",""ORG-0853"",""ORG-0854"",""ORG-0895"",""ORG-0963"",""ORG-1286"",""ORG-1581"",""ORG-2154""]"
12332,10.1007/s12250-019-00114-3,9,"[""ORG-0559"",""ORG-0795"",""ORG-0860"",""ORG-1039"",""ORG-1607"",""ORG-1811"",""ORG-1825"",""ORG-1938"",""ORG-2154""]"
12333,10.1016/j.micinf.2014.06.005,12,"[""ORG-0141"",""ORG-0302"",""ORG-0790"",""ORG-0853"",""ORG-0854"",""ORG-0872"",""ORG-0925"",""ORG-1347"",""ORG-1766"",""ORG-2154"",""ORG-2166"",""ORG-2306""]"
12336,10.3389/fonc.2019.00253,3,"[""ORG-1089"",""ORG-1368"",""ORG-2154""]"
12338,10.3389/fmicb.2019.00723,9,"[""ORG-0086"",""ORG-0559"",""ORG-1259"",""ORG-1347"",""ORG-1894"",""ORG-1956"",""ORG-1986"",""ORG-2154"",""ORG-2315""]"
12347,10.1371/journal.pone.0052845,4,"[""ORG-0302"",""ORG-0409"",""ORG-0824"",""ORG-1259""]"
12349,10.3390/jcm8040558,1,"[""ORG-1324""]"
12350,10.3201/eid1612.100593,6,"[""ORG-1347"",""ORG-1527"",""ORG-1581"",""ORG-1586"",""ORG-2154"",""ORG-2166""]"
12356,10.1186/1752-1947-8-212,4,"[""ORG-0589"",""ORG-0590"",""ORG-1891"",""ORG-2154""]"
12368,10.1186/1471-2172-15-25,4,"[""ORG-0359"",""ORG-1095"",""ORG-1259"",""ORG-1361""]"
12376,10.1007/978-1-62703-218-6_31,3,"[""ORG-0697"",""ORG-1738"",""ORG-2281""]"
12391,10.1002/cam4.2179,1,"[""ORG-1581""]"
12394,10.3390/v5010226,9,"[""ORG-0520"",""ORG-0526"",""ORG-0529"",""ORG-0589"",""ORG-0590"",""ORG-0987"",""ORG-1866"",""ORG-1911"",""ORG-2154""]"
12403,10.1038/nrc2961,4,"[""ORG-1246"",""ORG-1839"",""ORG-2154"",""ORG-2166""]"
12407,10.1016/j.lrr.2014.03.001,3,"[""ORG-0359"",""ORG-1259"",""ORG-1421""]"
12410,10.1371/journal.pone.0215605,12,"[""ORG-1232"",""ORG-1347"",""ORG-1357"",""ORG-1432"",""ORG-1797"",""ORG-1815"",""ORG-1839"",""ORG-1894"",""ORG-1900"",""ORG-1938"",""ORG-2154"",""ORG-2306""]"
12413,10.3389/fcimb.2019.00091,16,"[""ORG-0302"",""ORG-0497"",""ORG-0773"",""ORG-0824"",""ORG-0825"",""ORG-0861"",""ORG-0897"",""ORG-0925"",""ORG-1259"",""ORG-1581"",""ORG-1667"",""ORG-1847"",""ORG-1862"",""ORG-1906"",""ORG-2154"",""ORG-2166""]"
12420,10.1371/journal.pone.0215727,7,"[""ORG-0853"",""ORG-0854"",""ORG-0987"",""ORG-1894"",""ORG-1911"",""ORG-2154"",""ORG-2163""]"
12425,10.1186/1750-9378-9-19,6,"[""ORG-0526"",""ORG-0589"",""ORG-0590"",""ORG-1834"",""ORG-1862"",""ORG-2154""]"
12426,10.1159/000363130,7,"[""ORG-0790"",""ORG-0824"",""ORG-0853"",""ORG-1839"",""ORG-2120"",""ORG-2154"",""ORG-2189""]"
12427,10.1016/j.immuni.2014.05.005,3,"[""ORG-0319"",""ORG-1347"",""ORG-1766""]"
12428,10.1186/1750-9378-5-22,5,"[""ORG-0526"",""ORG-0589"",""ORG-0590"",""ORG-1938"",""ORG-2154""]"
12430,10.1186/1472-6750-14-56,12,"[""ORG-0335"",""ORG-0338"",""ORG-0399"",""ORG-0457"",""ORG-0951"",""ORG-1089"",""ORG-1122"",""ORG-1259"",""ORG-1581"",""ORG-1798"",""ORG-1969"",""ORG-2154""]"
12433,10.3389/fimmu.2012.00401,5,"[""ORG-0097"",""ORG-1035"",""ORG-1039"",""ORG-1607"",""ORG-2147""]"
12434,10.1016/j.virol.2014.04.020,3,"[""ORG-1039"",""ORG-2140"",""ORG-2154""]"
12443,10.1016/j.nmni.2019.100529,5,"[""ORG-0860"",""ORG-0963"",""ORG-1581"",""ORG-1825"",""ORG-1911""]"
12455,10.1371/journal.pone.0054010,13,"[""ORG-0526"",""ORG-0529"",""ORG-0589"",""ORG-0590"",""ORG-0925"",""ORG-0963"",""ORG-1089"",""ORG-1259"",""ORG-1798"",""ORG-1829"",""ORG-2154"",""ORG-2166"",""ORG-2306""]"
12456,10.2217/fvl.12.8,5,"[""ORG-0359"",""ORG-0869"",""ORG-0974"",""ORG-1851"",""ORG-1872""]"
12458,10.1186/1471-2458-10-706,8,"[""ORG-0899"",""ORG-1259"",""ORG-1321"",""ORG-1347"",""ORG-1357"",""ORG-1368"",""ORG-2154"",""ORG-2260""]"
12462,10.1038/leu.2013.4,2,"[""ORG-0497"",""ORG-0526""]"
12463,10.1371/journal.pone.0098819,8,"[""ORG-0359"",""ORG-0526"",""ORG-0853"",""ORG-1131"",""ORG-1581"",""ORG-1970"",""ORG-2154"",""ORG-2166""]"
12464,10.1371/journal.pone.0099174,2,"[""ORG-1259"",""ORG-1817""]"
12471,10.1371/journal.ppat.1001170,8,"[""ORG-0359"",""ORG-0772"",""ORG-0858"",""ORG-0925"",""ORG-1089"",""ORG-1259"",""ORG-1825"",""ORG-2154""]"
12481,10.4049/jimmunol.1302429,6,"[""ORG-0963"",""ORG-1020"",""ORG-1766"",""ORG-1911"",""ORG-2154"",""ORG-2166""]"
12487,10.1186/1743-422X-11-107,12,"[""ORG-0526"",""ORG-0589"",""ORG-0590"",""ORG-1361"",""ORG-1503"",""ORG-1581"",""ORG-1593"",""ORG-1834"",""ORG-1844"",""ORG-1937"",""ORG-2141"",""ORG-2154""]"
12492,10.1371/journal.pone.0053145,6,"[""ORG-0824"",""ORG-0825"",""ORG-1039"",""ORG-1607"",""ORG-1839"",""ORG-2136""]"
12502,10.1371/journal.ppat.1003095,12,"[""ORG-0421"",""ORG-0526"",""ORG-0527"",""ORG-0542"",""ORG-0589"",""ORG-0590"",""ORG-0963"",""ORG-1259"",""ORG-1938"",""ORG-2147"",""ORG-2154"",""ORG-2159""]"
12507,10.1128/JVI.00238-19,7,"[""ORG-0526"",""ORG-0589"",""ORG-0590"",""ORG-0925"",""ORG-1766"",""ORG-1931"",""ORG-2154""]"
12520,10.1177/1756286419836571,2,"[""ORG-1825"",""ORG-1948""]"
12525,10.1371/journal.pone.0013742,10,"[""ORG-0526"",""ORG-0589"",""ORG-0590"",""ORG-0778"",""ORG-0895"",""ORG-0963"",""ORG-1089"",""ORG-2154"",""ORG-2166"",""ORG-2306""]"
12526,10.3892/mmr.2012.1253,9,"[""ORG-0518"",""ORG-0526"",""ORG-0529"",""ORG-0589"",""ORG-0590"",""ORG-1581"",""ORG-1834"",""ORG-1911"",""ORG-2154""]"
12527,10.1159/000320671,3,"[""ORG-0497"",""ORG-1894"",""ORG-2154""]"
12529,10.1097/QAI.0000000000001982,7,"[""ORG-0302"",""ORG-0359"",""ORG-0497"",""ORG-0824"",""ORG-0825"",""ORG-1259"",""ORG-1581""]"
12531,10.1016/j.coi.2012.11.001,8,"[""ORG-0359"",""ORG-0963"",""ORG-1174"",""ORG-1911"",""ORG-1948"",""ORG-2154"",""ORG-2166"",""ORG-2306""]"
12532,10.5114/amsad.2019.83304,6,"[""ORG-0359"",""ORG-0497"",""ORG-1259"",""ORG-1894"",""ORG-1938"",""ORG-2154""]"
12537,10.1155/2019/3405146,3,"[""ORG-0497"",""ORG-1986"",""ORG-2154""]"
12558,10.1016/j.ebiom.2019.03.077,10,"[""ORG-0124"",""ORG-0302"",""ORG-0359"",""ORG-0824"",""ORG-0825"",""ORG-1766"",""ORG-1934"",""ORG-1981"",""ORG-2154"",""ORG-2156""]"
12560,10.1186/1471-2407-14-335,3,"[""ORG-0526"",""ORG-1259"",""ORG-1839""]"
12570,10.1186/1752-1947-8-163,1,"[""ORG-1897""]"
12576,10.3389/fmicb.2019.00577,8,"[""ORG-0317"",""ORG-0359"",""ORG-0858"",""ORG-1253"",""ORG-1259"",""ORG-1668"",""ORG-1893"",""ORG-1894""]"
12582,10.1371/journal.ppat.1007658,15,"[""ORG-0359"",""ORG-0497"",""ORG-0571"",""ORG-0895"",""ORG-0951"",""ORG-1215"",""ORG-1259"",""ORG-1454"",""ORG-1773"",""ORG-1839"",""ORG-1855"",""ORG-1866"",""ORG-1894"",""ORG-2147"",""ORG-2166""]"
12593,10.1371/journal.pone.0096165,3,"[""ORG-0359"",""ORG-1259"",""ORG-1859""]"
12599,10.3389/fped.2019.00061,2,"[""ORG-0694"",""ORG-1232""]"
12602,10.12659/AOT.914101,4,"[""ORG-0526"",""ORG-0589"",""ORG-0590"",""ORG-2154""]"
12620,10.1016/j.jcv.2010.09.011,11,"[""ORG-0526"",""ORG-0529"",""ORG-0589"",""ORG-0590"",""ORG-1259"",""ORG-1361"",""ORG-1581"",""ORG-1891"",""ORG-1911"",""ORG-2154"",""ORG-2163""]"
12627,10.3389/fped.2019.00071,9,"[""ORG-0317"",""ORG-0526"",""ORG-0527"",""ORG-0529"",""ORG-0589"",""ORG-0590"",""ORG-1259"",""ORG-2154"",""ORG-2156""]"
12629,10.3389/fonc.2019.00127,8,"[""ORG-0526"",""ORG-0527"",""ORG-0589"",""ORG-0590"",""ORG-1937"",""ORG-1938"",""ORG-2151"",""ORG-2154""]"
12632,10.1007/s13555-019-0291-4,2,"[""ORG-0409"",""ORG-1368""]"
12634,10.1016/j.immuni.2012.11.005,6,"[""ORG-0895"",""ORG-1241"",""ORG-1242"",""ORG-1986"",""ORG-2154"",""ORG-2166""]"
12635,10.1155/2014/707691,3,"[""ORG-0789"",""ORG-1259"",""ORG-2154""]"
12636,10.1016/j.psyneuen.2012.11.016,4,"[""ORG-1259"",""ORG-1910"",""ORG-1911"",""ORG-1981""]"
12637,10.1155/2014/252914,3,"[""ORG-2154"",""ORG-2163"",""ORG-2315""]"
12639,10.4132/KoreanJPathol.2014.48.2.81,4,"[""ORG-0308"",""ORG-0861"",""ORG-1259"",""ORG-2154""]"
12640,10.4049/jimmunol.1801454,7,"[""ORG-0124"",""ORG-0302"",""ORG-0796"",""ORG-1347"",""ORG-1911"",""ORG-2154"",""ORG-2306""]"
12643,10.1371/journal.pone.0050248,3,"[""ORG-0359"",""ORG-1368"",""ORG-1766""]"
12648,10.3201/eid2006.140055,5,"[""ORG-0497"",""ORG-1259"",""ORG-1839"",""ORG-2154"",""ORG-2315""]"
12656,10.1155/2014/631951,1,"[""ORG-0359""]"
12658,10.1007/s00430-019-00600-1,12,"[""ORG-0045"",""ORG-0122"",""ORG-0359"",""ORG-0559"",""ORG-0678"",""ORG-0772"",""ORG-0963"",""ORG-1259"",""ORG-1797"",""ORG-1911"",""ORG-1920"",""ORG-2154""]"
12670,10.1016/j.bbmt.2010.10.025,8,"[""ORG-0359"",""ORG-0497"",""ORG-0736"",""ORG-0853"",""ORG-1361"",""ORG-1839"",""ORG-2120"",""ORG-2154""]"
12674,10.1038/s41417-019-0091-0,6,"[""ORG-0360"",""ORG-0853"",""ORG-0854"",""ORG-0970"",""ORG-1581"",""ORG-2154""]"
12676,10.2169/internalmedicine.2021-18,5,"[""ORG-0497"",""ORG-1581"",""ORG-1894"",""ORG-2120"",""ORG-2154""]"
12677,10.3960/jslrt.18038,2,"[""ORG-1259"",""ORG-2315""]"
12678,10.1292/jvms.19-0041,4,"[""ORG-1259"",""ORG-1421"",""ORG-1825"",""ORG-2315""]"
12681,10.1016/S1672-0229(10)60019-8,5,"[""ORG-0014"",""ORG-0694"",""ORG-1259"",""ORG-1581"",""ORG-1894""]"
12685,10.4110/in.2014.14.2.67,5,"[""ORG-0872"",""ORG-1347"",""ORG-1849"",""ORG-1911"",""ORG-2154""]"
12686,10.1371/journal.pone.0213401,8,"[""ORG-0374"",""ORG-0754"",""ORG-0853"",""ORG-1802"",""ORG-2154"",""ORG-2163"",""ORG-2164"",""ORG-2166""]"
12687,10.1186/1471-2407-10-574,11,"[""ORG-0014"",""ORG-0526"",""ORG-0545"",""ORG-0589"",""ORG-0590"",""ORG-0898"",""ORG-1087"",""ORG-1527"",""ORG-1911"",""ORG-2032"",""ORG-2154""]"
12688,10.3389/fimmu.2019.00413,7,"[""ORG-0925"",""ORG-0938"",""ORG-1766"",""ORG-1825"",""ORG-1891"",""ORG-1910"",""ORG-2166""]"
12697,10.1038/s41598-019-41530-5,7,"[""ORG-0317"",""ORG-0853"",""ORG-0854"",""ORG-1938"",""ORG-1982"",""ORG-2154"",""ORG-2163""]"
12698,10.1371/journal.pone.0098051,7,"[""ORG-0790"",""ORG-0853"",""ORG-0854"",""ORG-0917"",""ORG-1089"",""ORG-1921"",""ORG-2154""]"
12700,10.4143/crt.2019.022,6,"[""ORG-0497"",""ORG-0526"",""ORG-0589"",""ORG-0590"",""ORG-1890"",""ORG-2154""]"
12708,10.1016/j.pneurobio.2010.09.003,8,"[""ORG-0581"",""ORG-0773"",""ORG-1259"",""ORG-1798"",""ORG-1833"",""ORG-1839"",""ORG-1891"",""ORG-2154""]"
12709,10.1155/2019/8067648,6,"[""ORG-0359"",""ORG-0360"",""ORG-1819"",""ORG-1826"",""ORG-1828"",""ORG-1839""]"
12713,10.31557/APJCP.2019.20.3.687,9,"[""ORG-0497"",""ORG-0526"",""ORG-0589"",""ORG-0590"",""ORG-1361"",""ORG-1581"",""ORG-1911"",""ORG-2154"",""ORG-2166""]"
12718,10.1155/2019/4236503,7,"[""ORG-0526"",""ORG-0772"",""ORG-1259"",""ORG-1347"",""ORG-1357"",""ORG-1911"",""ORG-2154""]"
12722,10.1016/j.scib.2018.07.009,7,"[""ORG-1039"",""ORG-1347"",""ORG-1357"",""ORG-1581"",""ORG-1921"",""ORG-2154"",""ORG-2166""]"
12725,10.1161/STROKEAHA.112.662965,5,"[""ORG-0020"",""ORG-0046"",""ORG-1259"",""ORG-1672"",""ORG-1986""]"
12728,10.3389/fimmu.2012.00377,10,"[""ORG-0589"",""ORG-0590"",""ORG-1103"",""ORG-1215"",""ORG-1680"",""ORG-1766"",""ORG-1894"",""ORG-1911"",""ORG-2154"",""ORG-2161""]"
12734,10.1016/j.virol.2012.11.014,4,"[""ORG-0895"",""ORG-2154"",""ORG-2166"",""ORG-2187""]"
12745,10.1007/s11259-019-09748-w,10,"[""ORG-0312"",""ORG-0589"",""ORG-0590"",""ORG-1527"",""ORG-1607"",""ORG-1744"",""ORG-1938"",""ORG-2140"",""ORG-2154"",""ORG-2159""]"
12749,10.1007/s00430-019-00591-z,7,"[""ORG-0359"",""ORG-0824"",""ORG-0861"",""ORG-1095"",""ORG-1825"",""ORG-1856"",""ORG-2154""]"
12750,10.1186/1742-2094-9-270,6,"[""ORG-0360"",""ORG-1259"",""ORG-1911"",""ORG-1949"",""ORG-2154"",""ORG-2315""]"
12759,10.1371/journal.pone.0096579,12,"[""ORG-0244"",""ORG-0317"",""ORG-0497"",""ORG-0772"",""ORG-0858"",""ORG-0895"",""ORG-1259"",""ORG-1581"",""ORG-1586"",""ORG-1911"",""ORG-2154"",""ORG-2166""]"
12761,10.1371/journal.pone.0097151,4,"[""ORG-1259"",""ORG-1848"",""ORG-1894"",""ORG-1949""]"
12765,10.1007/s00430-019-00598-6,9,"[""ORG-0319"",""ORG-0359"",""ORG-0772"",""ORG-0858"",""ORG-1581"",""ORG-1825"",""ORG-1938"",""ORG-1948"",""ORG-2154""]"
12766,10.1186/1471-2431-12-192,5,"[""ORG-0155"",""ORG-0824"",""ORG-1259"",""ORG-1490"",""ORG-1839""]"
12768,10.3389/fimmu.2019.00373,6,"[""ORG-0790"",""ORG-0824"",""ORG-0853"",""ORG-1766"",""ORG-1937"",""ORG-2154""]"
12769,10.3389/fonc.2014.00092,3,"[""ORG-1891"",""ORG-2057"",""ORG-2166""]"
12781,10.1038/icb.2014.34,7,"[""ORG-0925"",""ORG-1259"",""ORG-1766"",""ORG-1825"",""ORG-1894"",""ORG-1911"",""ORG-1949""]"
12782,10.1016/j.leukres.2012.11.009,4,"[""ORG-0526"",""ORG-0925"",""ORG-1581"",""ORG-1811""]"
12783,10.3390/ijms20061373,4,"[""ORG-0359"",""ORG-1948"",""ORG-2154"",""ORG-2166""]"
12785,10.1016/j.jaci.2012.10.029,4,"[""ORG-0925"",""ORG-1259"",""ORG-1844"",""ORG-1911""]"
12788,10.1371/journal.pone.0213739,4,"[""ORG-0359"",""ORG-1766"",""ORG-1856"",""ORG-1894""]"
12789,10.1371/journal.pone.0097415,5,"[""ORG-0082"",""ORG-1089"",""ORG-1480"",""ORG-1839"",""ORG-2154""]"
12801,10.1016/j.coviro.2014.04.003,6,"[""ORG-0526"",""ORG-0589"",""ORG-0590"",""ORG-0833"",""ORG-1667"",""ORG-2154""]"
12804,10.3346/jkms.2019.34.e83,2,"[""ORG-1910"",""ORG-2113""]"
12809,10.1177/1087057110379154,14,"[""ORG-0310"",""ORG-0520"",""ORG-0526"",""ORG-0527"",""ORG-0589"",""ORG-0590"",""ORG-0808"",""ORG-0963"",""ORG-1051"",""ORG-1259"",""ORG-1581"",""ORG-1825"",""ORG-1948"",""ORG-2154""]"
12816,10.1002/eji.201847897,3,"[""ORG-0511"",""ORG-1259"",""ORG-1766""]"
12823,10.3389/fonc.2019.00107,2,"[""ORG-1839"",""ORG-1931""]"
12825,10.1038/gt.2014.39,5,"[""ORG-0310"",""ORG-0319"",""ORG-0925"",""ORG-1797"",""ORG-1825""]"
12826,10.2147/CMAR.S179762,5,"[""ORG-0860"",""ORG-1505"",""ORG-1891"",""ORG-1911"",""ORG-2062""]"
12827,10.1186/1743-422X-9-304,2,"[""ORG-0359"",""ORG-1897""]"
12830,10.3892/etm.2012.679,5,"[""ORG-0925"",""ORG-1848"",""ORG-1894"",""ORG-2154"",""ORG-2187""]"
12835,10.1371/journal.pone.0050166,6,"[""ORG-0772"",""ORG-0858"",""ORG-1205"",""ORG-1259"",""ORG-1742"",""ORG-2166""]"
12836,10.4049/jimmunol.1202435,8,"[""ORG-0963"",""ORG-0974"",""ORG-1454"",""ORG-1680"",""ORG-1744"",""ORG-1766"",""ORG-1825"",""ORG-2306""]"
12843,10.1038/ni.1932,10,"[""ORG-0497"",""ORG-0790"",""ORG-0853"",""ORG-0854"",""ORG-0894"",""ORG-0895"",""ORG-1581"",""ORG-1583"",""ORG-1839"",""ORG-2154""]"
12847,10.1016/j.ymeth.2010.09.005,8,"[""ORG-0497"",""ORG-0798"",""ORG-1089"",""ORG-1259"",""ORG-1361"",""ORG-1581"",""ORG-1797"",""ORG-2154""]"
12849,10.1016/j.jaci.2019.03.002,12,"[""ORG-0124"",""ORG-0359"",""ORG-0365"",""ORG-0526"",""ORG-0589"",""ORG-0590"",""ORG-0925"",""ORG-1766"",""ORG-1846"",""ORG-2000"",""ORG-2154"",""ORG-2166""]"
12857,10.1371/journal.pone.0012926,9,"[""ORG-0526"",""ORG-0589"",""ORG-0590"",""ORG-0925"",""ORG-1259"",""ORG-1364"",""ORG-1766"",""ORG-1911"",""ORG-2154""]"
12858,10.3390/molecules24050997,11,"[""ORG-0526"",""ORG-0589"",""ORG-0590"",""ORG-0860"",""ORG-0925"",""ORG-1441"",""ORG-1766"",""ORG-1897"",""ORG-1938"",""ORG-2154"",""ORG-2158""]"
12864,10.1371/journal.pone.0096403,6,"[""ORG-0623"",""ORG-0808"",""ORG-0869"",""ORG-1259"",""ORG-1825"",""ORG-1897""]"
12868,10.1155/2019/2348165,11,"[""ORG-0312"",""ORG-0313"",""ORG-0455"",""ORG-0497"",""ORG-1259"",""ORG-1581"",""ORG-1802"",""ORG-1894"",""ORG-1936"",""ORG-2256"",""ORG-2315""]"
12871,10.3389/fmicb.2014.00129,8,"[""ORG-0308"",""ORG-0860"",""ORG-1259"",""ORG-1441"",""ORG-1442"",""ORG-1797"",""ORG-1894"",""ORG-1921""]"
12873,10.1093/ndtplus/sfq087,3,"[""ORG-0359"",""ORG-1934"",""ORG-1948""]"
12876,10.1128/JVI.00205-19,8,"[""ORG-0497"",""ORG-1347"",""ORG-1357"",""ORG-1581"",""ORG-1586"",""ORG-1937"",""ORG-2154"",""ORG-2166""]"
12877,10.1016/j.virol.2012.10.006,9,"[""ORG-0790"",""ORG-0853"",""ORG-1259"",""ORG-1347"",""ORG-1357"",""ORG-1867"",""ORG-2120"",""ORG-2154"",""ORG-2189""]"
12880,10.1038/clpt.2010.192,7,"[""ORG-0360"",""ORG-0790"",""ORG-0853"",""ORG-0854"",""ORG-1286"",""ORG-2154"",""ORG-2161""]"
12895,10.1155/2012/302974,1,"[""ORG-1089""]"
12898,10.4110/in.2012.12.5.196,11,"[""ORG-0790"",""ORG-0814"",""ORG-0853"",""ORG-0854"",""ORG-0963"",""ORG-1259"",""ORG-1286"",""ORG-1368"",""ORG-1766"",""ORG-1948"",""ORG-2154""]"
12899,10.2147/IJGM.S193608,3,"[""ORG-0188"",""ORG-1990"",""ORG-2154""]"
12902,10.1038/s41598-019-38905-z,2,"[""ORG-0943"",""ORG-1259""]"
12914,10.1371/journal.ppat.1004098,19,"[""ORG-0497"",""ORG-0719"",""ORG-0790"",""ORG-0791"",""ORG-0853"",""ORG-0854"",""ORG-0970"",""ORG-1039"",""ORG-1122"",""ORG-1259"",""ORG-1347"",""ORG-1581"",""ORG-1607"",""ORG-1839"",""ORG-1846"",""ORG-1849"",""ORG-1850"",""ORG-2147"",""ORG-2154""]"
12916,10.1177/0300985810382673,5,"[""ORG-0963"",""ORG-0978"",""ORG-1089"",""ORG-1803"",""ORG-2154""]"
12925,10.1016/j.jneuroim.2019.03.002,1,"[""ORG-1856""]"
12927,10.1371/journal.ppat.1001073,10,"[""ORG-0108"",""ORG-0497"",""ORG-1020"",""ORG-1259"",""ORG-1581"",""ORG-1798"",""ORG-1839"",""ORG-2154"",""ORG-2166"",""ORG-2306""]"
12928,10.3390/ijms131013737,6,"[""ORG-0526"",""ORG-0589"",""ORG-0590"",""ORG-1803"",""ORG-1911"",""ORG-2154""]"
12932,10.1155/2014/898630,5,"[""ORG-1347"",""ORG-1856"",""ORG-1891"",""ORG-1910"",""ORG-2154""]"
12933,10.1111/ctr.13516,3,"[""ORG-1839"",""ORG-1852"",""ORG-1910""]"
12937,10.3390/v4102379,4,"[""ORG-0124"",""ORG-0974"",""ORG-1215"",""ORG-2166""]"
12949,10.1371/journal.ppat.1007595,10,"[""ORG-0014"",""ORG-0317"",""ORG-0359"",""ORG-0963"",""ORG-1259"",""ORG-1347"",""ORG-1766"",""ORG-1931"",""ORG-2154"",""ORG-2164""]"
12952,10.1186/1750-9378-7-35,9,"[""ORG-0188"",""ORG-0943"",""ORG-1347"",""ORG-1357"",""ORG-1667"",""ORG-1911"",""ORG-2166"",""ORG-2170"",""ORG-2260""]"
12953,10.1510/icvts.2010.244301,1,"[""ORG-1259""]"
12958,10.1590/0074-02760180517,1,"[""ORG-0897""]"
12964,10.12998/wjcc.v7.i4.525,3,"[""ORG-1259"",""ORG-1839"",""ORG-2154""]"
12981,10.5414/CNCS109510,3,"[""ORG-0526"",""ORG-1259"",""ORG-1911""]"
12982,10.1155/2019/4105653,4,"[""ORG-0589"",""ORG-0590"",""ORG-0925"",""ORG-2154""]"
12983,10.1371/journal.pone.0049435,4,"[""ORG-1035"",""ORG-1607"",""ORG-1766"",""ORG-2154""]"
12999,10.1038/nm.3013,3,"[""ORG-0853"",""ORG-0925"",""ORG-1911""]"
13004,10.1186/1750-9378-5-16,11,"[""ORG-0194"",""ORG-0526"",""ORG-0545"",""ORG-0589"",""ORG-0590"",""ORG-1216"",""ORG-1259"",""ORG-1937"",""ORG-2154"",""ORG-2159"",""ORG-2260""]"
13011,10.1038/cgt.2010.51,3,"[""ORG-0457"",""ORG-0497"",""ORG-1259""]"
13016,10.1111/febs.12072,11,"[""ORG-0046"",""ORG-0047"",""ORG-0312"",""ORG-0497"",""ORG-0904"",""ORG-0925"",""ORG-1461"",""ORG-1846"",""ORG-2141"",""ORG-2154"",""ORG-2256""]"
13026,10.1186/s12885-019-5394-x,7,"[""ORG-0497"",""ORG-0534"",""ORG-0824"",""ORG-1102"",""ORG-1233"",""ORG-1361"",""ORG-1581""]"
13028,10.3390/v4091537,9,"[""ORG-0520"",""ORG-0526"",""ORG-0527"",""ORG-0589"",""ORG-0590"",""ORG-0833"",""ORG-1581"",""ORG-1825"",""ORG-2154""]"
13030,10.3390/v4091509,6,"[""ORG-0317"",""ORG-1938"",""ORG-1986"",""ORG-2120"",""ORG-2154"",""ORG-2189""]"
13035,10.3109/13550284.2010.513030,8,"[""ORG-0444"",""ORG-0790"",""ORG-0853"",""ORG-0854"",""ORG-0917"",""ORG-1911"",""ORG-2154"",""ORG-2306""]"
13041,10.1371/journal.pcbi.1003563,4,"[""ORG-1908"",""ORG-1922"",""ORG-1934"",""ORG-2154""]"
13044,10.1186/1471-2407-10-486,13,"[""ORG-0497"",""ORG-0790"",""ORG-0853"",""ORG-0925"",""ORG-1259"",""ORG-1581"",""ORG-1583"",""ORG-1825"",""ORG-1839"",""ORG-1891"",""ORG-1936"",""ORG-2154"",""ORG-2166""]"
13046,10.4137/CMWH.S10353,9,"[""ORG-0223"",""ORG-0824"",""ORG-0825"",""ORG-0853"",""ORG-0861"",""ORG-1581"",""ORG-1800"",""ORG-1910"",""ORG-2154""]"
13051,10.1002/cam4.243,1,"[""ORG-0858""]"
13053,10.1038/s41598-019-39734-w,5,"[""ORG-0359"",""ORG-0497"",""ORG-1259"",""ORG-2154"",""ORG-2161""]"
13054,10.1371/journal.pone.0089648,4,"[""ORG-0319"",""ORG-0359"",""ORG-0902"",""ORG-1831""]"
13057,10.1371/journal.pone.0094547,7,"[""ORG-0824"",""ORG-0853"",""ORG-0861"",""ORG-0925"",""ORG-0963"",""ORG-2154"",""ORG-2166""]"
13061,10.1093/ofid/ofz037,8,"[""ORG-0188"",""ORG-0860"",""ORG-0943"",""ORG-0951"",""ORG-1259"",""ORG-1839"",""ORG-1910"",""ORG-2166""]"
13062,10.14196/mjiri.32.118,6,"[""ORG-0455"",""ORG-0526"",""ORG-0589"",""ORG-0590"",""ORG-1920"",""ORG-2154""]"
13063,10.4103/jgid.jgid_56_18,12,"[""ORG-0363"",""ORG-0385"",""ORG-0625"",""ORG-0790"",""ORG-0824"",""ORG-0853"",""ORG-0963"",""ORG-1259"",""ORG-1286"",""ORG-1800"",""ORG-1910"",""ORG-2154""]"
13065,10.1128/mSphere.00590-18,16,"[""ORG-0360"",""ORG-0790"",""ORG-0853"",""ORG-0925"",""ORG-1259"",""ORG-1286"",""ORG-1347"",""ORG-1839"",""ORG-1844"",""ORG-1937"",""ORG-1952"",""ORG-2141"",""ORG-2147"",""ORG-2154"",""ORG-2166"",""ORG-2315""]"
13071,10.1016/j.celrep.2019.02.017,4,"[""ORG-0317"",""ORG-0359"",""ORG-1259"",""ORG-1921""]"
13074,10.1186/1479-5876-12-100,11,"[""ORG-0302"",""ORG-0307"",""ORG-0359"",""ORG-0895"",""ORG-1259"",""ORG-1347"",""ORG-1357"",""ORG-1409"",""ORG-1766"",""ORG-2058"",""ORG-2154""]"
13098,10.3389/fped.2019.00014,13,"[""ORG-0526"",""ORG-0529"",""ORG-0589"",""ORG-0590"",""ORG-0833"",""ORG-0925"",""ORG-0963"",""ORG-1259"",""ORG-1305"",""ORG-1766"",""ORG-1825"",""ORG-1834"",""ORG-2154""]"
13100,10.1158/1078-0432.CCR-18-1627,3,"[""ORG-0455"",""ORG-1949"",""ORG-2057""]"
13101,10.3904/kjim.2002.17.3.198,4,"[""ORG-0589"",""ORG-0590"",""ORG-2154"",""ORG-2315""]"
13109,10.1371/journal.pone.0045908,6,"[""ORG-0497"",""ORG-1361"",""ORG-1825"",""ORG-1897"",""ORG-1917"",""ORG-2058""]"
13110,10.1371/journal.ppat.1003014,7,"[""ORG-1259"",""ORG-1581"",""ORG-1663"",""ORG-1766"",""ORG-1825"",""ORG-1872"",""ORG-2154""]"
13112,10.1371/journal.pone.0094050,9,"[""ORG-0048"",""ORG-0049"",""ORG-0051"",""ORG-0052"",""ORG-0636"",""ORG-1249"",""ORG-1618"",""ORG-1839"",""ORG-2166""]"
13120,10.1053/j.gastro.2010.08.048,2,"[""ORG-0902"",""ORG-2154""]"
13123,10.1016/j.chom.2014.03.004,7,"[""ORG-0069"",""ORG-0790"",""ORG-0853"",""ORG-0854"",""ORG-0882"",""ORG-1104"",""ORG-2154""]"
13126,10.3390/molecules24040774,5,"[""ORG-0571"",""ORG-0925"",""ORG-1253"",""ORG-1421"",""ORG-2154""]"
13130,10.4103/0972-2327.64622,6,"[""ORG-0012"",""ORG-0581"",""ORG-1347"",""ORG-1825"",""ORG-1911"",""ORG-2154""]"
13131,10.1186/s13027-018-0218-1,10,"[""ORG-1259"",""ORG-1581"",""ORG-1825"",""ORG-1839"",""ORG-1891"",""ORG-1934"",""ORG-1958"",""ORG-2154"",""ORG-2166"",""ORG-2171""]"
13136,10.1186/s12890-019-0815-9,4,"[""ORG-1089"",""ORG-1215"",""ORG-1856"",""ORG-2154""]"
13138,10.2174/1874357901004010096,6,"[""ORG-0497"",""ORG-0853"",""ORG-0854"",""ORG-0987"",""ORG-1856"",""ORG-1921""]"
13139,10.1371/journal.ppat.1007403,6,"[""ORG-0519"",""ORG-0589"",""ORG-0590"",""ORG-1937"",""ORG-2141"",""ORG-2154""]"
13144,10.4103/2229-5178.93495,3,"[""ORG-1839"",""ORG-2120"",""ORG-2154""]"
13145,10.2174/1874357901004010103,4,"[""ORG-0790"",""ORG-0853"",""ORG-0854"",""ORG-2154""]"
13146,10.4049/jimmunol.0904065,6,"[""ORG-0526"",""ORG-0529"",""ORG-0899"",""ORG-0925"",""ORG-1259"",""ORG-1766""]"
13147,10.1371/journal.pone.0094397,3,"[""ORG-0585"",""ORG-1089"",""ORG-1581""]"
13149,10.1038/s41598-019-38870-7,5,"[""ORG-0317"",""ORG-1039"",""ORG-1607"",""ORG-1667"",""ORG-1911""]"
13166,10.1016/j.rvsc.2012.09.025,3,"[""ORG-1259"",""ORG-2154"",""ORG-2166""]"
13177,10.1159/000316634,4,"[""ORG-0938"",""ORG-1259"",""ORG-1825"",""ORG-1894""]"
13178,10.2147/OTT.S28032,5,"[""ORG-0925"",""ORG-1581"",""ORG-1797"",""ORG-1911"",""ORG-2154""]"
13189,10.1186/1743-422X-9-256,5,"[""ORG-0308"",""ORG-1135"",""ORG-1866"",""ORG-1938"",""ORG-2154""]"
13198,10.1111/cas.12416,5,"[""ORG-0013"",""ORG-0905"",""ORG-0925"",""ORG-0941"",""ORG-2154""]"
13209,10.1093/cid/ciu098,3,"[""ORG-0943"",""ORG-1259"",""ORG-2315""]"
13210,10.1002/jgm.2761,5,"[""ORG-0497"",""ORG-0808"",""ORG-1870"",""ORG-1937"",""ORG-2145""]"
13212,10.1016/j.bbi.2012.10.018,4,"[""ORG-1259"",""ORG-1981"",""ORG-2154"",""ORG-2166""]"
13222,10.1038/nature11583,12,"[""ORG-0360"",""ORG-0744"",""ORG-0790"",""ORG-0853"",""ORG-0854"",""ORG-0899"",""ORG-0963"",""ORG-1259"",""ORG-1846"",""ORG-1937"",""ORG-1949"",""ORG-2154""]"
13225,10.1016/j.jneuroim.2012.10.005,9,"[""ORG-0302"",""ORG-0360"",""ORG-0589"",""ORG-0590"",""ORG-0895"",""ORG-1259"",""ORG-1766"",""ORG-1855"",""ORG-2154""]"
13227,10.1097/TP.0b013e3181f5c3a6,9,"[""ORG-0526"",""ORG-1089"",""ORG-1545"",""ORG-1674"",""ORG-1851"",""ORG-1906"",""ORG-1910"",""ORG-1911"",""ORG-2154""]"
13230,10.3389/fimmu.2019.00088,6,"[""ORG-0359"",""ORG-0694"",""ORG-0858"",""ORG-1259"",""ORG-1825"",""ORG-1910""]"
13231,10.1016/j.jaut.2010.05.001,5,"[""ORG-0736"",""ORG-1169"",""ORG-1368"",""ORG-1979"",""ORG-2154""]"
13242,10.1186/1297-9716-45-36,8,"[""ORG-0319"",""ORG-0678"",""ORG-1095"",""ORG-1135"",""ORG-1246"",""ORG-1932"",""ORG-2154"",""ORG-2166""]"
13245,10.3390/genes10020115,8,"[""ORG-0497"",""ORG-1135"",""ORG-1238"",""ORG-1361"",""ORG-1581"",""ORG-1856"",""ORG-2154"",""ORG-2161""]"
13247,10.1007/s00430-019-00581-1,4,"[""ORG-0511"",""ORG-0772"",""ORG-0858"",""ORG-1462""]"
13250,10.3389/fimmu.2019.00078,8,"[""ORG-0359"",""ORG-0772"",""ORG-0858"",""ORG-1911"",""ORG-1921"",""ORG-1956"",""ORG-2166"",""ORG-2315""]"
13259,10.1371/journal.pone.0211927,4,"[""ORG-1099"",""ORG-1259"",""ORG-1934"",""ORG-1937""]"
13260,10.1371/journal.pone.0212027,11,"[""ORG-0526"",""ORG-0589"",""ORG-0590"",""ORG-1259"",""ORG-1527"",""ORG-1667"",""ORG-1834"",""ORG-1839"",""ORG-1911"",""ORG-2154"",""ORG-2315""]"
13266,10.1155/2012/612316,3,"[""ORG-0853"",""ORG-0854"",""ORG-1259""]"
13268,10.1016/j.biomaterials.2014.03.014,3,"[""ORG-1259"",""ORG-1503"",""ORG-2154""]"
13273,10.1128/mBio.02047-18,12,"[""ORG-0506"",""ORG-0772"",""ORG-0858"",""ORG-1259"",""ORG-1581"",""ORG-1913"",""ORG-1937"",""ORG-1938"",""ORG-2141"",""ORG-2145"",""ORG-2154"",""ORG-2315""]"
13275,10.1038/gt.2010.110,2,"[""ORG-0020"",""ORG-1259""]"
13285,10.4049/jimmunol.1201867,4,"[""ORG-0359"",""ORG-0399"",""ORG-1839"",""ORG-2166""]"
13286,10.3390/v6041483,8,"[""ORG-0772"",""ORG-0858"",""ORG-1089"",""ORG-1259"",""ORG-1851"",""ORG-1937"",""ORG-2154"",""ORG-2160""]"
13289,10.1007/s12026-010-8172-z,11,"[""ORG-0015"",""ORG-0526"",""ORG-0589"",""ORG-0590"",""ORG-0795"",""ORG-0963"",""ORG-1039"",""ORG-1607"",""ORG-1890"",""ORG-2154"",""ORG-2166""]"
13290,10.4174/astr.2019.96.2.95,4,"[""ORG-1259"",""ORG-1368"",""ORG-2120"",""ORG-2154""]"
13291,10.1093/ckj/sfy058,4,"[""ORG-0943"",""ORG-1910"",""ORG-1911"",""ORG-1913""]"
13292,10.7150/ijbs.30099,7,"[""ORG-0487"",""ORG-0526"",""ORG-0527"",""ORG-0529"",""ORG-0589"",""ORG-0590"",""ORG-2154""]"
13296,10.1371/journal.ppat.1004042,18,"[""ORG-0526"",""ORG-0589"",""ORG-0590"",""ORG-0962"",""ORG-0963"",""ORG-1019"",""ORG-1205"",""ORG-1774"",""ORG-1825"",""ORG-1834"",""ORG-1866"",""ORG-1894"",""ORG-1917"",""ORG-1983"",""ORG-2140"",""ORG-2154"",""ORG-2175"",""ORG-2306""]"
13311,10.1016/j.jaci.2019.01.033,8,"[""ORG-0302"",""ORG-0694"",""ORG-0925"",""ORG-1766"",""ORG-1911"",""ORG-2154"",""ORG-2161"",""ORG-2306""]"
13316,10.1186/s12866-019-1398-6,7,"[""ORG-0895"",""ORG-0902"",""ORG-0925"",""ORG-1259"",""ORG-1581"",""ORG-1672"",""ORG-2154""]"
13318,10.3389/fncel.2019.00008,6,"[""ORG-0020"",""ORG-0022"",""ORG-0046"",""ORG-0047"",""ORG-0925"",""ORG-2154""]"
13324,10.1128/mBio.00267-12,10,"[""ORG-0015"",""ORG-0124"",""ORG-0790"",""ORG-0853"",""ORG-0854"",""ORG-1347"",""ORG-1797"",""ORG-1937"",""ORG-1948"",""ORG-2154""]"
13333,10.1186/1746-1596-9-70,5,"[""ORG-0497"",""ORG-0526"",""ORG-0589"",""ORG-0590"",""ORG-2154""]"
13335,10.1128/JVI.02209-18,19,"[""ORG-0317"",""ORG-0360"",""ORG-0497"",""ORG-0606"",""ORG-0790"",""ORG-0853"",""ORG-0963"",""ORG-1246"",""ORG-1259"",""ORG-1421"",""ORG-1581"",""ORG-1802"",""ORG-1825"",""ORG-1831"",""ORG-1891"",""ORG-1908"",""ORG-1997"",""ORG-2154"",""ORG-2158""]"
13337,10.1128/JVI.02281-18,9,"[""ORG-1338"",""ORG-1538"",""ORG-1839"",""ORG-1905"",""ORG-1938"",""ORG-2120"",""ORG-2154"",""ORG-2189"",""ORG-2304""]"
13338,10.1186/1471-2407-10-425,5,"[""ORG-0526"",""ORG-0527"",""ORG-0589"",""ORG-0590"",""ORG-2154""]"
13342,10.1371/journal.pone.0046027,8,"[""ORG-0790"",""ORG-0853"",""ORG-0854"",""ORG-0963"",""ORG-1770"",""ORG-1825"",""ORG-1896"",""ORG-2154""]"
13345,10.1371/journal.ppat.1001031,16,"[""ORG-0012"",""ORG-0015"",""ORG-0795"",""ORG-0824"",""ORG-0860"",""ORG-0925"",""ORG-1259"",""ORG-1347"",""ORG-1797"",""ORG-1839"",""ORG-1866"",""ORG-2147"",""ORG-2154"",""ORG-2163"",""ORG-2166"",""ORG-2315""]"
13354,10.1021/mp100009e,5,"[""ORG-0824"",""ORG-0853"",""ORG-0869"",""ORG-1259"",""ORG-1671""]"
13358,10.1186/1471-2334-2-18,7,"[""ORG-0497"",""ORG-0795"",""ORG-0860"",""ORG-0925"",""ORG-1051"",""ORG-1503"",""ORG-1581""]"
13359,10.1155/2014/897647,2,"[""ORG-1839"",""ORG-2154""]"
13363,10.7150/jca.29787,15,"[""ORG-0497"",""ORG-0790"",""ORG-0853"",""ORG-0854"",""ORG-0883"",""ORG-0904"",""ORG-1232"",""ORG-1259"",""ORG-1581"",""ORG-1585"",""ORG-1819"",""ORG-1839"",""ORG-2080"",""ORG-2154"",""ORG-2166""]"
13364,10.1016/j.jaad.2009.11.692,3,"[""ORG-0963"",""ORG-1714"",""ORG-2154""]"
13367,10.1038/sj.bmt.1703648,3,"[""ORG-0359"",""ORG-1259"",""ORG-1766""]"
13369,10.1186/2042-4280-3-6,15,"[""ORG-0124"",""ORG-0545"",""ORG-0790"",""ORG-0853"",""ORG-0854"",""ORG-0894"",""ORG-0895"",""ORG-1215"",""ORG-1259"",""ORG-1361"",""ORG-1503"",""ORG-1581"",""ORG-1839"",""ORG-1911"",""ORG-2154""]"
13375,10.1371/journal.pone.0011908,14,"[""ORG-0497"",""ORG-0526"",""ORG-0529"",""ORG-0559"",""ORG-0589"",""ORG-0590"",""ORG-0895"",""ORG-0897"",""ORG-1259"",""ORG-1937"",""ORG-1949"",""ORG-2147"",""ORG-2154"",""ORG-2166""]"
13377,10.3389/fcimb.2012.00122,3,"[""ORG-0860"",""ORG-1347"",""ORG-1839""]"
13382,10.1155/2014/289687,5,"[""ORG-0833"",""ORG-1938"",""ORG-2120"",""ORG-2154"",""ORG-2189""]"
13386,10.1016/j.tim.2010.06.010,7,"[""ORG-0824"",""ORG-0825"",""ORG-1224"",""ORG-1347"",""ORG-1952"",""ORG-2154"",""ORG-2166""]"
13390,10.1155/2012/395329,6,"[""ORG-0790"",""ORG-0853"",""ORG-1581"",""ORG-1825"",""ORG-1891"",""ORG-2154""]"
13391,10.1371/journal.pone.0046623,14,"[""ORG-0014"",""ORG-0312"",""ORG-0497"",""ORG-0545"",""ORG-1259"",""ORG-1325"",""ORG-1581"",""ORG-1844"",""ORG-1864"",""ORG-1894"",""ORG-2140"",""ORG-2154"",""ORG-2193"",""ORG-2315""]"
13398,10.1371/journal.ppat.1001001,9,"[""ORG-0589"",""ORG-0590"",""ORG-1127"",""ORG-1347"",""ORG-1357"",""ORG-1607"",""ORG-1839"",""ORG-2154"",""ORG-2315""]"
13403,10.1186/1746-1596-9-64,2,"[""ORG-0860"",""ORG-1259""]"
13404,10.1158/1535-7163.MCT-12-0587,4,"[""ORG-0359"",""ORG-0925"",""ORG-1891"",""ORG-2058""]"
13405,10.2147/JPR.S57242,4,"[""ORG-1809"",""ORG-1897"",""ORG-1934"",""ORG-2154""]"
13406,10.1177/0300985812463405,6,"[""ORG-0930"",""ORG-1839"",""ORG-1911"",""ORG-1913"",""ORG-2154"",""ORG-2315""]"
13411,10.3389/fimmu.2018.03188,8,"[""ORG-0124"",""ORG-0302"",""ORG-1215"",""ORG-1766"",""ORG-1773"",""ORG-1839"",""ORG-1891"",""ORG-2154""]"
13414,10.1038/s41572-019-0060-9,7,"[""ORG-0824"",""ORG-1066"",""ORG-1558"",""ORG-1896"",""ORG-1921"",""ORG-1938"",""ORG-2154""]"
13416,10.1186/1471-2334-10-230,2,"[""ORG-0943"",""ORG-1368""]"
13425,10.1016/j.idcr.2018.e00483,5,"[""ORG-0360"",""ORG-1581"",""ORG-2120"",""ORG-2154"",""ORG-2189""]"
13426,10.1111/j.1757-5672.2009.00034.x,2,"[""ORG-0206"",""ORG-1986""]"
13433,10.1371/journal.ppat.1007578,6,"[""ORG-0455"",""ORG-1020"",""ORG-1023"",""ORG-1039"",""ORG-1581"",""ORG-1607""]"
13449,10.1016/j.coviro.2014.02.005,4,"[""ORG-0526"",""ORG-0589"",""ORG-0590"",""ORG-2154""]"
13455,10.1186/1750-9378-5-13,7,"[""ORG-0526"",""ORG-0542"",""ORG-0589"",""ORG-0590"",""ORG-1137"",""ORG-1361"",""ORG-2154""]"
13459,10.1016/j.juro.2010.04.066,4,"[""ORG-0790"",""ORG-0853"",""ORG-1259"",""ORG-2154""]"
13460,10.1186/1752-1947-6-334,3,"[""ORG-0861"",""ORG-1631"",""ORG-2154""]"
13464,10.1186/1471-2334-12-238,4,"[""ORG-0360"",""ORG-0772"",""ORG-0858"",""ORG-1839""]"
13467,10.4103/aian.AIAN_232_18,7,"[""ORG-0363"",""ORG-0364"",""ORG-0790"",""ORG-0963"",""ORG-1798"",""ORG-1894"",""ORG-2154""]"
13471,10.1002/eji.200940134,6,"[""ORG-1215"",""ORG-1675"",""ORG-1812"",""ORG-1866"",""ORG-1894"",""ORG-1911""]"
13472,10.1007/s11481-010-9232-9,10,"[""ORG-0302"",""ORG-0303"",""ORG-0360"",""ORG-0860"",""ORG-0902"",""ORG-1020"",""ORG-1347"",""ORG-1357"",""ORG-1766"",""ORG-2154""]"
13479,10.1371/journal.pone.0045197,3,"[""ORG-0925"",""ORG-1259"",""ORG-1911""]"
13496,10.1093/schbul/sbu032,4,"[""ORG-0790"",""ORG-0853"",""ORG-0854"",""ORG-2154""]"
13513,10.1097/CM9.0000000000000065,1,"[""ORG-0302""]"
13520,10.1371/journal.pone.0091359,5,"[""ORG-0036"",""ORG-0367"",""ORG-1039"",""ORG-1259"",""ORG-1894""]"
13524,10.1371/journal.pone.0090855,11,"[""ORG-0302"",""ORG-0317"",""ORG-0526"",""ORG-0542"",""ORG-0565"",""ORG-0772"",""ORG-0773"",""ORG-0898"",""ORG-1766"",""ORG-1812"",""ORG-1819""]"
13526,10.3201/eid1810.120477,6,"[""ORG-1259"",""ORG-1361"",""ORG-1839"",""ORG-1952"",""ORG-2154"",""ORG-2166""]"
13527,10.1111/aji.12199,1,"[""ORG-0359""]"
13536,10.3390/v4081182,4,"[""ORG-0925"",""ORG-1347"",""ORG-1357"",""ORG-1897""]"
13537,10.1016/j.jviromet.2014.02.010,13,"[""ORG-0728"",""ORG-0790"",""ORG-0853"",""ORG-0854"",""ORG-1221"",""ORG-1232"",""ORG-1361"",""ORG-1581"",""ORG-1585"",""ORG-1831"",""ORG-1958"",""ORG-2140"",""ORG-2154""]"
13539,10.1186/1750-9378-9-9,10,"[""ORG-0497"",""ORG-0526"",""ORG-0589"",""ORG-0590"",""ORG-0736"",""ORG-1259"",""ORG-1581"",""ORG-1894"",""ORG-2154"",""ORG-2166""]"
13541,10.1002/bies.201200099,1,"[""ORG-2166""]"
13543,10.1038/nm.2185,4,"[""ORG-0790"",""ORG-1119"",""ORG-1505"",""ORG-2154""]"
13547,10.3389/fimmu.2018.03086,10,"[""ORG-0359"",""ORG-0571"",""ORG-0851"",""ORG-1119"",""ORG-1839"",""ORG-1931"",""ORG-2154"",""ORG-2161"",""ORG-2166"",""ORG-2260""]"
13558,10.3349/ymj.2019.60.2.132,6,"[""ORG-0526"",""ORG-0589"",""ORG-0590"",""ORG-0897"",""ORG-1259"",""ORG-2154""]"
13561,10.1158/0008-5472.CAN-12-2425,5,"[""ORG-0359"",""ORG-0497"",""ORG-1259"",""ORG-1581"",""ORG-1825""]"
13566,10.2147/CMAR.S187099,10,"[""ORG-0497"",""ORG-0526"",""ORG-0589"",""ORG-0590"",""ORG-0925"",""ORG-1259"",""ORG-1581"",""ORG-1908"",""ORG-1911"",""ORG-2154""]"
13571,10.1186/s12879-019-3724-x,5,"[""ORG-0302"",""ORG-0824"",""ORG-1089"",""ORG-1852"",""ORG-2200""]"
13577,10.1371/journal.pone.0090059,6,"[""ORG-0036"",""ORG-1485"",""ORG-1825"",""ORG-1868"",""ORG-1894"",""ORG-1986""]"
13585,10.1371/journal.pone.0090482,10,"[""ORG-0526"",""ORG-0589"",""ORG-0590"",""ORG-1238"",""ORG-1581"",""ORG-1937"",""ORG-1956"",""ORG-2140"",""ORG-2154"",""ORG-2304""]"
13592,10.1186/s12879-019-3722-z,4,"[""ORG-0589"",""ORG-0590"",""ORG-1259"",""ORG-2154""]"
13595,10.1371/journal.ppat.1003974,14,"[""ORG-0526"",""ORG-0589"",""ORG-0590"",""ORG-0925"",""ORG-1095"",""ORG-1259"",""ORG-1527"",""ORG-1581"",""ORG-1746"",""ORG-1834"",""ORG-2147"",""ORG-2154"",""ORG-2159"",""ORG-2166""]"
13598,10.3109/14653249.2012.715243,2,"[""ORG-0302"",""ORG-1766""]"
13605,10.3892/ol.2018.9609,3,"[""ORG-0589"",""ORG-0590"",""ORG-2154""]"
13606,10.1086/654814,4,"[""ORG-0359"",""ORG-0824"",""ORG-1347"",""ORG-1825""]"
13610,10.1186/1752-0509-6-123,3,"[""ORG-1135"",""ORG-1259"",""ORG-1847""]"
13621,10.1016/S0304-5412(14)70722-X,2,"[""ORG-0589"",""ORG-2154""]"
13623,10.3390/v6030968,7,"[""ORG-0497"",""ORG-0772"",""ORG-0858"",""ORG-0987"",""ORG-1347"",""ORG-1678"",""ORG-2154""]"
13627,10.1186/1471-2164-13-477,10,"[""ORG-0497"",""ORG-0526"",""ORG-0589"",""ORG-0590"",""ORG-1232"",""ORG-1259"",""ORG-1846"",""ORG-2154"",""ORG-2193"",""ORG-2304""]"
13632,10.1093/nar/gky1323,9,"[""ORG-0337"",""ORG-0521"",""ORG-0589"",""ORG-0590"",""ORG-1259"",""ORG-1545"",""ORG-1839"",""ORG-1911"",""ORG-2154""]"
13633,10.1093/femsre/fuy044,16,"[""ORG-0399"",""ORG-0526"",""ORG-0589"",""ORG-0590"",""ORG-1035"",""ORG-1039"",""ORG-1040"",""ORG-1259"",""ORG-1347"",""ORG-1607"",""ORG-1766"",""ORG-1877"",""ORG-1952"",""ORG-2154"",""ORG-2166"",""ORG-2167""]"
13635,10.1155/2018/3734207,9,"[""ORG-0824"",""ORG-0825"",""ORG-0853"",""ORG-0959"",""ORG-1347"",""ORG-1357"",""ORG-1866"",""ORG-1934"",""ORG-2114""]"
13638,10.1038/gt.2014.14,3,"[""ORG-0482"",""ORG-1937"",""ORG-2154""]"
13643,10.1186/1750-9378-9-8,6,"[""ORG-0155"",""ORG-0526"",""ORG-0527"",""ORG-0589"",""ORG-0590"",""ORG-2154""]"
13648,10.1371/journal.ppat.1002906,24,"[""ORG-0497"",""ORG-0526"",""ORG-0589"",""ORG-0590"",""ORG-0694"",""ORG-0897"",""ORG-0925"",""ORG-1039"",""ORG-1040"",""ORG-1044"",""ORG-1051"",""ORG-1253"",""ORG-1361"",""ORG-1581"",""ORG-1607"",""ORG-1877"",""ORG-1879"",""ORG-1938"",""ORG-1952"",""ORG-1979"",""ORG-2154"",""ORG-2163"",""ORG-2166"",""ORG-2306""]"
13652,10.1371/journal.ppat.1002902,21,"[""ORG-0265"",""ORG-0421"",""ORG-0497"",""ORG-0511"",""ORG-0526"",""ORG-0585"",""ORG-0589"",""ORG-0590"",""ORG-0897"",""ORG-0925"",""ORG-1119"",""ORG-1221"",""ORG-1347"",""ORG-1357"",""ORG-1581"",""ORG-1881"",""ORG-1937"",""ORG-2140"",""ORG-2146"",""ORG-2154"",""ORG-2166""]"
13654,10.1038/s41389-018-0114-y,7,"[""ORG-0363"",""ORG-1797"",""ORG-1825"",""ORG-2143"",""ORG-2154"",""ORG-2156"",""ORG-2166""]"
13655,10.1016/j.jaip.2013.11.005,7,"[""ORG-0623"",""ORG-0897"",""ORG-1089"",""ORG-1505"",""ORG-1825"",""ORG-1911"",""ORG-2154""]"
13659,10.1053/j.gastro.2014.02.010,6,"[""ORG-0302"",""ORG-1527"",""ORG-1766"",""ORG-1911"",""ORG-1986"",""ORG-2306""]"
13661,10.1038/nature09114,6,"[""ORG-0728"",""ORG-0756"",""ORG-1259"",""ORG-1846"",""ORG-1911"",""ORG-2315""]"
13665,10.3402/gha.v7.23105,5,"[""ORG-0302"",""ORG-0363"",""ORG-0824"",""ORG-1259"",""ORG-1927""]"
13666,10.1007/s00430-012-0263-0,9,"[""ORG-0133"",""ORG-1215"",""ORG-1738"",""ORG-1766"",""ORG-1825"",""ORG-1846"",""ORG-1911"",""ORG-1949"",""ORG-2154""]"
13677,10.1038/nrmicro2872,7,"[""ORG-0790"",""ORG-0824"",""ORG-0853"",""ORG-1259"",""ORG-1825"",""ORG-2154"",""ORG-2166""]"
13678,10.14218/JCTH.2018.00046,5,"[""ORG-1667"",""ORG-1825"",""ORG-1937"",""ORG-2154"",""ORG-2315""]"
13680,10.18549/PharmPract.2018.04.1310,3,"[""ORG-0602"",""ORG-1911"",""ORG-1948""]"
13685,10.1186/1750-9378-5-12,16,"[""ORG-0518"",""ORG-0526"",""ORG-0589"",""ORG-0590"",""ORG-0824"",""ORG-0861"",""ORG-1259"",""ORG-1361"",""ORG-1581"",""ORG-1667"",""ORG-1896"",""ORG-1911"",""ORG-1952"",""ORG-2154"",""ORG-2159"",""ORG-2166""]"
13688,10.1016/j.immuni.2018.12.013,9,"[""ORG-0497"",""ORG-0503"",""ORG-0895"",""ORG-1579"",""ORG-1581"",""ORG-1986"",""ORG-2154"",""ORG-2163"",""ORG-2166""]"
13689,10.1097/QAD.0b013e32833c323b,8,"[""ORG-0302"",""ORG-0363"",""ORG-0364"",""ORG-0824"",""ORG-0853"",""ORG-1259"",""ORG-1766"",""ORG-1851""]"
13690,10.1007/978-1-62703-008-3_9,4,"[""ORG-0736"",""ORG-1039"",""ORG-1607"",""ORG-1866""]"
13691,10.1016/bs.ircmb.2018.07.006,8,"[""ORG-0789"",""ORG-1221"",""ORG-1347"",""ORG-1357"",""ORG-1498"",""ORG-2166"",""ORG-2170"",""ORG-2171""]"
13707,10.2169/internalmedicine.2046-18,5,"[""ORG-0790"",""ORG-0853"",""ORG-1286"",""ORG-2154"",""ORG-2156""]"
13709,10.1086/654798,7,"[""ORG-0363"",""ORG-0542"",""ORG-0824"",""ORG-1035"",""ORG-1039"",""ORG-1259"",""ORG-1607""]"
13716,10.1371/journal.pone.0209365,8,"[""ORG-0943"",""ORG-1259"",""ORG-1839"",""ORG-1910"",""ORG-1981"",""ORG-2120"",""ORG-2154"",""ORG-2189""]"
13722,10.1016/j.vaccine.2012.08.049,7,"[""ORG-0790"",""ORG-0853"",""ORG-1089"",""ORG-1259"",""ORG-1581"",""ORG-2154"",""ORG-2164""]"
13723,10.1186/s13223-018-0316-z,6,"[""ORG-0963"",""ORG-1221"",""ORG-1253"",""ORG-1881"",""ORG-2120"",""ORG-2154""]"
13725,10.1016/j.virol.2010.06.007,10,"[""ORG-0790"",""ORG-0853"",""ORG-0854"",""ORG-1259"",""ORG-1675"",""ORG-1849"",""ORG-1850"",""ORG-2139"",""ORG-2154"",""ORG-2306""]"
13728,10.3389/fped.2018.00402,8,"[""ORG-0589"",""ORG-0590"",""ORG-0943"",""ORG-0946"",""ORG-1259"",""ORG-1844"",""ORG-2154"",""ORG-2166""]"
13730,10.23876/j.krcp.18.0063,8,"[""ORG-1581"",""ORG-1586"",""ORG-1839"",""ORG-1956"",""ORG-2154"",""ORG-2166"",""ORG-2167"",""ORG-2193""]"
13735,10.3389/fimmu.2018.02953,8,"[""ORG-0302"",""ORG-0359"",""ORG-0895"",""ORG-0901"",""ORG-1259"",""ORG-1766"",""ORG-1839"",""ORG-1859""]"
13737,10.3390/v6020727,6,"[""ORG-0754"",""ORG-0772"",""ORG-0858"",""ORG-0963"",""ORG-1894"",""ORG-2154""]"
13744,10.1111/j.1399-3062.2010.00532.x,8,"[""ORG-0359"",""ORG-0943"",""ORG-1259"",""ORG-1368"",""ORG-1581"",""ORG-1856"",""ORG-1910"",""ORG-1934""]"
13753,10.1371/journal.ppat.1007535,10,"[""ORG-0526"",""ORG-0589"",""ORG-0590"",""ORG-0974"",""ORG-1439"",""ORG-1581"",""ORG-1774"",""ORG-1986"",""ORG-2154"",""ORG-2315""]"
13758,10.1186/1756-0500-5-477,11,"[""ORG-0526"",""ORG-0589"",""ORG-0590"",""ORG-0736"",""ORG-0861"",""ORG-1361"",""ORG-1890"",""ORG-1894"",""ORG-1952"",""ORG-2154"",""ORG-2166""]"
13763,10.1016/j.intimp.2018.09.043,19,"[""ORG-0385"",""ORG-0416"",""ORG-0455"",""ORG-0506"",""ORG-0545"",""ORG-0559"",""ORG-0790"",""ORG-0824"",""ORG-0853"",""ORG-0900"",""ORG-0925"",""ORG-0974"",""ORG-1221"",""ORG-1259"",""ORG-1766"",""ORG-1867"",""ORG-1921"",""ORG-1938"",""ORG-2154""]"
13765,10.1186/s12917-018-1759-7,7,"[""ORG-1200"",""ORG-1347"",""ORG-1357"",""ORG-1361"",""ORG-1839"",""ORG-2154"",""ORG-2315""]"
13766,10.1084/jem.20100603,3,"[""ORG-1819"",""ORG-1856"",""ORG-2154""]"
13768,10.1186/1741-7015-8-37,6,"[""ORG-0938"",""ORG-1089"",""ORG-1826"",""ORG-1831"",""ORG-1856"",""ORG-1910""]"
13772,10.3390/v11010023,2,"[""ORG-1970"",""ORG-2154""]"
13777,10.1007/82_2010_41,11,"[""ORG-0571"",""ORG-1558"",""ORG-1812"",""ORG-1839"",""ORG-1894"",""ORG-1938"",""ORG-1949"",""ORG-2120"",""ORG-2154"",""ORG-2160"",""ORG-2189""]"
13780,10.1186/2046-4053-3-11,7,"[""ORG-0795"",""ORG-0824"",""ORG-0963"",""ORG-1847"",""ORG-1897"",""ORG-1931"",""ORG-2154""]"
13788,10.1177/1087057114520973,8,"[""ORG-0267"",""ORG-0808"",""ORG-1044"",""ORG-1205"",""ORG-1581"",""ORG-1607"",""ORG-1894"",""ORG-1948""]"
13790,10.1111/imr.12157,5,"[""ORG-0188"",""ORG-1215"",""ORG-1773"",""ORG-1800"",""ORG-1811""]"
13797,10.3947/ic.2018.50.4.311,4,"[""ORG-1259"",""ORG-2120"",""ORG-2154"",""ORG-2189""]"
13798,10.1371/journal.ppat.1002884,9,"[""ORG-0317"",""ORG-0824"",""ORG-1039"",""ORG-1040"",""ORG-1095"",""ORG-1607"",""ORG-1894"",""ORG-1913"",""ORG-2145""]"
13799,10.1016/j.healun.2010.05.006,6,"[""ORG-0206"",""ORG-1259"",""ORG-1260"",""ORG-1825"",""ORG-1910"",""ORG-1981""]"
13801,10.3390/cancers11010031,2,"[""ORG-0906"",""ORG-2154""]"
13806,10.1016/j.virol.2012.08.014,8,"[""ORG-0363"",""ORG-0497"",""ORG-0860"",""ORG-1035"",""ORG-1039"",""ORG-1607"",""ORG-1839"",""ORG-2304""]"
13812,10.1371/journal.pone.0011074,8,"[""ORG-0124"",""ORG-0319"",""ORG-0589"",""ORG-0590"",""ORG-0741"",""ORG-0895"",""ORG-1797"",""ORG-2154""]"
13814,10.1016/j.bbmt.2012.08.012,3,"[""ORG-0943"",""ORG-1259"",""ORG-1910""]"
13816,10.1016/j.jneumeth.2012.08.012,5,"[""ORG-0925"",""ORG-0963"",""ORG-1259"",""ORG-1527"",""ORG-2034""]"
13823,10.1155/2012/945950,5,"[""ORG-0773"",""ORG-1921"",""ORG-2120"",""ORG-2154"",""ORG-2166""]"
13827,10.1186/ar578,8,"[""ORG-0188"",""ORG-0581"",""ORG-0943"",""ORG-1825"",""ORG-1846"",""ORG-1896"",""ORG-1934"",""ORG-2154""]"
13835,10.1371/journal.pone.0039842,11,"[""ORG-0359"",""ORG-0497"",""ORG-0526"",""ORG-1131"",""ORG-1259"",""ORG-1361"",""ORG-1581"",""ORG-1749"",""ORG-1891"",""ORG-1896"",""ORG-2166""]"
13839,10.1371/journal.pone.0209379,5,"[""ORG-0808"",""ORG-1696"",""ORG-1917"",""ORG-2154"",""ORG-2166""]"
13846,10.1016/j.jaci.2010.04.026,5,"[""ORG-0895"",""ORG-1361"",""ORG-1766"",""ORG-1839"",""ORG-1846""]"
13852,10.1371/journal.ppat.1003896,13,"[""ORG-0312"",""ORG-0497"",""ORG-1347"",""ORG-1361"",""ORG-1581"",""ORG-1866"",""ORG-1921"",""ORG-1937"",""ORG-2120"",""ORG-2154"",""ORG-2166"",""ORG-2189"",""ORG-2260""]"
13862,10.1177/1352458514521888,10,"[""ORG-0302"",""ORG-0526"",""ORG-0529"",""ORG-0589"",""ORG-0590"",""ORG-0925"",""ORG-1766"",""ORG-1839"",""ORG-1934"",""ORG-2154""]"
13867,10.1016/j.ebiom.2018.12.041,3,"[""ORG-0589"",""ORG-0590"",""ORG-2154""]"
13877,10.1371/journal.pone.0087324,2,"[""ORG-0317"",""ORG-1039""]"
13884,10.1161/STROKEAHA.118.022745,2,"[""ORG-1228"",""ORG-1259""]"
13891,10.1016/j.psyneuen.2018.12.014,3,"[""ORG-1089"",""ORG-1581"",""ORG-2154""]"
13898,10.1016/j.humimm.2012.07.328,9,"[""ORG-0189"",""ORG-0589"",""ORG-0590"",""ORG-1347"",""ORG-1432"",""ORG-2120"",""ORG-2154"",""ORG-2166"",""ORG-2331""]"
13902,10.1155/2012/346039,5,"[""ORG-0790"",""ORG-0824"",""ORG-0853"",""ORG-1891"",""ORG-2154""]"
13905,10.1186/1742-4933-11-2,8,"[""ORG-0359"",""ORG-0606"",""ORG-0858"",""ORG-0963"",""ORG-1347"",""ORG-1887"",""ORG-1894"",""ORG-1986""]"
13910,10.4103/ijo.IJO_902_18,2,"[""ORG-0302"",""ORG-0824""]"
13913,10.3389/fimmu.2018.02880,5,"[""ORG-0086"",""ORG-1766"",""ORG-1773"",""ORG-1894"",""ORG-2154""]"
13915,10.3389/fimmu.2018.02803,9,"[""ORG-0303"",""ORG-0860"",""ORG-1347"",""ORG-1357"",""ORG-1464"",""ORG-1861"",""ORG-2147"",""ORG-2154"",""ORG-2166""]"
13918,10.4049/jimmunol.0902817,7,"[""ORG-0925"",""ORG-0963"",""ORG-1797"",""ORG-1890"",""ORG-2120"",""ORG-2154"",""ORG-2189""]"
13922,10.3390/v10120730,3,"[""ORG-0860"",""ORG-1361"",""ORG-2154""]"
13923,10.1186/1756-9966-29-64,7,"[""ORG-0319"",""ORG-0526"",""ORG-0589"",""ORG-0590"",""ORG-0925"",""ORG-1259"",""ORG-2154""]"
13928,10.1186/1742-6405-7-15,6,"[""ORG-0302"",""ORG-0360"",""ORG-0824"",""ORG-0825"",""ORG-1581"",""ORG-1798""]"
13940,10.1083/jcb.201109105,14,"[""ORG-0339"",""ORG-0497"",""ORG-0526"",""ORG-0589"",""ORG-0590"",""ORG-0678"",""ORG-0728"",""ORG-1259"",""ORG-1368"",""ORG-1484"",""ORG-1527"",""ORG-1851"",""ORG-1937"",""ORG-2154""]"
13945,10.1002/biot.201000038,7,"[""ORG-0773"",""ORG-0895"",""ORG-1839"",""ORG-1922"",""ORG-1934"",""ORG-2154"",""ORG-2260""]"
13951,10.3109/08916934.2013.879863,8,"[""ORG-0526"",""ORG-0529"",""ORG-0589"",""ORG-0590"",""ORG-1259"",""ORG-1894"",""ORG-1908"",""ORG-2154""]"
13955,10.1371/journal.pone.0086324,12,"[""ORG-0315"",""ORG-0359"",""ORG-1167"",""ORG-1257"",""ORG-1259"",""ORG-1402"",""ORG-1446"",""ORG-1867"",""ORG-1934"",""ORG-1937"",""ORG-1986"",""ORG-2034""]"
13956,10.1371/journal.pone.0085911,7,"[""ORG-0319"",""ORG-0359"",""ORG-1089"",""ORG-1259"",""ORG-1766"",""ORG-1934"",""ORG-1986""]"
13959,10.1371/journal.pone.0085422,8,"[""ORG-0374"",""ORG-0526"",""ORG-0589"",""ORG-0590"",""ORG-0897"",""ORG-2154"",""ORG-2166"",""ORG-2331""]"
13962,10.1136/bmjopen-2013-004210,9,"[""ORG-0302"",""ORG-0790"",""ORG-0824"",""ORG-0853"",""ORG-0854"",""ORG-1259"",""ORG-1581"",""ORG-2154"",""ORG-2164""]"
13965,10.1007/s10620-014-3029-2,6,"[""ORG-0526"",""ORG-0589"",""ORG-0590"",""ORG-0963"",""ORG-1089"",""ORG-2154""]"
13974,10.3389/fonc.2018.00570,6,"[""ORG-0925"",""ORG-0941"",""ORG-1766"",""ORG-1911"",""ORG-1949"",""ORG-2058""]"
13977,10.1371/journal.pone.0042610,8,"[""ORG-0526"",""ORG-0529"",""ORG-0589"",""ORG-0590"",""ORG-0898"",""ORG-1087"",""ORG-1897"",""ORG-2154""]"
13978,10.1038/81169,4,"[""ORG-1581"",""ORG-1825"",""ORG-1937"",""ORG-2154""]"
13979,10.1371/journal.pone.0042340,12,"[""ORG-0302"",""ORG-0312"",""ORG-0319"",""ORG-0899"",""ORG-0925"",""ORG-1259"",""ORG-1368"",""ORG-1766"",""ORG-1798"",""ORG-1817"",""ORG-1894"",""ORG-2315""]"
13983,10.1186/s12885-018-5155-2,7,"[""ORG-0302"",""ORG-0824"",""ORG-1221"",""ORG-1368"",""ORG-1881"",""ORG-1896"",""ORG-2154""]"
13988,10.1097/QAI.0000000000000110,5,"[""ORG-0824"",""ORG-0825"",""ORG-0853"",""ORG-0902"",""ORG-1259""]"
13996,10.7150/thno.26823,7,"[""ORG-0520"",""ORG-0526"",""ORG-0527"",""ORG-0589"",""ORG-0590"",""ORG-2154"",""ORG-2156""]"
14004,10.1371/journal.pone.0042197,12,"[""ORG-0312"",""ORG-0317"",""ORG-1259"",""ORG-1480"",""ORG-1581"",""ORG-1856"",""ORG-1894"",""ORG-1931"",""ORG-1979"",""ORG-1983"",""ORG-2260"",""ORG-2315""]"
14007,10.1016/j.vaccine.2018.11.076,8,"[""ORG-0227"",""ORG-0754"",""ORG-0755"",""ORG-0790"",""ORG-0853"",""ORG-1938"",""ORG-1956"",""ORG-2154""]"
14013,10.1111/ajt.15216,7,"[""ORG-0526"",""ORG-0527"",""ORG-0589"",""ORG-0590"",""ORG-0925"",""ORG-2154"",""ORG-2315""]"
14018,10.1097/AOG.0b013e3181e01415,8,"[""ORG-0790"",""ORG-0853"",""ORG-1361"",""ORG-1368"",""ORG-1503"",""ORG-1896"",""ORG-1898"",""ORG-2154""]"
14022,10.1592/phco.30.6.554,4,"[""ORG-0359"",""ORG-1221"",""ORG-1881"",""ORG-1897""]"
14025,10.1038/s41375-018-0324-5,10,"[""ORG-0526"",""ORG-0527"",""ORG-0589"",""ORG-0590"",""ORG-1215"",""ORG-1368"",""ORG-1839"",""ORG-1867"",""ORG-1911"",""ORG-2154""]"
14030,10.1186/1750-9378-9-3,2,"[""ORG-1825"",""ORG-2166""]"
14031,10.4097/kjae.2010.58.3.311,2,"[""ORG-2120"",""ORG-2154""]"
14043,10.4049/jimmunol.1800217,8,"[""ORG-0302"",""ORG-0359"",""ORG-0571"",""ORG-0946"",""ORG-1259"",""ORG-1797"",""ORG-1856"",""ORG-1931""]"
14057,10.1007/978-3-030-03502-0_3,4,"[""ORG-1035"",""ORG-1039"",""ORG-1040"",""ORG-1607""]"
14059,10.1016/j.jaci.2013.11.031,2,"[""ORG-0360"",""ORG-2120""]"
14061,10.4021/wjon531w,9,"[""ORG-0317"",""ORG-0963"",""ORG-1839"",""ORG-1849"",""ORG-2120"",""ORG-2154"",""ORG-2189"",""ORG-2260"",""ORG-2315""]"
14065,10.4103/1673-5374.245476,6,"[""ORG-0319"",""ORG-1122"",""ORG-1402"",""ORG-1969"",""ORG-2154"",""ORG-2157""]"
14066,10.1371/journal.pone.0042261,1,"[""ORG-1937""]"
14072,10.1371/journal.pbio.1001758,13,"[""ORG-0244"",""ORG-0317"",""ORG-0497"",""ORG-0542"",""ORG-0619"",""ORG-0895"",""ORG-0897"",""ORG-1347"",""ORG-1357"",""ORG-1581"",""ORG-1932"",""ORG-1949"",""ORG-2154""]"
14073,10.1371/journal.pone.0041486,16,"[""ORG-0101"",""ORG-0641"",""ORG-0643"",""ORG-0830"",""ORG-1205"",""ORG-1246"",""ORG-1511"",""ORG-1581"",""ORG-1644"",""ORG-1812"",""ORG-1841"",""ORG-1891"",""ORG-1900"",""ORG-1901"",""ORG-2154"",""ORG-2166""]"
14078,10.2147/CMAR.S177777,5,"[""ORG-0860"",""ORG-0941"",""ORG-1227"",""ORG-1825"",""ORG-1911""]"
14083,10.1099/vir.0.020958-0,15,"[""ORG-0497"",""ORG-0520"",""ORG-0589"",""ORG-0590"",""ORG-0897"",""ORG-1044"",""ORG-1051"",""ORG-1205"",""ORG-1253"",""ORG-1493"",""ORG-1581"",""ORG-1607"",""ORG-1638"",""ORG-2154"",""ORG-2157""]"
14084,10.1016/j.bbmt.2018.12.005,5,"[""ORG-0589"",""ORG-0590"",""ORG-0887"",""ORG-1259"",""ORG-2154""]"
14087,10.1007/s00103-012-1509-0,1,"[""ORG-2189""]"
14090,10.18632/oncotarget.26321,8,"[""ORG-0925"",""ORG-0943"",""ORG-1035"",""ORG-1039"",""ORG-1095"",""ORG-1361"",""ORG-1581"",""ORG-1607""]"
14101,10.4049/jimmunol.1800422,10,"[""ORG-0317"",""ORG-0790"",""ORG-0852"",""ORG-0853"",""ORG-0854"",""ORG-1766"",""ORG-1825"",""ORG-1872"",""ORG-1911"",""ORG-2154""]"
14103,10.1038/bmt.2010.112,5,"[""ORG-1259"",""ORG-1439"",""ORG-1825"",""ORG-1856"",""ORG-1921""]"
14107,10.1002/art.34642,8,"[""ORG-0093"",""ORG-0526"",""ORG-0728"",""ORG-1259"",""ORG-1361"",""ORG-1527"",""ORG-1593"",""ORG-1846""]"
14111,10.1084/jem.20100348,4,"[""ORG-0304"",""ORG-0308"",""ORG-0619"",""ORG-1766""]"
14123,10.1186/1471-2431-14-1,3,"[""ORG-0887"",""ORG-1259"",""ORG-1903""]"
14128,10.1212/WNL.0000000000000038,3,"[""ORG-1259"",""ORG-1902"",""ORG-1910""]"
14131,10.2174/157339510790231833,11,"[""ORG-0359"",""ORG-0790"",""ORG-0853"",""ORG-0897"",""ORG-0946"",""ORG-0963"",""ORG-1259"",""ORG-1286"",""ORG-1859"",""ORG-1938"",""ORG-2154""]"
14132,10.1080/13102818.2014.901667,8,"[""ORG-0187"",""ORG-0503"",""ORG-0559"",""ORG-0773"",""ORG-0897"",""ORG-1844"",""ORG-2154"",""ORG-2163""]"
14160,10.3390/molecules23123124,3,"[""ORG-0925"",""ORG-1581"",""ORG-2154""]"
14162,10.1007/BF02120764,4,"[""ORG-0319"",""ORG-0925"",""ORG-2154"",""ORG-2166""]"
14167,10.1007/s00431-010-1212-9,7,"[""ORG-1259"",""ORG-1667"",""ORG-1839"",""ORG-1894"",""ORG-2120"",""ORG-2154"",""ORG-2189""]"
14175,10.1099/vir.0.043406-0,18,"[""ORG-0317"",""ORG-0925"",""ORG-1174"",""ORG-1315"",""ORG-1347"",""ORG-1421"",""ORG-1441"",""ORG-1581"",""ORG-1583"",""ORG-1891"",""ORG-1894"",""ORG-1905"",""ORG-1934"",""ORG-1949"",""ORG-1956"",""ORG-2147"",""ORG-2154"",""ORG-2187""]"
14190,10.1111/jcpe.13040,3,"[""ORG-0792"",""ORG-1856"",""ORG-2154""]"
14192,10.1111/imm.13030,12,"[""ORG-0188"",""ORG-0497"",""ORG-1259"",""ORG-1347"",""ORG-1357"",""ORG-1581"",""ORG-1956"",""ORG-2147"",""ORG-2154"",""ORG-2166"",""ORG-2171"",""ORG-2183""]"
14199,10.1186/1750-9378-7-16,15,"[""ORG-0268"",""ORG-0319"",""ORG-0545"",""ORG-0589"",""ORG-0590"",""ORG-1169"",""ORG-1253"",""ORG-1259"",""ORG-1834"",""ORG-1874"",""ORG-1900"",""ORG-2154"",""ORG-2156"",""ORG-2166"",""ORG-2171""]"
14200,10.1186/2047-783X-15-2-79,5,"[""ORG-0795"",""ORG-0824"",""ORG-0860"",""ORG-1259"",""ORG-2057""]"
14206,10.3748/wjg.v24.i43.4870,3,"[""ORG-1798"",""ORG-2154"",""ORG-2161""]"
14213,10.1158/1541-7786.MCR-18-0924,8,"[""ORG-0526"",""ORG-0527"",""ORG-0529"",""ORG-0589"",""ORG-0590"",""ORG-1839"",""ORG-1934"",""ORG-2154""]"
14221,10.3390/v10120670,5,"[""ORG-0897"",""ORG-1938"",""ORG-1983"",""ORG-2154"",""ORG-2161""]"
14222,10.3390/ijms19123760,4,"[""ORG-0359"",""ORG-1581"",""ORG-1891"",""ORG-1894""]"
14229,10.1111/jcmm.14057,5,"[""ORG-0589"",""ORG-0590"",""ORG-1243"",""ORG-2154"",""ORG-2156""]"
14232,10.1086/652798,4,"[""ORG-0824"",""ORG-0861"",""ORG-1825"",""ORG-2154""]"
14235,10.1016/j.bbmt.2018.11.018,3,"[""ORG-0589"",""ORG-0590"",""ORG-2154""]"
14249,10.1186/s13046-018-0953-6,11,"[""ORG-0487"",""ORG-0526"",""ORG-0589"",""ORG-0590"",""ORG-0773"",""ORG-0925"",""ORG-1825"",""ORG-1911"",""ORG-1931"",""ORG-2154"",""ORG-2260""]"
14252,10.1038/bmt.2010.83,2,"[""ORG-1259"",""ORG-1839""]"
14256,10.1002/ajh.25357,1,"[""ORG-0526""]"
14259,10.1186/1478-7547-8-7,4,"[""ORG-0409"",""ORG-1368"",""ORG-1891"",""ORG-2315""]"
14265,10.1038/nbt.2287,5,"[""ORG-1536"",""ORG-1897"",""ORG-2154"",""ORG-2166"",""ORG-2171""]"
14266,10.1186/1743-422X-7-83,4,"[""ORG-0596"",""ORG-1900"",""ORG-1917"",""ORG-2154""]"
14267,10.1186/s13000-018-0765-1,5,"[""ORG-0526"",""ORG-0589"",""ORG-0590"",""ORG-1205"",""ORG-2154""]"
14274,10.3390/vaccines6040078,2,"[""ORG-1259"",""ORG-1981""]"
14280,10.1186/1752-1947-6-191,6,"[""ORG-0589"",""ORG-0590"",""ORG-1259"",""ORG-1839"",""ORG-1890"",""ORG-2154""]"
14281,10.1007/978-1-4939-8885-3_4,7,"[""ORG-0310"",""ORG-0319"",""ORG-1259"",""ORG-1766"",""ORG-1894"",""ORG-1958"",""ORG-2154""]"
14286,10.1177/1203475418811335,5,"[""ORG-0906"",""ORG-1259"",""ORG-1910"",""ORG-2114"",""ORG-2154""]"
14290,10.1093/schbul/sby164,9,"[""ORG-0526"",""ORG-0542"",""ORG-0589"",""ORG-0590"",""ORG-0860"",""ORG-1259"",""ORG-1581"",""ORG-1585"",""ORG-2154""]"
14295,10.1146/annurev.micro.112408.134019,9,"[""ORG-0526"",""ORG-0589"",""ORG-0590"",""ORG-0773"",""ORG-1039"",""ORG-1607"",""ORG-1986"",""ORG-2154"",""ORG-2166""]"
14296,10.1097/QAI.0b013e318266cd3c,5,"[""ORG-0302"",""ORG-0736"",""ORG-0824"",""ORG-0943"",""ORG-1948""]"
14302,10.1007/s13555-018-0268-8,3,"[""ORG-1221"",""ORG-1368"",""ORG-1881""]"
14303,10.1016/S0168-1656(00)00314-X,8,"[""ORG-1019"",""ORG-1179"",""ORG-1432"",""ORG-1511"",""ORG-1831"",""ORG-1936"",""ORG-2154"",""ORG-2166""]"
14311,10.1371/journal.pone.0039095,6,"[""ORG-0589"",""ORG-0590"",""ORG-1825"",""ORG-1911"",""ORG-2154"",""ORG-2159""]"
14314,10.2217/fvl.10.5,10,"[""ORG-0317"",""ORG-0860"",""ORG-1039"",""ORG-1581"",""ORG-1607"",""ORG-1897"",""ORG-1937"",""ORG-1938"",""ORG-2141"",""ORG-2154""]"
14317,10.1186/s12979-018-0134-7,4,"[""ORG-0497"",""ORG-1839"",""ORG-1911"",""ORG-2193""]"
14318,10.3389/fimmu.2018.02554,5,"[""ORG-0359"",""ORG-0526"",""ORG-0925"",""ORG-1839"",""ORG-2315""]"
14323,10.1016/j.jnutbio.2018.10.008,6,"[""ORG-0319"",""ORG-0925"",""ORG-1259"",""ORG-1581"",""ORG-1949"",""ORG-2154""]"
14324,10.1097/MD.0b013e31825f95b9,5,"[""ORG-0319"",""ORG-1729"",""ORG-1766"",""ORG-1868"",""ORG-2154""]"
14333,10.12688/f1000research.16157.1,17,"[""ORG-0790"",""ORG-0853"",""ORG-0951"",""ORG-0963"",""ORG-1089"",""ORG-1286"",""ORG-1581"",""ORG-1825"",""ORG-1891"",""ORG-1937"",""ORG-1952"",""ORG-1986"",""ORG-2154"",""ORG-2161"",""ORG-2163"",""ORG-2166"",""ORG-2167""]"
14334,10.1038/emi.2012.9,9,"[""ORG-0457"",""ORG-0507"",""ORG-0581"",""ORG-1259"",""ORG-1498"",""ORG-1730"",""ORG-1851"",""ORG-1867"",""ORG-1937""]"
14336,10.1054/bjoc.2000.1411,6,"[""ORG-0559"",""ORG-1089"",""ORG-1797"",""ORG-1848"",""ORG-1891"",""ORG-2306""]"
14337,10.1186/s12974-018-1360-9,12,"[""ORG-0317"",""ORG-0898"",""ORG-0900"",""ORG-0902"",""ORG-0925"",""ORG-0988"",""ORG-1259"",""ORG-1797"",""ORG-1812"",""ORG-2120"",""ORG-2154"",""ORG-2189""]"
14341,10.1186/s12885-018-5001-6,5,"[""ORG-0589"",""ORG-0590"",""ORG-1259"",""ORG-2154"",""ORG-2315""]"
14344,10.1371/journal.pone.0206679,9,"[""ORG-0302"",""ORG-0319"",""ORG-0895"",""ORG-0925"",""ORG-1259"",""ORG-1527"",""ORG-1766"",""ORG-1862"",""ORG-2154""]"
14352,10.1038/s41598-018-35231-8,7,"[""ORG-0497"",""ORG-0728"",""ORG-0963"",""ORG-1581"",""ORG-1938"",""ORG-2154"",""ORG-2193""]"
14355,10.12659/MSM.883198,4,"[""ORG-0457"",""ORG-1259"",""ORG-2260"",""ORG-2315""]"
14356,10.1097/QAD.0b013e3283573305,7,"[""ORG-0497"",""ORG-0506"",""ORG-0824"",""ORG-0825"",""ORG-1581"",""ORG-1911"",""ORG-2260""]"
14358,10.1111/j.1399-3046.2012.01752.x,5,"[""ORG-0359"",""ORG-1089"",""ORG-1221"",""ORG-1798"",""ORG-1881""]"
14359,10.1097/QAD.0b013e3283377a1e,8,"[""ORG-0302"",""ORG-0359"",""ORG-0824"",""ORG-1095"",""ORG-1259"",""ORG-1581"",""ORG-1766"",""ORG-1798""]"
14360,10.1186/s12879-018-3496-8,1,"[""ORG-1462""]"
14365,10.3390/v10110618,8,"[""ORG-0625"",""ORG-0728"",""ORG-0963"",""ORG-1581"",""ORG-1583"",""ORG-2154"",""ORG-2166"",""ORG-2306""]"
14369,10.1007/82_2010_29,7,"[""ORG-1347"",""ORG-1487"",""ORG-1938"",""ORG-2120"",""ORG-2140"",""ORG-2154"",""ORG-2189""]"
14376,10.1186/s12879-018-3501-2,6,"[""ORG-0229"",""ORG-0359"",""ORG-0497"",""ORG-0824"",""ORG-1581"",""ORG-1667""]"
14380,10.1080/10286021003591617,6,"[""ORG-0526"",""ORG-0589"",""ORG-0590"",""ORG-0925"",""ORG-1259"",""ORG-2154""]"
14385,10.1158/0008-5472.CAN-09-3934,9,"[""ORG-0795"",""ORG-0918"",""ORG-1039"",""ORG-1051"",""ORG-1259"",""ORG-1347"",""ORG-1607"",""ORG-2154"",""ORG-2260""]"
14422,10.1093/nar/gkq228,6,"[""ORG-0497"",""ORG-0925"",""ORG-1253"",""ORG-1581"",""ORG-1638"",""ORG-1798""]"
14431,10.4103/0019-5154.96209,4,"[""ORG-0790"",""ORG-1839"",""ORG-2154"",""ORG-2193""]"
14437,10.1002/jgm.3060,9,"[""ORG-0046"",""ORG-0047"",""ORG-0359"",""ORG-0925"",""ORG-1315"",""ORG-1483"",""ORG-1934"",""ORG-2034"",""ORG-2154""]"
14441,10.1186/ar2974,11,"[""ORG-0048"",""ORG-0359"",""ORG-0902"",""ORG-0925"",""ORG-1143"",""ORG-1259"",""ORG-1581"",""ORG-1825"",""ORG-1911"",""ORG-1974"",""ORG-2154""]"
14448,10.1155/2012/607276,11,"[""ORG-0124"",""ORG-0772"",""ORG-0833"",""ORG-0858"",""ORG-1215"",""ORG-1825"",""ORG-1866"",""ORG-1891"",""ORG-1937"",""ORG-2154"",""ORG-2160""]"
14449,10.1016/j.isci.2018.10.013,4,"[""ORG-0695"",""ORG-1766"",""ORG-1911"",""ORG-2154""]"
14451,10.1084/jem.20090348,6,"[""ORG-0359"",""ORG-0858"",""ORG-1095"",""ORG-1766"",""ORG-1773"",""ORG-2166""]"
14454,10.7717/peerj.5834,13,"[""ORG-0363"",""ORG-0497"",""ORG-0589"",""ORG-0590"",""ORG-0938"",""ORG-1259"",""ORG-1581"",""ORG-1894"",""ORG-1910"",""ORG-1911"",""ORG-1986"",""ORG-2154"",""ORG-2166""]"
14456,10.3389/fimmu.2018.02400,11,"[""ORG-0302"",""ORG-0526"",""ORG-0589"",""ORG-0590"",""ORG-1259"",""ORG-1766"",""ORG-1798"",""ORG-1839"",""ORG-1867"",""ORG-2154"",""ORG-2166""]"
14469,10.3346/jkms.2010.25.4.630,2,"[""ORG-0359"",""ORG-1934""]"
14471,10.3346/jkms.2010.25.4.527,4,"[""ORG-1259"",""ORG-1839"",""ORG-2154"",""ORG-2315""]"
14472,10.1101/gr.233585.117,14,"[""ORG-0086"",""ORG-0497"",""ORG-0589"",""ORG-0590"",""ORG-0680"",""ORG-0728"",""ORG-1112"",""ORG-1766"",""ORG-1797"",""ORG-1921"",""ORG-1958"",""ORG-1969"",""ORG-2154"",""ORG-2156""]"
14474,10.4049/jimmunol.0902938,5,"[""ORG-0302"",""ORG-1039"",""ORG-1259"",""ORG-1607"",""ORG-1766""]"
14476,10.2217/fvl-2018-0071,6,"[""ORG-0526"",""ORG-0589"",""ORG-0590"",""ORG-1839"",""ORG-2154"",""ORG-2156""]"
14477,10.1016/j.smim.2010.02.004,6,"[""ORG-0302"",""ORG-0497"",""ORG-0671"",""ORG-0963"",""ORG-1536"",""ORG-1934""]"
14478,10.1186/1746-1596-5-21,8,"[""ORG-0526"",""ORG-0527"",""ORG-0529"",""ORG-0589"",""ORG-0590"",""ORG-1766"",""ORG-1825"",""ORG-2154""]"
14480,10.1371/journal.ppat.1007405,11,"[""ORG-0319"",""ORG-0900"",""ORG-0902"",""ORG-0925"",""ORG-0941"",""ORG-1259"",""ORG-1347"",""ORG-1357"",""ORG-1368"",""ORG-1812"",""ORG-1856""]"
14484,10.1055/s-0030-1249120,7,"[""ORG-0938"",""ORG-1089"",""ORG-1131"",""ORG-1347"",""ORG-1357"",""ORG-2154"",""ORG-2166""]"
14487,10.1186/1297-9716-43-51,6,"[""ORG-1089"",""ORG-1738"",""ORG-1862"",""ORG-1872"",""ORG-1938"",""ORG-2154""]"
14496,10.1016/j.jtbi.2012.05.032,11,"[""ORG-0526"",""ORG-0549"",""ORG-0589"",""ORG-0590"",""ORG-1089"",""ORG-1259"",""ORG-1766"",""ORG-1839"",""ORG-1938"",""ORG-2154"",""ORG-2164""]"
14497,10.1016/j.immuni.2012.05.017,7,"[""ORG-0589"",""ORG-0590"",""ORG-1680"",""ORG-1766"",""ORG-1798"",""ORG-1986"",""ORG-2154""]"
14507,10.1016/j.dib.2018.09.099,4,"[""ORG-0046"",""ORG-1581"",""ORG-1585"",""ORG-1844""]"
14508,10.1155/2018/7684942,10,"[""ORG-0497"",""ORG-0790"",""ORG-0853"",""ORG-0854"",""ORG-1259"",""ORG-1347"",""ORG-1357"",""ORG-1581"",""ORG-1934"",""ORG-2154""]"
14514,10.1084/jem.20011825,5,"[""ORG-0312"",""ORG-0895"",""ORG-1259"",""ORG-1839"",""ORG-2154""]"
14516,10.3109/13550281003682547,3,"[""ORG-2120"",""ORG-2154"",""ORG-2189""]"
14519,10.1186/s13148-018-0459-2,11,"[""ORG-0526"",""ORG-0545"",""ORG-0589"",""ORG-0590"",""ORG-1020"",""ORG-1137"",""ORG-1361"",""ORG-1581"",""ORG-1593"",""ORG-1856"",""ORG-2154""]"
14526,10.1371/journal.pone.0036163,6,"[""ORG-0243"",""ORG-0772"",""ORG-0858"",""ORG-1259"",""ORG-1937"",""ORG-1986""]"
14531,10.18632/oncotarget.26167,9,"[""ORG-0559"",""ORG-0790"",""ORG-1241"",""ORG-1890"",""ORG-1898"",""ORG-1938"",""ORG-1981"",""ORG-2154"",""ORG-2166""]"
14540,10.3390/ijms19103266,11,"[""ORG-0573"",""ORG-0790"",""ORG-0853"",""ORG-0854"",""ORG-0951"",""ORG-1259"",""ORG-1825"",""ORG-1891"",""ORG-1908"",""ORG-1956"",""ORG-2154""]"
14543,10.1016/j.vaccine.2012.05.050,7,"[""ORG-0304"",""ORG-0320"",""ORG-0399"",""ORG-0409"",""ORG-1089"",""ORG-2114"",""ORG-2189""]"
14546,10.1007/978-3-642-38965-8_13,16,"[""ORG-0497"",""ORG-0589"",""ORG-0590"",""ORG-0795"",""ORG-0860"",""ORG-1039"",""ORG-1259"",""ORG-1607"",""ORG-1825"",""ORG-1952"",""ORG-2154"",""ORG-2156"",""ORG-2160"",""ORG-2163"",""ORG-2166"",""ORG-2315""]"
14549,10.14740/gr1068w,3,"[""ORG-0906"",""ORG-1259"",""ORG-1364""]"
14550,10.1100/2012/820621,6,"[""ORG-1347"",""ORG-1357"",""ORG-1856"",""ORG-1910"",""ORG-2154"",""ORG-2166""]"
14563,10.1515/bmc-2011-0057,7,"[""ORG-0015"",""ORG-0968"",""ORG-1259"",""ORG-1288"",""ORG-1839"",""ORG-1894"",""ORG-2154""]"
14564,10.1371/journal.pone.0037991,7,"[""ORG-1089"",""ORG-1259"",""ORG-1347"",""ORG-1357"",""ORG-1825"",""ORG-1891"",""ORG-2154""]"
14571,10.1097/QAD.0b013e328332d5b1,12,"[""ORG-0360"",""ORG-0526"",""ORG-0589"",""ORG-0590"",""ORG-0824"",""ORG-0825"",""ORG-0943"",""ORG-1259"",""ORG-1834"",""ORG-1851"",""ORG-2154"",""ORG-2260""]"
14577,10.1016/j.cellimm.2010.02.008,6,"[""ORG-0302"",""ORG-0312"",""ORG-0925"",""ORG-1766"",""ORG-1825"",""ORG-1949""]"
14579,10.1590/2175-8239-JBN-2018-0012,2,"[""ORG-1581"",""ORG-1931""]"
14582,10.1155/2018/8125806,2,"[""ORG-0359"",""ORG-1259""]"
14584,10.1158/1078-0432.CCR-09-2424,9,"[""ORG-0518"",""ORG-0526"",""ORG-0527"",""ORG-0589"",""ORG-0590"",""ORG-1361"",""ORG-1839"",""ORG-2154"",""ORG-2315""]"
14585,10.1371/journal.pone.0204867,5,"[""ORG-1221"",""ORG-1259"",""ORG-1347"",""ORG-1357"",""ORG-1891""]"
14586,10.1007/82_2010_12,7,"[""ORG-0963"",""ORG-1259"",""ORG-1938"",""ORG-2120"",""ORG-2154"",""ORG-2161"",""ORG-2189""]"
14587,10.1016/j.bbmt.2012.05.012,4,"[""ORG-0359"",""ORG-0860"",""ORG-1095"",""ORG-1581""]"
14593,10.1038/nm.2805,6,"[""ORG-1039"",""ORG-1259"",""ORG-1361"",""ORG-1593"",""ORG-1607"",""ORG-1915""]"
14597,10.3892/ijmm.2018.3929,9,"[""ORG-0188"",""ORG-0267"",""ORG-0359"",""ORG-0899"",""ORG-0902"",""ORG-0925"",""ORG-1464"",""ORG-1483"",""ORG-1714""]"
14598,10.1016/j.gendis.2017.12.006,3,"[""ORG-1259"",""ORG-1667"",""ORG-1844""]"
14615,10.1007/82_2010_11,11,"[""ORG-0511"",""ORG-1174"",""ORG-1259"",""ORG-1890"",""ORG-1937"",""ORG-2120"",""ORG-2140"",""ORG-2147"",""ORG-2154"",""ORG-2189"",""ORG-2260""]"
14629,10.1038/srep00353,8,"[""ORG-0360"",""ORG-0589"",""ORG-0590"",""ORG-1259"",""ORG-1766"",""ORG-1803"",""ORG-1911"",""ORG-2154""]"
14640,10.1111/j.1399-3046.2010.01296.x,4,"[""ORG-1089"",""ORG-1259"",""ORG-1825"",""ORG-1856""]"
14649,10.2217/ijr.09.72,7,"[""ORG-0589"",""ORG-0590"",""ORG-1766"",""ORG-1834"",""ORG-1970"",""ORG-2154"",""ORG-2166""]"
14651,10.18632/aging.101576,4,"[""ORG-0359"",""ORG-1238"",""ORG-1581"",""ORG-1910""]"
14654,10.1007/978-1-4939-8736-8_18,6,"[""ORG-0833"",""ORG-1047"",""ORG-1221"",""ORG-1347"",""ORG-1357"",""ORG-1839""]"
14658,10.1371/journal.pone.0036531,6,"[""ORG-1057"",""ORG-1361"",""ORG-1829"",""ORG-1867"",""ORG-1937"",""ORG-2154""]"
14659,10.1186/1471-2334-10-49,5,"[""ORG-0206"",""ORG-0497"",""ORG-0860"",""ORG-1361"",""ORG-2294""]"
14662,10.1016/j.amsu.2018.09.014,11,"[""ORG-0526"",""ORG-0527"",""ORG-0589"",""ORG-0590"",""ORG-0925"",""ORG-1259"",""ORG-1766"",""ORG-1797"",""ORG-1851"",""ORG-1891"",""ORG-2154""]"
14670,10.1186/s12936-018-2497-9,12,"[""ORG-0206"",""ORG-0359"",""ORG-0526"",""ORG-0814"",""ORG-0963"",""ORG-1361"",""ORG-1581"",""ORG-1766"",""ORG-1910"",""ORG-2154"",""ORG-2193"",""ORG-2303""]"
14674,10.1096/fj.11-200618,7,"[""ORG-0302"",""ORG-1259"",""ORG-1711"",""ORG-1766"",""ORG-1839"",""ORG-2115"",""ORG-2154""]"
14675,10.3233/ADR-170037,4,"[""ORG-0015"",""ORG-0974"",""ORG-2154"",""ORG-2159""]"
14678,10.1177/1545968312445637,7,"[""ORG-0790"",""ORG-0895"",""ORG-0988"",""ORG-0989"",""ORG-1597"",""ORG-1911"",""ORG-2154""]"
14684,10.4103/ijstd.IJSTD_130_15,9,"[""ORG-0302"",""ORG-0824"",""ORG-0897"",""ORG-0938"",""ORG-1221"",""ORG-1246"",""ORG-1259"",""ORG-1825"",""ORG-1881""]"
14688,10.1186/s12885-018-4840-5,6,"[""ORG-0526"",""ORG-0589"",""ORG-0590"",""ORG-1641"",""ORG-1949"",""ORG-2154""]"
14689,10.1371/journal.pone.0036601,8,"[""ORG-0497"",""ORG-0792"",""ORG-1039"",""ORG-1040"",""ORG-1259"",""ORG-1607"",""ORG-1825"",""ORG-1921""]"
14693,10.1371/journal.ppat.1002690,14,"[""ORG-0014"",""ORG-0497"",""ORG-0526"",""ORG-0589"",""ORG-0590"",""ORG-1087"",""ORG-1259"",""ORG-1361"",""ORG-1593"",""ORG-1797"",""ORG-1891"",""ORG-2154"",""ORG-2159"",""ORG-2260""]"
14703,10.1038/bjc.2012.197,9,"[""ORG-0526"",""ORG-0527"",""ORG-0589"",""ORG-0590"",""ORG-1087"",""ORG-1485"",""ORG-1856"",""ORG-1890"",""ORG-2154""]"
14707,10.11604/pamj.2017.28.218.10828,4,"[""ORG-0497"",""ORG-0503"",""ORG-1839"",""ORG-2154""]"
14708,10.1186/1743-422X-9-92,7,"[""ORG-0086"",""ORG-0795"",""ORG-0860"",""ORG-1347"",""ORG-1357"",""ORG-1938"",""ORG-2154""]"
14718,10.1038/sj.bjc.6600065,4,"[""ORG-0925"",""ORG-1418"",""ORG-1911"",""ORG-2306""]"
14729,10.1097/CJI.0b013e3182585d50,10,"[""ORG-0302"",""ORG-0359"",""ORG-1766"",""ORG-1798"",""ORG-1812"",""ORG-1848"",""ORG-1894"",""ORG-2058"",""ORG-2154"",""ORG-2157""]"
14731,10.1128/mSystems.00081-18,15,"[""ORG-0497"",""ORG-0526"",""ORG-0589"",""ORG-0590"",""ORG-0801"",""ORG-1023"",""ORG-1259"",""ORG-1581"",""ORG-1766"",""ORG-1851"",""ORG-1894"",""ORG-1896"",""ORG-1948"",""ORG-2154"",""ORG-2166""]"
14733,10.7150/jca.25530,7,"[""ORG-0497"",""ORG-0526"",""ORG-0589"",""ORG-0897"",""ORG-1581"",""ORG-1851"",""ORG-2154""]"
14735,10.4103/ijn.IJN_262_17,2,"[""ORG-1259"",""ORG-2154""]"
14742,10.1159/000484553,1,"[""ORG-1839""]"
14746,10.1371/journal.pone.0204947,12,"[""ORG-0317"",""ORG-0319"",""ORG-0905"",""ORG-1023"",""ORG-1039"",""ORG-1259"",""ORG-1607"",""ORG-1766"",""ORG-1894"",""ORG-2144"",""ORG-2154"",""ORG-2306""]"
14752,10.1111/xen.12442,5,"[""ORG-0365"",""ORG-0497"",""ORG-1089"",""ORG-1259"",""ORG-2154""]"
14761,10.3324/haematol.2018.199802,6,"[""ORG-0319"",""ORG-0374"",""ORG-1232"",""ORG-1766"",""ORG-1934"",""ORG-2247""]"
14764,10.3390/ncrna4040024,9,"[""ORG-0243"",""ORG-0497"",""ORG-1232"",""ORG-1238"",""ORG-1581"",""ORG-1744"",""ORG-1938"",""ORG-2154"",""ORG-2166""]"
14767,10.1371/journal.pone.0009209,5,"[""ORG-0315"",""ORG-0319"",""ORG-0925"",""ORG-1259"",""ORG-2154""]"
14768,10.3389/fimmu.2017.02005,9,"[""ORG-0243"",""ORG-0526"",""ORG-0589"",""ORG-0590"",""ORG-0694"",""ORG-1766"",""ORG-1844"",""ORG-1931"",""ORG-2154""]"
14772,10.1016/j.neulet.2012.04.047,5,"[""ORG-1839"",""ORG-1890"",""ORG-1897"",""ORG-2154"",""ORG-2315""]"
14778,10.1186/s12979-018-0130-y,5,"[""ORG-0946"",""ORG-1259"",""ORG-1857"",""ORG-1866"",""ORG-2154""]"
14782,10.1186/s12935-018-0637-5,11,"[""ORG-0526"",""ORG-0527"",""ORG-0589"",""ORG-0590"",""ORG-0691"",""ORG-1462"",""ORG-1505"",""ORG-1581"",""ORG-1844"",""ORG-2154"",""ORG-2156""]"
14783,10.4103/aian.AIAN_421_17,4,"[""ORG-0963"",""ORG-2120"",""ORG-2154"",""ORG-2189""]"
14784,10.3389/fmicb.2017.02666,6,"[""ORG-0526"",""ORG-0589"",""ORG-0590"",""ORG-0963"",""ORG-2090"",""ORG-2154""]"
14786,10.3389/fvets.2017.00221,9,"[""ORG-0191"",""ORG-0267"",""ORG-0899"",""ORG-0925"",""ORG-1167"",""ORG-1511"",""ORG-1848"",""ORG-2154"",""ORG-2166""]"
14788,10.1002/ccr3.1301,3,"[""ORG-0526"",""ORG-0527"",""ORG-1890""]"
14791,10.1080/15384047.2018.1523094,3,"[""ORG-0853"",""ORG-1744"",""ORG-2260""]"
14830,10.2147/TCRM.S138677,7,"[""ORG-0897"",""ORG-0988"",""ORG-1215"",""ORG-1259"",""ORG-1603"",""ORG-1839"",""ORG-2154""]"
14834,10.4049/jimmunol.0902168,14,"[""ORG-0015"",""ORG-0526"",""ORG-0589"",""ORG-0590"",""ORG-0623"",""ORG-0880"",""ORG-0968"",""ORG-1347"",""ORG-1357"",""ORG-1766"",""ORG-1797"",""ORG-2115"",""ORG-2154"",""ORG-2161""]"
14837,10.3389/fimmu.2017.01865,13,"[""ORG-0359"",""ORG-0526"",""ORG-0589"",""ORG-0590"",""ORG-1051"",""ORG-1143"",""ORG-1259"",""ORG-1798"",""ORG-1839"",""ORG-1856"",""ORG-1952"",""ORG-2154"",""ORG-2166""]"
14838,10.1186/1471-2334-12-105,1,"[""ORG-1259""]"
14843,10.1186/1743-422X-7-39,12,"[""ORG-0048"",""ORG-0051"",""ORG-0052"",""ORG-0824"",""ORG-0825"",""ORG-0925"",""ORG-1581"",""ORG-1802"",""ORG-1844"",""ORG-1874"",""ORG-1894"",""ORG-2154""]"
14845,10.3389/fmicb.2017.02565,10,"[""ORG-0497"",""ORG-0510"",""ORG-0790"",""ORG-0853"",""ORG-0854"",""ORG-1246"",""ORG-1825"",""ORG-2154"",""ORG-2163"",""ORG-2315""]"
14847,10.1097/MD.0000000000008746,2,"[""ORG-1259"",""ORG-1981""]"
14860,10.1523/JNEUROSCI.5332-11.2012,4,"[""ORG-0267"",""ORG-0667"",""ORG-1839"",""ORG-1877""]"
14882,10.1038/s41598-018-32350-0,9,"[""ORG-0526"",""ORG-0545"",""ORG-0589"",""ORG-0590"",""ORG-0925"",""ORG-1039"",""ORG-1839"",""ORG-2154"",""ORG-2163""]"
14896,10.22034/APJCP.2017.18.12.3319,7,"[""ORG-0701"",""ORG-0858"",""ORG-0963"",""ORG-1581"",""ORG-1894"",""ORG-1938"",""ORG-2154""]"
14897,10.1007/s00705-012-1306-y,10,"[""ORG-0302"",""ORG-0497"",""ORG-0853"",""ORG-0854"",""ORG-0925"",""ORG-1766"",""ORG-1911"",""ORG-1982"",""ORG-2154"",""ORG-2163""]"
14900,10.1186/1476-4598-9-32,11,"[""ORG-0319"",""ORG-0518"",""ORG-0526"",""ORG-0529"",""ORG-0589"",""ORG-0590"",""ORG-1581"",""ORG-1834"",""ORG-1856"",""ORG-1931"",""ORG-2154""]"
14901,10.2147/DDDT.S172538,9,"[""ORG-0526"",""ORG-0527"",""ORG-0589"",""ORG-0590"",""ORG-0925"",""ORG-1259"",""ORG-1834"",""ORG-1986"",""ORG-2154""]"
14902,10.18632/oncotarget.22528,3,"[""ORG-1581"",""ORG-1891"",""ORG-2154""]"
14909,10.1186/s40880-017-0264-x,7,"[""ORG-0497"",""ORG-0526"",""ORG-0589"",""ORG-0590"",""ORG-1259"",""ORG-1581"",""ORG-2154""]"
14910,10.1038/labinvest.2010.1,6,"[""ORG-0317"",""ORG-0319"",""ORG-0790"",""ORG-1849"",""ORG-1850"",""ORG-2154""]"
14914,10.1038/onc.2012.145,5,"[""ORG-1039"",""ORG-1040"",""ORG-1205"",""ORG-1259"",""ORG-1607""]"
14915,10.1084/jem.20170697,9,"[""ORG-0963"",""ORG-1112"",""ORG-1347"",""ORG-1581"",""ORG-1766"",""ORG-1800"",""ORG-1812"",""ORG-1844"",""ORG-2154""]"
14916,10.1016/j.coviro.2018.08.012,8,"[""ORG-0526"",""ORG-0589"",""ORG-0590"",""ORG-1305"",""ORG-1834"",""ORG-1839"",""ORG-1848"",""ORG-2154""]"
14919,10.3892/ijo.2018.4537,5,"[""ORG-0925"",""ORG-0938"",""ORG-1851"",""ORG-1921"",""ORG-2154""]"
14923,10.1002/pbc.24188,1,"[""ORG-1948""]"
14930,10.1038/s41598-018-32299-0,3,"[""ORG-0897"",""ORG-1581"",""ORG-1934""]"
14931,10.1016/j.vaccine.2017.12.037,10,"[""ORG-0012"",""ORG-0207"",""ORG-0602"",""ORG-1347"",""ORG-1427"",""ORG-1428"",""ORG-1797"",""ORG-1891"",""ORG-1936"",""ORG-1986""]"
14932,10.1016/j.tim.2018.08.011,8,"[""ORG-0188"",""ORG-0497"",""ORG-0683"",""ORG-1581"",""ORG-1911"",""ORG-2154"",""ORG-2166"",""ORG-2315""]"
14935,10.3390/v10090500,10,"[""ORG-0308"",""ORG-0316"",""ORG-0772"",""ORG-0858"",""ORG-1047"",""ORG-1522"",""ORG-2154"",""ORG-2157"",""ORG-2165"",""ORG-2166""]"
14945,10.1136/bmjopen-2017-016949,1,"[""ORG-0359""]"
14950,10.1186/1477-9560-10-4,3,"[""ORG-0589"",""ORG-0590"",""ORG-2154""]"
14960,10.1371/journal.pone.0034425,10,"[""ORG-0925"",""ORG-1131"",""ORG-1259"",""ORG-1511"",""ORG-1891"",""ORG-1900"",""ORG-2154"",""ORG-2166"",""ORG-2176"",""ORG-2181""]"
14961,10.3390/ijms19010016,5,"[""ORG-0545"",""ORG-0860"",""ORG-1361"",""ORG-1911"",""ORG-2154""]"
14969,10.1371/journal.ppat.1007253,8,"[""ORG-0267"",""ORG-1039"",""ORG-1040"",""ORG-1044"",""ORG-1259"",""ORG-2154"",""ORG-2156"",""ORG-2260""]"
14975,10.1371/journal.pone.0034306,4,"[""ORG-0188"",""ORG-0191"",""ORG-1839"",""ORG-1866""]"
14977,10.1097/QAI.0b013e3181c7d8d2,4,"[""ORG-0824"",""ORG-0825"",""ORG-0853"",""ORG-1896""]"
14980,10.4049/jimmunol.1103382,8,"[""ORG-0619"",""ORG-0925"",""ORG-0938"",""ORG-1023"",""ORG-1259"",""ORG-1495"",""ORG-1766"",""ORG-2306""]"
14983,10.3389/fmed.2018.00236,8,"[""ORG-0963"",""ORG-1259"",""ORG-1347"",""ORG-1357"",""ORG-1839"",""ORG-1897"",""ORG-1911"",""ORG-1934""]"
14985,10.3389/fmicb.2017.02342,11,"[""ORG-0363"",""ORG-0790"",""ORG-0824"",""ORG-0853"",""ORG-0854"",""ORG-0861"",""ORG-1245"",""ORG-1581"",""ORG-1910"",""ORG-1948"",""ORG-2154""]"
14989,10.7150/jca.26145,12,"[""ORG-0497"",""ORG-0526"",""ORG-0589"",""ORG-0590"",""ORG-1089"",""ORG-1095"",""ORG-1196"",""ORG-1259"",""ORG-1581"",""ORG-1831"",""ORG-1851"",""ORG-2154""]"
15001,10.3892/mmr.2017.8252,5,"[""ORG-0014"",""ORG-0899"",""ORG-1483"",""ORG-1766"",""ORG-2154""]"
15005,10.1155/2012/594681,3,"[""ORG-0589"",""ORG-0590"",""ORG-2154""]"
15014,10.1016/j.tripleo.2009.08.037,16,"[""ORG-0589"",""ORG-0590"",""ORG-0673"",""ORG-0790"",""ORG-0824"",""ORG-0853"",""ORG-0861"",""ORG-1259"",""ORG-1483"",""ORG-1581"",""ORG-1802"",""ORG-1896"",""ORG-1910"",""ORG-2120"",""ORG-2154"",""ORG-2189""]"
15015,10.3390/molecules23092300,7,"[""ORG-0507"",""ORG-0824"",""ORG-0970"",""ORG-1221"",""ORG-1825"",""ORG-2154"",""ORG-2166""]"
15019,10.1002/ijc.31863,4,"[""ORG-0824"",""ORG-1039"",""ORG-1911"",""ORG-1932""]"
15023,10.1371/journal.pone.0032716,8,"[""ORG-0526"",""ORG-0545"",""ORG-0589"",""ORG-0590"",""ORG-1259"",""ORG-1347"",""ORG-1357"",""ORG-2154""]"
15024,10.4049/jimmunol.1800725,10,"[""ORG-0310"",""ORG-0319"",""ORG-0790"",""ORG-0853"",""ORG-0854"",""ORG-1286"",""ORG-1766"",""ORG-1825"",""ORG-2154"",""ORG-2306""]"
15029,10.3390/v10090464,6,"[""ORG-0799"",""ORG-1248"",""ORG-1361"",""ORG-1581"",""ORG-2140"",""ORG-2154""]"
15031,10.1016/j.vaccine.2017.12.017,9,"[""ORG-0455"",""ORG-0790"",""ORG-0853"",""ORG-0902"",""ORG-1461"",""ORG-1766"",""ORG-1934"",""ORG-2114"",""ORG-2154""]"
15035,10.1186/s12879-017-2835-5,8,"[""ORG-0363"",""ORG-1137"",""ORG-1347"",""ORG-1357"",""ORG-1361"",""ORG-1825"",""ORG-1894"",""ORG-1911""]"
15043,10.1016/j.fsi.2018.09.003,3,"[""ORG-1797"",""ORG-1825"",""ORG-1898""]"
15047,10.3324/haematol.2017.174177,5,"[""ORG-0589"",""ORG-0590"",""ORG-0963"",""ORG-1798"",""ORG-2154""]"
15048,10.22038/IJBMS.2017.9598,3,"[""ORG-0359"",""ORG-1361"",""ORG-1503""]"
15050,10.1016/j.jaci.2009.11.027,1,"[""ORG-1870""]"
15052,10.3904/kjim.2017.040,4,"[""ORG-0359"",""ORG-0938"",""ORG-1897"",""ORG-1910""]"
15053,10.1038/s41467-017-02282-w,7,"[""ORG-0520"",""ORG-0526"",""ORG-0529"",""ORG-0589"",""ORG-0590"",""ORG-1259"",""ORG-2154""]"
15059,10.1159/000490525,6,"[""ORG-0589"",""ORG-0590"",""ORG-1766"",""ORG-2120"",""ORG-2154"",""ORG-2260""]"
15065,10.1371/journal.pone.0189612,5,"[""ORG-0359"",""ORG-0897"",""ORG-1259"",""ORG-1766"",""ORG-1851""]"
15077,10.1007/s10875-017-0465-8,2,"[""ORG-1667"",""ORG-1948""]"
15094,10.1177/0962280218796252,5,"[""ORG-0399"",""ORG-0526"",""ORG-1138"",""ORG-1259"",""ORG-1956""]"
15096,10.18632/oncotarget.21856,7,"[""ORG-0526"",""ORG-0527"",""ORG-0571"",""ORG-0589"",""ORG-0590"",""ORG-1783"",""ORG-2154""]"
15098,10.1186/1756-0500-5-178,10,"[""ORG-0080"",""ORG-0338"",""ORG-0359"",""ORG-0497"",""ORG-0545"",""ORG-0925"",""ORG-1581"",""ORG-1797"",""ORG-1894"",""ORG-2154""]"
15102,10.5045/kjh.2012.47.1.44,5,"[""ORG-0302"",""ORG-0308"",""ORG-0359"",""ORG-1215"",""ORG-1259""]"
15103,10.2147/OTT.S173018,7,"[""ORG-1238"",""ORG-1581"",""ORG-1766"",""ORG-1819"",""ORG-1844"",""ORG-1866"",""ORG-1891""]"
15114,10.1136/lupus-2017-000214,8,"[""ORG-0359"",""ORG-0526"",""ORG-0589"",""ORG-0590"",""ORG-0853"",""ORG-0854"",""ORG-2154"",""ORG-2166""]"
15118,10.1093/infdis/jis278,4,"[""ORG-0795"",""ORG-0860"",""ORG-0963"",""ORG-1259""]"
15126,10.1128/mBio.01841-17,17,"[""ORG-0434"",""ORG-0471"",""ORG-0526"",""ORG-0529"",""ORG-0589"",""ORG-0590"",""ORG-0606"",""ORG-0880"",""ORG-0963"",""ORG-0970"",""ORG-1089"",""ORG-1259"",""ORG-1347"",""ORG-1839"",""ORG-1911"",""ORG-2154"",""ORG-2166""]"
15129,10.18632/oncotarget.20648,5,"[""ORG-0941"",""ORG-1020"",""ORG-1039"",""ORG-1607"",""ORG-1894""]"
15134,10.1016/j.virol.2018.08.008,5,"[""ORG-0772"",""ORG-0858"",""ORG-1894"",""ORG-2147"",""ORG-2154""]"
15141,10.1186/1750-9378-7-9,5,"[""ORG-0860"",""ORG-1039"",""ORG-1259"",""ORG-1766"",""ORG-2057""]"
15170,10.1371/journal.ppat.1007252,18,"[""ORG-0302"",""ORG-0359"",""ORG-0858"",""ORG-0925"",""ORG-0938"",""ORG-0963"",""ORG-0988"",""ORG-1259"",""ORG-1668"",""ORG-1766"",""ORG-1891"",""ORG-1897"",""ORG-1910"",""ORG-1938"",""ORG-1949"",""ORG-2154"",""ORG-2165"",""ORG-2166""]"
15181,10.3390/v9120365,4,"[""ORG-0772"",""ORG-0858"",""ORG-0895"",""ORG-1862""]"
15187,10.1534/g3.118.200593,5,"[""ORG-0497"",""ORG-0728"",""ORG-1846"",""ORG-1891"",""ORG-2315""]"
15188,10.1002/mrm.27014,1,"[""ORG-1934""]"
15192,10.1186/1743-422X-9-76,6,"[""ORG-0399"",""ORG-0773"",""ORG-1285"",""ORG-1361"",""ORG-1938"",""ORG-2154""]"
15206,10.1186/1477-7819-8-3,6,"[""ORG-0359"",""ORG-0853"",""ORG-1246"",""ORG-1253"",""ORG-1259"",""ORG-1948""]"
15208,10.3390/jcm6120111,11,"[""ORG-0421"",""ORG-0526"",""ORG-0589"",""ORG-0590"",""ORG-0773"",""ORG-0795"",""ORG-0856"",""ORG-0860"",""ORG-1948"",""ORG-2154"",""ORG-2166""]"
15213,10.1099/vir.0.017814-0,7,"[""ORG-0860"",""ORG-1839"",""ORG-1952"",""ORG-2120"",""ORG-2154"",""ORG-2166"",""ORG-2189""]"
15215,10.1093/nar/gky742,8,"[""ORG-0497"",""ORG-0897"",""ORG-1259"",""ORG-1581"",""ORG-1911"",""ORG-2154"",""ORG-2163"",""ORG-2166""]"
15220,10.1097/QAD.0b013e328353b83c,2,"[""ORG-0824"",""ORG-1856""]"
15221,10.1038/s41467-018-05559-w,3,"[""ORG-0497"",""ORG-1581"",""ORG-2154""]"
15226,10.1186/1479-5876-10-57,6,"[""ORG-0581"",""ORG-0589"",""ORG-0590"",""ORG-0728"",""ORG-1903"",""ORG-2154""]"
15228,10.1038/s41590-017-0005-y,20,"[""ORG-0015"",""ORG-0497"",""ORG-0503"",""ORG-0510"",""ORG-0526"",""ORG-0589"",""ORG-0590"",""ORG-0790"",""ORG-0853"",""ORG-0854"",""ORG-0880"",""ORG-0968"",""ORG-1232"",""ORG-1347"",""ORG-1579"",""ORG-1581"",""ORG-1585"",""ORG-1586"",""ORG-2154"",""ORG-2166""]"
15229,10.4049/jimmunol.1701045,10,"[""ORG-0363"",""ORG-0824"",""ORG-0825"",""ORG-0853"",""ORG-0895"",""ORG-0898"",""ORG-0963"",""ORG-1259"",""ORG-1856"",""ORG-2154""]"
15232,10.1186/s12964-018-0261-y,5,"[""ORG-0497"",""ORG-1361"",""ORG-1825"",""ORG-2154"",""ORG-2260""]"
15233,10.1016/j.pvr.2017.10.004,11,"[""ORG-0457"",""ORG-0773"",""ORG-0824"",""ORG-0853"",""ORG-1330"",""ORG-1347"",""ORG-1357"",""ORG-1825"",""ORG-1890"",""ORG-1910"",""ORG-2260""]"
15238,10.1016/j.celrep.2018.07.060,7,"[""ORG-0337"",""ORG-0895"",""ORG-0897"",""ORG-1215"",""ORG-1581"",""ORG-1847"",""ORG-1856""]"
15239,10.1186/s12979-017-0103-6,6,"[""ORG-0188"",""ORG-0359"",""ORG-0925"",""ORG-1259"",""ORG-1766"",""ORG-1911""]"
15242,10.1038/s41598-017-16588-8,4,"[""ORG-0497"",""ORG-0503"",""ORG-0876"",""ORG-1935""]"
15252,10.1016/j.vaccine.2017.11.013,2,"[""ORG-1603"",""ORG-2154""]"
15253,10.1016/S1473-3099(12)70037-3,12,"[""ORG-0302"",""ORG-0790"",""ORG-0824"",""ORG-0825"",""ORG-0853"",""ORG-1259"",""ORG-1286"",""ORG-1671"",""ORG-1856"",""ORG-1897"",""ORG-1910"",""ORG-2154""]"
15257,10.1007/s00251-018-1077-z,5,"[""ORG-0772"",""ORG-1259"",""ORG-1881"",""ORG-1948"",""ORG-2154""]"
15259,10.1038/s41590-018-0185-0,5,"[""ORG-0962"",""ORG-1259"",""ORG-1347"",""ORG-1357"",""ORG-1986""]"
15260,10.1186/s13256-017-1495-9,8,"[""ORG-0244"",""ORG-0373"",""ORG-0790"",""ORG-0930"",""ORG-1259"",""ORG-1286"",""ORG-1347"",""ORG-2154""]"
15261,10.3851/IMP1460,9,"[""ORG-0444"",""ORG-0925"",""ORG-1089"",""ORG-1581"",""ORG-1839"",""ORG-1861"",""ORG-2154"",""ORG-2166"",""ORG-2306""]"
15268,10.1371/journal.ppat.1007221,14,"[""ORG-0521"",""ORG-0526"",""ORG-0589"",""ORG-0590"",""ORG-0897"",""ORG-0925"",""ORG-1095"",""ORG-1221"",""ORG-1259"",""ORG-1581"",""ORG-1881"",""ORG-2154"",""ORG-2166"",""ORG-2306""]"
15270,10.1155/2017/3724017,2,"[""ORG-1215"",""ORG-2154""]"
15276,10.1002/cncr.24834,4,"[""ORG-0360"",""ORG-0526"",""ORG-1856"",""ORG-2154""]"
15280,10.1371/journal.pone.0031989,2,"[""ORG-0773"",""ORG-1935""]"
15285,10.1097/QAD.0b013e3283365395,3,"[""ORG-1607"",""ORG-1798"",""ORG-2140""]"
15286,10.3389/fmicb.2017.02108,13,"[""ORG-0507"",""ORG-0790"",""ORG-0853"",""ORG-1122"",""ORG-1254"",""ORG-1259"",""ORG-1286"",""ORG-1905"",""ORG-1938"",""ORG-1948"",""ORG-2154"",""ORG-2159"",""ORG-2166""]"
15295,10.1289/ehp.0900800,6,"[""ORG-0155"",""ORG-0736"",""ORG-0925"",""ORG-1891"",""ORG-1897"",""ORG-2246""]"
15296,10.1016/j.cyto.2018.07.034,10,"[""ORG-0790"",""ORG-0853"",""ORG-1221"",""ORG-1347"",""ORG-1357"",""ORG-1856"",""ORG-1867"",""ORG-1881"",""ORG-1911"",""ORG-2154""]"
15302,10.1097/CJI.0b013e31824300a2,3,"[""ORG-0359"",""ORG-1259"",""ORG-2154""]"
15316,10.1021/jacs.8b07461,2,"[""ORG-1112"",""ORG-1137""]"
15320,10.1590/S1517-838220100001000010,6,"[""ORG-0497"",""ORG-0772"",""ORG-0858"",""ORG-1361"",""ORG-1593"",""ORG-1896""]"
15332,10.4103/0976-237X.62512,2,"[""ORG-1938"",""ORG-2154""]"
15356,10.4103/sni.sni_12_18,8,"[""ORG-0526"",""ORG-0589"",""ORG-0590"",""ORG-1079"",""ORG-1089"",""ORG-1839"",""ORG-2154"",""ORG-2156""]"
15357,10.1186/2042-4280-1-8,8,"[""ORG-0497"",""ORG-0772"",""ORG-0858"",""ORG-1259"",""ORG-1361"",""ORG-1839"",""ORG-1890"",""ORG-1897""]"
15360,10.1186/2042-4280-1-2,10,"[""ORG-0772"",""ORG-0858"",""ORG-0925"",""ORG-1259"",""ORG-1839"",""ORG-1868"",""ORG-1906"",""ORG-1911"",""ORG-1938"",""ORG-2154""]"
15367,10.4084/MJHID.2010.022,15,"[""ORG-0207"",""ORG-0304"",""ORG-0526"",""ORG-0773"",""ORG-1259"",""ORG-1766"",""ORG-1846"",""ORG-1921"",""ORG-1937"",""ORG-1938"",""ORG-1956"",""ORG-1958"",""ORG-2154"",""ORG-2158"",""ORG-2166""]"
15371,10.1111/ajt.15067,2,"[""ORG-1245"",""ORG-1766""]"
15372,10.1016/j.virol.2012.02.013,8,"[""ORG-0526"",""ORG-0589"",""ORG-0590"",""ORG-0963"",""ORG-1581"",""ORG-1867"",""ORG-1894"",""ORG-2154""]"
15378,10.4322/acr.2018.029,4,"[""ORG-0359"",""ORG-0858"",""ORG-0943"",""ORG-0963""]"
15384,10.3389/fmicb.2012.00044,4,"[""ORG-1039"",""ORG-1607"",""ORG-1937"",""ORG-2141""]"
15402,10.1371/journal.pone.0032624,8,"[""ORG-0036"",""ORG-0526"",""ORG-0925"",""ORG-0974"",""ORG-1087"",""ORG-1581"",""ORG-1986"",""ORG-2273""]"
15406,10.1016/j.chom.2018.07.004,13,"[""ORG-0497"",""ORG-0790"",""ORG-0853"",""ORG-0854"",""ORG-1245"",""ORG-1259"",""ORG-1347"",""ORG-1357"",""ORG-1696"",""ORG-1797"",""ORG-2075"",""ORG-2154"",""ORG-2161""]"
15408,10.1186/1742-4682-9-6,5,"[""ORG-0540"",""ORG-0583"",""ORG-1480"",""ORG-1802"",""ORG-1819""]"
15413,10.2147/IJGM.S143335,8,"[""ORG-0526"",""ORG-0589"",""ORG-0590"",""ORG-1089"",""ORG-1259"",""ORG-1361"",""ORG-1938"",""ORG-2154""]"
15414,10.1136/bjophthalmol-2017-311151,8,"[""ORG-1347"",""ORG-1357"",""ORG-1361"",""ORG-1581"",""ORG-1825"",""ORG-1839"",""ORG-1894"",""ORG-2154""]"
15420,10.1371/journal.pone.0032639,10,"[""ORG-0124"",""ORG-0545"",""ORG-0925"",""ORG-1089"",""ORG-1259"",""ORG-1773"",""ORG-1798"",""ORG-1979"",""ORG-2058"",""ORG-2154""]"
15424,10.1038/s41467-018-05459-z,7,"[""ORG-0824"",""ORG-1178"",""ORG-1200"",""ORG-1347"",""ORG-1766"",""ORG-1894"",""ORG-2315""]"
15439,10.1038/onc.2009.460,5,"[""ORG-0792"",""ORG-0963"",""ORG-1039"",""ORG-1259"",""ORG-1607""]"
15444,10.1016/j.vaccine.2018.07.056,8,"[""ORG-0214"",""ORG-0772"",""ORG-0809"",""ORG-0858"",""ORG-1144"",""ORG-1937"",""ORG-2139"",""ORG-2315""]"
15451,10.3390/v10080408,7,"[""ORG-0772"",""ORG-0858"",""ORG-1259"",""ORG-1368"",""ORG-1891"",""ORG-1911"",""ORG-2192""]"
15452,10.1186/s12985-017-0885-3,8,"[""ORG-1259"",""ORG-1581"",""ORG-1586"",""ORG-1894"",""ORG-1897"",""ORG-1938"",""ORG-2154"",""ORG-2166""]"
15453,10.3390/vetsci5030070,2,"[""ORG-0897"",""ORG-1259""]"
15455,10.3390/v10080405,5,"[""ORG-0772"",""ORG-0858"",""ORG-1089"",""ORG-1870"",""ORG-1911""]"
15460,10.1186/s12885-017-3734-2,7,"[""ORG-0790"",""ORG-0853"",""ORG-0855"",""ORG-1259"",""ORG-1809"",""ORG-2154"",""ORG-2166""]"
15461,10.1371/journal.ppat.1007209,16,"[""ORG-0302"",""ORG-0853"",""ORG-0899"",""ORG-1089"",""ORG-1232"",""ORG-1259"",""ORG-1603"",""ORG-1667"",""ORG-1839"",""ORG-1848"",""ORG-1890"",""ORG-1897"",""ORG-1956"",""ORG-2154"",""ORG-2166"",""ORG-2298""]"
15469,10.1371/journal.ppat.1002540,16,"[""ORG-0790"",""ORG-0853"",""ORG-0854"",""ORG-1259"",""ORG-1347"",""ORG-1432"",""ORG-1439"",""ORG-1581"",""ORG-1839"",""ORG-1937"",""ORG-1938"",""ORG-2147"",""ORG-2154"",""ORG-2160"",""ORG-2166"",""ORG-2175""]"
15473,10.1177/0963689717735404,2,"[""ORG-1259"",""ORG-1859""]"
15487,10.1371/journal.ppat.1006703,8,"[""ORG-0824"",""ORG-0825"",""ORG-0943"",""ORG-1259"",""ORG-1639"",""ORG-1641"",""ORG-2154"",""ORG-2304""]"
15491,10.1097/MD.0000000000011663,13,"[""ORG-0526"",""ORG-0589"",""ORG-0590"",""ORG-0790"",""ORG-0853"",""ORG-0860"",""ORG-1259"",""ORG-1361"",""ORG-1581"",""ORG-2120"",""ORG-2154"",""ORG-2166"",""ORG-2189""]"
15498,10.1371/journal.pone.0029223,10,"[""ORG-0497"",""ORG-1259"",""ORG-1361"",""ORG-1581"",""ORG-1798"",""ORG-1890"",""ORG-1952"",""ORG-2154"",""ORG-2166"",""ORG-2331""]"
15499,10.1371/journal.ppat.1002455,15,"[""ORG-0265"",""ORG-0302"",""ORG-0526"",""ORG-0559"",""ORG-0589"",""ORG-0590"",""ORG-1259"",""ORG-1347"",""ORG-1439"",""ORG-1766"",""ORG-1773"",""ORG-1798"",""ORG-1891"",""ORG-2154"",""ORG-2166""]"
15501,10.1111/j.1750-2659.2011.00316.x,8,"[""ORG-0012"",""ORG-0320"",""ORG-1347"",""ORG-1357"",""ORG-1839"",""ORG-2151"",""ORG-2154"",""ORG-2166""]"
15512,10.3390/pathogens1010052,9,"[""ORG-0526"",""ORG-0589"",""ORG-0590"",""ORG-1441"",""ORG-1442"",""ORG-1766"",""ORG-1808"",""ORG-2154"",""ORG-2166""]"
15513,10.12659/AJCR.910655,3,"[""ORG-1868"",""ORG-1934"",""ORG-2193""]"
15520,10.1155/2012/359360,7,"[""ORG-0790"",""ORG-0853"",""ORG-0854"",""ORG-0963"",""ORG-1894"",""ORG-2154"",""ORG-2193""]"
15523,10.3390/cells1020035,8,"[""ORG-0359"",""ORG-0497"",""ORG-0824"",""ORG-1137"",""ORG-1259"",""ORG-1361"",""ORG-1766"",""ORG-1911""]"
15527,10.5915/44-1-9317,4,"[""ORG-0795"",""ORG-0824"",""ORG-1259"",""ORG-1581""]"
15534,10.3389/fimmu.2018.01651,3,"[""ORG-0359"",""ORG-0943"",""ORG-1766""]"
15543,10.3390/cancers10080247,7,"[""ORG-0526"",""ORG-0527"",""ORG-0581"",""ORG-1747"",""ORG-1911"",""ORG-2154"",""ORG-2166""]"
15545,10.5365/wpsar.2017.8.4.002,3,"[""ORG-0938"",""ORG-1368"",""ORG-1910""]"
15552,10.1182/asheducation-2009.1.675,5,"[""ORG-1667"",""ORG-1766"",""ORG-1839"",""ORG-1862"",""ORG-1958""]"
15556,10.1371/journal.ppat.1007179,14,"[""ORG-0265"",""ORG-0421"",""ORG-0526"",""ORG-0527"",""ORG-0529"",""ORG-0589"",""ORG-0590"",""ORG-0904"",""ORG-1259"",""ORG-1581"",""ORG-1870"",""ORG-1910"",""ORG-1937"",""ORG-2154""]"
15557,10.1155/2012/534929,11,"[""ORG-0302"",""ORG-0589"",""ORG-0590"",""ORG-0824"",""ORG-0825"",""ORG-0897"",""ORG-0925"",""ORG-1454"",""ORG-1896"",""ORG-2154"",""ORG-2156""]"
15567,10.2147/CMAR.S162168,7,"[""ORG-0497"",""ORG-0526"",""ORG-0589"",""ORG-0590"",""ORG-1047"",""ORG-1215"",""ORG-2154""]"
15568,10.1016/j.virol.2009.11.030,4,"[""ORG-1039"",""ORG-1462"",""ORG-1607"",""ORG-1911""]"
15569,10.1038/s41419-018-0868-3,9,"[""ORG-0012"",""ORG-0319"",""ORG-0790"",""ORG-0855"",""ORG-1347"",""ORG-1581"",""ORG-1894"",""ORG-2154"",""ORG-2166""]"
15572,10.3390/v10080393,11,"[""ORG-0206"",""ORG-0497"",""ORG-0833"",""ORG-1095"",""ORG-1259"",""ORG-1347"",""ORG-1581"",""ORG-1938"",""ORG-1949"",""ORG-2154"",""ORG-2163""]"
15574,10.1016/j.antiviral.2011.12.005,10,"[""ORG-0772"",""ORG-0858"",""ORG-0897"",""ORG-0925"",""ORG-1095"",""ORG-1773"",""ORG-1825"",""ORG-1900"",""ORG-1905"",""ORG-1917""]"
15577,10.1016/j.ebiom.2018.06.014,10,"[""ORG-0360"",""ORG-0547"",""ORG-0895"",""ORG-0899"",""ORG-0900"",""ORG-0902"",""ORG-1047"",""ORG-1259"",""ORG-1766"",""ORG-1894""]"
15584,10.1177/1758835918782331,7,"[""ORG-0497"",""ORG-0526"",""ORG-0589"",""ORG-0590"",""ORG-1581"",""ORG-1831"",""ORG-2154""]"
15586,10.1038/s41586-018-0363-0,11,"[""ORG-0014"",""ORG-0188"",""ORG-0497"",""ORG-0503"",""ORG-0571"",""ORG-0897"",""ORG-1454"",""ORG-1581"",""ORG-1844"",""ORG-1894"",""ORG-2260""]"
15603,10.18632/oncotarget.25651,1,"[""ORG-1259""]"
15604,10.3390/v10070383,7,"[""ORG-0359"",""ORG-0772"",""ORG-0858"",""ORG-1019"",""ORG-1347"",""ORG-2154"",""ORG-2256""]"
15608,10.3389/fonc.2018.00250,6,"[""ORG-0362"",""ORG-0526"",""ORG-0589"",""ORG-0590"",""ORG-1894"",""ORG-2154""]"
15612,10.1016/j.chom.2011.11.008,2,"[""ORG-0925"",""ORG-1039""]"
15615,10.1016/j.semcdb.2018.07.018,6,"[""ORG-0987"",""ORG-1825"",""ORG-2154"",""ORG-2160"",""ORG-2166"",""ORG-2170""]"
15617,10.3390/v1030594,10,"[""ORG-0188"",""ORG-0790"",""ORG-0853"",""ORG-0854"",""ORG-0925"",""ORG-1022"",""ORG-1581"",""ORG-1844"",""ORG-1905"",""ORG-2154""]"
15618,10.1186/1471-2334-11-352,3,"[""ORG-1368"",""ORG-1856"",""ORG-1986""]"
15629,10.1371/journal.pone.0200652,6,"[""ORG-0359"",""ORG-1089"",""ORG-1259"",""ORG-1581"",""ORG-1585"",""ORG-1867""]"
15642,10.1186/1743-422X-6-212,6,"[""ORG-0497"",""ORG-1135"",""ORG-1885"",""ORG-1900"",""ORG-2154"",""ORG-2166""]"
15643,10.3389/fimmu.2018.01437,5,"[""ORG-1221"",""ORG-1857"",""ORG-1881"",""ORG-2154"",""ORG-2284""]"
15647,10.3390/ijms19072079,7,"[""ORG-0362"",""ORG-0526"",""ORG-0545"",""ORG-0589"",""ORG-0590"",""ORG-1364"",""ORG-2154""]"
15651,10.1186/1743-422X-8-539,5,"[""ORG-1039"",""ORG-1259"",""ORG-1607"",""ORG-1891"",""ORG-2154""]"
15662,10.3390/v1030420,5,"[""ORG-0623"",""ORG-1937"",""ORG-2147"",""ORG-2154"",""ORG-2166""]"
15667,10.1155/2009/173439,6,"[""ORG-0824"",""ORG-0963"",""ORG-1766"",""ORG-1839"",""ORG-1949"",""ORG-2154""]"
15668,10.1182/asheducation-2011.1.506,2,"[""ORG-0359"",""ORG-1798""]"
15675,10.1016/j.neulet.2009.11.067,2,"[""ORG-1259"",""ORG-1911""]"
15678,10.4049/jimmunol.1102214,5,"[""ORG-0790"",""ORG-1019"",""ORG-1259"",""ORG-1797"",""ORG-2154""]"
15680,10.4049/jimmunol.1102251,9,"[""ORG-0790"",""ORG-0852"",""ORG-0853"",""ORG-0854"",""ORG-0963"",""ORG-1894"",""ORG-1911"",""ORG-2154"",""ORG-2306""]"
15683,10.1097/INF.0b013e3181c15da4,11,"[""ORG-0302"",""ORG-0824"",""ORG-0825"",""ORG-0853"",""ORG-0861"",""ORG-1089"",""ORG-1259"",""ORG-1851"",""ORG-1894"",""ORG-1896"",""ORG-2154""]"
15698,10.1371/journal.ppat.1007130,8,"[""ORG-0497"",""ORG-0824"",""ORG-1137"",""ORG-1245"",""ORG-1581"",""ORG-1891"",""ORG-2154"",""ORG-2166""]"
15708,10.1186/1423-0127-16-107,6,"[""ORG-0497"",""ORG-0772"",""ORG-0858"",""ORG-1938"",""ORG-2154"",""ORG-2156""]"
15731,10.1371/journal.pone.0027728,3,"[""ORG-0022"",""ORG-0360"",""ORG-1839""]"
15732,10.1177/1073858411386615,8,"[""ORG-0015"",""ORG-0108"",""ORG-1246"",""ORG-1766"",""ORG-1894"",""ORG-1938"",""ORG-2154"",""ORG-2166""]"
15733,10.1186/s12917-018-1492-2,9,"[""ORG-0603"",""ORG-0800"",""ORG-1459"",""ORG-1498"",""ORG-1581"",""ORG-1846"",""ORG-1938"",""ORG-2154"",""ORG-2304""]"
15747,10.1097/PAS.0000000000001121,1,"[""ORG-2154""]"
15749,10.4049/jimmunol.0902490,5,"[""ORG-0790"",""ORG-0853"",""ORG-0872"",""ORG-1766"",""ORG-2154""]"
15751,10.1371/journal.pone.0027805,7,"[""ORG-0549"",""ORG-1846"",""ORG-1917"",""ORG-1934"",""ORG-2154"",""ORG-2166"",""ORG-2304""]"
15752,10.1086/648447,1,"[""ORG-1259""]"
15756,10.1101/gr.231837.117,7,"[""ORG-0497"",""ORG-0581"",""ORG-0941"",""ORG-1581"",""ORG-1585"",""ORG-2154"",""ORG-2304""]"
15757,10.4142/jvs.2011.12.4.309,3,"[""ORG-1004"",""ORG-1259"",""ORG-2306""]"
15766,10.1002/path.5130,13,"[""ORG-0526"",""ORG-0529"",""ORG-0589"",""ORG-0590"",""ORG-0925"",""ORG-1087"",""ORG-1095"",""ORG-1581"",""ORG-1834"",""ORG-1934"",""ORG-1986"",""ORG-2154"",""ORG-2159""]"
15772,10.1371/journal.ppat.1002371,13,"[""ORG-0315"",""ORG-0511"",""ORG-0589"",""ORG-0590"",""ORG-0791"",""ORG-0895"",""ORG-1039"",""ORG-1252"",""ORG-1607"",""ORG-1798"",""ORG-2154"",""ORG-2160"",""ORG-2163""]"
15776,10.1016/j.neurol.2009.09.010,6,"[""ORG-0790"",""ORG-0853"",""ORG-1766"",""ORG-2154"",""ORG-2166"",""ORG-2170""]"
15778,10.3858/emm.2012.44.2.010,10,"[""ORG-0872"",""ORG-0899"",""ORG-1259"",""ORG-1825"",""ORG-1851"",""ORG-1866"",""ORG-1894"",""ORG-1911"",""ORG-2154"",""ORG-2260""]"
15783,10.1038/s41419-018-0779-3,13,"[""ORG-0497"",""ORG-0520"",""ORG-0526"",""ORG-0589"",""ORG-0590"",""ORG-0938"",""ORG-0941"",""ORG-0974"",""ORG-1177"",""ORG-1454"",""ORG-1581"",""ORG-1802"",""ORG-2154""]"
15789,10.1038/nature08511,7,"[""ORG-0302"",""ORG-1259"",""ORG-1766"",""ORG-1911"",""ORG-1986"",""ORG-2154"",""ORG-2193""]"
15794,10.1002/eji.201141832,5,"[""ORG-0319"",""ORG-0526"",""ORG-1874"",""ORG-1911"",""ORG-1934""]"
15796,10.1371/journal.pone.0199863,6,"[""ORG-1259"",""ORG-1347"",""ORG-1766"",""ORG-1856"",""ORG-2154"",""ORG-2163""]"
15799,10.1371/journal.ppat.1002376,11,"[""ORG-0526"",""ORG-0560"",""ORG-0589"",""ORG-0590"",""ORG-0833"",""ORG-0962"",""ORG-1361"",""ORG-1581"",""ORG-2140"",""ORG-2154"",""ORG-2166""]"
15804,10.1371/journal.ppat.1002346,16,"[""ORG-0015"",""ORG-0925"",""ORG-1103"",""ORG-1259"",""ORG-1347"",""ORG-1357"",""ORG-1607"",""ORG-1766"",""ORG-1938"",""ORG-1952"",""ORG-2154"",""ORG-2166"",""ORG-2167"",""ORG-2171"",""ORG-2231"",""ORG-2315""]"
15841,10.1159/000489694,2,"[""ORG-1089"",""ORG-2154""]"
15865,10.1371/journal.ppat.1002365,16,"[""ORG-0497"",""ORG-1039"",""ORG-1051"",""ORG-1259"",""ORG-1607"",""ORG-1813"",""ORG-1831"",""ORG-1839"",""ORG-1846"",""ORG-1905"",""ORG-1917"",""ORG-2154"",""ORG-2163"",""ORG-2166"",""ORG-2260"",""ORG-2315""]"
15878,10.12688/f1000research.14262.1,7,"[""ORG-1347"",""ORG-1357"",""ORG-1809"",""ORG-1825"",""ORG-1934"",""ORG-1937"",""ORG-2154""]"
15880,10.1186/s12645-018-0040-x,7,"[""ORG-0497"",""ORG-0925"",""ORG-1257"",""ORG-1259"",""ORG-1894"",""ORG-1934"",""ORG-1936""]"
15881,10.1039/b815225j,4,"[""ORG-1039"",""ORG-1607"",""ORG-2154"",""ORG-2315""]"
15884,10.1136/gutjnl-2011-300563,4,"[""ORG-0223"",""ORG-1259"",""ORG-1981"",""ORG-2315""]"
15886,10.1128/JVI.00616-18,23,"[""ORG-0012"",""ORG-0015"",""ORG-0399"",""ORG-0678"",""ORG-0790"",""ORG-0853"",""ORG-0854"",""ORG-0869"",""ORG-0970"",""ORG-1347"",""ORG-1427"",""ORG-1536"",""ORG-1538"",""ORG-1798"",""ORG-1844"",""ORG-1887"",""ORG-1894"",""ORG-1936"",""ORG-1937"",""ORG-1938"",""ORG-2154"",""ORG-2163"",""ORG-2306""]"
15897,10.1038/mt.2009.232,6,"[""ORG-0853"",""ORG-0854"",""ORG-0925"",""ORG-1259"",""ORG-1839"",""ORG-2154""]"
15900,10.1111/j.1600-6143.2009.02801.x,6,"[""ORG-0359"",""ORG-0963"",""ORG-1215"",""ORG-1259"",""ORG-1894"",""ORG-2154""]"
15903,10.7150/jca.23481,7,"[""ORG-1232"",""ORG-1238"",""ORG-1361"",""ORG-1503"",""ORG-1581"",""ORG-1911"",""ORG-2154""]"
15907,10.1186/s13104-018-3497-0,3,"[""ORG-1831"",""ORG-1891"",""ORG-1924""]"
15916,10.1016/j.bbmt.2009.10.008,8,"[""ORG-0526"",""ORG-0589"",""ORG-0590"",""ORG-0938"",""ORG-1825"",""ORG-1910"",""ORG-1934"",""ORG-2154""]"
15929,10.1111/j.1365-2141.2009.07943.x,9,"[""ORG-0497"",""ORG-0526"",""ORG-0589"",""ORG-0590"",""ORG-0728"",""ORG-0824"",""ORG-0861"",""ORG-1253"",""ORG-2154""]"
15932,10.3389/fcimb.2018.00177,6,"[""ORG-0363"",""ORG-0364"",""ORG-1347"",""ORG-1357"",""ORG-1938"",""ORG-2154""]"
15936,10.3389/fimmu.2018.01129,11,"[""ORG-0302"",""ORG-0619"",""ORG-0772"",""ORG-0858"",""ORG-0897"",""ORG-1259"",""ORG-1766"",""ORG-1798"",""ORG-2094"",""ORG-2154"",""ORG-2306""]"
15940,10.1186/s13256-018-1681-4,1,"[""ORG-1581""]"
15941,10.12659/MSM.882045,2,"[""ORG-0359"",""ORG-1259""]"
15949,10.1186/1742-4933-8-10,4,"[""ORG-0359"",""ORG-1766"",""ORG-1938"",""ORG-2154""]"
15953,10.3390/ijms19061683,3,"[""ORG-0421"",""ORG-1089"",""ORG-1825""]"
15957,10.1016/j.bbmt.2009.07.006,4,"[""ORG-0897"",""ORG-1259"",""ORG-1910"",""ORG-1934""]"
15959,10.1186/1743-422X-8-485,10,"[""ORG-0188"",""ORG-0772"",""ORG-0773"",""ORG-0858"",""ORG-1259"",""ORG-1581"",""ORG-1894"",""ORG-1921"",""ORG-2154"",""ORG-2166""]"
15960,10.1186/1471-2180-11-240,8,"[""ORG-0363"",""ORG-0790"",""ORG-0853"",""ORG-0854"",""ORG-1039"",""ORG-1464"",""ORG-1607"",""ORG-2154""]"
15962,10.1007/s00251-009-0400-0,3,"[""ORG-0728"",""ORG-1479"",""ORG-2154""]"
15965,10.1016/j.virol.2009.09.002,1,"[""ORG-0359""]"
15970,10.1111/j.1526-4637.2009.00720.x,2,"[""ORG-1839"",""ORG-2154""]"
15977,10.1161/CIRCGEN.117.001758,5,"[""ORG-1088"",""ORG-1238"",""ORG-1259"",""ORG-1911"",""ORG-2260""]"
15987,10.1086/644501,2,"[""ORG-0858"",""ORG-1894""]"
15990,10.1080/20002297.2018.1476643,3,"[""ORG-0814"",""ORG-1259"",""ORG-2166""]"
15992,10.1016/j.expneurol.2011.10.005,6,"[""ORG-0207"",""ORG-0359"",""ORG-0559"",""ORG-1020"",""ORG-1797"",""ORG-1972""]"
15994,10.3389/fimmu.2018.01031,12,"[""ORG-0086"",""ORG-0310"",""ORG-0581"",""ORG-0772"",""ORG-0858"",""ORG-0925"",""ORG-1169"",""ORG-1215"",""ORG-1259"",""ORG-1856"",""ORG-1894"",""ORG-1906""]"
15995,10.3389/fimmu.2018.00991,15,"[""ORG-0302"",""ORG-0359"",""ORG-0796"",""ORG-0858"",""ORG-0925"",""ORG-1089"",""ORG-1243"",""ORG-1766"",""ORG-1797"",""ORG-1825"",""ORG-1851"",""ORG-1874"",""ORG-1900"",""ORG-2154"",""ORG-2260""]"
15997,10.3389/fimmu.2018.00979,5,"[""ORG-0526"",""ORG-0527"",""ORG-0589"",""ORG-0590"",""ORG-2154""]"
16001,10.3389/fmicb.2018.00984,9,"[""ORG-0313"",""ORG-0316"",""ORG-0526"",""ORG-0589"",""ORG-0590"",""ORG-1259"",""ORG-1911"",""ORG-1937"",""ORG-2154""]"
16007,10.1158/0008-5472.CAN-09-1135,5,"[""ORG-0853"",""ORG-1221"",""ORG-1831"",""ORG-1844"",""ORG-1881""]"
16012,10.3390/ijms19061642,8,"[""ORG-0141"",""ORG-0464"",""ORG-0790"",""ORG-0853"",""ORG-0854"",""ORG-1744"",""ORG-2154"",""ORG-2166""]"
16014,10.1371/journal.ppat.1007114,9,"[""ORG-0085"",""ORG-0497"",""ORG-0526"",""ORG-0589"",""ORG-0590"",""ORG-1259"",""ORG-1581"",""ORG-1844"",""ORG-2154""]"
16016,10.1002/ijc.26500,7,"[""ORG-0497"",""ORG-0545"",""ORG-1330"",""ORG-1581"",""ORG-1894"",""ORG-1911"",""ORG-1981""]"
16018,10.1093/jpids/piy048,1,"[""ORG-0359""]"
16020,10.1186/1471-2334-11-281,14,"[""ORG-0360"",""ORG-0497"",""ORG-0526"",""ORG-0589"",""ORG-0590"",""ORG-0790"",""ORG-0860"",""ORG-1146"",""ORG-1259"",""ORG-1330"",""ORG-1347"",""ORG-1361"",""ORG-1911"",""ORG-2154""]"
16028,10.1371/journal.ppat.1007040,12,"[""ORG-0359"",""ORG-0907"",""ORG-1259"",""ORG-1347"",""ORG-1667"",""ORG-1825"",""ORG-1856"",""ORG-1890"",""ORG-1894"",""ORG-1938"",""ORG-2154"",""ORG-2166""]"
16034,10.1016/j.idcr.2018.02.008,4,"[""ORG-0359"",""ORG-0963"",""ORG-1948"",""ORG-2166""]"
16037,10.3892/ol.2018.8247,12,"[""ORG-0559"",""ORG-0790"",""ORG-0925"",""ORG-0963"",""ORG-1464"",""ORG-1540"",""ORG-1814"",""ORG-1864"",""ORG-1905"",""ORG-1938"",""ORG-2154"",""ORG-2163""]"
16041,10.3109/08916934.2011.616557,6,"[""ORG-0526"",""ORG-0589"",""ORG-0590"",""ORG-1259"",""ORG-1894"",""ORG-2154""]"
16054,10.3791/3140,2,"[""ORG-2154"",""ORG-2160""]"
16063,10.1186/s12974-018-1206-5,6,"[""ORG-0302"",""ORG-0359"",""ORG-1103"",""ORG-1259"",""ORG-1825"",""ORG-1839""]"
16064,10.4143/crt.2018.070,5,"[""ORG-0526"",""ORG-0589"",""ORG-0590"",""ORG-1503"",""ORG-2154""]"
16066,10.1158/1078-0432.CCR-09-0567,4,"[""ORG-0086"",""ORG-1259"",""ORG-1874"",""ORG-2154""]"
16078,10.1371/journal.ppat.1002295,16,"[""ORG-0180"",""ORG-0227"",""ORG-0316"",""ORG-0359"",""ORG-0906"",""ORG-0963"",""ORG-1077"",""ORG-1243"",""ORG-1321"",""ORG-1766"",""ORG-1812"",""ORG-1905"",""ORG-1938"",""ORG-2154"",""ORG-2260"",""ORG-2315""]"
16083,10.1093/infdis/jiy320,5,"[""ORG-0824"",""ORG-1938"",""ORG-2120"",""ORG-2154"",""ORG-2189""]"
16085,10.1097/PAS.0b013e31822832de,5,"[""ORG-0136"",""ORG-1259"",""ORG-1485"",""ORG-1766"",""ORG-1890""]"
16086,10.3390/cancers10060163,6,"[""ORG-0526"",""ORG-0589"",""ORG-0590"",""ORG-1935"",""ORG-2154"",""ORG-2156""]"
16087,10.3343/alm.2018.38.5.458,5,"[""ORG-0526"",""ORG-0589"",""ORG-0590"",""ORG-1581"",""ORG-2154""]"
16090,10.1371/journal.pone.0197845,7,"[""ORG-0497"",""ORG-0824"",""ORG-0825"",""ORG-0853"",""ORG-1361"",""ORG-1368"",""ORG-1896""]"
16096,10.3390/v10060282,7,"[""ORG-0589"",""ORG-0590"",""ORG-1039"",""ORG-1040"",""ORG-1259"",""ORG-1607"",""ORG-2154""]"
16110,10.1002/mus.21465,2,"[""ORG-0824"",""ORG-0825""]"
16112,10.1158/0008-5472.CAN-11-1715,3,"[""ORG-1259"",""ORG-1464"",""ORG-2154""]"
16125,10.1371/journal.pone.0024379,7,"[""ORG-0526"",""ORG-0529"",""ORG-0795"",""ORG-1039"",""ORG-1040"",""ORG-1911"",""ORG-2193""]"
16126,10.3390/cells7050045,7,"[""ORG-0772"",""ORG-0858"",""ORG-1259"",""ORG-1867"",""ORG-1894"",""ORG-1938"",""ORG-2154""]"
16127,10.3390/v10050271,7,"[""ORG-0902"",""ORG-1135"",""ORG-1581"",""ORG-1937"",""ORG-2147"",""ORG-2154"",""ORG-2166""]"
16129,10.1158/1078-0432.CCR-11-1762,5,"[""ORG-0560"",""ORG-0790"",""ORG-0925"",""ORG-1259"",""ORG-2154""]"
16131,10.3760/cma.j.issn.0253-2727.2018.04.005,2,"[""ORG-0359"",""ORG-0526""]"
16133,10.1186/1471-2164-10-444,8,"[""ORG-0319"",""ORG-0497"",""ORG-0526"",""ORG-0596"",""ORG-1839"",""ORG-1844"",""ORG-1846"",""ORG-2269""]"
16148,10.1016/j.immuni.2018.04.011,3,"[""ORG-0853"",""ORG-0854"",""ORG-1744""]"
16149,10.3389/fonc.2018.00111,4,"[""ORG-0526"",""ORG-0589"",""ORG-0590"",""ORG-2154""]"
16156,10.1186/s40880-018-0279-y,5,"[""ORG-0938"",""ORG-0943"",""ORG-1910"",""ORG-2061"",""ORG-2154""]"
16157,10.1186/s40425-018-0337-7,5,"[""ORG-0897"",""ORG-1259"",""ORG-1315"",""ORG-1766"",""ORG-2154""]"
16164,10.1186/s13578-018-0233-3,11,"[""ORG-0429"",""ORG-0431"",""ORG-0497"",""ORG-0897"",""ORG-1143"",""ORG-1176"",""ORG-1259"",""ORG-1894"",""ORG-1937"",""ORG-2154"",""ORG-2306""]"
16165,10.1371/journal.pone.0025252,14,"[""ORG-0316"",""ORG-0790"",""ORG-0833"",""ORG-0853"",""ORG-0854"",""ORG-0917"",""ORG-1347"",""ORG-1709"",""ORG-1797"",""ORG-1894"",""ORG-1911"",""ORG-1938"",""ORG-2154"",""ORG-2165""]"
16177,10.1002/ajhb.23135,5,"[""ORG-0589"",""ORG-0590"",""ORG-0869"",""ORG-1891"",""ORG-2154""]"
16194,10.1371/journal.pone.0197298,7,"[""ORG-0308"",""ORG-0497"",""ORG-0824"",""ORG-0825"",""ORG-1581"",""ORG-1894"",""ORG-2154""]"
16199,10.7150/ijbs.19531,11,"[""ORG-0497"",""ORG-0526"",""ORG-0527"",""ORG-0589"",""ORG-0590"",""ORG-1581"",""ORG-1825"",""ORG-1891"",""ORG-1961"",""ORG-2154"",""ORG-2156""]"
16210,10.3324/haematol.2017.180430,6,"[""ORG-0374"",""ORG-0589"",""ORG-0590"",""ORG-1364"",""ORG-2154"",""ORG-2156""]"
16220,10.1371/journal.pone.0024617,7,"[""ORG-0526"",""ORG-0589"",""ORG-0590"",""ORG-1259"",""ORG-1894"",""ORG-1958"",""ORG-2154""]"
16226,10.1186/s12879-018-3128-3,8,"[""ORG-0302"",""ORG-0526"",""ORG-0824"",""ORG-1102"",""ORG-1259"",""ORG-1361"",""ORG-1798"",""ORG-2154""]"
16228,10.3389/fimmu.2017.01263,7,"[""ORG-0315"",""ORG-0455"",""ORG-1089"",""ORG-1143"",""ORG-1766"",""ORG-1910"",""ORG-1934""]"
16232,10.1038/s41598-017-14350-8,6,"[""ORG-0589"",""ORG-0590"",""ORG-1894"",""ORG-1900"",""ORG-2154"",""ORG-2315""]"
16238,10.18632/oncotarget.18359,6,"[""ORG-0772"",""ORG-0858"",""ORG-0963"",""ORG-1230"",""ORG-1766"",""ORG-2154""]"
16239,10.1016/j.ehpc.2017.06.006,3,"[""ORG-1259"",""ORG-1839"",""ORG-1949""]"
16249,10.1084/jem.20082387,8,"[""ORG-0302"",""ORG-0898"",""ORG-0988"",""ORG-1215"",""ORG-1798"",""ORG-1872"",""ORG-1891"",""ORG-2306""]"
16252,10.3389/fonc.2018.00123,11,"[""ORG-0360"",""ORG-0589"",""ORG-0590"",""ORG-1581"",""ORG-1586"",""ORG-1890"",""ORG-1894"",""ORG-1911"",""ORG-2154"",""ORG-2166"",""ORG-2170""]"
16254,10.4110/in.2018.18.e2,3,"[""ORG-0359"",""ORG-1259"",""ORG-1948""]"
16259,10.3389/fimmu.2018.00686,12,"[""ORG-0363"",""ORG-0364"",""ORG-0772"",""ORG-0824"",""ORG-0858"",""ORG-0861"",""ORG-1215"",""ORG-1347"",""ORG-1357"",""ORG-1800"",""ORG-1902"",""ORG-2154""]"
16260,10.1038/nmeth.4483,2,"[""ORG-0429"",""ORG-1825""]"
16262,10.3390/v1020255,7,"[""ORG-0317"",""ORG-0895"",""ORG-0987"",""ORG-1797"",""ORG-1814"",""ORG-2037"",""ORG-2154""]"
16263,10.1080/20002297.2017.1384287,8,"[""ORG-0795"",""ORG-0824"",""ORG-0860"",""ORG-0861"",""ORG-1421"",""ORG-1581"",""ORG-2147"",""ORG-2154""]"
16264,10.1586/erv.11.104,9,"[""ORG-0824"",""ORG-0853"",""ORG-0938"",""ORG-1259"",""ORG-1347"",""ORG-1357"",""ORG-1839"",""ORG-2154"",""ORG-2162""]"
16275,10.1002/hep.30080,7,"[""ORG-0359"",""ORG-0471"",""ORG-1259"",""ORG-1766"",""ORG-2105"",""ORG-2154"",""ORG-2166""]"
16289,10.1007/s00415-009-5296-y,13,"[""ORG-0360"",""ORG-0526"",""ORG-0589"",""ORG-0590"",""ORG-0790"",""ORG-0853"",""ORG-0869"",""ORG-2120"",""ORG-2154"",""ORG-2166"",""ORG-2171"",""ORG-2189"",""ORG-2315""]"
16290,10.1016/j.ijcard.2017.10.060,4,"[""ORG-1103"",""ORG-1839"",""ORG-1851"",""ORG-1897""]"
16291,10.1371/journal.pone.0024248,8,"[""ORG-0808"",""ORG-0925"",""ORG-1581"",""ORG-1868"",""ORG-1891"",""ORG-1894"",""ORG-1913"",""ORG-2154""]"
16295,10.1371/journal.ppat.1006608,15,"[""ORG-0267"",""ORG-0511"",""ORG-0925"",""ORG-0963"",""ORG-1259"",""ORG-1464"",""ORG-1581"",""ORG-1798"",""ORG-1812"",""ORG-1934"",""ORG-1937"",""ORG-1952"",""ORG-2141"",""ORG-2154"",""ORG-2166""]"
16300,10.1084/jem.20101568,12,"[""ORG-0360"",""ORG-0503"",""ORG-0694"",""ORG-0790"",""ORG-0853"",""ORG-0854"",""ORG-0895"",""ORG-0925"",""ORG-1259"",""ORG-1581"",""ORG-2154"",""ORG-2166""]"
16302,10.1038/nature24293,2,"[""ORG-1347"",""ORG-1357""]"
16303,10.1159/000485970,4,"[""ORG-0302"",""ORG-0824"",""ORG-1825"",""ORG-2154""]"
16311,10.1186/s12886-017-0591-3,5,"[""ORG-0790"",""ORG-0853"",""ORG-1286"",""ORG-1931"",""ORG-2154""]"
16313,10.1016/j.virol.2017.10.011,8,"[""ORG-0790"",""ORG-0824"",""ORG-0853"",""ORG-0897"",""ORG-0963"",""ORG-1259"",""ORG-1910"",""ORG-2154""]"
16329,10.1371/journal.pone.0186860,5,"[""ORG-0526"",""ORG-0589"",""ORG-0590"",""ORG-0943"",""ORG-2154""]"
16332,10.1371/journal.pone.0020998,8,"[""ORG-0374"",""ORG-0987"",""ORG-1143"",""ORG-1607"",""ORG-1797"",""ORG-1867"",""ORG-1894"",""ORG-2154""]"
16338,10.3389/fimmu.2018.00761,7,"[""ORG-0497"",""ORG-1238"",""ORG-1347"",""ORG-1581"",""ORG-1934"",""ORG-2154"",""ORG-2159""]"
16346,10.1038/s41598-017-14217-y,11,"[""ORG-0808"",""ORG-1238"",""ORG-1259"",""ORG-1361"",""ORG-1581"",""ORG-1585"",""ORG-1672"",""ORG-1839"",""ORG-1911"",""ORG-2140"",""ORG-2260""]"
16355,10.1097/MD.0000000000010228,2,"[""ORG-0897"",""ORG-2154""]"
16361,10.1371/journal.pone.0023523,6,"[""ORG-0895"",""ORG-1766"",""ORG-1773"",""ORG-1948"",""ORG-1979"",""ORG-2315""]"
16363,10.1111/j.1742-1241.2009.02089.x,3,"[""ORG-0455"",""ORG-1891"",""ORG-2154""]"
16366,10.1371/journal.ppat.1006991,9,"[""ORG-0015"",""ORG-0302"",""ORG-0860"",""ORG-0897"",""ORG-1766"",""ORG-1937"",""ORG-1938"",""ORG-2154"",""ORG-2260""]"
16370,10.4081/idr.2011.e17,6,"[""ORG-0359"",""ORG-0963"",""ORG-1089"",""ORG-1259"",""ORG-1631"",""ORG-1894""]"
16379,10.1038/ni.2097,3,"[""ORG-0858"",""ORG-0946"",""ORG-1766""]"
16380,10.3389/fped.2018.00096,4,"[""ORG-0359"",""ORG-1891"",""ORG-1911"",""ORG-1948""]"
16381,10.18632/oncotarget.20003,3,"[""ORG-0307"",""ORG-1135"",""ORG-2154""]"
16411,10.4103/ijo.IJO_369_17,4,"[""ORG-0188"",""ORG-0906"",""ORG-2154"",""ORG-2166""]"
16420,10.1016/j.bbmt.2018.04.021,2,"[""ORG-0860"",""ORG-1259""]"
16429,10.1016/j.bbmt.2018.04.013,3,"[""ORG-1259"",""ORG-1347"",""ORG-2154""]"
16431,10.4049/jimmunol.0900442,6,"[""ORG-0589"",""ORG-0590"",""ORG-1087"",""ORG-1825"",""ORG-1834"",""ORG-2154""]"
16432,10.1016/j.omto.2017.09.003,7,"[""ORG-0421"",""ORG-0853"",""ORG-0854"",""ORG-0925"",""ORG-1766"",""ORG-1897"",""ORG-2154""]"
16433,10.1016/j.omto.2017.09.001,6,"[""ORG-0925"",""ORG-1894"",""ORG-1921"",""ORG-2154"",""ORG-2163"",""ORG-2166""]"
16435,10.1097/TP.0b013e31822c6e89,6,"[""ORG-0302"",""ORG-0317"",""ORG-0359"",""ORG-1259"",""ORG-1894"",""ORG-2315""]"
16438,10.1590/S1807-59322011000700009,3,"[""ORG-0943"",""ORG-1910"",""ORG-1934""]"
16452,10.1086/605448,6,"[""ORG-0773"",""ORG-0824"",""ORG-0861"",""ORG-0963"",""ORG-1259"",""ORG-2154""]"
16467,10.1038/cgt.2011.56,2,"[""ORG-0925"",""ORG-1839""]"
16470,10.1016/j.celrep.2018.03.074,9,"[""ORG-0359"",""ORG-0773"",""ORG-1095"",""ORG-1766"",""ORG-1949"",""ORG-1956"",""ORG-2114"",""ORG-2154"",""ORG-2166""]"
16489,10.1186/1743-422X-8-413,6,"[""ORG-0497"",""ORG-0596"",""ORG-1184"",""ORG-1839"",""ORG-1900"",""ORG-2154""]"
16496,10.1155/2011/182832,6,"[""ORG-0497"",""ORG-0526"",""ORG-0527"",""ORG-0596"",""ORG-1848"",""ORG-1905""]"
16500,10.1016/j.canlet.2009.07.004,7,"[""ORG-1035"",""ORG-1039"",""ORG-1040"",""ORG-1581"",""ORG-1607"",""ORG-1825"",""ORG-1937""]"
16503,10.1097/QAI.0b013e31821acb5,10,"[""ORG-0790"",""ORG-0824"",""ORG-0825"",""ORG-0853"",""ORG-1259"",""ORG-1286"",""ORG-1432"",""ORG-1856"",""ORG-1910"",""ORG-2154""]"
16505,10.1007/s12250-017-4027-2,5,"[""ORG-1119"",""ORG-1607"",""ORG-1911"",""ORG-2154"",""ORG-2156""]"
16508,10.1371/journal.ppat.1000530,17,"[""ORG-0265"",""ORG-0497"",""ORG-0526"",""ORG-0589"",""ORG-0590"",""ORG-0925"",""ORG-1205"",""ORG-1259"",""ORG-1581"",""ORG-1834"",""ORG-1851"",""ORG-1914"",""ORG-1986"",""ORG-2147"",""ORG-2154"",""ORG-2166"",""ORG-2306""]"
16511,10.1371/journal.pntd.0001275,14,"[""ORG-0302"",""ORG-0522"",""ORG-0525"",""ORG-1095"",""ORG-1259"",""ORG-1347"",""ORG-1421"",""ORG-1766"",""ORG-1797"",""ORG-1798"",""ORG-1862"",""ORG-1891"",""ORG-1932"",""ORG-2154""]"
16512,10.3389/fonc.2017.00229,18,"[""ORG-0206"",""ORG-0497"",""ORG-0542"",""ORG-0798"",""ORG-1581"",""ORG-1586"",""ORG-1700"",""ORG-1851"",""ORG-1898"",""ORG-1913"",""ORG-1938"",""ORG-1956"",""ORG-1993"",""ORG-2154"",""ORG-2159"",""ORG-2163"",""ORG-2166"",""ORG-2170""]"
16515,10.1016/j.tjo.2016.06.002,1,"[""ORG-1259""]"
16516,10.1371/journal.pone.0023023,4,"[""ORG-1259"",""ORG-2154"",""ORG-2187"",""ORG-2306""]"
16542,10.4103/ijccm.IJCCM_495_17,3,"[""ORG-0943"",""ORG-1221"",""ORG-1881""]"
16554,10.1371/journal.ppat.1006993,9,"[""ORG-0310"",""ORG-0319"",""ORG-0359"",""ORG-0763"",""ORG-1259"",""ORG-1766"",""ORG-1906"",""ORG-2154"",""ORG-2161""]"
16559,10.1007/s10461-009-9594-2,6,"[""ORG-0790"",""ORG-0824"",""ORG-0825"",""ORG-0853"",""ORG-0861"",""ORG-2154""]"
16561,10.1093/infdis/jiy194,9,"[""ORG-0315"",""ORG-0317"",""ORG-0450"",""ORG-0772"",""ORG-0858"",""ORG-1866"",""ORG-1911"",""ORG-1937"",""ORG-1986""]"
16567,10.1177/1178122X17731772,13,"[""ORG-0526"",""ORG-0589"",""ORG-0590"",""ORG-0824"",""ORG-0861"",""ORG-0865"",""ORG-0963"",""ORG-1607"",""ORG-1767"",""ORG-1834"",""ORG-1839"",""ORG-2154"",""ORG-2166""]"
16576,10.3390/cancers10040112,7,"[""ORG-0312"",""ORG-0526"",""ORG-0589"",""ORG-0590"",""ORG-0925"",""ORG-1766"",""ORG-2154""]"
16577,10.1186/1743-422X-8-403,10,"[""ORG-0772"",""ORG-0858"",""ORG-0860"",""ORG-1259"",""ORG-1361"",""ORG-1581"",""ORG-1866"",""ORG-1894"",""ORG-1896"",""ORG-2118""]"
16592,10.1136/esmoopen-2018-000326,8,"[""ORG-0302"",""ORG-0526"",""ORG-0589"",""ORG-0590"",""ORG-0897"",""ORG-1330"",""ORG-1364"",""ORG-2154""]"
16603,10.1016/j.micinf.2011.07.007,7,"[""ORG-0589"",""ORG-0590"",""ORG-1238"",""ORG-1581"",""ORG-1911"",""ORG-2154"",""ORG-2166""]"
16604,10.1007/s00262-011-1086-3,5,"[""ORG-0086"",""ORG-0589"",""ORG-0590"",""ORG-1773"",""ORG-2154""]"
16605,10.7759/cureus.2144,4,"[""ORG-1259"",""ORG-2120"",""ORG-2154"",""ORG-2158""]"
16611,10.1016/j.ctrv.2018.03.006,9,"[""ORG-0526"",""ORG-0589"",""ORG-0590"",""ORG-1421"",""ORG-1856"",""ORG-1891"",""ORG-1932"",""ORG-2154"",""ORG-2156""]"
16614,10.4174/astr.2018.94.4.216,5,"[""ORG-0589"",""ORG-0590"",""ORG-1259"",""ORG-1667"",""ORG-2154""]"
16617,10.1084/jem.20161630,8,"[""ORG-0503"",""ORG-0790"",""ORG-0895"",""ORG-0897"",""ORG-0970"",""ORG-1581"",""ORG-1921"",""ORG-2154""]"
16618,10.3389/fphys.2018.00120,8,"[""ORG-0086"",""ORG-0927"",""ORG-0943"",""ORG-1259"",""ORG-1368"",""ORG-1866"",""ORG-1894"",""ORG-2154""]"
16628,10.1016/j.vaccine.2018.02.067,8,"[""ORG-0155"",""ORG-0790"",""ORG-0824"",""ORG-0853"",""ORG-1856"",""ORG-1891"",""ORG-1969"",""ORG-2154""]"
16630,10.3389/fmicb.2017.01796,1,"[""ORG-1607""]"
16637,10.1016/j.semcancer.2009.07.004,8,"[""ORG-0526"",""ORG-0589"",""ORG-0590"",""ORG-1839"",""ORG-1856"",""ORG-1911"",""ORG-2154"",""ORG-2156""]"
16683,10.1186/s12917-018-1437-9,4,"[""ORG-1135"",""ORG-1839"",""ORG-1894"",""ORG-2154""]"
16687,10.1016/S1474-4422(09)70134-6,4,"[""ORG-1581"",""ORG-2120"",""ORG-2154"",""ORG-2189""]"
16695,10.3760/cma.j.issn.0253-2727.2017.08.007,3,"[""ORG-0497"",""ORG-0526"",""ORG-1581""]"
16699,10.1186/s13046-017-0601-6,5,"[""ORG-0497"",""ORG-0925"",""ORG-1581"",""ORG-1986"",""ORG-2154""]"
16700,10.1371/journal.ppat.1006976,10,"[""ORG-0497"",""ORG-0790"",""ORG-0824"",""ORG-0853"",""ORG-0895"",""ORG-0897"",""ORG-1581"",""ORG-1719"",""ORG-2154"",""ORG-2247""]"
16701,10.1089/hum.2017.122,1,"[""ORG-1766""]"
16709,10.3897/BDJ.5.e14879,5,"[""ORG-1347"",""ORG-1357"",""ORG-1958"",""ORG-2154"",""ORG-2166""]"
16711,10.1371/journal.pone.0006265,8,"[""ORG-0900"",""ORG-1103"",""ORG-1844"",""ORG-1937"",""ORG-1938"",""ORG-2141"",""ORG-2154"",""ORG-2270""]"
16716,10.12659/MSM.881890,2,"[""ORG-1102"",""ORG-2154""]"
16717,10.1186/1750-1172-4-18,6,"[""ORG-0824"",""ORG-1259"",""ORG-1851"",""ORG-1894"",""ORG-1948"",""ORG-2154""]"
16718,10.12659/MSM.881904,8,"[""ORG-0359"",""ORG-0497"",""ORG-0526"",""ORG-0897"",""ORG-1581"",""ORG-1890"",""ORG-1894"",""ORG-2315""]"
16720,10.1177/1078345817727287,4,"[""ORG-1421"",""ORG-2120"",""ORG-2154"",""ORG-2189""]"
16723,10.1038/onc.2009.187,5,"[""ORG-0359"",""ORG-0925"",""ORG-1089"",""ORG-1259"",""ORG-1851""]"
16724,10.1002/hep.29905,3,"[""ORG-1891"",""ORG-1931"",""ORG-2166""]"
16728,10.1016/j.virusres.2009.07.005,4,"[""ORG-0589"",""ORG-0590"",""ORG-1221"",""ORG-2154""]"
16730,10.1016/j.cellimm.2009.05.017,4,"[""ORG-0963"",""ORG-1259"",""ORG-1911"",""ORG-2154""]"
16733,10.1007/s15010-011-0162-0,1,"[""ORG-1931""]"
16734,10.1002/iid3.221,11,"[""ORG-0319"",""ORG-0361"",""ORG-0895"",""ORG-0941"",""ORG-0987"",""ORG-1364"",""ORG-1766"",""ORG-1911"",""ORG-1969"",""ORG-1986"",""ORG-2315""]"
16735,10.1016/j.ophtha.2017.05.012,7,"[""ORG-0853"",""ORG-1259"",""ORG-1421"",""ORG-1667"",""ORG-1839"",""ORG-1891"",""ORG-1913""]"
16756,10.3390/v10040156,8,"[""ORG-0497"",""ORG-1361"",""ORG-1581"",""ORG-1766"",""ORG-1911"",""ORG-2120"",""ORG-2154"",""ORG-2189""]"
16764,10.1007/s00251-017-1030-6,11,"[""ORG-0141"",""ORG-0457"",""ORG-0497"",""ORG-0790"",""ORG-0858"",""ORG-1839"",""ORG-1872"",""ORG-1952"",""ORG-2147"",""ORG-2154"",""ORG-2166""]"
16766,10.2147/IJN.S155383,5,"[""ORG-0853"",""ORG-0925"",""ORG-1603"",""ORG-1775"",""ORG-1897""]"
16782,10.3390/ijms19041002,4,"[""ORG-0855"",""ORG-1004"",""ORG-1894"",""ORG-2154""]"
16789,10.1097/TP.0b013e3181aacdd7,6,"[""ORG-0302"",""ORG-0526"",""ORG-0753"",""ORG-0943"",""ORG-1766"",""ORG-1856""]"
16795,10.1099/jgv.0.001056,13,"[""ORG-0511"",""ORG-0526"",""ORG-0589"",""ORG-0590"",""ORG-0925"",""ORG-1259"",""ORG-1581"",""ORG-1746"",""ORG-1766"",""ORG-1937"",""ORG-2147"",""ORG-2154"",""ORG-2315""]"
16797,10.1038/s41467-017-00257-5,5,"[""ORG-0728"",""ORG-1347"",""ORG-1846"",""ORG-1887"",""ORG-2315""]"
16798,10.1016/j.jid.2017.07.846,3,"[""ORG-1089"",""ORG-1849"",""ORG-2175""]"
16811,10.3109/02713683.2011.582662,4,"[""ORG-0905"",""ORG-0925"",""ORG-1797"",""ORG-1812""]"
16815,10.1016/j.annepidem.2009.04.002,5,"[""ORG-1039"",""ORG-1259"",""ORG-1771"",""ORG-1897"",""ORG-1910""]"
16818,10.1016/j.antiviral.2009.06.007,14,"[""ORG-0507"",""ORG-0683"",""ORG-0790"",""ORG-0798"",""ORG-0833"",""ORG-0853"",""ORG-0854"",""ORG-1221"",""ORG-1891"",""ORG-1938"",""ORG-2040"",""ORG-2154"",""ORG-2164"",""ORG-2166""]"
16821,10.1016/j.jacbts.2017.04.003,3,"[""ORG-1221"",""ORG-1259"",""ORG-1881""]"
16824,10.2147/POR.S137377,5,"[""ORG-0861"",""ORG-1259"",""ORG-1361"",""ORG-1503"",""ORG-2154""]"
16834,10.18632/oncotarget.19115,4,"[""ORG-0728"",""ORG-0756"",""ORG-1846"",""ORG-2154""]"
16841,10.1038/s41467-018-03569-2,9,"[""ORG-0367"",""ORG-0497"",""ORG-0925"",""ORG-1051"",""ORG-1937"",""ORG-2120"",""ORG-2141"",""ORG-2154"",""ORG-2189""]"
16851,10.3390/cancers10040086,9,"[""ORG-0526"",""ORG-0589"",""ORG-0590"",""ORG-1087"",""ORG-1766"",""ORG-1811"",""ORG-1911"",""ORG-2147"",""ORG-2154""]"
16856,10.1016/j.heliyon.2018.e00564,7,"[""ORG-0526"",""ORG-0589"",""ORG-0590"",""ORG-0925"",""ORG-1581"",""ORG-1797"",""ORG-2154""]"
16862,10.3389/fnagi.2018.00048,7,"[""ORG-0790"",""ORG-0853"",""ORG-0854"",""ORG-0963"",""ORG-1347"",""ORG-1357"",""ORG-2154""]"
16864,10.1371/journal.pone.0193968,4,"[""ORG-0155"",""ORG-0359"",""ORG-1259"",""ORG-1981""]"
16867,10.3390/cancers10030085,9,"[""ORG-0795"",""ORG-0860"",""ORG-0897"",""ORG-1039"",""ORG-1347"",""ORG-1357"",""ORG-1607"",""ORG-2154"",""ORG-2166""]"
16869,10.1590/S1517-83822009000300002,8,"[""ORG-0701"",""ORG-1253"",""ORG-1259"",""ORG-1581"",""ORG-1825"",""ORG-1891"",""ORG-2154"",""ORG-2166""]"
16873,10.18632/oncotarget.19423,6,"[""ORG-0497"",""ORG-0526"",""ORG-0589"",""ORG-0590"",""ORG-1581"",""ORG-2154""]"
16875,10.1177/0194599818758247,3,"[""ORG-0359"",""ORG-0962"",""ORG-1259""]"
16886,10.1016/j.virol.2017.09.001,7,"[""ORG-0511"",""ORG-0728"",""ORG-1039"",""ORG-1607"",""ORG-1839"",""ORG-1937"",""ORG-2141""]"
16887,10.1016/j.vaccine.2018.02.021,2,"[""ORG-0409"",""ORG-1839""]"
16891,10.1016/j.bbagrm.2011.06.012,5,"[""ORG-0618"",""ORG-1238"",""ORG-1581"",""ORG-1586"",""ORG-2166""]"
16895,10.1098/rstb.2016.0271,8,"[""ORG-0526"",""ORG-0527"",""ORG-0589"",""ORG-0590"",""ORG-1773"",""ORG-2154"",""ORG-2156"",""ORG-2166""]"
16897,10.4103/0974-2700.43198,4,"[""ORG-0589"",""ORG-0590"",""ORG-2154"",""ORG-2156""]"
16905,10.4049/jimmunol.1701474,9,"[""ORG-0207"",""ORG-0801"",""ORG-0974"",""ORG-1179"",""ORG-1766"",""ORG-1956"",""ORG-2154"",""ORG-2163"",""ORG-2306""]"
16907,10.1016/j.vaccine.2009.06.028,8,"[""ORG-0526"",""ORG-0824"",""ORG-0825"",""ORG-0869"",""ORG-1432"",""ORG-1798"",""ORG-1894"",""ORG-1934""]"
16909,10.3390/pathogens7010030,8,"[""ORG-0772"",""ORG-0858"",""ORG-0987"",""ORG-1856"",""ORG-1890"",""ORG-1938"",""ORG-2154"",""ORG-2166""]"
16913,10.18632/oncotarget.24328,5,"[""ORG-0359"",""ORG-0853"",""ORG-1766"",""ORG-1856"",""ORG-1948""]"
16915,10.1016/j.cell.2017.08.027,10,"[""ORG-0455"",""ORG-0895"",""ORG-1278"",""ORG-1364"",""ORG-1368"",""ORG-1711"",""ORG-1766"",""ORG-1783"",""ORG-1856"",""ORG-2154""]"
16923,10.1371/journal.ppat.1000490,15,"[""ORG-0526"",""ORG-0589"",""ORG-0590"",""ORG-0904"",""ORG-1259"",""ORG-1766"",""ORG-1797"",""ORG-1834"",""ORG-1894"",""ORG-1937"",""ORG-1938"",""ORG-2147"",""ORG-2154"",""ORG-2260"",""ORG-2306""]"
16927,10.1007/s10875-011-9565-z,1,"[""ORG-1839""]"
16934,10.3390/v10030128,3,"[""ORG-0497"",""ORG-1259"",""ORG-2154""]"
16944,10.1186/1750-9378-6-10,8,"[""ORG-0188"",""ORG-0526"",""ORG-0589"",""ORG-0590"",""ORG-1259"",""ORG-1839"",""ORG-2154"",""ORG-2161""]"
16947,10.1038/s41435-018-0013-4,12,"[""ORG-0497"",""ORG-0728"",""ORG-0756"",""ORG-0790"",""ORG-0853"",""ORG-0963"",""ORG-1286"",""ORG-1361"",""ORG-1839"",""ORG-1911"",""ORG-1937"",""ORG-2154""]"
16951,10.1371/journal.pone.0006023,12,"[""ORG-0526"",""ORG-0589"",""ORG-0590"",""ORG-0606"",""ORG-0897"",""ORG-0925"",""ORG-1051"",""ORG-1238"",""ORG-1464"",""ORG-1581"",""ORG-1766"",""ORG-2154""]"
16957,10.1038/s41598-017-10783-3,7,"[""ORG-0359"",""ORG-0946"",""ORG-1839"",""ORG-1844"",""ORG-1908"",""ORG-1938"",""ORG-2154""]"
16960,10.1186/s12894-017-0273-8,5,"[""ORG-0206"",""ORG-0497"",""ORG-0925"",""ORG-1215"",""ORG-2154""]"
16963,10.1091/mbc.E11-04-0286,10,"[""ORG-0853"",""ORG-0854"",""ORG-0963"",""ORG-1119"",""ORG-1259"",""ORG-1347"",""ORG-1819"",""ORG-1938"",""ORG-2154"",""ORG-2156""]"
16964,10.1080/21505594.2017.1368941,5,"[""ORG-1259"",""ORG-1894"",""ORG-1919"",""ORG-2154"",""ORG-2244""]"
16965,10.1016/j.bbagrm.2011.06.010,8,"[""ORG-1866"",""ORG-1937"",""ORG-1952"",""ORG-1956"",""ORG-2120"",""ORG-2154"",""ORG-2166"",""ORG-2171""]"
16967,10.3389/fimmu.2017.00947,7,"[""ORG-0895"",""ORG-0897"",""ORG-1028"",""ORG-1259"",""ORG-1581"",""ORG-1747"",""ORG-2306""]"
16971,10.1093/infdis/jiy102,5,"[""ORG-0545"",""ORG-0772"",""ORG-0858"",""ORG-1259"",""ORG-2260""]"
16983,10.5114/ceji.2017.69364,11,"[""ORG-0188"",""ORG-0302"",""ORG-0359"",""ORG-0526"",""ORG-0589"",""ORG-0590"",""ORG-0963"",""ORG-1259"",""ORG-1766"",""ORG-1910"",""ORG-2154""]"
16986,10.1007/978-1-4939-7774-1_10,5,"[""ORG-0082"",""ORG-1738"",""ORG-1934"",""ORG-1979"",""ORG-2154""]"
16992,10.1371/journal.ppat.1006599,4,"[""ORG-0359"",""ORG-1215"",""ORG-1259"",""ORG-1937""]"
16998,10.1128/JVI.00930-17,14,"[""ORG-0317"",""ORG-0497"",""ORG-1039"",""ORG-1543"",""ORG-1581"",""ORG-1607"",""ORG-1667"",""ORG-1894"",""ORG-1938"",""ORG-2141"",""ORG-2154"",""ORG-2160"",""ORG-2166"",""ORG-2260""]"
17007,10.1186/1471-2407-9-194,8,"[""ORG-1095"",""ORG-1238"",""ORG-1259"",""ORG-1361"",""ORG-1503"",""ORG-1581"",""ORG-2091"",""ORG-2193""]"
17010,10.1371/journal.pone.0005890,12,"[""ORG-0302"",""ORG-0319"",""ORG-0824"",""ORG-0897"",""ORG-1039"",""ORG-1259"",""ORG-1607"",""ORG-1766"",""ORG-1806"",""ORG-1825"",""ORG-1937"",""ORG-2193""]"
17011,10.1002/art.40236,2,"[""ORG-0943"",""ORG-1259""]"
17023,10.3892/mmr.2017.7283,1,"[""ORG-1839""]"
17025,10.3389/fimmu.2017.00944,1,"[""ORG-1259""]"
17034,10.1371/journal.pone.0193964,3,"[""ORG-0497"",""ORG-1949"",""ORG-2154""]"
17035,10.1158/1535-7163.MCT-17-0041,9,"[""ORG-0497"",""ORG-0773"",""ORG-0897"",""ORG-0925"",""ORG-1039"",""ORG-1259"",""ORG-1607"",""ORG-2154"",""ORG-2166""]"
17039,10.3344/kjp.2011.24.2.108,3,"[""ORG-1259"",""ORG-2120"",""ORG-2154""]"
17042,10.1093/nar/gkp511,3,"[""ORG-0411"",""ORG-0526"",""ORG-0833""]"
17044,10.1002/art.40187,4,"[""ORG-0943"",""ORG-2120"",""ORG-2154"",""ORG-2189""]"
17055,10.1158/1078-0432.CCR-17-2954,8,"[""ORG-0853"",""ORG-0854"",""ORG-0925"",""ORG-1259"",""ORG-1839"",""ORG-1844"",""ORG-2154"",""ORG-2163""]"
17056,10.1186/s13054-017-1803-1,1,"[""ORG-1259""]"
17065,10.1371/journal.ppat.1006524,18,"[""ORG-0833"",""ORG-1039"",""ORG-1257"",""ORG-1259"",""ORG-1607"",""ORG-1746"",""ORG-1747"",""ORG-1848"",""ORG-1937"",""ORG-1938"",""ORG-1949"",""ORG-2034"",""ORG-2140"",""ORG-2154"",""ORG-2159"",""ORG-2166"",""ORG-2171"",""ORG-2315""]"
17066,10.1016/j.neuropharm.2018.02.025,6,"[""ORG-0360"",""ORG-1020"",""ORG-1259"",""ORG-1347"",""ORG-1357"",""ORG-2193""]"
17084,10.1007/s00259-009-1177-y,5,"[""ORG-0790"",""ORG-0853"",""ORG-1259"",""ORG-1989"",""ORG-2154""]"
17089,10.4049/jimmunol.1100416,7,"[""ORG-0302"",""ORG-0359"",""ORG-0374"",""ORG-0606"",""ORG-0721"",""ORG-1766"",""ORG-2154""]"
17094,10.1371/journal.pone.0193244,8,"[""ORG-0319"",""ORG-0359"",""ORG-0526"",""ORG-0589"",""ORG-0590"",""ORG-1259"",""ORG-1921"",""ORG-2154""]"
17100,10.3389/fimmu.2018.00187,5,"[""ORG-0526"",""ORG-0589"",""ORG-0590"",""ORG-1911"",""ORG-2154""]"
17104,10.1371/journal.pone.0193171,8,"[""ORG-0360"",""ORG-0520"",""ORG-0526"",""ORG-0589"",""ORG-0590"",""ORG-1259"",""ORG-1896"",""ORG-2154""]"
17109,10.1017/S0950268817001546,3,"[""ORG-1259"",""ORG-1368"",""ORG-1798""]"
17117,10.2169/internalmedicine.8776-16,3,"[""ORG-0360"",""ORG-1825"",""ORG-2154""]"
17134,10.1136/adc.2010.204677,6,"[""ORG-0360"",""ORG-0790"",""ORG-0853"",""ORG-1089"",""ORG-1286"",""ORG-2154""]"
17135,10.1155/2017/2917134,3,"[""ORG-0589"",""ORG-0590"",""ORG-2154""]"
17137,10.1016/j.bbmt.2011.05.017,7,"[""ORG-0302"",""ORG-0359"",""ORG-0925"",""ORG-1766"",""ORG-1839"",""ORG-1851"",""ORG-1911""]"
17146,10.1097/MD.0000000000009595,2,"[""ORG-0359"",""ORG-2154""]"
17155,10.1007/s00705-017-3528-5,1,"[""ORG-1325""]"
17157,10.1586/eri.09.34,8,"[""ORG-0790"",""ORG-0824"",""ORG-0853"",""ORG-1221"",""ORG-1825"",""ORG-1881"",""ORG-2154"",""ORG-2161""]"
17163,10.1186/1471-2334-11-173,7,"[""ORG-1259"",""ORG-1368"",""ORG-1856"",""ORG-2120"",""ORG-2154"",""ORG-2189"",""ORG-2193""]"
17172,10.1534/g3.118.200113,5,"[""ORG-0728"",""ORG-1839"",""ORG-1846"",""ORG-1890"",""ORG-1934""]"
17175,10.1128/mBio.01141-17,14,"[""ORG-0086"",""ORG-0497"",""ORG-0790"",""ORG-0853"",""ORG-0925"",""ORG-0963"",""ORG-1347"",""ORG-1357"",""ORG-1581"",""ORG-1891"",""ORG-1921"",""ORG-1986"",""ORG-2154"",""ORG-2166""]"
17177,10.1093/ndtplus/sfp015,2,"[""ORG-0359"",""ORG-1819""]"
17178,10.1007/s10528-018-9848-7,5,"[""ORG-1232"",""ORG-1259"",""ORG-1368"",""ORG-1900"",""ORG-2306""]"
17188,10.3389/fimmu.2018.00033,5,"[""ORG-0497"",""ORG-0602"",""ORG-1668"",""ORG-1766"",""ORG-1867""]"
17192,10.1016/j.jcv.2017.07.016,2,"[""ORG-0373"",""ORG-2154""]"
17194,10.1186/1743-422X-6-65,14,"[""ORG-0317"",""ORG-0772"",""ORG-0790"",""ORG-0853"",""ORG-0854"",""ORG-0858"",""ORG-0904"",""ORG-0963"",""ORG-1245"",""ORG-1325"",""ORG-1797"",""ORG-1829"",""ORG-1934"",""ORG-2154""]"
17196,10.1371/journal.pone.0193299,5,"[""ORG-0895"",""ORG-1215"",""ORG-1766"",""ORG-2120"",""ORG-2154""]"
17200,10.4049/jimmunol.1003737,5,"[""ORG-0497"",""ORG-0728"",""ORG-2154"",""ORG-2166"",""ORG-2315""]"
17206,10.1186/ar2708,12,"[""ORG-0086"",""ORG-0526"",""ORG-0527"",""ORG-0589"",""ORG-0590"",""ORG-0895"",""ORG-0943"",""ORG-1089"",""ORG-1259"",""ORG-1766"",""ORG-1911"",""ORG-2154""]"
17207,10.1080/21645515.2018.1442162,5,"[""ORG-1766"",""ORG-1849"",""ORG-1862"",""ORG-2120"",""ORG-2154""]"
17208,10.1002/ijc.30929,4,"[""ORG-0790"",""ORG-1259"",""ORG-1374"",""ORG-2154""]"
17210,10.1016/j.bbmt.2011.05.010,3,"[""ORG-1766"",""ORG-1839"",""ORG-2154""]"
17212,10.1186/1756-0500-4-178,6,"[""ORG-0359"",""ORG-0497"",""ORG-0506"",""ORG-1934"",""ORG-1948"",""ORG-2140""]"
17218,10.1016/j.jviromet.2009.05.011,8,"[""ORG-0545"",""ORG-0596"",""ORG-1169"",""ORG-1829"",""ORG-1917"",""ORG-1979"",""ORG-2154"",""ORG-2157""]"
17221,10.1155/2011/132581,6,"[""ORG-0526"",""ORG-0529"",""ORG-0589"",""ORG-0590"",""ORG-1834"",""ORG-2154""]"
17228,10.1097/TP.0b013e3181a492e8,7,"[""ORG-0359"",""ORG-0943"",""ORG-1259"",""ORG-1839"",""ORG-1856"",""ORG-1910"",""ORG-2315""]"
17235,10.3791/2736,12,"[""ORG-0124"",""ORG-0359"",""ORG-0526"",""ORG-0589"",""ORG-0590"",""ORG-1096"",""ORG-1368"",""ORG-1568"",""ORG-1581"",""ORG-1766"",""ORG-1894"",""ORG-2154""]"
17237,10.1590/S1678-9946201759041,3,"[""ORG-1259"",""ORG-1894"",""ORG-2154""]"
17252,10.12659/AOT.903090,4,"[""ORG-0302"",""ORG-0359"",""ORG-1259"",""ORG-1766""]"
17253,10.1186/s12885-018-4110-6,5,"[""ORG-0497"",""ORG-0526"",""ORG-0589"",""ORG-0590"",""ORG-2154""]"
17255,10.1172/JCI91684,4,"[""ORG-1259"",""ORG-1347"",""ORG-1911"",""ORG-1948""]"
17265,10.3390/v10020081,14,"[""ORG-0171"",""ORG-0429"",""ORG-0431"",""ORG-0461"",""ORG-0836"",""ORG-0970"",""ORG-1021"",""ORG-1046"",""ORG-1581"",""ORG-1863"",""ORG-1937"",""ORG-1948"",""ORG-2141"",""ORG-2154""]"
17267,10.1016/j.coviro.2017.07.017,13,"[""ORG-0497"",""ORG-0526"",""ORG-0527"",""ORG-0584"",""ORG-0589"",""ORG-0590"",""ORG-0951"",""ORG-1248"",""ORG-1766"",""ORG-1797"",""ORG-1937"",""ORG-2141"",""ORG-2154""]"
17268,10.1097/QAI.0b013e318224d0c7,7,"[""ORG-0302"",""ORG-0824"",""ORG-0988"",""ORG-1259"",""ORG-1766"",""ORG-2154"",""ORG-2163""]"
17280,10.4132/jptm.2017.01.23,5,"[""ORG-0360"",""ORG-0589"",""ORG-0590"",""ORG-2154"",""ORG-2156""]"
17290,10.4021/wjon307w,2,"[""ORG-0720"",""ORG-2154""]"
17294,10.1097/MD.0000000000007261,6,"[""ORG-0518"",""ORG-0589"",""ORG-0590"",""ORG-1581"",""ORG-1913"",""ORG-2154""]"
17299,10.1016/j.bbmt.2017.12.787,4,"[""ORG-1766"",""ORG-2154"",""ORG-2260"",""ORG-2315""]"
17302,10.1371/journal.pone.0192659,13,"[""ORG-0363"",""ORG-0364"",""ORG-0824"",""ORG-0963"",""ORG-1039"",""ORG-1040"",""ORG-1095"",""ORG-1347"",""ORG-1357"",""ORG-1581"",""ORG-1585"",""ORG-1913"",""ORG-1934""]"
17306,10.5021/ad.2017.29.4.493,3,"[""ORG-0790"",""ORG-1286"",""ORG-2154""]"
17317,10.1186/s12967-018-1394-x,16,"[""ORG-0285"",""ORG-0361"",""ORG-0772"",""ORG-0824"",""ORG-0858"",""ORG-0925"",""ORG-0963"",""ORG-1230"",""ORG-1581"",""ORG-1766"",""ORG-1894"",""ORG-1905"",""ORG-1934"",""ORG-2147"",""ORG-2166"",""ORG-2306""]"
17318,10.4049/jimmunol.1100590,8,"[""ORG-0302"",""ORG-0526"",""ORG-0589"",""ORG-0590"",""ORG-0904"",""ORG-1368"",""ORG-2154"",""ORG-2315""]"
17330,10.1002/ibd.21782,1,"[""ORG-2120""]"
17341,10.4103/ijmr.IJMR_1622_16,5,"[""ORG-1259"",""ORG-1910"",""ORG-2120"",""ORG-2154"",""ORG-2189""]"
17348,10.1016/j.bbrc.2018.01.169,6,"[""ORG-0020"",""ORG-0317"",""ORG-1119"",""ORG-1831"",""ORG-1917"",""ORG-2315""]"
17350,10.1016/j.omto.2017.06.001,4,"[""ORG-0925"",""ORG-1432"",""ORG-2154"",""ORG-2260""]"
17358,10.1158/1078-0432.CCR-16-2211,4,"[""ORG-0526"",""ORG-0589"",""ORG-0590"",""ORG-2154""]"
17363,10.1016/j.clinthera.2018.01.006,3,"[""ORG-0359"",""ORG-1839"",""ORG-2315""]"
17368,10.12659/AJCR.903537,3,"[""ORG-0824"",""ORG-0861"",""ORG-2154""]"
17370,10.1371/journal.pone.0192109,13,"[""ORG-0360"",""ORG-0545"",""ORG-0589"",""ORG-0590"",""ORG-0853"",""ORG-1259"",""ORG-1581"",""ORG-1766"",""ORG-1839"",""ORG-1894"",""ORG-1931"",""ORG-1938"",""ORG-2154""]"
17374,10.1155/2017/3179421,8,"[""ORG-0497"",""ORG-0526"",""ORG-0589"",""ORG-0590"",""ORG-0728"",""ORG-1931"",""ORG-2154"",""ORG-2166""]"
17376,10.3389/fimmu.2017.00794,9,"[""ORG-0312"",""ORG-0869"",""ORG-0925"",""ORG-1129"",""ORG-1221"",""ORG-1766"",""ORG-1881"",""ORG-1891"",""ORG-2154""]"
17383,10.1186/1743-422X-8-241,9,"[""ORG-0316"",""ORG-0596"",""ORG-1019"",""ORG-1325"",""ORG-1361"",""ORG-1616"",""ORG-1900"",""ORG-1917"",""ORG-2154""]"
17390,10.20411/pai.v2i2.181,3,"[""ORG-0302"",""ORG-0824"",""ORG-1259""]"
17394,10.4049/jimmunol.0804333,12,"[""ORG-0302"",""ORG-0319"",""ORG-0925"",""ORG-1121"",""ORG-1347"",""ORG-1361"",""ORG-1368"",""ORG-1593"",""ORG-1766"",""ORG-1911"",""ORG-1921"",""ORG-2306""]"
17397,10.1016/j.imbio.2017.07.002,12,"[""ORG-0497"",""ORG-0895"",""ORG-0897"",""ORG-0970"",""ORG-1581"",""ORG-1586"",""ORG-1911"",""ORG-2120"",""ORG-2154"",""ORG-2166"",""ORG-2189"",""ORG-2306""]"
17409,10.4103/ijo.IJO_714_17,4,"[""ORG-0236"",""ORG-0790"",""ORG-1581"",""ORG-2154""]"
17420,10.1371/journal.ppat.1006867,11,"[""ORG-0772"",""ORG-0858"",""ORG-0860"",""ORG-0895"",""ORG-0951"",""ORG-1121"",""ORG-1259"",""ORG-1866"",""ORG-1911"",""ORG-2147"",""ORG-2166""]"
17422,10.1371/journal.pone.0191482,2,"[""ORG-0772"",""ORG-0925""]"
17430,10.1186/1743-422X-8-232,8,"[""ORG-0302"",""ORG-0790"",""ORG-0809"",""ORG-0853"",""ORG-0854"",""ORG-1230"",""ORG-1844"",""ORG-2154""]"
17439,10.1038/bmt.2009.78,5,"[""ORG-0526"",""ORG-0938"",""ORG-1910"",""ORG-2154"",""ORG-2161""]"
17440,10.1371/journal.ppat.1002022,15,"[""ORG-0359"",""ORG-0497"",""ORG-1259"",""ORG-1347"",""ORG-1581"",""ORG-1585"",""ORG-1774"",""ORG-1839"",""ORG-1937"",""ORG-1938"",""ORG-2140"",""ORG-2154"",""ORG-2163"",""ORG-2166"",""ORG-2315""]"
17442,10.1371/journal.ppat.1001337,14,"[""ORG-0302"",""ORG-0526"",""ORG-0589"",""ORG-0590"",""ORG-0814"",""ORG-0856"",""ORG-1135"",""ORG-1347"",""ORG-1766"",""ORG-1811"",""ORG-1851"",""ORG-2154"",""ORG-2166"",""ORG-2315""]"
17446,10.1097/MD.0000000000009685,6,"[""ORG-0772"",""ORG-0858"",""ORG-1259"",""ORG-1881"",""ORG-1911"",""ORG-1981""]"
17451,10.1016/j.immuni.2017.06.019,9,"[""ORG-0790"",""ORG-0855"",""ORG-0925"",""ORG-1215"",""ORG-1286"",""ORG-1347"",""ORG-1357"",""ORG-1798"",""ORG-2154""]"
17458,10.1016/j.clim.2017.07.006,10,"[""ORG-0048"",""ORG-0302"",""ORG-0319"",""ORG-0853"",""ORG-0854"",""ORG-1259"",""ORG-1867"",""ORG-1911"",""ORG-2260"",""ORG-2315""]"
17460,10.1128/JVI.01918-17,13,"[""ORG-0339"",""ORG-0521"",""ORG-0526"",""ORG-0589"",""ORG-0590"",""ORG-1019"",""ORG-1259"",""ORG-1581"",""ORG-1839"",""ORG-1844"",""ORG-1862"",""ORG-2154"",""ORG-2193""]"
17461,10.1016/j.pvr.2017.04.001,3,"[""ORG-0824"",""ORG-0853"",""ORG-2154""]"
17462,10.1186/s12985-017-0801-x,6,"[""ORG-0359"",""ORG-0897"",""ORG-1143"",""ORG-1668"",""ORG-1766"",""ORG-1949""]"
17463,10.4142/jvs.2018.19.3.375,3,"[""ORG-1259"",""ORG-1766"",""ORG-1911""]"
17469,10.1111/cas.13512,4,"[""ORG-1215"",""ORG-1766"",""ORG-1798"",""ORG-2154""]"
17472,10.1016/j.tim.2011.04.002,4,"[""ORG-0772"",""ORG-0858"",""ORG-1259"",""ORG-2166""]"
17474,10.3390/ijms19010317,7,"[""ORG-0589"",""ORG-0590"",""ORG-1766"",""ORG-1819"",""ORG-1866"",""ORG-1937"",""ORG-2154""]"
17475,10.1016/j.vaccine.2009.04.036,6,"[""ORG-0754"",""ORG-0858"",""ORG-0925"",""ORG-1259"",""ORG-2154"",""ORG-2306""]"
17477,10.1186/1743-422X-8-222,8,"[""ORG-0545"",""ORG-0772"",""ORG-0858"",""ORG-1361"",""ORG-1503"",""ORG-1581"",""ORG-1896"",""ORG-1986""]"
17486,10.1186/s12885-017-3482-3,11,"[""ORG-0497"",""ORG-0526"",""ORG-0527"",""ORG-0584"",""ORG-0589"",""ORG-0590"",""ORG-0728"",""ORG-1232"",""ORG-1581"",""ORG-2154"",""ORG-2156""]"
17491,10.3892/mmr.2017.6974,5,"[""ORG-0082"",""ORG-0938"",""ORG-0946"",""ORG-1057"",""ORG-2154""]"
17500,10.1002/bip.21672,8,"[""ORG-0526"",""ORG-0589"",""ORG-0590"",""ORG-0680"",""ORG-0860"",""ORG-1119"",""ORG-1937"",""ORG-2154""]"
17509,10.1371/journal.pone.0005277,13,"[""ORG-0302"",""ORG-0359"",""ORG-0497"",""ORG-0526"",""ORG-0589"",""ORG-0590"",""ORG-0824"",""ORG-0860"",""ORG-1039"",""ORG-1089"",""ORG-1581"",""ORG-1872"",""ORG-2154""]"
17514,10.1111/1348-0421.12575,5,"[""ORG-0772"",""ORG-0858"",""ORG-1259"",""ORG-1581"",""ORG-2260""]"
17527,10.1186/s12879-017-2572-9,6,"[""ORG-1347"",""ORG-1357"",""ORG-1887"",""ORG-1897"",""ORG-2154"",""ORG-2166""]"
17530,10.3390/ijms19010239,8,"[""ORG-0086"",""ORG-0316"",""ORG-1347"",""ORG-1848"",""ORG-1887"",""ORG-1915"",""ORG-1937"",""ORG-2166""]"
17536,10.1007/s10787-011-0084-6,5,"[""ORG-0086"",""ORG-1347"",""ORG-1357"",""ORG-1856"",""ORG-2154""]"
17538,10.1084/jem.20170536,4,"[""ORG-0359"",""ORG-0872"",""ORG-0941"",""ORG-1825""]"
17539,10.1016/j.chom.2017.06.016,3,"[""ORG-0363"",""ORG-0526"",""ORG-1039""]"
17540,10.1128/mBio.02217-17,11,"[""ORG-0571"",""ORG-0824"",""ORG-0925"",""ORG-0963"",""ORG-1039"",""ORG-1040"",""ORG-1259"",""ORG-1607"",""ORG-1839"",""ORG-1931"",""ORG-2154""]"
17558,10.1371/journal.pone.0180841,7,"[""ORG-0589"",""ORG-0590"",""ORG-1259"",""ORG-1321"",""ORG-1581"",""ORG-1937"",""ORG-2154""]"
17568,10.1155/2011/790871,4,"[""ORG-1215"",""ORG-1766"",""ORG-1825"",""ORG-2154""]"
17570,10.1016/j.jcyt.2017.11.010,4,"[""ORG-0319"",""ORG-1766"",""ORG-1825"",""ORG-2154""]"
17586,10.1007/s00705-017-3700-y,6,"[""ORG-0938"",""ORG-1881"",""ORG-1896"",""ORG-1897"",""ORG-2154"",""ORG-2166""]"
17587,10.1007/s13365-017-0543-y,5,"[""ORG-0319"",""ORG-0497"",""ORG-0772"",""ORG-0858"",""ORG-1668""]"
17593,10.3389/fmicb.2017.01169,9,"[""ORG-1238"",""ORG-1257"",""ORG-1581"",""ORG-1937"",""ORG-1938"",""ORG-1970"",""ORG-2141"",""ORG-2154"",""ORG-2166""]"
17597,10.1371/journal.pone.0018506,5,"[""ORG-0302"",""ORG-0360"",""ORG-0753"",""ORG-0824"",""ORG-0897""]"
17598,10.1155/2009/904568,2,"[""ORG-0155"",""ORG-1259""]"
17607,10.1038/jid.2009.86,6,"[""ORG-0790"",""ORG-0853"",""ORG-0854"",""ORG-1095"",""ORG-2154"",""ORG-2306""]"
17608,10.1007/s13317-011-0016-x,1,"[""ORG-0963""]"
17614,10.1038/ncomms16043,12,"[""ORG-0520"",""ORG-0526"",""ORG-0589"",""ORG-0590"",""ORG-0619"",""ORG-1874"",""ORG-1921"",""ORG-1938"",""ORG-2141"",""ORG-2154"",""ORG-2159"",""ORG-2315""]"
17615,10.1186/1750-9378-6-5,6,"[""ORG-0526"",""ORG-0795"",""ORG-0860"",""ORG-1368"",""ORG-1851"",""ORG-1896""]"
17617,10.2217/fmb.11.16,14,"[""ORG-0015"",""ORG-0497"",""ORG-0526"",""ORG-0527"",""ORG-0589"",""ORG-0590"",""ORG-0824"",""ORG-0833"",""ORG-1938"",""ORG-2147"",""ORG-2154"",""ORG-2158"",""ORG-2160"",""ORG-2166""]"
17621,10.1371/journal.pone.0180691,8,"[""ORG-0302"",""ORG-0319"",""ORG-0359"",""ORG-0824"",""ORG-1766"",""ORG-1894"",""ORG-2120"",""ORG-2154""]"
17622,10.1158/0008-5472.CAN-08-3886,7,"[""ORG-0790"",""ORG-0963"",""ORG-1259"",""ORG-1797"",""ORG-1839"",""ORG-1936"",""ORG-2154""]"
17628,10.1016/j.bjid.2017.12.001,2,"[""ORG-0824"",""ORG-0869""]"
17631,10.3390/cancers10010012,10,"[""ORG-0519"",""ORG-0526"",""ORG-0589"",""ORG-0590"",""ORG-1019"",""ORG-1259"",""ORG-1834"",""ORG-2147"",""ORG-2154"",""ORG-2306""]"
17633,10.3390/v9070173,6,"[""ORG-0317"",""ORG-1079"",""ORG-1905"",""ORG-1911"",""ORG-1938"",""ORG-2154""]"
17635,10.1084/jem.20101831,4,"[""ORG-1259"",""ORG-1797"",""ORG-1937"",""ORG-2147""]"
17639,10.3389/fimmu.2017.00715,7,"[""ORG-0359"",""ORG-1089"",""ORG-1259"",""ORG-1766"",""ORG-1856"",""ORG-1921"",""ORG-2154""]"
17642,10.1136/bmjopen-2016-013211,6,"[""ORG-0520"",""ORG-0545"",""ORG-1259"",""ORG-1917"",""ORG-2139"",""ORG-2154""]"
17645,10.3390/v9070160,8,"[""ORG-0833"",""ORG-0860"",""ORG-1259"",""ORG-1891"",""ORG-1911"",""ORG-1937"",""ORG-1944"",""ORG-2141""]"
17646,10.1016/j.exger.2011.04.002,5,"[""ORG-0359"",""ORG-0497"",""ORG-0899"",""ORG-1259"",""ORG-1361""]"
17654,10.1093/nar/gkx1265,4,"[""ORG-0182"",""ORG-0497"",""ORG-1911"",""ORG-2154""]"
17655,10.1186/s13027-017-0148-3,5,"[""ORG-0545"",""ORG-0772"",""ORG-0858"",""ORG-1825"",""ORG-1911""]"
17656,10.1186/s12979-017-0099-y,6,"[""ORG-0359"",""ORG-0963"",""ORG-1089"",""ORG-1259"",""ORG-1856"",""ORG-2114""]"
17657,10.1016/j.ccm.2011.02.010,3,"[""ORG-1347"",""ORG-1357"",""ORG-1891""]"
17660,10.1007/s12250-017-3996-5,7,"[""ORG-0526"",""ORG-0527"",""ORG-0589"",""ORG-0590"",""ORG-1911"",""ORG-2147"",""ORG-2154""]"
17666,10.1371/journal.pone.0025922,10,"[""ORG-0265"",""ORG-0497"",""ORG-0526"",""ORG-0589"",""ORG-0590"",""ORG-1462"",""ORG-1545"",""ORG-1581"",""ORG-1906"",""ORG-2154""]"
17672,10.3389/fimmu.2017.00692,6,"[""ORG-0188"",""ORG-0619"",""ORG-0946"",""ORG-1259"",""ORG-1766"",""ORG-2166""]"
17676,10.1016/j.neo.2017.04.007,5,"[""ORG-0938"",""ORG-1259"",""ORG-1797"",""ORG-1897"",""ORG-2154""]"
17683,10.1128/mSphere.00137-17,9,"[""ORG-0315"",""ORG-0772"",""ORG-0858"",""ORG-0925"",""ORG-1259"",""ORG-1938"",""ORG-2154"",""ORG-2166"",""ORG-2167""]"
17684,10.20524/aog.2017.0153,2,"[""ORG-0359"",""ORG-1858""]"
17687,10.3390/v9070164,8,"[""ORG-0526"",""ORG-0527"",""ORG-0589"",""ORG-0590"",""ORG-0925"",""ORG-1087"",""ORG-1439"",""ORG-2154""]"
17690,10.1016/j.gene.2009.03.011,7,"[""ORG-0188"",""ORG-0191"",""ORG-0596"",""ORG-0790"",""ORG-0930"",""ORG-1915"",""ORG-2154""]"
17691,10.4110/in.2011.11.1.50,12,"[""ORG-0497"",""ORG-0526"",""ORG-0527"",""ORG-0589"",""ORG-0590"",""ORG-1259"",""ORG-1361"",""ORG-1581"",""ORG-1766"",""ORG-1894"",""ORG-2154"",""ORG-2156""]"
17705,10.1111/cas.13474,4,"[""ORG-1259"",""ORG-1581"",""ORG-1891"",""ORG-2154""]"
17712,10.1186/1756-9966-30-40,4,"[""ORG-0824"",""ORG-1259"",""ORG-1894"",""ORG-2247""]"
17713,10.1128/JVI.02122-17,13,"[""ORG-0207"",""ORG-0268"",""ORG-0619"",""ORG-0853"",""ORG-0925"",""ORG-1103"",""ORG-1259"",""ORG-1848"",""ORG-1938"",""ORG-1956"",""ORG-2129"",""ORG-2154"",""ORG-2166""]"
17721,10.1080/14760584.2017.1343669,4,"[""ORG-1259"",""ORG-1667"",""ORG-1847"",""ORG-1948""]"
17742,10.1016/S0140-6736(11)60136-0,5,"[""ORG-1368"",""ORG-1432"",""ORG-1581"",""ORG-1981"",""ORG-2114""]"
17752,10.1016/j.jaci.2017.04.049,5,"[""ORG-0301"",""ORG-0542"",""ORG-1911"",""ORG-2154"",""ORG-2306""]"
17753,10.1016/j.ab.2009.03.015,4,"[""ORG-1119"",""ORG-1639"",""ORG-1797"",""ORG-1936""]"
17757,10.1038/gt.2011.18,3,"[""ORG-0497"",""ORG-1257"",""ORG-1402""]"
17760,10.3389/fimmu.2017.00649,6,"[""ORG-0302"",""ORG-0963"",""ORG-1079"",""ORG-1347"",""ORG-1357"",""ORG-1766""]"
17762,10.1016/j.clim.2017.06.003,2,"[""ORG-0694"",""ORG-1921""]"
17769,10.1016/S2352-3026(17)30104-7,1,"[""ORG-1897""]"
17772,10.3343/alm.2018.38.2.172,3,"[""ORG-0589"",""ORG-0590"",""ORG-2154""]"
17776,10.4103/aian.AIAN_484_16,6,"[""ORG-0360"",""ORG-0963"",""ORG-1897"",""ORG-1938"",""ORG-2120"",""ORG-2154""]"
17778,10.4049/jimmunol.1001024,6,"[""ORG-0302"",""ORG-0319"",""ORG-0526"",""ORG-0899"",""ORG-0902"",""ORG-1766""]"
17779,10.1186/s13075-017-1343-8,5,"[""ORG-0302"",""ORG-0359"",""ORG-0362"",""ORG-1766"",""ORG-2315""]"
17784,10.1158/1078-0432.CCR-08-1254,5,"[""ORG-0302"",""ORG-0526"",""ORG-1797"",""ORG-1825"",""ORG-1934""]"
17789,10.22034/APJCP.2017.18.5.1201,6,"[""ORG-0526"",""ORG-0589"",""ORG-0590"",""ORG-1852"",""ORG-1896"",""ORG-2154""]"
17792,10.1016/j.virol.2009.02.029,4,"[""ORG-0312"",""ORG-1259"",""ORG-2057"",""ORG-2141""]"
17798,10.4049/jimmunol.1700290,11,"[""ORG-0227"",""ORG-0319"",""ORG-0362"",""ORG-0946"",""ORG-1259"",""ORG-1766"",""ORG-1825"",""ORG-1859"",""ORG-2120"",""ORG-2154"",""ORG-2189""]"
17813,10.1111/tid.12823,5,"[""ORG-0589"",""ORG-0590"",""ORG-1766"",""ORG-1839"",""ORG-2154""]"
17820,10.3390/ijms18061243,1,"[""ORG-2166""]"
17824,10.3390/ijms18061231,5,"[""ORG-1221"",""ORG-1581"",""ORG-1839"",""ORG-1844"",""ORG-2154""]"
17826,10.1016/j.virol.2011.02.018,10,"[""ORG-0267"",""ORG-0521"",""ORG-0526"",""ORG-0589"",""ORG-0590"",""ORG-0683"",""ORG-0925"",""ORG-1205"",""ORG-1495"",""ORG-2154""]"
17835,10.1016/j.antiviral.2011.03.179,4,"[""ORG-0772"",""ORG-0858"",""ORG-1347"",""ORG-2154""]"
17837,10.1186/s12967-017-1222-8,6,"[""ORG-0497"",""ORG-0772"",""ORG-1259"",""ORG-1581"",""ORG-1825"",""ORG-2154""]"
17843,10.1371/journal.pone.0178923,4,"[""ORG-1135"",""ORG-1846"",""ORG-2154"",""ORG-2163""]"
17851,10.3389/fmicb.2017.00934,8,"[""ORG-0343"",""ORG-0455"",""ORG-0772"",""ORG-0858"",""ORG-1639"",""ORG-1839"",""ORG-1938"",""ORG-2154""]"
17873,10.1084/jem.20080954,8,"[""ORG-0359"",""ORG-0897"",""ORG-0963"",""ORG-1215"",""ORG-1894"",""ORG-2154"",""ORG-2166"",""ORG-2306""]"
17880,10.1016/j.jns.2011.02.030,10,"[""ORG-0497"",""ORG-0790"",""ORG-0824"",""ORG-0853"",""ORG-0854"",""ORG-1136"",""ORG-1890"",""ORG-2120"",""ORG-2154"",""ORG-2189""]"
17885,10.1186/1472-6750-11-24,6,"[""ORG-0808"",""ORG-1221"",""ORG-1581"",""ORG-1749"",""ORG-1825"",""ORG-1922""]"
17887,10.1007/s13365-011-0024-7,4,"[""ORG-0359"",""ORG-1911"",""ORG-1938"",""ORG-2154""]"
17896,10.1371/journal.pone.0017748,7,"[""ORG-0790"",""ORG-0853"",""ORG-0882"",""ORG-1286"",""ORG-1368"",""ORG-2154"",""ORG-2306""]"
17898,10.1038/cddis.2017.236,3,"[""ORG-0455"",""ORG-1259"",""ORG-1911""]"
17912,10.1371/journal.pbio.1000598,15,"[""ORG-0429"",""ORG-0571"",""ORG-0728"",""ORG-0895"",""ORG-1149"",""ORG-1259"",""ORG-1581"",""ORG-1839"",""ORG-1844"",""ORG-1906"",""ORG-1938"",""ORG-1949"",""ORG-1986"",""ORG-2154"",""ORG-2166""]"
17913,10.1371/journal.pone.0004614,10,"[""ORG-0520"",""ORG-0526"",""ORG-0589"",""ORG-0590"",""ORG-1169"",""ORG-1581"",""ORG-1714"",""ORG-1831"",""ORG-1894"",""ORG-2154""]"
17918,10.1016/j.gdata.2017.05.012,11,"[""ORG-0497"",""ORG-0526"",""ORG-0589"",""ORG-0590"",""ORG-1581"",""ORG-1834"",""ORG-1839"",""ORG-1846"",""ORG-1917"",""ORG-2140"",""ORG-2154""]"
17935,10.4049/jimmunol.0803673,11,"[""ORG-0302"",""ORG-0317"",""ORG-0790"",""ORG-0853"",""ORG-0951"",""ORG-0963"",""ORG-1243"",""ORG-1259"",""ORG-1766"",""ORG-1897"",""ORG-2154""]"
17936,10.1016/j.jcv.2017.05.012,3,"[""ORG-0359"",""ORG-1259"",""ORG-1825""]"
17937,10.1007/s00277-017-3013-y,6,"[""ORG-0526"",""ORG-0589"",""ORG-0590"",""ORG-1581"",""ORG-1934"",""ORG-2154""]"
17940,10.1016/j.virol.2009.01.023,9,"[""ORG-0312"",""ORG-0313"",""ORG-0316"",""ORG-0853"",""ORG-1259"",""ORG-1938"",""ORG-2120"",""ORG-2154"",""ORG-2189""]"
17949,10.1038/gt.2009.5,5,"[""ORG-0790"",""ORG-0853"",""ORG-1259"",""ORG-1859"",""ORG-2154""]"
17952,10.1371/journal.ppat.1006401,14,"[""ORG-0360"",""ORG-0853"",""ORG-0854"",""ORG-0899"",""ORG-0900"",""ORG-0963"",""ORG-1259"",""ORG-1545"",""ORG-1766"",""ORG-1839"",""ORG-1894"",""ORG-1906"",""ORG-2154"",""ORG-2306""]"
17955,10.1158/1055-9965.EPI-08-1130,6,"[""ORG-0497"",""ORG-0589"",""ORG-0590"",""ORG-1259"",""ORG-1910"",""ORG-2154""]"
17961,10.1093/gbe/evr014,4,"[""ORG-0312"",""ORG-0938"",""ORG-1766"",""ORG-2154""]"
17969,10.4049/jimmunol.1700145,11,"[""ORG-0302"",""ORG-0310"",""ORG-0728"",""ORG-0790"",""ORG-0853"",""ORG-0854"",""ORG-1347"",""ORG-1766"",""ORG-1825"",""ORG-1831"",""ORG-2154""]"
17972,10.4322/acr.2017.008,2,"[""ORG-1934"",""ORG-2154""]"
17973,10.3390/biomedicines5010010,4,"[""ORG-1259"",""ORG-1911"",""ORG-2166"",""ORG-2167""]"
17981,10.1038/ncomms15534,8,"[""ORG-0497"",""ORG-0853"",""ORG-0854"",""ORG-1259"",""ORG-1719"",""ORG-2154"",""ORG-2166"",""ORG-2306""]"
17987,10.1186/s13027-017-0134-9,4,"[""ORG-0188"",""ORG-0606"",""ORG-1891"",""ORG-2154""]"
17990,10.1111/j.1750-3639.2011.00485.x,5,"[""ORG-0790"",""ORG-0853"",""ORG-0854"",""ORG-1911"",""ORG-2154""]"
17991,10.1038/nature09857,5,"[""ORG-0317"",""ORG-0972"",""ORG-1023"",""ORG-1439"",""ORG-1766""]"
17997,10.1097/ICB.0000000000000639,3,"[""ORG-0359"",""ORG-0861"",""ORG-2154""]"
17999,10.12659/AJCR.903118,4,"[""ORG-1259"",""ORG-1839"",""ORG-1897"",""ORG-2154""]"
18000,10.1371/journal.pone.0016820,12,"[""ORG-0319"",""ORG-0360"",""ORG-0497"",""ORG-0853"",""ORG-0854"",""ORG-0900"",""ORG-1215"",""ORG-1259"",""ORG-1766"",""ORG-1897"",""ORG-1911"",""ORG-2306""]"
18005,10.3109/14653249.2011.561983,3,"[""ORG-0526"",""ORG-0527"",""ORG-1087""]"
18011,10.1016/j.celrep.2017.04.062,7,"[""ORG-0526"",""ORG-0589"",""ORG-0590"",""ORG-0897"",""ORG-2147"",""ORG-2154"",""ORG-2160""]"
18012,10.4049/jimmunol.1003231,5,"[""ORG-0359"",""ORG-1766"",""ORG-1798"",""ORG-1872"",""ORG-2154""]"
18023,10.1186/1743-422X-8-84,11,"[""ORG-0471"",""ORG-0526"",""ORG-0527"",""ORG-0542"",""ORG-0589"",""ORG-0590"",""ORG-0963"",""ORG-1259"",""ORG-1825"",""ORG-1867"",""ORG-2154""]"
18024,10.1186/1750-9378-6-3,8,"[""ORG-0497"",""ORG-0526"",""ORG-0545"",""ORG-0589"",""ORG-0590"",""ORG-1361"",""ORG-1839"",""ORG-2154""]"
18034,10.1016/j.tranon.2017.04.001,6,"[""ORG-0051"",""ORG-0925"",""ORG-1825"",""ORG-1891"",""ORG-1936"",""ORG-2154""]"
18035,10.1016/j.virusres.2009.01.013,10,"[""ORG-0312"",""ORG-0497"",""ORG-1243"",""ORG-1259"",""ORG-1325"",""ORG-1581"",""ORG-2120"",""ORG-2154"",""ORG-2189"",""ORG-2306""]"
18038,10.1002/dvg.20703,2,"[""ORG-0268"",""ORG-1911""]"
18044,10.1111/j.1365-2990.2011.01167.x,7,"[""ORG-1825"",""ORG-1831"",""ORG-1911"",""ORG-2120"",""ORG-2154"",""ORG-2189"",""ORG-2298""]"
18048,10.4049/jimmunol.1001918,5,"[""ORG-0963"",""ORG-0970"",""ORG-1766"",""ORG-1949"",""ORG-2154""]"
18049,10.2174/1389557517666170717125821,2,"[""ORG-1891"",""ORG-1986""]"
18057,10.1186/s12979-017-0093-4,8,"[""ORG-0359"",""ORG-0853"",""ORG-0855"",""ORG-2120"",""ORG-2154"",""ORG-2161"",""ORG-2166"",""ORG-2189""]"
18059,10.1084/jem.20081829,6,"[""ORG-0853"",""ORG-0899"",""ORG-1347"",""ORG-1357"",""ORG-1766"",""ORG-2260""]"
18060,10.1016/j.virol.2011.01.028,9,"[""ORG-0589"",""ORG-0590"",""ORG-0897"",""ORG-1259"",""ORG-1834"",""ORG-1948"",""ORG-1986"",""ORG-2154"",""ORG-2315""]"
18062,10.1016/j.antiviral.2008.12.015,12,"[""ORG-0244"",""ORG-0851"",""ORG-0925"",""ORG-1257"",""ORG-1259"",""ORG-1441"",""ORG-1442"",""ORG-1848"",""ORG-1905"",""ORG-2147"",""ORG-2154"",""ORG-2166""]"
18064,10.1097/MD.0000000000006878,5,"[""ORG-0359"",""ORG-0824"",""ORG-0861"",""ORG-1259"",""ORG-2154""]"
18065,10.1097/MD.0000000000006845,8,"[""ORG-0526"",""ORG-0589"",""ORG-0590"",""ORG-0963"",""ORG-1215"",""ORG-1931"",""ORG-2154"",""ORG-2166""]"
18066,10.1111/ajt.14341,2,"[""ORG-1667"",""ORG-1839""]"
18068,10.2807/1560-7917.ES.2017.22.17.30521,3,"[""ORG-1131"",""ORG-1839"",""ORG-1910""]"
18069,10.1002/ajmg.a.38275,1,"[""ORG-1839""]"
18072,10.1155/2017/5083463,7,"[""ORG-0497"",""ORG-0526"",""ORG-1178"",""ORG-1232"",""ORG-1233"",""ORG-1766"",""ORG-2154""]"
18073,10.1016/j.nucmedbio.2008.10.009,7,"[""ORG-0790"",""ORG-0855"",""ORG-1259"",""ORG-1286"",""ORG-1421"",""ORG-1989"",""ORG-2154""]"
18074,10.1155/2017/3804146,10,"[""ORG-0194"",""ORG-0215"",""ORG-0497"",""ORG-0526"",""ORG-0527"",""ORG-0589"",""ORG-0590"",""ORG-1911"",""ORG-2154"",""ORG-2156""]"
18078,10.1016/j.antib.2008.10.001,1,"[""ORG-2154""]"
18094,10.1093/jpids/pix010,7,"[""ORG-0790"",""ORG-0963"",""ORG-1259"",""ORG-1347"",""ORG-1357"",""ORG-1981"",""ORG-2154""]"
18095,10.1097/ICB.0000000000000567,5,"[""ORG-1259"",""ORG-2113"",""ORG-2120"",""ORG-2154"",""ORG-2189""]"
18099,10.1016/j.ccm.2016.12.009,5,"[""ORG-1259"",""ORG-1347"",""ORG-1351"",""ORG-1357"",""ORG-2166""]"
18103,10.1186/s12879-017-2419-4,5,"[""ORG-0302"",""ORG-0824"",""ORG-0861"",""ORG-1839"",""ORG-2154""]"
18116,10.1097/INF.0000000000001631,7,"[""ORG-0302"",""ORG-0360"",""ORG-0853"",""ORG-0854"",""ORG-1253"",""ORG-1259"",""ORG-1921""]"
18127,10.3760/cma.j.issn.0253-2727.2017.04.006,2,"[""ORG-0824"",""ORG-1581""]"
18130,10.18632/oncotarget.17083,6,"[""ORG-0359"",""ORG-0526"",""ORG-1095"",""ORG-1238"",""ORG-1361"",""ORG-1581""]"
18134,10.1093/nar/gkr036,10,"[""ORG-0188"",""ORG-0267"",""ORG-0497"",""ORG-0753"",""ORG-1205"",""ORG-1732"",""ORG-1857"",""ORG-1934"",""ORG-1956"",""ORG-2166""]"
18137,10.4314/gmj.v55i4.14,5,"[""ORG-0824"",""ORG-0861"",""ORG-1259"",""ORG-2120"",""ORG-2154""]"
18148,10.1016/j.chom.2008.12.003,6,"[""ORG-0790"",""ORG-0853"",""ORG-1259"",""ORG-1347"",""ORG-1581"",""ORG-2154""]"
18161,10.1038/onc.2017.122,7,"[""ORG-0974"",""ORG-1039"",""ORG-1259"",""ORG-1574"",""ORG-1607"",""ORG-1911"",""ORG-2166""]"
18170,10.1002/deo2.7,6,"[""ORG-0526"",""ORG-0527"",""ORG-0589"",""ORG-0590"",""ORG-2154"",""ORG-2156""]"
18171,10.1038/leu.2008.365,1,"[""ORG-1259""]"
18184,10.2147/VMRR.S332737,5,"[""ORG-1347"",""ORG-1887"",""ORG-1937"",""ORG-2154"",""ORG-2166""]"
18188,10.1007/s40588-021-00168-6,5,"[""ORG-0606"",""ORG-0963"",""ORG-1347"",""ORG-1357"",""ORG-1911""]"
18189,10.18632/oncotarget.16996,10,"[""ORG-0319"",""ORG-0526"",""ORG-0527"",""ORG-0589"",""ORG-0590"",""ORG-0987"",""ORG-1087"",""ORG-1259"",""ORG-1866"",""ORG-2154""]"
18190,10.3389/fmicb.2021.797279,9,"[""ORG-0487"",""ORG-0790"",""ORG-0853"",""ORG-0854"",""ORG-1522"",""ORG-1866"",""ORG-1905"",""ORG-2077"",""ORG-2154""]"
18196,10.1093/annonc/mdx047,9,"[""ORG-0518"",""ORG-0526"",""ORG-0589"",""ORG-0590"",""ORG-1839"",""ORG-1910"",""ORG-2154"",""ORG-2156"",""ORG-2304""]"
18198,10.3389/fragi.2021.649110,3,"[""ORG-0895"",""ORG-0898"",""ORG-2154""]"
18203,10.1016/j.ijid.2017.04.016,3,"[""ORG-0943"",""ORG-1849"",""ORG-2154""]"
18223,10.3389/fmolb.2021.757644,7,"[""ORG-0497"",""ORG-0526"",""ORG-0589"",""ORG-0590"",""ORG-1259"",""ORG-1851"",""ORG-2154""]"
18229,10.3389/fonc.2021.759652,8,"[""ORG-0526"",""ORG-0589"",""ORG-0590"",""ORG-1089"",""ORG-1259"",""ORG-1839"",""ORG-2154"",""ORG-2156""]"
18235,10.3389/fimmu.2021.784901,1,"[""ORG-1259""]"
18243,10.18502/ijhoscr.v15i3.6843,10,"[""ORG-0359"",""ORG-0497"",""ORG-0526"",""ORG-0589"",""ORG-0590"",""ORG-1259"",""ORG-1894"",""ORG-1958"",""ORG-2154"",""ORG-2166""]"
18246,10.1002/btm2.10258,1,"[""ORG-1773""]"
18260,10.3389/fimmu.2021.764861,12,"[""ORG-0790"",""ORG-0853"",""ORG-0854"",""ORG-0917"",""ORG-0963"",""ORG-1410"",""ORG-1766"",""ORG-1949"",""ORG-1952"",""ORG-1969"",""ORG-2154"",""ORG-2166""]"
18273,10.3390/v14010062,7,"[""ORG-0497"",""ORG-0860"",""ORG-1361"",""ORG-1368"",""ORG-1894"",""ORG-2154"",""ORG-2260""]"
18279,10.3390/biom12010038,11,"[""ORG-0365"",""ORG-0399"",""ORG-0526"",""ORG-0527"",""ORG-0589"",""ORG-0590"",""ORG-0925"",""ORG-1834"",""ORG-1911"",""ORG-2154"",""ORG-2166""]"
18282,10.3390/biom12010017,7,"[""ORG-0526"",""ORG-0589"",""ORG-0590"",""ORG-1248"",""ORG-1834"",""ORG-1938"",""ORG-2154""]"
18283,10.2147/TCRM.S129327,4,"[""ORG-1046"",""ORG-1221"",""ORG-1846"",""ORG-2154""]"
18286,10.1016/j.ajic.2010.06.027,4,"[""ORG-2120"",""ORG-2154"",""ORG-2189"",""ORG-2306""]"
18290,10.3760/cma.j.issn.0253-2727.2021.11.004,3,"[""ORG-0497"",""ORG-0526"",""ORG-1361""]"
18291,10.1038/nri2937,6,"[""ORG-0497"",""ORG-1347"",""ORG-1357"",""ORG-2166"",""ORG-2170"",""ORG-2260""]"
18292,10.1021/acsomega.1c04148,12,"[""ORG-0090"",""ORG-0339"",""ORG-0497"",""ORG-0503"",""ORG-0589"",""ORG-0590"",""ORG-0897"",""ORG-1259"",""ORG-1638"",""ORG-1675"",""ORG-1834"",""ORG-2154""]"
18303,10.1371/journal.pone.0014535,9,"[""ORG-0576"",""ORG-0963"",""ORG-1039"",""ORG-1607"",""ORG-1747"",""ORG-1825"",""ORG-1938"",""ORG-2147"",""ORG-2154""]"
18304,10.1038/s41598-017-01051-5,4,"[""ORG-0772"",""ORG-0858"",""ORG-1797"",""ORG-2154""]"
18310,10.1186/s12957-017-1147-y,4,"[""ORG-1087"",""ORG-1259"",""ORG-2154"",""ORG-2193""]"
18318,10.18632/oncotarget.16033,11,"[""ORG-0497"",""ORG-0518"",""ORG-0526"",""ORG-0589"",""ORG-0590"",""ORG-0853"",""ORG-0854"",""ORG-1023"",""ORG-1259"",""ORG-1581"",""ORG-2154""]"
18319,10.1016/j.virol.2010.12.054,8,"[""ORG-0015"",""ORG-0359"",""ORG-0515"",""ORG-1095"",""ORG-1841"",""ORG-1890"",""ORG-1936"",""ORG-2154""]"
18324,10.3390/ijms23010018,5,"[""ORG-0772"",""ORG-0858"",""ORG-1948"",""ORG-1986"",""ORG-2154""]"
18329,10.1186/s43556-021-00045-0,3,"[""ORG-0319"",""ORG-0497"",""ORG-0974""]"
18336,10.3389/fmed.2021.750760,5,"[""ORG-0359"",""ORG-1259"",""ORG-1581"",""ORG-1603"",""ORG-1851""]"
18352,10.3389/fimmu.2021.813261,1,"[""ORG-1839""]"
18356,10.1038/sj.bjc.6606088,3,"[""ORG-1039"",""ORG-1259"",""ORG-1825""]"
18359,10.21037/atm-21-443,6,"[""ORG-0790"",""ORG-0853"",""ORG-0925"",""ORG-1766"",""ORG-1798"",""ORG-2154""]"
18364,10.3389/fimmu.2021.715102,5,"[""ORG-0526"",""ORG-0589"",""ORG-0590"",""ORG-0963"",""ORG-2154""]"
18365,10.4084/MJHID.2009.013,13,"[""ORG-0086"",""ORG-0511"",""ORG-0526"",""ORG-0527"",""ORG-0589"",""ORG-0590"",""ORG-1259"",""ORG-1581"",""ORG-1834"",""ORG-1894"",""ORG-1937"",""ORG-2141"",""ORG-2154""]"
18367,10.4084/MJHID.2009.012,20,"[""ORG-0188"",""ORG-0317"",""ORG-0497"",""ORG-0520"",""ORG-0521"",""ORG-0526"",""ORG-0584"",""ORG-0589"",""ORG-0590"",""ORG-0796"",""ORG-0833"",""ORG-1087"",""ORG-1368"",""ORG-1581"",""ORG-1744"",""ORG-1825"",""ORG-1948"",""ORG-2154"",""ORG-2166"",""ORG-2315""]"
18379,10.3389/fimmu.2021.796379,9,"[""ORG-0302"",""ORG-0526"",""ORG-0589"",""ORG-0590"",""ORG-1347"",""ORG-1357"",""ORG-1856"",""ORG-2154"",""ORG-2304""]"
18381,10.3389/fimmu.2021.719432,4,"[""ORG-0360"",""ORG-0897"",""ORG-1063"",""ORG-1089""]"
18389,10.18632/oncotarget.15465,3,"[""ORG-0526"",""ORG-0897"",""ORG-1364""]"
18394,10.1007/s40744-021-00410-z,3,"[""ORG-1368"",""ORG-1603"",""ORG-2244""]"
18398,10.1186/s13045-017-0452-9,4,"[""ORG-0897"",""ORG-1215"",""ORG-1581"",""ORG-1956""]"
18400,10.1186/1471-2180-8-238,6,"[""ORG-0359"",""ORG-0904"",""ORG-0970"",""ORG-1881"",""ORG-2154"",""ORG-2166""]"
18404,10.1186/1472-6750-11-5,4,"[""ORG-1169"",""ORG-1259"",""ORG-1894"",""ORG-1949""]"
18405,10.24272/j.issn.2095-8137.2017.015,6,"[""ORG-0223"",""ORG-0700"",""ORG-0897"",""ORG-1245"",""ORG-1797"",""ORG-1839""]"
18413,10.31053/1853.0605.v78.n4.32945,3,"[""ORG-0824"",""ORG-1666"",""ORG-2154""]"
18416,10.3390/v13122523,6,"[""ORG-0526"",""ORG-0589"",""ORG-0590"",""ORG-1259"",""ORG-1894"",""ORG-2154""]"
18417,10.18632/oncotarget.15444,5,"[""ORG-1039"",""ORG-1581"",""ORG-1607"",""ORG-1897"",""ORG-1931""]"
18421,10.3390/v13122458,7,"[""ORG-0009"",""ORG-1245"",""ORG-1432"",""ORG-1581"",""ORG-1798"",""ORG-2154"",""ORG-2166""]"
18424,10.3390/v13122395,11,"[""ORG-0313"",""ORG-0790"",""ORG-0853"",""ORG-0854"",""ORG-1095"",""ORG-1347"",""ORG-1773"",""ORG-1938"",""ORG-1993"",""ORG-2154"",""ORG-2315""]"
18425,10.1371/journal.pone.0175390,13,"[""ORG-0234"",""ORG-0243"",""ORG-0559"",""ORG-0772"",""ORG-0858"",""ORG-1259"",""ORG-1921"",""ORG-1937"",""ORG-1982"",""ORG-2141"",""ORG-2154"",""ORG-2158"",""ORG-2260""]"
18427,10.1371/journal.ppat.1006299,12,"[""ORG-0359"",""ORG-0497"",""ORG-0763"",""ORG-0842"",""ORG-0858"",""ORG-1259"",""ORG-1368"",""ORG-1581"",""ORG-1862"",""ORG-1890"",""ORG-1937"",""ORG-2154""]"
18428,10.1038/cddis.2017.139,3,"[""ORG-1347"",""ORG-1921"",""ORG-2166""]"
18443,10.1093/intimm/dxn133,3,"[""ORG-1469"",""ORG-1766"",""ORG-2315""]"
18446,10.1111/j.1600-6143.2010.03405.x,7,"[""ORG-0359"",""ORG-0455"",""ORG-0559"",""ORG-1259"",""ORG-1581"",""ORG-1825"",""ORG-1934""]"
18447,10.4103/ijd.IJD_34_17,4,"[""ORG-1259"",""ORG-1330"",""ORG-1839"",""ORG-2154""]"
18452,10.3389/fimmu.2021.734293,8,"[""ORG-0526"",""ORG-0527"",""ORG-0589"",""ORG-0590"",""ORG-1076"",""ORG-1911"",""ORG-2154"",""ORG-2192""]"
18454,10.1016/j.vaccine.2008.11.112,5,"[""ORG-0596"",""ORG-0790"",""ORG-1259"",""ORG-1581"",""ORG-2154""]"
18455,10.1016/j.trsl.2021.12.006,6,"[""ORG-0497"",""ORG-0853"",""ORG-0854"",""ORG-1797"",""ORG-1891"",""ORG-1898""]"
18459,10.1016/j.bbmt.2010.12.705,3,"[""ORG-0897"",""ORG-1368"",""ORG-2154""]"
18462,10.3389/fimmu.2021.779961,6,"[""ORG-0302"",""ORG-0359"",""ORG-0497"",""ORG-1581"",""ORG-1668"",""ORG-1766""]"
18464,10.1136/bmjopen-2020-046891,3,"[""ORG-0943"",""ORG-1368"",""ORG-1910""]"
18465,10.1002/path.4905,3,"[""ORG-0974"",""ORG-1861"",""ORG-2140""]"
18468,10.1186/1471-2407-8-379,3,"[""ORG-0319"",""ORG-0526"",""ORG-1087""]"
18473,10.1007/s11357-010-9200-6,6,"[""ORG-0302"",""ORG-0526"",""ORG-0814"",""ORG-1259"",""ORG-1766"",""ORG-1948""]"
18481,10.3390/microorganisms9122496,10,"[""ORG-0363"",""ORG-0526"",""ORG-0589"",""ORG-0590"",""ORG-0963"",""ORG-1921"",""ORG-1952"",""ORG-1986"",""ORG-2154"",""ORG-2166""]"
18484,10.3390/cancers13246208,14,"[""ORG-0795"",""ORG-0860"",""ORG-1039"",""ORG-1241"",""ORG-1581"",""ORG-1607"",""ORG-1773"",""ORG-1825"",""ORG-1896"",""ORG-1905"",""ORG-1937"",""ORG-1969"",""ORG-2154"",""ORG-2166""]"
18485,10.1371/journal.pone.0175279,10,"[""ORG-0497"",""ORG-0526"",""ORG-0589"",""ORG-0590"",""ORG-0963"",""ORG-1259"",""ORG-1581"",""ORG-1825"",""ORG-1839"",""ORG-2154""]"
18496,10.3390/children8121083,3,"[""ORG-0359"",""ORG-1259"",""ORG-1862""]"
18502,10.1093/nar/gkx241,8,"[""ORG-1039"",""ORG-1581"",""ORG-1607"",""ORG-1747"",""ORG-1911"",""ORG-1937"",""ORG-2147"",""ORG-2154""]"
18508,10.1002/eji.201746974,10,"[""ORG-0772"",""ORG-0858"",""ORG-0895"",""ORG-0925"",""ORG-1421"",""ORG-1747"",""ORG-1856"",""ORG-1891"",""ORG-1949"",""ORG-2114""]"
18516,10.1371/journal.ppat.1009600,6,"[""ORG-0925"",""ORG-0963"",""ORG-1039"",""ORG-1607"",""ORG-1846"",""ORG-1891""]"
18518,10.1371/journal.pone.0260303,4,"[""ORG-0497"",""ORG-1361"",""ORG-2154"",""ORG-2260""]"
18519,10.7705/biomedica.5985,3,"[""ORG-1361"",""ORG-2154"",""ORG-2189""]"
18528,10.5581/1516-8484.20110103,6,"[""ORG-0589"",""ORG-0590"",""ORG-1259"",""ORG-1825"",""ORG-1834"",""ORG-2154""]"
18534,10.1128/mbio.03431-21,9,"[""ORG-0337"",""ORG-0339"",""ORG-1039"",""ORG-1259"",""ORG-1441"",""ORG-1442"",""ORG-1581"",""ORG-1607"",""ORG-1746""]"
18537,10.1155/2011/469194,9,"[""ORG-0188"",""ORG-0312"",""ORG-0497"",""ORG-0790"",""ORG-1361"",""ORG-1825"",""ORG-1894"",""ORG-1990"",""ORG-2154""]"
18539,10.1155/2008/859407,9,"[""ORG-0526"",""ORG-0527"",""ORG-0589"",""ORG-0590"",""ORG-0824"",""ORG-1747"",""ORG-1839"",""ORG-1894"",""ORG-2154""]"
18540,10.3389/fimmu.2011.00019,5,"[""ORG-1039"",""ORG-1581"",""ORG-1607"",""ORG-1672"",""ORG-1937""]"
18546,10.1097/TP.0000000000001767,5,"[""ORG-0526"",""ORG-0589"",""ORG-0590"",""ORG-1834"",""ORG-2154""]"
18551,10.1084/jem.20080718,6,"[""ORG-0449"",""ORG-0895"",""ORG-0897"",""ORG-0925"",""ORG-1130"",""ORG-1507""]"
18554,10.3389/fimmu.2021.727814,7,"[""ORG-0526"",""ORG-0527"",""ORG-0589"",""ORG-0590"",""ORG-1766"",""ORG-1839"",""ORG-2154""]"
18556,10.1186/s13027-021-00407-x,10,"[""ORG-0497"",""ORG-0773"",""ORG-0899"",""ORG-1095"",""ORG-1230"",""ORG-1285"",""ORG-1581"",""ORG-1921"",""ORG-2154"",""ORG-2157""]"
18559,10.1016/j.eimce.2021.09.012,2,"[""ORG-1608"",""ORG-1609""]"
18569,10.3389/fped.2021.651323,3,"[""ORG-1766"",""ORG-1839"",""ORG-1910""]"
18579,10.1158/1055-9965.EPI-08-0671,6,"[""ORG-0943"",""ORG-1035"",""ORG-1039"",""ORG-1607"",""ORG-2061"",""ORG-2154""]"
18583,10.1093/database/baab079,8,"[""ORG-1259"",""ORG-1639"",""ORG-1944"",""ORG-1952"",""ORG-2141"",""ORG-2154"",""ORG-2166"",""ORG-2170""]"
18584,10.1136/bcr-2016-218310,5,"[""ORG-0589"",""ORG-0590"",""ORG-0790"",""ORG-1825"",""ORG-2154""]"
18586,10.1097/MOT.0b013e3283186ba9,9,"[""ORG-0526"",""ORG-0527"",""ORG-0589"",""ORG-0590"",""ORG-1766"",""ORG-1825"",""ORG-1931"",""ORG-1949"",""ORG-2154""]"
18588,10.1136/ard.2008.093690,4,"[""ORG-0943"",""ORG-1089"",""ORG-1896"",""ORG-1910""]"
18607,10.3109/07357907.2010.535055,3,"[""ORG-1079"",""ORG-1744"",""ORG-1897""]"
18608,10.1371/journal.pone.0174136,13,"[""ORG-0319"",""ORG-0429"",""ORG-0526"",""ORG-0529"",""ORG-0589"",""ORG-0590"",""ORG-1441"",""ORG-1442"",""ORG-1690"",""ORG-1766"",""ORG-1911"",""ORG-1949"",""ORG-2154""]"
18615,10.22034/APJCP.2017.18.2.327,10,"[""ORG-0497"",""ORG-0526"",""ORG-0589"",""ORG-0590"",""ORG-0897"",""ORG-1361"",""ORG-1581"",""ORG-1834"",""ORG-2154"",""ORG-2156""]"
18617,10.1016/j.omto.2017.02.001,7,"[""ORG-0360"",""ORG-0790"",""ORG-0853"",""ORG-1245"",""ORG-1934"",""ORG-1948"",""ORG-2154""]"
18618,10.1016/j.omtm.2016.12.005,5,"[""ORG-0188"",""ORG-0243"",""ORG-0497"",""ORG-0619"",""ORG-0925""]"
18624,10.1080/21655979.2021.2003666,6,"[""ORG-0409"",""ORG-0559"",""ORG-0904"",""ORG-0925"",""ORG-1364"",""ORG-1891""]"
18625,10.1186/s13007-017-0168-4,4,"[""ORG-0808"",""ORG-0853"",""ORG-1259"",""ORG-1421""]"
18627,10.1159/000156468,2,"[""ORG-1856"",""ORG-2166""]"
18630,10.1084/jem.20082039,10,"[""ORG-0302"",""ORG-0319"",""ORG-0790"",""ORG-0853"",""ORG-1230"",""ORG-1259"",""ORG-1766"",""ORG-1894"",""ORG-2154"",""ORG-2193""]"
18633,10.1158/1078-0432.CCR-08-1364,3,"[""ORG-0790"",""ORG-0963"",""ORG-2154""]"
18634,10.1016/j.brainres.2008.11.011,5,"[""ORG-0497"",""ORG-1259"",""ORG-1331"",""ORG-1527"",""ORG-1690""]"
18638,10.1155/2008/624850,2,"[""ORG-1819"",""ORG-1896""]"
18640,10.3390/cancers13236078,8,"[""ORG-0526"",""ORG-0527"",""ORG-0897"",""ORG-1221"",""ORG-1503"",""ORG-1881"",""ORG-1934"",""ORG-2154""]"
18649,10.1186/s12985-017-0730-8,6,"[""ORG-0497"",""ORG-0772"",""ORG-0858"",""ORG-1361"",""ORG-1894"",""ORG-1911""]"
18657,10.1016/j.bbmt.2008.09.021,2,"[""ORG-0359"",""ORG-1934""]"
18660,10.2147/IMCRJ.S345288,6,"[""ORG-0413"",""ORG-1839"",""ORG-1948"",""ORG-2120"",""ORG-2154"",""ORG-2189""]"
18672,10.1590/S1678-9946202163084,7,"[""ORG-0359"",""ORG-0938"",""ORG-1581"",""ORG-1891"",""ORG-2166"",""ORG-2170"",""ORG-2193""]"
18694,10.3389/fmed.2021.766960,6,"[""ORG-0497"",""ORG-0963"",""ORG-1421"",""ORG-1891"",""ORG-2154"",""ORG-2159""]"
18695,10.3389/fmed.2021.724195,4,"[""ORG-0399"",""ORG-1347"",""ORG-2154"",""ORG-2166""]"
18709,10.1186/1743-422X-5-140,13,"[""ORG-0312"",""ORG-0790"",""ORG-0853"",""ORG-0854"",""ORG-0895"",""ORG-1259"",""ORG-1361"",""ORG-1503"",""ORG-2094"",""ORG-2154"",""ORG-2166"",""ORG-2175"",""ORG-2306""]"
18715,10.1016/j.medmal.2017.02.004,1,"[""ORG-1259""]"
18719,10.1038/srep44705,2,"[""ORG-0487"",""ORG-0772""]"
18723,10.1186/1752-1947-2-356,4,"[""ORG-0790"",""ORG-1631"",""ORG-1894"",""ORG-2154""]"
18727,10.3389/fimmu.2017.00195,9,"[""ORG-0302"",""ORG-0359"",""ORG-0455"",""ORG-0526"",""ORG-0529"",""ORG-0906"",""ORG-1766"",""ORG-1949"",""ORG-1956""]"
18729,10.1016/j.jneuroim.2017.02.020,11,"[""ORG-0360"",""ORG-0511"",""ORG-0790"",""ORG-0853"",""ORG-0854"",""ORG-1089"",""ORG-1347"",""ORG-1357"",""ORG-2154"",""ORG-2166"",""ORG-2315""]"
18735,10.3389/fmicb.2017.00229,12,"[""ORG-0497"",""ORG-0518"",""ORG-0526"",""ORG-0589"",""ORG-0590"",""ORG-1581"",""ORG-1894"",""ORG-1938"",""ORG-2141"",""ORG-2145"",""ORG-2147"",""ORG-2154""]"
18738,10.1186/s12943-021-01458-9,9,"[""ORG-0526"",""ORG-0527"",""ORG-0589"",""ORG-0590"",""ORG-0925"",""ORG-1361"",""ORG-1581"",""ORG-1931"",""ORG-2154""]"
18745,10.1016/j.idcr.2021.e01349,5,"[""ORG-1938"",""ORG-2120"",""ORG-2154"",""ORG-2165"",""ORG-2189""]"
18750,10.1016/j.ijscr.2017.02.029,3,"[""ORG-0359"",""ORG-1421"",""ORG-1714""]"
18751,10.1016/j.idcr.2021.e01346,5,"[""ORG-0413"",""ORG-1361"",""ORG-1581"",""ORG-1839"",""ORG-1934""]"
18756,10.5009/gnl210204,6,"[""ORG-0906"",""ORG-1259"",""ORG-1851"",""ORG-1910"",""ORG-1927"",""ORG-2154""]"
18759,10.1186/1472-6750-8-85,8,"[""ORG-0507"",""ORG-0772"",""ORG-0858"",""ORG-1169"",""ORG-1248"",""ORG-1773"",""ORG-1825"",""ORG-2154""]"
18761,10.1016/j.semnephrol.2008.08.010,10,"[""ORG-0363"",""ORG-0364"",""ORG-0497"",""ORG-0824"",""ORG-1285"",""ORG-1347"",""ORG-1357"",""ORG-1970"",""ORG-2154"",""ORG-2166""]"
18769,10.1016/j.virol.2008.10.017,2,"[""ORG-0836"",""ORG-0925""]"
18781,10.3390/v13112289,6,"[""ORG-1243"",""ORG-1327"",""ORG-2120"",""ORG-2154"",""ORG-2166"",""ORG-2189""]"
18784,10.3390/v13112246,11,"[""ORG-0413"",""ORG-0589"",""ORG-0590"",""ORG-0790"",""ORG-1608"",""ORG-1609"",""ORG-1849"",""ORG-1850"",""ORG-2154"",""ORG-2166"",""ORG-2171""]"
18785,10.3390/v13112245,4,"[""ORG-1347"",""ORG-1357"",""ORG-1819"",""ORG-1956""]"
18787,10.1099/vir.0.2008/005066-0,14,"[""ORG-0790"",""ORG-0853"",""ORG-0854"",""ORG-0858"",""ORG-0904"",""ORG-1259"",""ORG-1286"",""ORG-1511"",""ORG-1812"",""ORG-1949"",""ORG-2146"",""ORG-2154"",""ORG-2166"",""ORG-2306""]"
18788,10.3390/v13112184,4,"[""ORG-0526"",""ORG-0925"",""ORG-0963"",""ORG-1766""]"
18791,10.3390/pathogens10111470,10,"[""ORG-0853"",""ORG-0854"",""ORG-0882"",""ORG-1089"",""ORG-1259"",""ORG-1347"",""ORG-1357"",""ORG-2154"",""ORG-2163"",""ORG-2164""]"
18793,10.3390/pathogens10111429,8,"[""ORG-0547"",""ORG-0589"",""ORG-0590"",""ORG-1858"",""ORG-1896"",""ORG-1911"",""ORG-2154"",""ORG-2156""]"
18799,10.3390/cells10112863,9,"[""ORG-0526"",""ORG-0584"",""ORG-0824"",""ORG-0887"",""ORG-1608"",""ORG-1609"",""ORG-1797"",""ORG-2154"",""ORG-2166""]"
18800,10.3390/cancers13225833,10,"[""ORG-0315"",""ORG-0526"",""ORG-0589"",""ORG-0590"",""ORG-0897"",""ORG-1305"",""ORG-1834"",""ORG-1894"",""ORG-1910"",""ORG-2154""]"
18804,10.3390/cancers13225692,6,"[""ORG-0824"",""ORG-0860"",""ORG-0938"",""ORG-1667"",""ORG-1910"",""ORG-1921""]"
18809,10.3390/jcm10225344,8,"[""ORG-1146"",""ORG-1147"",""ORG-1259"",""ORG-1608"",""ORG-1609"",""ORG-1839"",""ORG-1921"",""ORG-1969""]"
18811,10.3390/ijms222212539,5,"[""ORG-0359"",""ORG-0413"",""ORG-1259"",""ORG-1766"",""ORG-1851""]"
18814,10.3390/diagnostics11112072,7,"[""ORG-0526"",""ORG-0527"",""ORG-0589"",""ORG-0590"",""ORG-1671"",""ORG-1839"",""ORG-2154""]"
18815,10.3390/diagnostics11111952,3,"[""ORG-0359"",""ORG-0938"",""ORG-1910""]"
18817,10.3390/children8110976,4,"[""ORG-0136"",""ORG-2120"",""ORG-2154"",""ORG-2189""]"
18822,10.14639/0392-100X-N1527,8,"[""ORG-0497"",""ORG-0526"",""ORG-0545"",""ORG-0589"",""ORG-0590"",""ORG-1361"",""ORG-1825"",""ORG-2154""]"
18826,10.1038/s41572-021-00317-7,3,"[""ORG-0526"",""ORG-1825"",""ORG-1910""]"
18828,10.1186/s12865-017-0194-z,2,"[""ORG-0359"",""ORG-0943""]"
18829,10.3390/vetsci8110253,6,"[""ORG-0207"",""ORG-0312"",""ORG-0925"",""ORG-1954"",""ORG-2154"",""ORG-2306""]"
18833,10.1016/j.chom.2008.09.012,7,"[""ORG-0824"",""ORG-0825"",""ORG-0925"",""ORG-1039"",""ORG-1259"",""ORG-1891"",""ORG-2154""]"
18843,10.4049/jimmunol.1601824,8,"[""ORG-0895"",""ORG-0897"",""ORG-0946"",""ORG-1259"",""ORG-1859"",""ORG-1911"",""ORG-2154"",""ORG-2156""]"
18845,10.1371/journal.pone.0260353,1,"[""ORG-2154""]"
18847,10.1186/s40360-017-0120-2,8,"[""ORG-0790"",""ORG-0853"",""ORG-1490"",""ORG-1819"",""ORG-1839"",""ORG-2120"",""ORG-2154"",""ORG-2189""]"
18848,10.1186/s12985-017-0715-7,9,"[""ORG-0359"",""ORG-0497"",""ORG-0526"",""ORG-0589"",""ORG-0590"",""ORG-0858"",""ORG-1361"",""ORG-1894"",""ORG-2154""]"
18852,10.1155/2017/1429847,6,"[""ORG-0455"",""ORG-0526"",""ORG-0589"",""ORG-0590"",""ORG-1910"",""ORG-2154""]"
18855,10.3389/fimmu.2017.00166,10,"[""ORG-0773"",""ORG-0897"",""ORG-0963"",""ORG-1215"",""ORG-1766"",""ORG-1825"",""ORG-1856"",""ORG-1910"",""ORG-1937"",""ORG-2154""]"
18859,10.3389/fphys.2017.00089,4,"[""ORG-0457"",""ORG-0573"",""ORG-1921"",""ORG-2154""]"
18860,10.1038/s41590-021-01073-2,7,"[""ORG-0302"",""ORG-0359"",""ORG-0808"",""ORG-1347"",""ORG-1668"",""ORG-1766"",""ORG-1851""]"
18863,10.1038/s41598-021-02168-4,4,"[""ORG-0526"",""ORG-0589"",""ORG-0590"",""ORG-2154""]"
18865,10.1371/journal.ppat.1000198,19,"[""ORG-0124"",""ORG-0265"",""ORG-0302"",""ORG-0317"",""ORG-0526"",""ORG-0589"",""ORG-0590"",""ORG-0897"",""ORG-0925"",""ORG-1259"",""ORG-1347"",""ORG-1357"",""ORG-1421"",""ORG-1766"",""ORG-1825"",""ORG-1834"",""ORG-1921"",""ORG-1986"",""ORG-2154""]"
18868,10.1038/cgt.2008.83,6,"[""ORG-0790"",""ORG-0853"",""ORG-0854"",""ORG-1639"",""ORG-2154"",""ORG-2166""]"
18869,10.1016/j.clindermatol.2021.05.027,4,"[""ORG-0413"",""ORG-1259"",""ORG-1603"",""ORG-1948""]"
18876,10.1371/journal.ppat.1010084,16,"[""ORG-0497"",""ORG-0728"",""ORG-0925"",""ORG-0963"",""ORG-1245"",""ORG-1347"",""ORG-1361"",""ORG-1581"",""ORG-1825"",""ORG-1932"",""ORG-1937"",""ORG-1938"",""ORG-2120"",""ORG-2154"",""ORG-2166"",""ORG-2189""]"
18878,10.1371/journal.ppat.1006256,11,"[""ORG-0317"",""ORG-0887"",""ORG-0963"",""ORG-0980"",""ORG-1039"",""ORG-1259"",""ORG-1368"",""ORG-1581"",""ORG-1607"",""ORG-1847"",""ORG-1931""]"
18881,10.3389/fcell.2021.782473,12,"[""ORG-0362"",""ORG-0374"",""ORG-0584"",""ORG-0589"",""ORG-0590"",""ORG-1238"",""ORG-1581"",""ORG-1846"",""ORG-1911"",""ORG-2154"",""ORG-2156"",""ORG-2315""]"
18882,10.7759/cureus.19673,6,"[""ORG-0589"",""ORG-0590"",""ORG-0596"",""ORG-0970"",""ORG-1931"",""ORG-2154""]"
18884,10.1155/2021/3513223,3,"[""ORG-0359"",""ORG-1490"",""ORG-1631""]"
18887,10.1155/2017/7028194,10,"[""ORG-0243"",""ORG-0317"",""ORG-0497"",""ORG-0790"",""ORG-0855"",""ORG-1581"",""ORG-1846"",""ORG-1890"",""ORG-1917"",""ORG-2154""]"
18888,10.1080/20009666.2021.1969080,4,"[""ORG-0824"",""ORG-0825"",""ORG-1089"",""ORG-1910""]"
18892,10.1155/2021/6276480,5,"[""ORG-0014"",""ORG-0589"",""ORG-0590"",""ORG-0623"",""ORG-2154""]"
18896,10.1354/vp.45-6-914,7,"[""ORG-0526"",""ORG-0589"",""ORG-0590"",""ORG-0824"",""ORG-0861"",""ORG-2154"",""ORG-2315""]"
18902,10.1371/journal.pone.0003634,4,"[""ORG-0302"",""ORG-0359"",""ORG-0897"",""ORG-1766""]"
18909,10.1097/PAS.0000000000000823,13,"[""ORG-0526"",""ORG-0527"",""ORG-0589"",""ORG-0590"",""ORG-0795"",""ORG-0897"",""ORG-1035"",""ORG-1039"",""ORG-1581"",""ORG-1607"",""ORG-1839"",""ORG-1921"",""ORG-2154""]"
18911,10.1186/1475-2867-8-14,8,"[""ORG-0623"",""ORG-0795"",""ORG-0824"",""ORG-0860"",""ORG-1462"",""ORG-1744"",""ORG-1825"",""ORG-2140""]"
18912,10.1016/j.tvr.2021.200227,21,"[""ORG-0015"",""ORG-0526"",""ORG-0589"",""ORG-0590"",""ORG-0786"",""ORG-0788"",""ORG-0833"",""ORG-0860"",""ORG-1039"",""ORG-1493"",""ORG-1505"",""ORG-1581"",""ORG-1607"",""ORG-1766"",""ORG-1813"",""ORG-1834"",""ORG-1866"",""ORG-1952"",""ORG-1956"",""ORG-2154"",""ORG-2166""]"
18915,10.1186/s13075-017-1237-9,16,"[""ORG-0302"",""ORG-0374"",""ORG-0526"",""ORG-0529"",""ORG-0589"",""ORG-0590"",""ORG-0895"",""ORG-0925"",""ORG-0941"",""ORG-0974"",""ORG-1164"",""ORG-1246"",""ORG-1746"",""ORG-1839"",""ORG-1894"",""ORG-2154""]"
18920,10.1111/j.1460-9568.2008.06438.x,5,"[""ORG-0925"",""ORG-0970"",""ORG-1464"",""ORG-1825"",""ORG-2154""]"
18924,10.7150/jca.15753,9,"[""ORG-0526"",""ORG-0529"",""ORG-0589"",""ORG-0590"",""ORG-1834"",""ORG-1890"",""ORG-1911"",""ORG-2154"",""ORG-2159""]"
18927,10.17691/stm2020.12.4.06,4,"[""ORG-0899"",""ORG-1095"",""ORG-1581"",""ORG-1825""]"
18931,10.11604/pamj.2021.40.53.25725,11,"[""ORG-0015"",""ORG-0359"",""ORG-0736"",""ORG-0769"",""ORG-0773"",""ORG-0788"",""ORG-1257"",""ORG-1856"",""ORG-1867"",""ORG-1937"",""ORG-2154""]"
18935,10.1186/s12985-021-01695-w,11,"[""ORG-0020"",""ORG-0046"",""ORG-0526"",""ORG-0589"",""ORG-0590"",""ORG-1084"",""ORG-1122"",""ORG-1797"",""ORG-1825"",""ORG-2154"",""ORG-2166""]"
18937,10.1186/s13023-021-02110-x,1,"[""ORG-1215""]"
18942,10.1172/JCI84889,9,"[""ORG-0359"",""ORG-0560"",""ORG-0791"",""ORG-0895"",""ORG-1766"",""ORG-1986"",""ORG-2154"",""ORG-2163"",""ORG-2166""]"
18945,10.3389/fonc.2021.740776,5,"[""ORG-0602"",""ORG-1228"",""ORG-1581"",""ORG-1903"",""ORG-2154""]"
18948,10.3760/cma.j.issn.0253-2727.2021.10.013,1,"[""ORG-0359""]"
18951,10.12659/AJCR.934658,6,"[""ORG-0413"",""ORG-1608"",""ORG-1609"",""ORG-1910"",""ORG-1948"",""ORG-2154""]"
18952,10.1186/1757-1626-1-278,4,"[""ORG-0853"",""ORG-1361"",""ORG-1931"",""ORG-1934""]"
18956,10.7759/cureus.18676,9,"[""ORG-0526"",""ORG-0589"",""ORG-0590"",""ORG-0824"",""ORG-0861"",""ORG-1259"",""ORG-1839"",""ORG-1948"",""ORG-2154""]"
18960,10.1038/s41467-021-26912-6,12,"[""ORG-0317"",""ORG-0526"",""ORG-0529"",""ORG-0571"",""ORG-0589"",""ORG-0590"",""ORG-1243"",""ORG-1766"",""ORG-1773"",""ORG-1937"",""ORG-1948"",""ORG-2154""]"
18963,10.1007/s40268-017-0177-9,6,"[""ORG-0359"",""ORG-1503"",""ORG-1839"",""ORG-1844"",""ORG-2154"",""ORG-2315""]"
18969,10.1128/mBio.02243-21,14,"[""ORG-0188"",""ORG-0520"",""ORG-0526"",""ORG-0589"",""ORG-0590"",""ORG-0963"",""ORG-1215"",""ORG-1347"",""ORG-1357"",""ORG-1773"",""ORG-1834"",""ORG-1938"",""ORG-2154"",""ORG-2166""]"
18984,10.3389/fonc.2021.756480,8,"[""ORG-0399"",""ORG-0526"",""ORG-0527"",""ORG-0589"",""ORG-0590"",""ORG-0925"",""ORG-1931"",""ORG-2154""]"
18991,10.1186/s12985-017-0709-5,14,"[""ORG-0497"",""ORG-0790"",""ORG-0833"",""ORG-0853"",""ORG-0854"",""ORG-0904"",""ORG-1046"",""ORG-1347"",""ORG-1357"",""ORG-1866"",""ORG-2154"",""ORG-2160"",""ORG-2166"",""ORG-2175""]"
18993,10.3389/fgene.2021.756493,3,"[""ORG-1931"",""ORG-1937"",""ORG-2141""]"
18997,10.3389/fimmu.2021.733506,2,"[""ORG-1259"",""ORG-2154""]"
19000,10.1186/s13027-021-00404-0,7,"[""ORG-0012"",""ORG-0497"",""ORG-1259"",""ORG-1347"",""ORG-1890"",""ORG-2154"",""ORG-2166""]"
19004,10.1177/17455065211058349,6,"[""ORG-0589"",""ORG-0590"",""ORG-0824"",""ORG-1221"",""ORG-1881"",""ORG-2154""]"
19005,10.1371/journal.pone.0003482,4,"[""ORG-0124"",""ORG-0772"",""ORG-0858"",""ORG-0895""]"
19009,10.4254/wjh.v9.i4.171,3,"[""ORG-0860"",""ORG-1259"",""ORG-2192""]"
19012,10.1186/s12935-021-02281-4,3,"[""ORG-1581"",""ORG-1851"",""ORG-2154""]"
19017,10.1016/j.bbmt.2017.02.007,3,"[""ORG-0938"",""ORG-1259"",""ORG-1910""]"
19027,10.1177/2324709616684514,3,"[""ORG-0359"",""ORG-0526"",""ORG-2154""]"
19028,10.3390/ijms222111688,13,"[""ORG-0359"",""ORG-0526"",""ORG-0559"",""ORG-0773"",""ORG-0824"",""ORG-1047"",""ORG-1877"",""ORG-1948"",""ORG-1956"",""ORG-2154"",""ORG-2163"",""ORG-2166"",""ORG-2260""]"
19030,10.3390/ijms222111641,12,"[""ORG-0015"",""ORG-0413"",""ORG-0497"",""ORG-0808"",""ORG-0895"",""ORG-1410"",""ORG-1581"",""ORG-1608"",""ORG-1609"",""ORG-1744"",""ORG-1905"",""ORG-2154""]"
19032,10.3390/jcm10215187,6,"[""ORG-0526"",""ORG-0589"",""ORG-0590"",""ORG-0943"",""ORG-1986"",""ORG-2154""]"
19039,10.1007/s11307-010-0300-6,5,"[""ORG-0359"",""ORG-0925"",""ORG-1119"",""ORG-1581"",""ORG-1911""]"
19042,10.3389/fmicb.2017.00119,7,"[""ORG-0124"",""ORG-0772"",""ORG-0858"",""ORG-0904"",""ORG-1259"",""ORG-1766"",""ORG-1937""]"
19049,10.1038/s41467-021-26880-x,5,"[""ORG-0360"",""ORG-1581"",""ORG-1585"",""ORG-1766"",""ORG-1867""]"
19061,10.1590/S1807-59322008000500016,3,"[""ORG-1766"",""ORG-1825"",""ORG-1839""]"
19063,10.3389/fimmu.2021.742861,11,"[""ORG-0302"",""ORG-0359"",""ORG-0526"",""ORG-0824"",""ORG-0943"",""ORG-1259"",""ORG-1421"",""ORG-1851"",""ORG-1859"",""ORG-1910"",""ORG-2154""]"
19073,10.15252/emmm.202114072,10,"[""ORG-0506"",""ORG-0526"",""ORG-0589"",""ORG-0590"",""ORG-0753"",""ORG-1087"",""ORG-1259"",""ORG-1834"",""ORG-2147"",""ORG-2154""]"
19090,10.1038/cmi.2015.35,8,"[""ORG-0790"",""ORG-0853"",""ORG-0854"",""ORG-0895"",""ORG-1259"",""ORG-1894"",""ORG-1911"",""ORG-2154""]"
19091,10.14800/ics.1491,8,"[""ORG-0497"",""ORG-0899"",""ORG-0925"",""ORG-1347"",""ORG-1357"",""ORG-1581"",""ORG-1719"",""ORG-2154""]"
19098,10.1016/j.pep.2008.09.012,11,"[""ORG-0187"",""ORG-0497"",""ORG-0520"",""ORG-0589"",""ORG-0590"",""ORG-0680"",""ORG-1047"",""ORG-1259"",""ORG-1418"",""ORG-2147"",""ORG-2154""]"
19104,10.1038/s41467-021-26844-1,3,"[""ORG-0285"",""ORG-1766"",""ORG-1934""]"
19105,10.1186/s12883-017-0814-5,1,"[""ORG-1839""]"
19130,10.1016/j.jvacx.2021.100118,2,"[""ORG-1259"",""ORG-1881""]"
19139,10.4103/2249-4863.174302,5,"[""ORG-0790"",""ORG-0824"",""ORG-0861"",""ORG-1894"",""ORG-2154""]"
19146,10.4103/0973-029X.174643,9,"[""ORG-0385"",""ORG-0526"",""ORG-0581"",""ORG-0589"",""ORG-0590"",""ORG-0925"",""ORG-1910"",""ORG-1911"",""ORG-2154""]"
19147,10.1080/15548627.2021.1987674,9,"[""ORG-0359"",""ORG-0497"",""ORG-1527"",""ORG-1866"",""ORG-1937"",""ORG-2147"",""ORG-2154"",""ORG-2166"",""ORG-2306""]"
19148,10.1053/j.seminoncol.2015.09.011,5,"[""ORG-0824"",""ORG-0861"",""ORG-1667"",""ORG-1910"",""ORG-2154""]"
19149,10.3390/pathogens6010005,5,"[""ORG-0796"",""ORG-0855"",""ORG-1259"",""ORG-1851"",""ORG-2166""]"
19154,10.2147/OPTH.S80475,4,"[""ORG-0790"",""ORG-1259"",""ORG-1938"",""ORG-2154""]"
19160,10.1084/jem.20072581,8,"[""ORG-0526"",""ORG-0589"",""ORG-0590"",""ORG-0791"",""ORG-1747"",""ORG-1839"",""ORG-2154"",""ORG-2159""]"
19161,10.1371/journal.pbio.3001423,7,"[""ORG-1039"",""ORG-1607"",""ORG-1813"",""ORG-1911"",""ORG-1937"",""ORG-2141"",""ORG-2315""]"
19172,10.3389/fimmu.2021.754436,4,"[""ORG-1432"",""ORG-1766"",""ORG-1797"",""ORG-1855""]"
19176,10.1186/1479-5876-6-56,7,"[""ORG-0046"",""ORG-0047"",""ORG-0772"",""ORG-0925"",""ORG-1773"",""ORG-1825"",""ORG-2154""]"
19178,10.1080/10717544.2016.1247926,7,"[""ORG-0046"",""ORG-1167"",""ORG-1891"",""ORG-1931"",""ORG-1936"",""ORG-2154"",""ORG-2166""]"
19179,10.1038/srep41889,5,"[""ORG-0895"",""ORG-0925"",""ORG-1798"",""ORG-1911"",""ORG-1949""]"
19180,10.1371/journal.ppat.1000150,14,"[""ORG-0359"",""ORG-0772"",""ORG-1221"",""ORG-1259"",""ORG-1534"",""ORG-1798"",""ORG-1839"",""ORG-1881"",""ORG-1894"",""ORG-1935"",""ORG-1980"",""ORG-2094"",""ORG-2147"",""ORG-2166""]"
19183,10.4103/0975-5950.196142,2,"[""ORG-1898"",""ORG-1948""]"
19196,10.1136/lupus-2021-000531,8,"[""ORG-0359"",""ORG-0497"",""ORG-0596"",""ORG-0906"",""ORG-1421"",""ORG-1581"",""ORG-1894"",""ORG-2154""]"
19197,10.1155/2015/891618,2,"[""ORG-2120"",""ORG-2154""]"
19202,10.1186/s13104-017-2399-x,2,"[""ORG-0319"",""ORG-1568""]"
19208,10.14338/IJPT-20-00057.1,6,"[""ORG-0399"",""ORG-0736"",""ORG-0897"",""ORG-1368"",""ORG-1868"",""ORG-2154""]"
19211,10.3389/fonc.2021.734694,12,"[""ORG-0526"",""ORG-0527"",""ORG-0529"",""ORG-0589"",""ORG-0590"",""ORG-0925"",""ORG-1361"",""ORG-1581"",""ORG-1866"",""ORG-1911"",""ORG-2154"",""ORG-2156""]"
19212,10.7759/cureus.18207,10,"[""ORG-0526"",""ORG-0589"",""ORG-0590"",""ORG-1259"",""ORG-1347"",""ORG-1890"",""ORG-1894"",""ORG-1911"",""ORG-1981"",""ORG-2154""]"
19216,10.1177/17588359211052417,6,"[""ORG-0313"",""ORG-0497"",""ORG-0526"",""ORG-1581"",""ORG-1910"",""ORG-2154""]"
19223,10.1186/s12711-017-0293-6,3,"[""ORG-0526"",""ORG-1259"",""ORG-1856""]"
19228,10.18632/oncotarget.14885,2,"[""ORG-0015"",""ORG-2154""]"
19232,10.1111/jocd.14521,9,"[""ORG-0413"",""ORG-0938"",""ORG-1047"",""ORG-1259"",""ORG-1608"",""ORG-1609"",""ORG-1910"",""ORG-1981"",""ORG-2120""]"
19237,10.3390/v9020026,6,"[""ORG-0790"",""ORG-0855"",""ORG-1286"",""ORG-1347"",""ORG-1357"",""ORG-2154""]"
19238,10.1007/s13665-015-0124-6,3,"[""ORG-1891"",""ORG-1896"",""ORG-2315""]"
19241,10.1136/annrheumdis-2016-210457,5,"[""ORG-0897"",""ORG-1089"",""ORG-1259"",""ORG-1847"",""ORG-2154""]"
19261,10.1186/1479-0556-6-13,3,"[""ORG-0359"",""ORG-0938"",""ORG-1100""]"
19279,10.1371/journal.pone.0141925,6,"[""ORG-0790"",""ORG-0853"",""ORG-0854"",""ORG-0938"",""ORG-2154"",""ORG-2306""]"
19285,10.1371/journal.pone.0170773,4,"[""ORG-0790"",""ORG-0853"",""ORG-1847"",""ORG-2154""]"
19288,10.1128/Spectrum.00020-21,9,"[""ORG-0772"",""ORG-0824"",""ORG-0858"",""ORG-1347"",""ORG-1505"",""ORG-1825"",""ORG-1891"",""ORG-1938"",""ORG-2154""]"
19290,10.1016/j.omtm.2021.09.002,4,"[""ORG-0020"",""ORG-1421"",""ORG-1839"",""ORG-1891""]"
19291,10.4103/tjo.tjo_30_21,4,"[""ORG-0413"",""ORG-0790"",""ORG-1839"",""ORG-2154""]"
19292,10.4103/jgid.jgid_233_20,7,"[""ORG-0373"",""ORG-0963"",""ORG-1581"",""ORG-2114"",""ORG-2120"",""ORG-2154"",""ORG-2189""]"
19304,10.5812/hepatmon.31541,10,"[""ORG-0228"",""ORG-0363"",""ORG-0773"",""ORG-0856"",""ORG-1039"",""ORG-1361"",""ORG-1894"",""ORG-1896"",""ORG-1952"",""ORG-2166""]"
19311,10.1371/journal.ppat.1005346,11,"[""ORG-0497"",""ORG-0526"",""ORG-0589"",""ORG-0590"",""ORG-1464"",""ORG-1581"",""ORG-1678"",""ORG-1766"",""ORG-1937"",""ORG-2154"",""ORG-2163""]"
19313,10.18632/oncotarget.14744,7,"[""ORG-0526"",""ORG-0527"",""ORG-0589"",""ORG-0590"",""ORG-1911"",""ORG-2154"",""ORG-2156""]"
19330,10.3390/vaccines9101189,12,"[""ORG-0869"",""ORG-1218"",""ORG-1231"",""ORG-1259"",""ORG-1857"",""ORG-1894"",""ORG-1905"",""ORG-1934"",""ORG-2154"",""ORG-2157"",""ORG-2164"",""ORG-2306""]"
19331,10.1371/journal.ppat.1006167,8,"[""ORG-0312"",""ORG-0585"",""ORG-0728"",""ORG-0925"",""ORG-1039"",""ORG-1607"",""ORG-1903"",""ORG-2141""]"
19339,10.3389/fmed.2021.740154,5,"[""ORG-0302"",""ORG-0359"",""ORG-0963"",""ORG-1581"",""ORG-1766""]"
19343,10.1167/iovs.16-20668,10,"[""ORG-0790"",""ORG-0853"",""ORG-0854"",""ORG-0872"",""ORG-0963"",""ORG-1286"",""ORG-1766"",""ORG-1856"",""ORG-1894"",""ORG-2154""]"
19344,10.3389/fimmu.2021.734471,13,"[""ORG-0302"",""ORG-0526"",""ORG-0527"",""ORG-0589"",""ORG-0590"",""ORG-0938"",""ORG-1773"",""ORG-1839"",""ORG-1858"",""ORG-1891"",""ORG-1897"",""ORG-1917"",""ORG-2154""]"
19347,10.1038/srep41091,9,"[""ORG-0790"",""ORG-0853"",""ORG-0854"",""ORG-1259"",""ORG-1347"",""ORG-1766"",""ORG-1855"",""ORG-2154"",""ORG-2192""]"
19356,10.3390/life11101097,8,"[""ORG-0824"",""ORG-0869"",""ORG-1230"",""ORG-1259"",""ORG-1347"",""ORG-1357"",""ORG-1766"",""ORG-1825""]"
19363,10.1016/j.beha.2008.06.002,5,"[""ORG-0526"",""ORG-0527"",""ORG-0589"",""ORG-0590"",""ORG-2154""]"
19369,10.4103/0974-7796.164853,2,"[""ORG-1839"",""ORG-1891""]"
19374,10.3390/cancers13205189,17,"[""ORG-0497"",""ORG-0503"",""ORG-0526"",""ORG-0527"",""ORG-0529"",""ORG-0559"",""ORG-0589"",""ORG-0590"",""ORG-0897"",""ORG-1259"",""ORG-1581"",""ORG-1825"",""ORG-1834"",""ORG-1911"",""ORG-1937"",""ORG-2154"",""ORG-2156""]"
19375,10.3390/cancers13205097,7,"[""ORG-0361"",""ORG-0526"",""ORG-0589"",""ORG-0590"",""ORG-0974"",""ORG-1259"",""ORG-2154""]"
19376,10.1155/2016/7370536,1,"[""ORG-0312""]"
19380,10.3390/ani11102851,5,"[""ORG-0545"",""ORG-1137"",""ORG-1839"",""ORG-1938"",""ORG-2154""]"
19383,10.1016/j.redox.2021.102172,9,"[""ORG-0790"",""ORG-0853"",""ORG-0854"",""ORG-1347"",""ORG-1357"",""ORG-1839"",""ORG-2154"",""ORG-2187"",""ORG-2306""]"
19384,10.1016/j.cellimm.2021.104450,10,"[""ORG-0319"",""ORG-0853"",""ORG-0925"",""ORG-0938"",""ORG-1259"",""ORG-1766"",""ORG-1797"",""ORG-1894"",""ORG-1921"",""ORG-2154""]"
19386,10.1007/s00005-021-00635-4,4,"[""ORG-1259"",""ORG-1831"",""ORG-1846"",""ORG-2154""]"
19389,10.1038/srep18450,4,"[""ORG-0680"",""ORG-1368"",""ORG-1868"",""ORG-2154""]"
19390,10.1080/21505594.2021.1982373,12,"[""ORG-0790"",""ORG-0853"",""ORG-0854"",""ORG-1246"",""ORG-1286"",""ORG-1866"",""ORG-1891"",""ORG-1937"",""ORG-1938"",""ORG-2154"",""ORG-2166"",""ORG-2260""]"
19392,10.1038/ncomms14035,5,"[""ORG-0899"",""ORG-0974"",""ORG-1259"",""ORG-1766"",""ORG-1911""]"
19393,10.1159/000450723,6,"[""ORG-0571"",""ORG-0773"",""ORG-1259"",""ORG-1825"",""ORG-2154"",""ORG-2166""]"
19394,10.1093/gigascience/giab070,2,"[""ORG-1958"",""ORG-2304""]"
19395,10.1126/scitranslmed.aag2196,3,"[""ORG-0310"",""ORG-0618"",""ORG-1766""]"
19396,10.1371/journal.ppat.1010006,10,"[""ORG-0925"",""ORG-0963"",""ORG-1135"",""ORG-1259"",""ORG-1766"",""ORG-1839"",""ORG-1938"",""ORG-1949"",""ORG-2040"",""ORG-2154""]"
19407,10.3389/fimmu.2021.745802,9,"[""ORG-0497"",""ORG-0853"",""ORG-0895"",""ORG-0897"",""ORG-0925"",""ORG-0963"",""ORG-1581"",""ORG-1949"",""ORG-2154""]"
19408,10.18632/oncotarget.14636,8,"[""ORG-0317"",""ORG-0518"",""ORG-0526"",""ORG-0589"",""ORG-0590"",""ORG-0736"",""ORG-1581"",""ORG-2154""]"
19409,10.3389/fimmu.2021.730507,4,"[""ORG-0365"",""ORG-0497"",""ORG-1259"",""ORG-1897""]"
19413,10.3341/kjo.2008.22.3.197,1,"[""ORG-0359""]"
19415,10.2147/AHMT.S94170,3,"[""ORG-0856"",""ORG-1825"",""ORG-2154""]"
19420,10.1128/Spectrum.00983-21,6,"[""ORG-0963"",""ORG-1259"",""ORG-1797"",""ORG-1825"",""ORG-2154"",""ORG-2166""]"
19431,10.1038/jcbfm.2008.106,4,"[""ORG-0925"",""ORG-1259"",""ORG-1839"",""ORG-1958""]"
19434,10.1038/srep18057,9,"[""ORG-0302"",""ORG-0526"",""ORG-0527"",""ORG-0589"",""ORG-0590"",""ORG-1766"",""ORG-1852"",""ORG-1859"",""ORG-2154""]"
19439,10.1038/bmt.2016.356,1,"[""ORG-0897""]"
19443,10.12659/AJCR.933272,7,"[""ORG-0526"",""ORG-0527"",""ORG-0589"",""ORG-0590"",""ORG-1259"",""ORG-2154"",""ORG-2156""]"
19444,10.1371/journal.pone.0145228,10,"[""ORG-0315"",""ORG-0790"",""ORG-0853"",""ORG-1395"",""ORG-1766"",""ORG-1906"",""ORG-2114"",""ORG-2154"",""ORG-2165"",""ORG-2306""]"
19455,10.1038/s41467-021-26260-5,6,"[""ORG-0036"",""ORG-0790"",""ORG-0853"",""ORG-0854"",""ORG-1986"",""ORG-2154""]"
19456,10.1371/journal.pone.0258357,3,"[""ORG-1221"",""ORG-1847"",""ORG-1881""]"
19465,10.7150/thno.64880,10,"[""ORG-0808"",""ORG-0895"",""ORG-1238"",""ORG-1581"",""ORG-1585"",""ORG-1851"",""ORG-1897"",""ORG-1911"",""ORG-2154"",""ORG-2166""]"
19468,10.3389/fimmu.2016.00656,3,"[""ORG-0319"",""ORG-0897"",""ORG-1985""]"
19470,10.1371/journal.pone.0144738,6,"[""ORG-0790"",""ORG-0853"",""ORG-0854"",""ORG-1798"",""ORG-2154"",""ORG-2166""]"
19474,10.4103/0971-5916.171280,2,"[""ORG-1368"",""ORG-2154""]"
19479,10.1186/s12882-021-02538-0,1,"[""ORG-0853""]"
19481,10.3390/ijms221910558,11,"[""ORG-0082"",""ORG-0623"",""ORG-0772"",""ORG-0858"",""ORG-1825"",""ORG-1846"",""ORG-1898"",""ORG-1979"",""ORG-2111"",""ORG-2141"",""ORG-2304""]"
19488,10.1128/JVI.02033-16,13,"[""ORG-0155"",""ORG-0317"",""ORG-0359"",""ORG-0602"",""ORG-0772"",""ORG-0858"",""ORG-1230"",""ORG-1259"",""ORG-1678"",""ORG-1797"",""ORG-1919"",""ORG-2114"",""ORG-2154""]"
19489,10.1371/journal.pone.0144753,3,"[""ORG-0938"",""ORG-1744"",""ORG-1797""]"
19495,10.1186/s12987-015-0024-8,7,"[""ORG-0360"",""ORG-0869"",""ORG-1839"",""ORG-1917"",""ORG-2120"",""ORG-2154"",""ORG-2166""]"
19499,10.1016/j.chom.2015.11.011,4,"[""ORG-0790"",""ORG-0853"",""ORG-0854"",""ORG-2154""]"
19501,10.1186/s12985-015-0449-3,4,"[""ORG-1095"",""ORG-1900"",""ORG-1956"",""ORG-2154""]"
19510,10.1080/21645515.2016.1265715,2,"[""ORG-0897"",""ORG-1897""]"
19519,10.5501/wjv.v10.i5.229,6,"[""ORG-0970"",""ORG-1934"",""ORG-2057"",""ORG-2154"",""ORG-2166"",""ORG-2167""]"
19528,10.3389/fphar.2021.707695,6,"[""ORG-0853"",""ORG-0925"",""ORG-1112"",""ORG-1931"",""ORG-2154"",""ORG-2164""]"
19539,10.1159/000164620,6,"[""ORG-0589"",""ORG-0590"",""ORG-0790"",""ORG-0853"",""ORG-1581"",""ORG-2154""]"
19546,10.4049/jimmunol.2001319,5,"[""ORG-0319"",""ORG-0772"",""ORG-0858"",""ORG-1215"",""ORG-1347""]"
19554,10.1007/s40121-021-00528-1,8,"[""ORG-0359"",""ORG-0589"",""ORG-0590"",""ORG-0963"",""ORG-1259"",""ORG-2154"",""ORG-2192"",""ORG-2193""]"
19555,10.3390/v7122938,1,"[""ORG-2257""]"
19560,10.1039/c6ob02334g,2,"[""ORG-0560"",""ORG-2154""]"
19566,10.1158/0008-5472.CAN-15-0894,7,"[""ORG-0361"",""ORG-0790"",""ORG-0925"",""ORG-0974"",""ORG-1215"",""ORG-2154"",""ORG-2166""]"
19567,10.1186/s12884-021-04150-4,6,"[""ORG-0589"",""ORG-0590"",""ORG-0990"",""ORG-1581"",""ORG-2154"",""ORG-2156""]"
19568,10.1016/j.ebiom.2015.07.029,1,"[""ORG-1259""]"
19577,10.12998/wjcc.v9.i25.7468,2,"[""ORG-1990"",""ORG-2154""]"
19584,10.1186/1752-1947-2-282,6,"[""ORG-0790"",""ORG-1286"",""ORG-1839"",""ORG-1934"",""ORG-2154"",""ORG-2161""]"
19585,10.1159/000515413,8,"[""ORG-0244"",""ORG-0736"",""ORG-0790"",""ORG-0853"",""ORG-0854"",""ORG-1896"",""ORG-1921"",""ORG-2154""]"
19589,10.1371/journal.pone.0169081,7,"[""ORG-0317"",""ORG-0790"",""ORG-0853"",""ORG-0854"",""ORG-1259"",""ORG-1527"",""ORG-2154""]"
19598,10.1111/jvim.14637,4,"[""ORG-0906"",""ORG-1347"",""ORG-1357"",""ORG-1480""]"
19611,10.1111/cas.15152,17,"[""ORG-0497"",""ORG-0526"",""ORG-0589"",""ORG-0590"",""ORG-0897"",""ORG-0925"",""ORG-1259"",""ORG-1347"",""ORG-1357"",""ORG-1581"",""ORG-1719"",""ORG-1766"",""ORG-1861"",""ORG-1894"",""ORG-1911"",""ORG-2154"",""ORG-2156""]"
19619,10.1007/s00259-008-0921-z,3,"[""ORG-1031"",""ORG-1259"",""ORG-1891""]"
19630,10.3390/pathogens6010002,6,"[""ORG-0791"",""ORG-1347"",""ORG-1911"",""ORG-1938"",""ORG-2154"",""ORG-2166""]"
19633,10.4062/biomolther.2016.208,4,"[""ORG-0833"",""ORG-0858"",""ORG-1023"",""ORG-2166""]"
19636,10.1136/jitc-2021-002939,11,"[""ORG-0207"",""ORG-0619"",""ORG-0790"",""ORG-0906"",""ORG-1259"",""ORG-1347"",""ORG-1938"",""ORG-1961"",""ORG-2138"",""ORG-2154"",""ORG-2157""]"
19641,10.22034/APJCP.2016.17.11.4907,9,"[""ORG-0526"",""ORG-0772"",""ORG-0858"",""ORG-1361"",""ORG-1797"",""ORG-1825"",""ORG-1896"",""ORG-2154"",""ORG-2166""]"
19645,10.18632/oncotarget.14120,13,"[""ORG-0497"",""ORG-0526"",""ORG-0527"",""ORG-0589"",""ORG-0590"",""ORG-0925"",""ORG-0943"",""ORG-0963"",""ORG-1421"",""ORG-1839"",""ORG-1866"",""ORG-1897"",""ORG-2154""]"
19647,10.3389/fcimb.2021.720132,8,"[""ORG-0360"",""ORG-1232"",""ORG-1253"",""ORG-1347"",""ORG-1357"",""ORG-1581"",""ORG-1771"",""ORG-2154""]"
19653,10.18632/oncotarget.14137,7,"[""ORG-0497"",""ORG-0526"",""ORG-0589"",""ORG-0590"",""ORG-1089"",""ORG-1981"",""ORG-2154""]"
19654,10.1186/s12879-021-06698-0,2,"[""ORG-0359"",""ORG-1259""]"
19661,10.1016/j.cmi.2021.09.018,4,"[""ORG-0413"",""ORG-1603"",""ORG-1608"",""ORG-1609""]"
19664,10.1371/journal.ppat.1009950,17,"[""ORG-0497"",""ORG-0560"",""ORG-0790"",""ORG-0855"",""ORG-0897"",""ORG-1559"",""ORG-1719"",""ORG-1839"",""ORG-1844"",""ORG-1849"",""ORG-1850"",""ORG-1938"",""ORG-1986"",""ORG-2154"",""ORG-2163"",""ORG-2166"",""ORG-2260""]"
19674,10.1038/srep16706,5,"[""ORG-0526"",""ORG-0589"",""ORG-0590"",""ORG-2154"",""ORG-2306""]"
19684,10.1128/mSphere.00751-21,13,"[""ORG-0421"",""ORG-0497"",""ORG-0526"",""ORG-0589"",""ORG-0590"",""ORG-1259"",""ORG-1347"",""ORG-1357"",""ORG-1581"",""ORG-1839"",""ORG-1887"",""ORG-1986"",""ORG-2154""]"
19688,10.1016/j.survophthal.2016.12.008,4,"[""ORG-1089"",""ORG-1631"",""ORG-2154"",""ORG-2166""]"
19692,10.1097/DAD.0000000000000330,1,"[""ORG-1956""]"
19704,10.1016/j.celrep.2015.10.034,9,"[""ORG-0048"",""ORG-0049"",""ORG-0359"",""ORG-0773"",""ORG-0963"",""ORG-1089"",""ORG-1347"",""ORG-1357"",""ORG-2114""]"
19706,10.18632/oncotarget.14032,8,"[""ORG-0122"",""ORG-0526"",""ORG-0589"",""ORG-0590"",""ORG-1087"",""ORG-1747"",""ORG-1825"",""ORG-2154""]"
19711,10.3390/v13091828,10,"[""ORG-0206"",""ORG-0938"",""ORG-1035"",""ORG-1039"",""ORG-1205"",""ORG-1259"",""ORG-1607"",""ORG-1866"",""ORG-1986"",""ORG-2166""]"
19720,10.3390/v13091740,6,"[""ORG-0790"",""ORG-0853"",""ORG-1825"",""ORG-1934"",""ORG-2154"",""ORG-2166""]"
19723,10.1038/srep39144,7,"[""ORG-0312"",""ORG-1581"",""ORG-1766"",""ORG-1867"",""ORG-1891"",""ORG-1983"",""ORG-2154""]"
19725,10.3390/v13091677,8,"[""ORG-0359"",""ORG-0853"",""ORG-1825"",""ORG-1839"",""ORG-1848"",""ORG-1917"",""ORG-1934"",""ORG-2166""]"
19732,10.3390/medicina57090871,11,"[""ORG-0363"",""ORG-0853"",""ORG-1131"",""ORG-1581"",""ORG-1896"",""ORG-1911"",""ORG-1970"",""ORG-1986"",""ORG-2154"",""ORG-2166"",""ORG-2331""]"
19733,10.3390/molecules26185659,2,"[""ORG-1639"",""ORG-1856""]"
19743,10.3390/jcm10184056,2,"[""ORG-0413"",""ORG-1867""]"
19744,10.1371/journal.pone.0142479,10,"[""ORG-0188"",""ORG-0497"",""ORG-0678"",""ORG-0963"",""ORG-1347"",""ORG-1357"",""ORG-1934"",""ORG-2154"",""ORG-2166"",""ORG-2271""]"
19753,10.1161/JAHA.116.004243,6,"[""ORG-0363"",""ORG-0364"",""ORG-0736"",""ORG-0824"",""ORG-0943"",""ORG-1839""]"
19758,10.3390/cells10092360,13,"[""ORG-0359"",""ORG-0363"",""ORG-0497"",""ORG-0824"",""ORG-0861"",""ORG-1347"",""ORG-1361"",""ORG-1877"",""ORG-1894"",""ORG-1921"",""ORG-1981"",""ORG-2154"",""ORG-2306""]"
19759,10.1111/j.1365-2141.2008.07316.x,4,"[""ORG-0455"",""ORG-2154"",""ORG-2166"",""ORG-2170""]"
19760,10.1186/s12917-015-0595-2,11,"[""ORG-0363"",""ORG-0364"",""ORG-0963"",""ORG-1259"",""ORG-1347"",""ORG-1357"",""ORG-1361"",""ORG-1483"",""ORG-1503"",""ORG-2154"",""ORG-2315""]"
19766,10.3389/fped.2021.765546,2,"[""ORG-0359"",""ORG-0526""]"
19768,10.7150/jca.16443,6,"[""ORG-0285"",""ORG-0497"",""ORG-0589"",""ORG-0590"",""ORG-1259"",""ORG-2154""]"
19773,10.1097/OLQ.0000000000000374,8,"[""ORG-0497"",""ORG-0806"",""ORG-0833"",""ORG-0853"",""ORG-0854"",""ORG-1259"",""ORG-1361"",""ORG-1851""]"
19774,10.1093/ve/veab010,7,"[""ORG-0526"",""ORG-0589"",""ORG-0590"",""ORG-1910"",""ORG-1938"",""ORG-2147"",""ORG-2154""]"
19777,10.3389/fimmu.2021.732694,11,"[""ORG-0526"",""ORG-0529"",""ORG-0559"",""ORG-0589"",""ORG-0590"",""ORG-0906"",""ORG-1581"",""ORG-1834"",""ORG-1910"",""ORG-1948"",""ORG-2154""]"
19778,10.3389/fimmu.2021.730765,7,"[""ORG-0359"",""ORG-0772"",""ORG-0858"",""ORG-0897"",""ORG-1215"",""ORG-1581"",""ORG-2154""]"
19780,10.1111/ajt.14169,2,"[""ORG-1259"",""ORG-1839""]"
19783,10.12659/AJCR.933565,6,"[""ORG-0542"",""ORG-0790"",""ORG-0853"",""ORG-1368"",""ORG-1894"",""ORG-2154""]"
19784,10.1053/j.semdp.2016.11.003,3,"[""ORG-0526"",""ORG-0527"",""ORG-0814""]"
19787,10.1097/MD.0000000000002061,6,"[""ORG-0302"",""ORG-0814"",""ORG-1259"",""ORG-1581"",""ORG-1949"",""ORG-2154""]"
19799,10.1371/journal.pone.0142486,5,"[""ORG-1347"",""ORG-1581"",""ORG-2140"",""ORG-2166"",""ORG-2171""]"
19800,10.1038/srep39263,8,"[""ORG-0312"",""ORG-0938"",""ORG-1135"",""ORG-1259"",""ORG-1581"",""ORG-1900"",""ORG-2154"",""ORG-2166""]"
19801,10.1186/s13104-015-1656-0,4,"[""ORG-1259"",""ORG-1903"",""ORG-2113"",""ORG-2192""]"
19803,10.1097/MD.0000000000027283,2,"[""ORG-0596"",""ORG-1259""]"
19811,10.1097/MD.0000000000001721,2,"[""ORG-1603"",""ORG-2166""]"
19819,10.1186/s12879-021-06694-4,8,"[""ORG-0506"",""ORG-0772"",""ORG-0858"",""ORG-0883"",""ORG-1368"",""ORG-1851"",""ORG-1894"",""ORG-1934""]"
19821,10.1016/j.ajog.2008.01.059,3,"[""ORG-0048"",""ORG-0049"",""ORG-2154""]"
19830,10.1016/j.celrep.2021.109721,1,"[""ORG-2166""]"
19835,10.1186/s13027-016-0108-3,3,"[""ORG-0589"",""ORG-0590"",""ORG-2154""]"
19841,10.1371/journal.pone.0142540,8,"[""ORG-0365"",""ORG-0925"",""ORG-1051"",""ORG-1543"",""ORG-1766"",""ORG-1798"",""ORG-1938"",""ORG-2154""]"
19850,10.1155/2015/395371,6,"[""ORG-0925"",""ORG-1031"",""ORG-1259"",""ORG-1766"",""ORG-1815"",""ORG-1825""]"
19855,10.1371/journal.pone.0002811,2,"[""ORG-0311"",""ORG-1259""]"
19863,10.7759/cureus.17273,3,"[""ORG-0790"",""ORG-1948"",""ORG-2154""]"
19868,10.17161/kjm.vol1415205,7,"[""ORG-1259"",""ORG-1896"",""ORG-1897"",""ORG-1910"",""ORG-1981"",""ORG-2154"",""ORG-2315""]"
19874,10.1294/jes.32.99,3,"[""ORG-1230"",""ORG-1839"",""ORG-2154""]"
19878,10.1186/s12887-021-02879-7,2,"[""ORG-0526"",""ORG-2154""]"
19888,10.1186/s12348-021-00262-2,4,"[""ORG-1608"",""ORG-1609"",""ORG-2120"",""ORG-2154""]"
19889,10.1111/1759-7714.14157,5,"[""ORG-0014"",""ORG-0581"",""ORG-1891"",""ORG-1931"",""ORG-2166""]"
19893,10.1371/journal.ppat.1006031,17,"[""ORG-0359"",""ORG-0522"",""ORG-0525"",""ORG-0571"",""ORG-0898"",""ORG-0963"",""ORG-1259"",""ORG-1405"",""ORG-1540"",""ORG-1766"",""ORG-1837"",""ORG-1903"",""ORG-1911"",""ORG-1938"",""ORG-2154"",""ORG-2166"",""ORG-2178""]"
19901,10.1080/21645515.2017.1264797,4,"[""ORG-0188"",""ORG-0970"",""ORG-1910"",""ORG-2154""]"
19902,10.1186/s12886-021-02096-x,10,"[""ORG-0363"",""ORG-0790"",""ORG-0853"",""ORG-0963"",""ORG-1361"",""ORG-1771"",""ORG-2120"",""ORG-2154"",""ORG-2166"",""ORG-2189""]"
19910,10.3389/fimmu.2021.714821,12,"[""ORG-0360"",""ORG-0790"",""ORG-0853"",""ORG-0854"",""ORG-1258"",""ORG-1286"",""ORG-1766"",""ORG-1911"",""ORG-1921"",""ORG-1949"",""ORG-2154"",""ORG-2315""]"
19918,10.3390/v7102890,5,"[""ORG-0790"",""ORG-0853"",""ORG-0854"",""ORG-1894"",""ORG-2154""]"
19935,10.7759/cureus.17021,2,"[""ORG-0773"",""ORG-2154""]"
19940,10.1186/s12875-015-0377-8,2,"[""ORG-1259"",""ORG-1891""]"
19942,10.1111/1346-8138.13639,4,"[""ORG-1825"",""ORG-1839"",""ORG-1910"",""ORG-2315""]"
19947,10.2147/IJN.S89610,5,"[""ORG-0187"",""ORG-0188"",""ORG-1205"",""ORG-1259"",""ORG-1421""]"
19949,10.3346/jkms.2021.36.e222,4,"[""ORG-1089"",""ORG-1259"",""ORG-1368"",""ORG-1839""]"
19952,10.12659/AJCR.932959,6,"[""ORG-0542"",""ORG-1259"",""ORG-1581"",""ORG-1826"",""ORG-2120"",""ORG-2154""]"
19955,10.1016/j.virol.2016.11.016,4,"[""ORG-0925"",""ORG-1039"",""ORG-1439"",""ORG-1894""]"
19962,10.1136/bmjdrc-2015-000140,4,"[""ORG-0471"",""ORG-1259"",""ORG-1872"",""ORG-2154""]"
19965,10.1002/1878-0261.13100,10,"[""ORG-0188"",""ORG-0497"",""ORG-0974"",""ORG-1259"",""ORG-1347"",""ORG-1357"",""ORG-1948"",""ORG-2154"",""ORG-2166"",""ORG-2315""]"
19966,10.1371/journal.ppat.1000106,10,"[""ORG-0188"",""ORG-0895"",""ORG-0899"",""ORG-1215"",""ORG-1259"",""ORG-1746"",""ORG-1766"",""ORG-1798"",""ORG-1825"",""ORG-1891""]"
19967,10.1186/s13019-016-0562-4,2,"[""ORG-0206"",""ORG-1259""]"
19969,10.1371/journal.ppat.1006015,15,"[""ORG-0015"",""ORG-0302"",""ORG-0359"",""ORG-0772"",""ORG-0858"",""ORG-0897"",""ORG-0925"",""ORG-0963"",""ORG-1221"",""ORG-1245"",""ORG-1259"",""ORG-1347"",""ORG-1797"",""ORG-1825"",""ORG-2154""]"
19971,10.1097/HS9.0000000000000640,4,"[""ORG-1259"",""ORG-1831"",""ORG-1981"",""ORG-2154""]"
19974,10.1093/bfgp/eln034,9,"[""ORG-0046"",""ORG-0047"",""ORG-0312"",""ORG-1119"",""ORG-1295"",""ORG-1368"",""ORG-1825"",""ORG-1857"",""ORG-2154""]"
19978,10.3389/fpubh.2021.631411,5,"[""ORG-0963"",""ORG-1047"",""ORG-1259"",""ORG-1897"",""ORG-1910""]"
19989,10.3892/ijmm.2015.2372,7,"[""ORG-0526"",""ORG-0773"",""ORG-0925"",""ORG-1766"",""ORG-1949"",""ORG-1986"",""ORG-2154""]"
19994,10.1309/2CNAWY6GAR0VQAXX,12,"[""ORG-0526"",""ORG-0589"",""ORG-0590"",""ORG-0795"",""ORG-0824"",""ORG-0825"",""ORG-0860"",""ORG-1035"",""ORG-1347"",""ORG-1607"",""ORG-1825"",""ORG-2154""]"
19995,10.1097/MD.0000000000005356,5,"[""ORG-0359"",""ORG-1259"",""ORG-1856"",""ORG-1910"",""ORG-2166""]"
20001,10.1186/s12917-015-0586-3,8,"[""ORG-0188"",""ORG-0307"",""ORG-0636"",""ORG-0970"",""ORG-1825"",""ORG-1934"",""ORG-1956"",""ORG-2154""]"
20003,10.1371/journal.pone.0140483,3,"[""ORG-1766"",""ORG-1825"",""ORG-1891""]"
20006,10.3892/ol.2016.5073,2,"[""ORG-2154"",""ORG-2156""]"
20007,10.1186/s13052-021-01090-9,4,"[""ORG-0413"",""ORG-1259"",""ORG-1898"",""ORG-2315""]"
20015,10.3390/ijms22179114,3,"[""ORG-1259"",""ORG-1581"",""ORG-1856""]"
20019,10.1089/aid.2008.0041,7,"[""ORG-0302"",""ORG-0319"",""ORG-0925"",""ORG-0988"",""ORG-1812"",""ORG-1949"",""ORG-2154""]"
20022,10.1016/j.virol.2008.05.034,9,"[""ORG-0302"",""ORG-0790"",""ORG-0853"",""ORG-0854"",""ORG-0925"",""ORG-1509"",""ORG-1766"",""ORG-2154"",""ORG-2306""]"
20027,10.1182/bloodadvances.2021004589,4,"[""ORG-1215"",""ORG-1527"",""ORG-1797"",""ORG-1833""]"
20028,10.1371/journal.ppat.1006042,19,"[""ORG-0302"",""ORG-0319"",""ORG-0399"",""ORG-0925"",""ORG-1035"",""ORG-1039"",""ORG-1581"",""ORG-1582"",""ORG-1607"",""ORG-1766"",""ORG-1797"",""ORG-1798"",""ORG-1825"",""ORG-1894"",""ORG-1938"",""ORG-1956"",""ORG-1958"",""ORG-2154"",""ORG-2160""]"
20037,10.1159/000440646,3,"[""ORG-1361"",""ORG-1581"",""ORG-2154""]"
20042,10.1016/j.det.2016.07.002,3,"[""ORG-0736"",""ORG-1421"",""ORG-1891""]"
20043,10.1371/journal.ppat.1009847,6,"[""ORG-0036"",""ORG-1039"",""ORG-1228"",""ORG-1607"",""ORG-1744"",""ORG-1844""]"
20045,10.1016/j.bjid.2016.09.016,5,"[""ORG-0858"",""ORG-1839"",""ORG-1862"",""ORG-1934"",""ORG-2154""]"
20055,10.1097/TXD.0000000000001203,2,"[""ORG-0943"",""ORG-1891""]"
20056,10.1016/j.coviro.2015.09.006,3,"[""ORG-1934"",""ORG-1937"",""ORG-2154""]"
20058,10.1016/j.virol.2008.05.024,7,"[""ORG-0772"",""ORG-0858"",""ORG-0904"",""ORG-1812"",""ORG-1938"",""ORG-2154"",""ORG-2315""]"
20061,10.20517/cdr.2021.34,7,"[""ORG-0589"",""ORG-0590"",""ORG-1545"",""ORG-1948"",""ORG-1956"",""ORG-2154"",""ORG-2156""]"
20062,10.1016/j.omtm.2021.05.012,9,"[""ORG-0020"",""ORG-0046"",""ORG-0047"",""ORG-0895"",""ORG-1773"",""ORG-1936"",""ORG-1937"",""ORG-2145"",""ORG-2154""]"
20063,10.3341/kjo.2008.22.2.143,3,"[""ORG-0359"",""ORG-0497"",""ORG-1581""]"
20064,10.1177/17588359211029559,5,"[""ORG-0583"",""ORG-1259"",""ORG-1817"",""ORG-1851"",""ORG-2154""]"
20067,10.3389/fimmu.2021.724618,6,"[""ORG-0573"",""ORG-0790"",""ORG-0853"",""ORG-1747"",""ORG-1948"",""ORG-2154""]"
20069,10.3389/fimmu.2021.722293,3,"[""ORG-1347"",""ORG-1357"",""ORG-1931""]"
20075,10.1186/s12985-021-01656-3,12,"[""ORG-0413"",""ORG-0559"",""ORG-0589"",""ORG-0590"",""ORG-0824"",""ORG-0825"",""ORG-1347"",""ORG-1608"",""ORG-1609"",""ORG-1839"",""ORG-1948"",""ORG-2154""]"
20081,10.1016/j.vaccine.2021.08.088,7,"[""ORG-0359"",""ORG-0413"",""ORG-0526"",""ORG-0855"",""ORG-1259"",""ORG-1896"",""ORG-2189""]"
20085,10.1186/1471-2164-9-323,5,"[""ORG-0182"",""ORG-0853"",""ORG-1368"",""ORG-1934"",""ORG-2304""]"
20086,10.5501/wjv.v5.i4.144,4,"[""ORG-0015"",""ORG-1119"",""ORG-1259"",""ORG-2154""]"
20090,10.1186/s12883-016-0765-2,4,"[""ORG-0540"",""ORG-0581"",""ORG-0853"",""ORG-1259""]"
20094,10.7554/eLife.14749,3,"[""ORG-1095"",""ORG-1215"",""ORG-1464""]"
20096,10.1212/CPJ.0000000000001099,3,"[""ORG-0379"",""ORG-1259"",""ORG-1981""]"
20097,10.1017/S0950268816002673,3,"[""ORG-1259"",""ORG-1347"",""ORG-1357""]"
20108,10.4049/jimmunol.2100453,8,"[""ORG-0317"",""ORG-0790"",""ORG-0853"",""ORG-0925"",""ORG-1894"",""ORG-1938"",""ORG-2154"",""ORG-2165""]"
20110,10.1038/nature07103,8,"[""ORG-0790"",""ORG-0853"",""ORG-0854"",""ORG-1050"",""ORG-1051"",""ORG-1238"",""ORG-1581"",""ORG-2154""]"
20113,10.1155/2016/9354136,1,"[""ORG-1798""]"
20114,10.1371/journal.pone.0256440,13,"[""ORG-0497"",""ORG-0526"",""ORG-0527"",""ORG-0529"",""ORG-0589"",""ORG-0590"",""ORG-0925"",""ORG-1825"",""ORG-1861"",""ORG-2154"",""ORG-2156"",""ORG-2160"",""ORG-2315""]"
20116,10.3389/fimmu.2016.00476,5,"[""ORG-0319"",""ORG-0359"",""ORG-1215"",""ORG-1825"",""ORG-2154""]"
20125,10.1371/journal.pone.0140178,7,"[""ORG-0497"",""ORG-0526"",""ORG-0589"",""ORG-0590"",""ORG-1771"",""ORG-1891"",""ORG-2154""]"
20126,10.1038/s41467-021-25405-w,2,"[""ORG-0036"",""ORG-2154""]"
20127,10.1038/s41467-021-25402-z,5,"[""ORG-0374"",""ORG-0526"",""ORG-0589"",""ORG-0590"",""ORG-2154""]"
20132,10.1111/prd.12396,3,"[""ORG-1937"",""ORG-2166"",""ORG-2315""]"
20133,10.1016/j.nlm.2016.11.013,4,"[""ORG-1783"",""ORG-1949"",""ORG-2154"",""ORG-2315""]"
20134,10.1111/prd.12404,7,"[""ORG-0188"",""ORG-0581"",""ORG-1347"",""ORG-1357"",""ORG-1581"",""ORG-1911"",""ORG-2260""]"
20135,10.1186/s12885-015-1678-y,9,"[""ORG-0090"",""ORG-0559"",""ORG-0790"",""ORG-0853"",""ORG-0943"",""ORG-1361"",""ORG-2154"",""ORG-2161"",""ORG-2315""]"
20138,10.1016/j.ijbiomac.2016.11.054,6,"[""ORG-0244"",""ORG-0310"",""ORG-0573"",""ORG-0925"",""ORG-2154"",""ORG-2166""]"
20141,10.1371/journal.pone.0249484,5,"[""ORG-0359"",""ORG-0800"",""ORG-1347"",""ORG-1357"",""ORG-1934""]"
20146,10.1002/ctm2.504,4,"[""ORG-0589"",""ORG-0590"",""ORG-1581"",""ORG-2154""]"
20150,10.1177/20499361211036773,4,"[""ORG-0285"",""ORG-1089"",""ORG-1315"",""ORG-1839""]"
20155,10.1016/j.jns.2015.10.004,3,"[""ORG-2120"",""ORG-2154"",""ORG-2189""]"
20158,10.1016/j.coviro.2015.09.007,8,"[""ORG-0526"",""ORG-0589"",""ORG-0590"",""ORG-1238"",""ORG-1581"",""ORG-1911"",""ORG-2154"",""ORG-2260""]"
20164,10.3390/v13081610,3,"[""ORG-0858"",""ORG-1949"",""ORG-2315""]"
20166,10.3390/v13081568,10,"[""ORG-0312"",""ORG-0316"",""ORG-0497"",""ORG-1581"",""ORG-1668"",""ORG-1846"",""ORG-2147"",""ORG-2154"",""ORG-2161"",""ORG-2166""]"
20170,10.3390/v13081535,2,"[""ORG-0359"",""ORG-1839""]"
20172,10.3390/v13081530,5,"[""ORG-0302"",""ORG-0359"",""ORG-0455"",""ORG-1766"",""ORG-1910""]"
20181,10.3390/v13081470,5,"[""ORG-0317"",""ORG-0497"",""ORG-0511"",""ORG-1937"",""ORG-2166""]"
20183,10.3390/v13081468,13,"[""ORG-0086"",""ORG-0317"",""ORG-0360"",""ORG-0773"",""ORG-0987"",""ORG-1797"",""ORG-1848"",""ORG-1948"",""ORG-1952"",""ORG-2154"",""ORG-2166"",""ORG-2167"",""ORG-2170""]"
20190,10.1186/s13000-015-0421-y,4,"[""ORG-0497"",""ORG-0824"",""ORG-0861"",""ORG-2154""]"
20194,10.1016/j.jns.2015.09.349,4,"[""ORG-1361"",""ORG-2120"",""ORG-2154"",""ORG-2189""]"
20203,10.1016/j.celrep.2015.09.007,10,"[""ORG-0497"",""ORG-0790"",""ORG-0853"",""ORG-0854"",""ORG-0895"",""ORG-1286"",""ORG-1719"",""ORG-1902"",""ORG-2115"",""ORG-2154""]"
20204,10.1371/journal.pone.0002492,10,"[""ORG-0497"",""ORG-0526"",""ORG-0589"",""ORG-0590"",""ORG-0943"",""ORG-1259"",""ORG-1639"",""ORG-1867"",""ORG-1894"",""ORG-2154""]"
20220,10.12659/MSM.898110,3,"[""ORG-0014"",""ORG-0526"",""ORG-0925""]"
20224,10.3390/ijms22168741,8,"[""ORG-0497"",""ORG-0925"",""ORG-0941"",""ORG-1257"",""ORG-1581"",""ORG-1846"",""ORG-1891"",""ORG-2256""]"
20227,10.1097/OLQ.0000000000000522,8,"[""ORG-0790"",""ORG-0853"",""ORG-0854"",""ORG-0938"",""ORG-1361"",""ORG-1910"",""ORG-1938"",""ORG-2154""]"
20230,10.1016/j.jcyt.2015.07.020,5,"[""ORG-0312"",""ORG-0319"",""ORG-1215"",""ORG-1949"",""ORG-2154""]"
20234,10.3390/microorganisms9081683,5,"[""ORG-0939"",""ORG-1135"",""ORG-1259"",""ORG-1581"",""ORG-1839""]"
20236,10.1186/s13027-016-0104-7,8,"[""ORG-0526"",""ORG-0589"",""ORG-0590"",""ORG-0963"",""ORG-1894"",""ORG-1938"",""ORG-2154"",""ORG-2193""]"
20238,10.5114/ceji.2016.63130,12,"[""ORG-0526"",""ORG-0581"",""ORG-0589"",""ORG-0590"",""ORG-0860"",""ORG-1259"",""ORG-1347"",""ORG-1746"",""ORG-1825"",""ORG-1834"",""ORG-1938"",""ORG-2154""]"
20243,10.3390/diagnostics11081375,6,"[""ORG-0526"",""ORG-0589"",""ORG-0590"",""ORG-1851"",""ORG-1934"",""ORG-2154""]"
20244,10.3390/diagnostics11081339,1,"[""ORG-0360""]"
20249,10.3390/life11080838,8,"[""ORG-0589"",""ORG-0590"",""ORG-1215"",""ORG-1232"",""ORG-1421"",""ORG-1891"",""ORG-2154"",""ORG-2156""]"
20264,10.3390/children8080661,4,"[""ORG-0359"",""ORG-0938"",""ORG-1825"",""ORG-1881""]"
20267,10.1016/j.jmb.2021.167214,8,"[""ORG-0833"",""ORG-1347"",""ORG-1357"",""ORG-1797"",""ORG-1952"",""ORG-2154"",""ORG-2156"",""ORG-2166""]"
20281,10.1186/s12896-016-0307-4,10,"[""ORG-0411"",""ORG-0623"",""ORG-0639"",""ORG-1205"",""ORG-1259"",""ORG-1361"",""ORG-1405"",""ORG-1581"",""ORG-1751"",""ORG-1775""]"
20287,10.3346/jkms.2016.31.12.1897,1,"[""ORG-1839""]"
20301,10.1016/j.ijid.2021.08.048,4,"[""ORG-0413"",""ORG-0497"",""ORG-2120"",""ORG-2154""]"
20316,10.1007/s10238-021-00751-7,6,"[""ORG-0413"",""ORG-0438"",""ORG-0773"",""ORG-0938"",""ORG-1910"",""ORG-2154""]"
20318,10.1007/s10354-021-00876-0,6,"[""ORG-0413"",""ORG-1608"",""ORG-1609"",""ORG-1910"",""ORG-1948"",""ORG-2113""]"
20322,10.1155/2008/723539,6,"[""ORG-0188"",""ORG-1259"",""ORG-1825"",""ORG-1948"",""ORG-2166"",""ORG-2315""]"
20328,10.1084/jem.20160726,1,"[""ORG-1215""]"
20338,10.4049/jimmunol.1401990,6,"[""ORG-0359"",""ORG-0941"",""ORG-0987"",""ORG-1259"",""ORG-1766"",""ORG-1859""]"
20340,10.4049/jimmunol.1401513,6,"[""ORG-0526"",""ORG-0589"",""ORG-0590"",""ORG-1259"",""ORG-1766"",""ORG-2154""]"
20343,10.1016/j.ajoc.2021.101186,5,"[""ORG-0497"",""ORG-0589"",""ORG-0590"",""ORG-1894"",""ORG-2154""]"
20344,10.2217/fvl.14.96,8,"[""ORG-0015"",""ORG-1432"",""ORG-1503"",""ORG-1545"",""ORG-1906"",""ORG-1934"",""ORG-2154"",""ORG-2166""]"
20351,10.1371/journal.pone.0136825,10,"[""ORG-0790"",""ORG-0824"",""ORG-0853"",""ORG-0854"",""ORG-0943"",""ORG-1286"",""ORG-1347"",""ORG-1839"",""ORG-1905"",""ORG-2154""]"
20353,10.1016/j.jneuroim.2008.04.025,2,"[""ORG-1803"",""ORG-2154""]"
20355,10.1158/1078-0432.CCR-16-1666,1,"[""ORG-2166""]"
20359,10.1371/journal.ppat.1005171,10,"[""ORG-0487"",""ORG-0691"",""ORG-1039"",""ORG-1040"",""ORG-1462"",""ORG-1607"",""ORG-1839"",""ORG-1911"",""ORG-1931"",""ORG-2260""]"
20363,10.1016/j.jvacx.2021.100107,1,"[""ORG-0824""]"
20367,10.1016/j.rmcr.2021.101417,5,"[""ORG-0319"",""ORG-1259"",""ORG-1581"",""ORG-2120"",""ORG-2154""]"
20377,10.1371/journal.pone.0136353,12,"[""ORG-0228"",""ORG-0824"",""ORG-0861"",""ORG-0970"",""ORG-1259"",""ORG-1347"",""ORG-1357"",""ORG-1881"",""ORG-1887"",""ORG-1890"",""ORG-2120"",""ORG-2154""]"
20386,10.4049/jimmunol.1601049,9,"[""ORG-0359"",""ORG-0365"",""ORG-0455"",""ORG-1215"",""ORG-1347"",""ORG-1357"",""ORG-1545"",""ORG-1766"",""ORG-2154""]"
20390,10.1038/s41598-021-95823-9,13,"[""ORG-0302"",""ORG-0790"",""ORG-0853"",""ORG-0854"",""ORG-0895"",""ORG-0897"",""ORG-1259"",""ORG-1493"",""ORG-1581"",""ORG-1766"",""ORG-1911"",""ORG-1937"",""ORG-2154""]"
20406,10.1016/j.xops.2021.100051,11,"[""ORG-0497"",""ORG-0790"",""ORG-0853"",""ORG-0854"",""ORG-1259"",""ORG-1286"",""ORG-1361"",""ORG-1581"",""ORG-1870"",""ORG-2141"",""ORG-2154""]"
20412,10.7759/cureus.16274,2,"[""ORG-0413"",""ORG-2154""]"
20415,10.1016/j.csbj.2015.08.001,6,"[""ORG-1581"",""ORG-1811"",""ORG-1825"",""ORG-1931"",""ORG-2154"",""ORG-2304""]"
20418,10.1186/s13027-015-0025-x,5,"[""ORG-0188"",""ORG-0589"",""ORG-1259"",""ORG-1867"",""ORG-1956""]"
20421,10.1007/s00005-008-0021-6,6,"[""ORG-0497"",""ORG-0860"",""ORG-0963"",""ORG-1347"",""ORG-1361"",""ORG-1894""]"
20430,10.2169/internalmedicine.7953-21,2,"[""ORG-0359"",""ORG-1927""]"
20434,10.1186/s13017-021-00380-1,1,"[""ORG-1259""]"
20436,10.1186/s13000-015-0405-y,3,"[""ORG-0526"",""ORG-0527"",""ORG-1839""]"
20438,10.3390/v13071373,6,"[""ORG-0429"",""ORG-0549"",""ORG-1934"",""ORG-2151"",""ORG-2154"",""ORG-2160""]"
20446,10.1097/CJI.0000000000000388,6,"[""ORG-0285"",""ORG-0359"",""ORG-0790"",""ORG-0853"",""ORG-0854"",""ORG-2154""]"
20448,10.3389/fmed.2021.674645,9,"[""ORG-0464"",""ORG-1146"",""ORG-1259"",""ORG-1347"",""ORG-1357"",""ORG-1825"",""ORG-1839"",""ORG-2154"",""ORG-2166""]"
20451,10.1080/2162402X.2021.1954761,6,"[""ORG-0526"",""ORG-0589"",""ORG-0590"",""ORG-0897"",""ORG-1766"",""ORG-2154""]"
20453,10.1080/20016689.2021.1938894,4,"[""ORG-1368"",""ORG-2120"",""ORG-2154"",""ORG-2189""]"
20461,10.14740/gr720e,7,"[""ORG-0526"",""ORG-0589"",""ORG-0590"",""ORG-1089"",""ORG-1910"",""ORG-2154"",""ORG-2315""]"
20464,10.1016/j.coi.2021.06.017,20,"[""ORG-0244"",""ORG-0526"",""ORG-0589"",""ORG-0590"",""ORG-0773"",""ORG-0856"",""ORG-0865"",""ORG-0963"",""ORG-1035"",""ORG-1039"",""ORG-1131"",""ORG-1347"",""ORG-1357"",""ORG-1607"",""ORG-1767"",""ORG-1825"",""ORG-1921"",""ORG-2154"",""ORG-2166"",""ORG-2170""]"
20465,10.1186/s13048-016-0282-3,11,"[""ORG-0302"",""ORG-0790"",""ORG-0899"",""ORG-0925"",""ORG-1019"",""ORG-1221"",""ORG-1259"",""ORG-1480"",""ORG-1797"",""ORG-2058"",""ORG-2154""]"
20466,10.1371/journal.pone.0137719,5,"[""ORG-1259"",""ORG-1797"",""ORG-2154"",""ORG-2166"",""ORG-2251""]"
20468,10.1186/s12879-021-06437-5,9,"[""ORG-0188"",""ORG-0824"",""ORG-0963"",""ORG-0970"",""ORG-1047"",""ORG-1259"",""ORG-1896"",""ORG-2154"",""ORG-2166""]"
20473,10.3390/ijms22158206,8,"[""ORG-0122"",""ORG-0308"",""ORG-0313"",""ORG-0772"",""ORG-0858"",""ORG-1259"",""ORG-1856"",""ORG-2154""]"
20475,10.4049/jimmunol.1500696,8,"[""ORG-0302"",""ORG-0359"",""ORG-0858"",""ORG-1095"",""ORG-1205"",""ORG-1766"",""ORG-1825"",""ORG-1872""]"
20484,10.3390/cancers13153722,6,"[""ORG-1232"",""ORG-1233"",""ORG-1891"",""ORG-2057"",""ORG-2154"",""ORG-2260""]"
20492,10.1097/QAD.0000000000001240,4,"[""ORG-0302"",""ORG-0824"",""ORG-1259"",""ORG-1934""]"
20495,10.1016/bs.aivir.2021.05.001,12,"[""ORG-0188"",""ORG-0683"",""ORG-0790"",""ORG-0853"",""ORG-0854"",""ORG-1019"",""ORG-1259"",""ORG-1347"",""ORG-1357"",""ORG-1948"",""ORG-2154"",""ORG-2166""]"
20496,10.1038/srep13995,6,"[""ORG-0526"",""ORG-0589"",""ORG-0590"",""ORG-0902"",""ORG-1766"",""ORG-2154""]"
20497,10.1371/journal.pone.0002230,9,"[""ORG-0457"",""ORG-0824"",""ORG-0853"",""ORG-0962"",""ORG-1089"",""ORG-1228"",""ORG-1851"",""ORG-1872"",""ORG-1891""]"
20501,10.1371/journal.ppat.1009834,8,"[""ORG-0526"",""ORG-0529"",""ORG-0589"",""ORG-0590"",""ORG-1937"",""ORG-1986"",""ORG-2154"",""ORG-2166""]"
20507,10.3389/fped.2021.697706,4,"[""ORG-0302"",""ORG-0526"",""ORG-1766"",""ORG-2192""]"
20508,10.4103/joacp.JOACP_542_20,6,"[""ORG-1368"",""ORG-1581"",""ORG-1937"",""ORG-2120"",""ORG-2154"",""ORG-2189""]"
20509,10.1016/j.bbmt.2016.09.016,4,"[""ORG-0897"",""ORG-1259"",""ORG-1503"",""ORG-2154""]"
20513,10.1038/s41467-021-24719-z,8,"[""ORG-0133"",""ORG-0951"",""ORG-1347"",""ORG-1357"",""ORG-1839"",""ORG-1910"",""ORG-1949"",""ORG-2315""]"
20516,10.1016/j.vaccine.2021.07.050,2,"[""ORG-0304"",""ORG-1900""]"
20522,10.7554/eLife.71121,4,"[""ORG-0015"",""ORG-0589"",""ORG-0590"",""ORG-2154""]"
20523,10.7759/cureus.785,4,"[""ORG-1259"",""ORG-1894"",""ORG-1938"",""ORG-2154""]"
20527,10.7759/cureus.16061,2,"[""ORG-1089"",""ORG-1259""]"
20529,10.1186/1472-6750-8-49,10,"[""ORG-0312"",""ORG-0315"",""ORG-0317"",""ORG-0559"",""ORG-0736"",""ORG-0925"",""ORG-1825"",""ORG-1844"",""ORG-1934"",""ORG-2154""]"
20533,10.1186/s12879-021-06453-5,3,"[""ORG-2120"",""ORG-2154"",""ORG-2189""]"
20535,10.1186/s12985-016-0634-z,16,"[""ORG-0497"",""ORG-0772"",""ORG-0858"",""ORG-0925"",""ORG-1246"",""ORG-1347"",""ORG-1361"",""ORG-1581"",""ORG-1738"",""ORG-1798"",""ORG-1894"",""ORG-1938"",""ORG-1982"",""ORG-2139"",""ORG-2147"",""ORG-2154""]"
20536,10.1186/s12889-016-3772-8,4,"[""ORG-0772"",""ORG-0858"",""ORG-1259"",""ORG-1825""]"
20539,10.1186/s13287-015-0157-3,3,"[""ORG-0310"",""ORG-1259"",""ORG-1490""]"
20554,10.3389/fcell.2021.716344,14,"[""ORG-0359"",""ORG-0526"",""ORG-0824"",""ORG-0861"",""ORG-1146"",""ORG-1147"",""ORG-1347"",""ORG-1357"",""ORG-1608"",""ORG-1609"",""ORG-1825"",""ORG-2154"",""ORG-2166"",""ORG-2189""]"
20560,10.3389/fonc.2021.649963,3,"[""ORG-1891"",""ORG-1911"",""ORG-2154""]"
20562,10.1186/s12917-016-0845-y,8,"[""ORG-0385"",""ORG-1259"",""ORG-1361"",""ORG-1803"",""ORG-1839"",""ORG-1894"",""ORG-2154"",""ORG-2256""]"
20579,10.1371/journal.ppat.1005960,12,"[""ORG-0227"",""ORG-0625"",""ORG-0897"",""ORG-1039"",""ORG-1259"",""ORG-1432"",""ORG-1607"",""ORG-1839"",""ORG-1938"",""ORG-1949"",""ORG-2141"",""ORG-2154""]"
20582,10.1002/1878-0261.13070,8,"[""ORG-0188"",""ORG-0596"",""ORG-1361"",""ORG-1894"",""ORG-1897"",""ORG-2154"",""ORG-2166"",""ORG-2304""]"
20584,10.1038/nri2318,10,"[""ORG-0542"",""ORG-0963"",""ORG-1112"",""ORG-1347"",""ORG-1357"",""ORG-1766"",""ORG-1839"",""ORG-1902"",""ORG-1911"",""ORG-1963""]"
20585,10.3727/096504016X14765492198706,2,"[""ORG-0639"",""ORG-1746""]"
20586,10.4081/hr.2015.5893,7,"[""ORG-0526"",""ORG-0589"",""ORG-0590"",""ORG-1581"",""ORG-1766"",""ORG-1839"",""ORG-2154""]"
20587,10.1016/j.celrep.2016.09.077,11,"[""ORG-0573"",""ORG-0790"",""ORG-0855"",""ORG-1215"",""ORG-1347"",""ORG-1862"",""ORG-1938"",""ORG-1948"",""ORG-2147"",""ORG-2154"",""ORG-2158""]"
20595,10.1186/s13256-021-02971-7,3,"[""ORG-0497"",""ORG-2120"",""ORG-2154""]"
20609,10.1371/journal.pone.0137096,7,"[""ORG-0302"",""ORG-0359"",""ORG-0824"",""ORG-0825"",""ORG-0895"",""ORG-1259"",""ORG-1581""]"
20615,10.1158/0008-5472.CAN-20-4321,9,"[""ORG-0526"",""ORG-0589"",""ORG-0590"",""ORG-0925"",""ORG-1364"",""ORG-1579"",""ORG-1581"",""ORG-2154"",""ORG-2159""]"
20617,10.1186/s13256-021-02957-5,5,"[""ORG-0589"",""ORG-0590"",""ORG-1890"",""ORG-1894"",""ORG-2154""]"
20621,10.1371/journal.pone.0135719,9,"[""ORG-0302"",""ORG-0988"",""ORG-1766"",""ORG-1798"",""ORG-1911"",""ORG-1921"",""ORG-1932"",""ORG-2000"",""ORG-2306""]"
20622,10.1289/EHP7797,9,"[""ORG-0906"",""ORG-0943"",""ORG-1259"",""ORG-1368"",""ORG-1891"",""ORG-1910"",""ORG-1934"",""ORG-2120"",""ORG-2154""]"
20627,10.2147/PTT.S102202,3,"[""ORG-0223"",""ORG-1798"",""ORG-1890""]"
20630,10.1016/j.jdcr.2021.07.011,2,"[""ORG-2120"",""ORG-2154""]"
20634,10.4103/0366-6999.191827,3,"[""ORG-0589"",""ORG-0590"",""ORG-2154""]"
20640,10.3389/fimmu.2016.00393,7,"[""ORG-0359"",""ORG-0507"",""ORG-0895"",""ORG-0951"",""ORG-1766"",""ORG-1773"",""ORG-1910""]"
20648,10.1042/BSR20210523,4,"[""ORG-0268"",""ORG-1581"",""ORG-1931"",""ORG-2154""]"
20650,10.1186/s12985-015-0362-9,15,"[""ORG-0312"",""ORG-0497"",""ORG-0623"",""ORG-1243"",""ORG-1545"",""ORG-1812"",""ORG-1825"",""ORG-1839"",""ORG-1906"",""ORG-1937"",""ORG-2024"",""ORG-2141"",""ORG-2154"",""ORG-2163"",""ORG-2315""]"
20652,10.1186/1479-5876-6-22,6,"[""ORG-0359"",""ORG-0526"",""ORG-1361"",""ORG-1766"",""ORG-1839"",""ORG-1897""]"
20662,10.3389/fimmu.2021.665718,14,"[""ORG-0302"",""ORG-0360"",""ORG-0581"",""ORG-0589"",""ORG-0590"",""ORG-1259"",""ORG-1667"",""ORG-1766"",""ORG-1767"",""ORG-1851"",""ORG-1911"",""ORG-1921"",""ORG-1953"",""ORG-2154""]"
20664,10.1371/journal.pone.0163693,9,"[""ORG-0339"",""ORG-0497"",""ORG-0925"",""ORG-1039"",""ORG-1259"",""ORG-1581"",""ORG-1607"",""ORG-1744"",""ORG-1931""]"
20666,10.3389/fneur.2021.673339,7,"[""ORG-0360"",""ORG-0938"",""ORG-1253"",""ORG-1421"",""ORG-1891"",""ORG-1910"",""ORG-2154""]"
20668,10.1186/s12883-015-0406-1,1,"[""ORG-1890""]"
20670,10.3389/fonc.2015.00181,4,"[""ORG-0310"",""ORG-1421"",""ORG-1766"",""ORG-1981""]"
20682,10.3390/ijms22147503,5,"[""ORG-0987"",""ORG-1347"",""ORG-1357"",""ORG-1952"",""ORG-2166""]"
20692,10.1371/journal.ppat.1005105,9,"[""ORG-0571"",""ORG-0925"",""ORG-0974"",""ORG-1039"",""ORG-1859"",""ORG-1866"",""ORG-1911"",""ORG-1938"",""ORG-2154""]"
20695,10.1292/jvms.16-0329,2,"[""ORG-0312"",""ORG-0545""]"
20699,10.1038/s41598-021-94391-2,4,"[""ORG-0902"",""ORG-1937"",""ORG-2154"",""ORG-2260""]"
20700,10.4103/0973-029X.190968,2,"[""ORG-2120"",""ORG-2154""]"
20703,10.3389/fimmu.2021.676828,6,"[""ORG-0413"",""ORG-1259"",""ORG-1581"",""ORG-1894"",""ORG-2154"",""ORG-2166""]"
20708,10.1038/s41467-021-24608-5,6,"[""ORG-0772"",""ORG-0858"",""ORG-0938"",""ORG-1744"",""ORG-1938"",""ORG-2154""]"
20710,10.7554/eLife.66808,3,"[""ORG-0925"",""ORG-1095"",""ORG-1766""]"
20718,10.1038/srep34531,13,"[""ORG-0429"",""ORG-0431"",""ORG-0497"",""ORG-0700"",""ORG-0853"",""ORG-0854"",""ORG-0951"",""ORG-1315"",""ORG-1511"",""ORG-1825"",""ORG-1839"",""ORG-2154"",""ORG-2166""]"
20721,10.1371/journal.pone.0002028,7,"[""ORG-0860"",""ORG-0906"",""ORG-1259"",""ORG-1581"",""ORG-2154"",""ORG-2158"",""ORG-2166""]"
20724,10.3390/cancers13133315,12,"[""ORG-0317"",""ORG-0526"",""ORG-0527"",""ORG-0529"",""ORG-0589"",""ORG-0590"",""ORG-0963"",""ORG-1259"",""ORG-1631"",""ORG-1938"",""ORG-2154"",""ORG-2156""]"
20725,10.1159/000366463,7,"[""ORG-0244"",""ORG-1663"",""ORG-1667"",""ORG-1839"",""ORG-1891"",""ORG-1910"",""ORG-1931""]"
20727,10.1002/14651858.CD013706.pub2,5,"[""ORG-0125"",""ORG-0379"",""ORG-0413"",""ORG-1259"",""ORG-1911""]"
20731,10.1038/srep34543,7,"[""ORG-0497"",""ORG-0526"",""ORG-0589"",""ORG-0590"",""ORG-1581"",""ORG-1839"",""ORG-2154""]"
20732,10.1128/mBio.01530-21,10,"[""ORG-0429"",""ORG-0497"",""ORG-0526"",""ORG-0529"",""ORG-0589"",""ORG-0590"",""ORG-0619"",""ORG-0753"",""ORG-1581"",""ORG-2154""]"
20735,10.7554/eLife.57436,3,"[""ORG-0497"",""ORG-1039"",""ORG-2260""]"
20753,10.3389/fimmu.2016.00352,12,"[""ORG-0359"",""ORG-0772"",""ORG-0858"",""ORG-1259"",""ORG-1766"",""ORG-1812"",""ORG-1825"",""ORG-1910"",""ORG-1911"",""ORG-2154"",""ORG-2260"",""ORG-2315""]"
20764,10.1371/journal.pone.0163636,7,"[""ORG-1047"",""ORG-1839"",""ORG-1931"",""ORG-1956"",""ORG-2120"",""ORG-2154"",""ORG-2189""]"
20766,10.1016/j.jstrokecerebrovasdis.2021.105944,4,"[""ORG-1608"",""ORG-1609"",""ORG-1611"",""ORG-2315""]"
20773,10.18632/oncotarget.12324,3,"[""ORG-0285"",""ORG-0925"",""ORG-1900""]"
20778,10.1186/s43141-021-00203-5,5,"[""ORG-0359"",""ORG-0833"",""ORG-1714"",""ORG-1894"",""ORG-1919""]"
20787,10.1371/journal.pone.0001983,3,"[""ORG-1089"",""ORG-1766"",""ORG-1839""]"
20795,10.1097/MD.0000000000026605,5,"[""ORG-0359"",""ORG-0824"",""ORG-0861"",""ORG-1913"",""ORG-2154""]"
20796,10.7554/eLife.07116,9,"[""ORG-0938"",""ORG-1839"",""ORG-1856"",""ORG-1870"",""ORG-1949"",""ORG-2120"",""ORG-2154"",""ORG-2189"",""ORG-2313""]"
20801,10.3390/v7082828,6,"[""ORG-0302"",""ORG-0772"",""ORG-0858"",""ORG-1766"",""ORG-1938"",""ORG-2154""]"
20804,10.1261/rna.078800.121,5,"[""ORG-1581"",""ORG-1641"",""ORG-2154"",""ORG-2156"",""ORG-2315""]"
20806,10.3748/wjg.v22.i35.7892,5,"[""ORG-1167"",""ORG-1259"",""ORG-1439"",""ORG-1894"",""ORG-1931""]"
20809,10.1111/ene.15019,6,"[""ORG-0090"",""ORG-0302"",""ORG-0315"",""ORG-0728"",""ORG-1766"",""ORG-1856""]"
20816,10.14348/molcells.2015.0073,5,"[""ORG-0790"",""ORG-0853"",""ORG-0854"",""ORG-1669"",""ORG-2154""]"
20822,10.3389/fmicb.2016.01317,11,"[""ORG-0506"",""ORG-0772"",""ORG-0858"",""ORG-0951"",""ORG-1182"",""ORG-1347"",""ORG-1361"",""ORG-1581"",""ORG-1891"",""ORG-1910"",""ORG-2154""]"
20823,10.1097/PG9.0000000000000102,4,"[""ORG-0589"",""ORG-0590"",""ORG-2154"",""ORG-2161""]"
20833,10.1097/MD.0000000000001301,5,"[""ORG-0480"",""ORG-0925"",""ORG-0978"",""ORG-1023"",""ORG-1259""]"
20836,10.1371/journal.pone.0134178,8,"[""ORG-0790"",""ORG-0853"",""ORG-0854"",""ORG-1286"",""ORG-1347"",""ORG-1357"",""ORG-2154"",""ORG-2166""]"
20837,10.1128/genomeA.00781-15,1,"[""ORG-0359""]"
20838,10.1016/j.tranon.2021.101166,7,"[""ORG-0506"",""ORG-0518"",""ORG-0683"",""ORG-0736"",""ORG-1798"",""ORG-1819"",""ORG-1839""]"
20846,10.1155/2021/6668947,10,"[""ORG-0036"",""ORG-0526"",""ORG-0571"",""ORG-0589"",""ORG-0590"",""ORG-1087"",""ORG-1738"",""ORG-1908"",""ORG-1986"",""ORG-2154""]"
20856,10.1186/s13578-021-00636-y,8,"[""ORG-0497"",""ORG-0526"",""ORG-0589"",""ORG-0590"",""ORG-1418"",""ORG-1581"",""ORG-2154"",""ORG-2166""]"
20858,10.1186/s13256-016-0947-y,3,"[""ORG-1890"",""ORG-1894"",""ORG-2193""]"
20859,10.1371/journal.pone.0254080,6,"[""ORG-0938"",""ORG-1259"",""ORG-1368"",""ORG-1798"",""ORG-1839"",""ORG-1856""]"
20874,10.3324/haematol.2020.276352,2,"[""ORG-1668"",""ORG-1766""]"
20877,10.1155/2016/9343460,4,"[""ORG-0497"",""ORG-0589"",""ORG-0590"",""ORG-2154""]"
20888,10.1016/j.immuni.2015.06.023,7,"[""ORG-0302"",""ORG-0951"",""ORG-1221"",""ORG-1259"",""ORG-1421"",""ORG-1766"",""ORG-1891""]"
20892,10.1186/1471-2202-9-37,9,"[""ORG-0317"",""ORG-0481"",""ORG-0781"",""ORG-0853"",""ORG-0854"",""ORG-1089"",""ORG-1421"",""ORG-2154"",""ORG-2187""]"
20895,10.1080/21655979.2021.1949236,7,"[""ORG-0036"",""ORG-0455"",""ORG-0497"",""ORG-0526"",""ORG-0589"",""ORG-0590"",""ORG-2154""]"
20898,10.1038/leu.2015.212,1,"[""ORG-0526""]"
20904,10.3389/fonc.2021.683475,11,"[""ORG-0497"",""ORG-0526"",""ORG-0589"",""ORG-0590"",""ORG-1228"",""ORG-1525"",""ORG-1581"",""ORG-1851"",""ORG-1874"",""ORG-1897"",""ORG-2154""]"
20905,10.3389/fonc.2021.675961,4,"[""ORG-0497"",""ORG-0526"",""ORG-1259"",""ORG-2303""]"
20907,10.3389/fmicb.2021.691008,11,"[""ORG-0308"",""ORG-0464"",""ORG-0589"",""ORG-0590"",""ORG-0897"",""ORG-0925"",""ORG-1581"",""ORG-1766"",""ORG-1839"",""ORG-2154"",""ORG-2166""]"
20910,10.6061/clinics/2015(07)09,4,"[""ORG-1839"",""ORG-1894"",""ORG-1948"",""ORG-2315""]"
20912,10.1371/journal.pone.0133973,5,"[""ORG-0526"",""ORG-0589"",""ORG-0590"",""ORG-1911"",""ORG-2154""]"
20913,10.1111/ctr.14415,3,"[""ORG-0540"",""ORG-1176"",""ORG-2154""]"
20915,10.1371/journal.ppat.1005060,7,"[""ORG-0267"",""ORG-0268"",""ORG-0895"",""ORG-1127"",""ORG-1259"",""ORG-1347"",""ORG-1357""]"
20916,10.1093/gbe/evw226,5,"[""ORG-0526"",""ORG-0589"",""ORG-0590"",""ORG-1809"",""ORG-2154""]"
20918,10.3201/eid1404.070935,4,"[""ORG-0795"",""ORG-0860"",""ORG-2154"",""ORG-2161""]"
20921,10.1136/jitc-2020-002123,12,"[""ORG-0303"",""ORG-0304"",""ORG-0497"",""ORG-0589"",""ORG-0590"",""ORG-0801"",""ORG-0925"",""ORG-0951"",""ORG-1215"",""ORG-1259"",""ORG-1891"",""ORG-2154""]"
20923,10.1016/j.emc.2021.04.002,2,"[""ORG-1891"",""ORG-1911""]"
20925,10.1016/j.chom.2016.08.002,7,"[""ORG-0853"",""ORG-0854"",""ORG-1259"",""ORG-1347"",""ORG-1719"",""ORG-1746"",""ORG-1798""]"
20928,10.3389/fped.2016.00093,9,"[""ORG-0359"",""ORG-0526"",""ORG-0589"",""ORG-0590"",""ORG-1894"",""ORG-1910"",""ORG-1927"",""ORG-2154"",""ORG-2166""]"
20934,10.1038/s41598-021-93168-x,4,"[""ORG-0359"",""ORG-0497"",""ORG-1259"",""ORG-1896""]"
20935,10.1136/jitc-2021-002516,9,"[""ORG-0267"",""ORG-0526"",""ORG-0527"",""ORG-0589"",""ORG-0590"",""ORG-0925"",""ORG-1766"",""ORG-2154"",""ORG-2156""]"
20937,10.3390/cancers13133270,6,"[""ORG-0317"",""ORG-0319"",""ORG-0497"",""ORG-1238"",""ORG-1891"",""ORG-1911""]"
20938,10.3390/v13071266,9,"[""ORG-0302"",""ORG-0824"",""ORG-0861"",""ORG-1089"",""ORG-1608"",""ORG-1609"",""ORG-1898"",""ORG-2154"",""ORG-2193""]"
20940,10.1016/j.chom.2015.06.019,7,"[""ORG-0897"",""ORG-1119"",""ORG-1259"",""ORG-1581"",""ORG-1862"",""ORG-2140"",""ORG-2166""]"
20945,10.1038/mto.2016.12,7,"[""ORG-0858"",""ORG-1259"",""ORG-1798"",""ORG-1986"",""ORG-2154"",""ORG-2166"",""ORG-2167""]"
20946,10.3390/ijms22126279,6,"[""ORG-0790"",""ORG-0853"",""ORG-0854"",""ORG-0925"",""ORG-1259"",""ORG-2154""]"
20949,10.3390/cells10061541,5,"[""ORG-0790"",""ORG-1825"",""ORG-1859"",""ORG-2154"",""ORG-2157""]"
20950,10.3390/v13071245,7,"[""ORG-0930"",""ORG-1245"",""ORG-1581"",""ORG-1890"",""ORG-2120"",""ORG-2154"",""ORG-2189""]"
20963,10.1186/s12967-015-0611-0,6,"[""ORG-0540"",""ORG-0583"",""ORG-1259"",""ORG-1361"",""ORG-1798"",""ORG-1891""]"
20965,10.3390/microorganisms9061339,8,"[""ORG-0511"",""ORG-0801"",""ORG-1581"",""ORG-1825"",""ORG-1856"",""ORG-1937"",""ORG-2140"",""ORG-2141""]"
20967,10.3390/vaccines9060679,7,"[""ORG-0790"",""ORG-0853"",""ORG-0855"",""ORG-0963"",""ORG-2154"",""ORG-2189"",""ORG-2315""]"
20973,10.3390/cancers13122954,4,"[""ORG-0540"",""ORG-1581"",""ORG-1585"",""ORG-1848""]"
20977,10.3390/v13061158,2,"[""ORG-0736"",""ORG-2166""]"
20978,10.3390/pathogens10060763,11,"[""ORG-0413"",""ORG-0589"",""ORG-0590"",""ORG-1089"",""ORG-1259"",""ORG-1608"",""ORG-1609"",""ORG-1610"",""ORG-1896"",""ORG-1912"",""ORG-2154""]"
20981,10.3390/biom11060847,4,"[""ORG-1259"",""ORG-1825"",""ORG-1898"",""ORG-1956""]"
20985,10.3390/cells10061502,4,"[""ORG-0801"",""ORG-0946"",""ORG-1719"",""ORG-2154""]"
20986,10.1038/srep12168,5,"[""ORG-0526"",""ORG-0589"",""ORG-0590"",""ORG-1896"",""ORG-2154""]"
20987,10.3390/biology10060533,11,"[""ORG-0188"",""ORG-0223"",""ORG-0683"",""ORG-0833"",""ORG-1347"",""ORG-1357"",""ORG-1581"",""ORG-1887"",""ORG-1969"",""ORG-2154"",""ORG-2166""]"
20989,10.3390/v13061178,12,"[""ORG-0421"",""ORG-0497"",""ORG-1347"",""ORG-1357"",""ORG-1581"",""ORG-1937"",""ORG-1952"",""ORG-1986"",""ORG-2154"",""ORG-2166"",""ORG-2167"",""ORG-2169""]"
20995,10.1186/s13000-016-0539-6,5,"[""ORG-0085"",""ORG-0497"",""ORG-1259"",""ORG-2154"",""ORG-2159""]"
20999,10.3390/jcm10122540,3,"[""ORG-0789"",""ORG-1856"",""ORG-1910""]"
21009,10.3390/cancers13112839,7,"[""ORG-0526"",""ORG-0736"",""ORG-0806"",""ORG-1851"",""ORG-1891"",""ORG-1897"",""ORG-1911""]"
21014,10.12688/f1000research.8886.1,10,"[""ORG-0385"",""ORG-0790"",""ORG-0853"",""ORG-1221"",""ORG-1259"",""ORG-1286"",""ORG-1811"",""ORG-1881"",""ORG-1934"",""ORG-2154""]"
21016,10.3390/v13061053,7,"[""ORG-1347"",""ORG-1357"",""ORG-1856"",""ORG-1911"",""ORG-2120"",""ORG-2154"",""ORG-2160""]"
21017,10.1371/journal.ppat.1005052,7,"[""ORG-0317"",""ORG-1039"",""ORG-1259"",""ORG-1607"",""ORG-1744"",""ORG-1894"",""ORG-1948""]"
21033,10.1038/mtm.2016.58,8,"[""ORG-0048"",""ORG-0302"",""ORG-0319"",""ORG-0869"",""ORG-0925"",""ORG-1347"",""ORG-1357"",""ORG-2154""]"
21053,10.1186/s12906-016-1331-6,8,"[""ORG-0455"",""ORG-0526"",""ORG-0529"",""ORG-0589"",""ORG-0590"",""ORG-0773"",""ORG-1986"",""ORG-2154""]"
21061,10.2147/IDR.S313219,5,"[""ORG-0526"",""ORG-1361"",""ORG-1894"",""ORG-2154"",""ORG-2166""]"
21072,10.1093/cid/ciw607,4,"[""ORG-0943"",""ORG-1259"",""ORG-1368"",""ORG-1897""]"
21074,10.4049/jimmunol.2001451,4,"[""ORG-0895"",""ORG-0897"",""ORG-1846"",""ORG-2166""]"
21075,10.1038/cddis.2016.250,9,"[""ORG-0560"",""ORG-0790"",""ORG-0853"",""ORG-0854"",""ORG-1259"",""ORG-2147"",""ORG-2154"",""ORG-2163"",""ORG-2166""]"
21083,10.1007/BF01319808,4,"[""ORG-1169"",""ORG-1540"",""ORG-1938"",""ORG-2154""]"
21085,10.1097/QAI.0000000000000747,6,"[""ORG-0302"",""ORG-0824"",""ORG-1330"",""ORG-1581"",""ORG-1825"",""ORG-1911""]"
21092,10.1097/MD.0000000000001138,5,"[""ORG-0943"",""ORG-1259"",""ORG-1368"",""ORG-1910"",""ORG-2154""]"
21094,10.1371/journal.ppat.1005049,13,"[""ORG-0359"",""ORG-0619"",""ORG-0772"",""ORG-0858"",""ORG-0938"",""ORG-1253"",""ORG-1421"",""ORG-1507"",""ORG-1766"",""ORG-1867"",""ORG-1881"",""ORG-2034"",""ORG-2154""]"
21103,10.1016/j.jped.2021.05.006,7,"[""ORG-0497"",""ORG-0526"",""ORG-0589"",""ORG-0590"",""ORG-1361"",""ORG-1896"",""ORG-2154""]"
21120,10.3344/kjp.2015.28.3.193,2,"[""ORG-1938"",""ORG-2154""]"
21121,10.3389/fimmu.2021.681380,4,"[""ORG-0359"",""ORG-1421"",""ORG-1766"",""ORG-1949""]"
21136,10.3389/fmicb.2021.668461,9,"[""ORG-1327"",""ORG-1527"",""ORG-1911"",""ORG-1937"",""ORG-1938"",""ORG-2141"",""ORG-2154"",""ORG-2158"",""ORG-2160""]"
21138,10.1038/s41598-021-92521-4,6,"[""ORG-0413"",""ORG-0526"",""ORG-1432"",""ORG-1608"",""ORG-1609"",""ORG-2166""]"
21142,10.18632/oncotarget.11509,3,"[""ORG-0526"",""ORG-1259"",""ORG-1910""]"
21151,10.1038/srep11534,8,"[""ORG-1232"",""ORG-1340"",""ORG-1368"",""ORG-1641"",""ORG-1851"",""ORG-2154"",""ORG-2160"",""ORG-2166""]"
21152,10.1002/jcp.21427,4,"[""ORG-1347"",""ORG-1357"",""ORG-1911"",""ORG-2154""]"
21180,10.1186/s13027-016-0094-5,14,"[""ORG-0359"",""ORG-0526"",""ORG-0589"",""ORG-0590"",""ORG-0795"",""ORG-0824"",""ORG-0861"",""ORG-1259"",""ORG-1361"",""ORG-1581"",""ORG-1825"",""ORG-1911"",""ORG-2154"",""ORG-2166""]"
21181,10.1186/s13046-021-02010-9,6,"[""ORG-0526"",""ORG-0736"",""ORG-0925"",""ORG-1911"",""ORG-1934"",""ORG-2154""]"
21182,10.3947/ic.2015.47.2.105,4,"[""ORG-0359"",""ORG-1825"",""ORG-1894"",""ORG-1910""]"
21186,10.1371/journal.ppat.1005844,11,"[""ORG-0243"",""ORG-0521"",""ORG-0526"",""ORG-0527"",""ORG-0589"",""ORG-0590"",""ORG-1581"",""ORG-1797"",""ORG-1911"",""ORG-1932"",""ORG-2154""]"
21197,10.3389/fmed.2021.665559,3,"[""ORG-1259"",""ORG-1368"",""ORG-1910""]"
21202,10.1371/journal.ppat.1005031,14,"[""ORG-0521"",""ORG-0526"",""ORG-0559"",""ORG-0589"",""ORG-0590"",""ORG-0937"",""ORG-1095"",""ORG-1259"",""ORG-1581"",""ORG-1839"",""ORG-1921"",""ORG-1937"",""ORG-2036"",""ORG-2154""]"
21208,10.1002/cam4.494,7,"[""ORG-0319"",""ORG-0526"",""ORG-0589"",""ORG-0590"",""ORG-1949"",""ORG-1969"",""ORG-2154""]"
21210,10.1161/JAHA.116.003759,7,"[""ORG-0308"",""ORG-0359"",""ORG-0497"",""ORG-0860"",""ORG-1259"",""ORG-1581"",""ORG-1894""]"
21214,10.18632/oncotarget.11346,3,"[""ORG-0853"",""ORG-0925"",""ORG-1989""]"
21219,10.1002/vms3.5,6,"[""ORG-1259"",""ORG-1581"",""ORG-1851"",""ORG-1894"",""ORG-1938"",""ORG-2154""]"
21227,10.1001/jamanetworkopen.2021.13205,5,"[""ORG-0736"",""ORG-1068"",""ORG-1891"",""ORG-1897"",""ORG-2154""]"
21228,10.1038/leu.2016.239,5,"[""ORG-0925"",""ORG-1039"",""ORG-1607"",""ORG-1937"",""ORG-2154""]"
21231,10.1002/glia.22883,16,"[""ORG-0360"",""ORG-0497"",""ORG-0853"",""ORG-0854"",""ORG-0970"",""ORG-1259"",""ORG-1347"",""ORG-1357"",""ORG-1579"",""ORG-1581"",""ORG-1582"",""ORG-1898"",""ORG-2147"",""ORG-2154"",""ORG-2166"",""ORG-2187""]"
21234,10.1186/s13027-016-0086-5,8,"[""ORG-0526"",""ORG-0589"",""ORG-0590"",""ORG-1039"",""ORG-1259"",""ORG-1607"",""ORG-1668"",""ORG-2154""]"
21236,10.1155/2021/5560502,1,"[""ORG-1931""]"
21237,10.1186/1740-2557-5-2,7,"[""ORG-0526"",""ORG-0589"",""ORG-0590"",""ORG-0736"",""ORG-0898"",""ORG-1846"",""ORG-2154""]"
21258,10.1016/j.ebiom.2014.11.007,8,"[""ORG-0497"",""ORG-0526"",""ORG-0589"",""ORG-0590"",""ORG-1581"",""ORG-1938"",""ORG-2154"",""ORG-2158""]"
21259,10.1155/2021/6641888,7,"[""ORG-0359"",""ORG-0824"",""ORG-0853"",""ORG-0855"",""ORG-1259"",""ORG-1894"",""ORG-1896""]"
21271,10.1038/s41375-021-01313-2,11,"[""ORG-0506"",""ORG-0526"",""ORG-0589"",""ORG-0590"",""ORG-1182"",""ORG-1215"",""ORG-1259"",""ORG-1766"",""ORG-1948"",""ORG-2154"",""ORG-2290""]"
21279,10.1016/j.vaccine.2021.05.056,1,"[""ORG-1900""]"
21283,10.1371/journal.pone.0001654,3,"[""ORG-0421"",""ORG-0987"",""ORG-2166""]"
21285,10.1016/j.burns.2016.02.003,10,"[""ORG-0359"",""ORG-0790"",""ORG-0853"",""ORG-0897"",""ORG-0963"",""ORG-1259"",""ORG-2120"",""ORG-2154"",""ORG-2166"",""ORG-2189""]"
21287,10.1093/ofid/ofab199,1,"[""ORG-0359""]"
21290,10.1016/j.cellimm.2016.08.001,6,"[""ORG-0824"",""ORG-0853"",""ORG-1169"",""ORG-1347"",""ORG-1357"",""ORG-2154""]"
21295,10.1186/s12876-021-01718-4,7,"[""ORG-0526"",""ORG-0527"",""ORG-0589"",""ORG-0590"",""ORG-1581"",""ORG-1894"",""ORG-2154""]"
21299,10.1097/QAD.0000000000000646,5,"[""ORG-0790"",""ORG-0824"",""ORG-0853"",""ORG-1253"",""ORG-2154""]"
21300,10.1016/j.jtct.2021.05.029,7,"[""ORG-0360"",""ORG-0860"",""ORG-1259"",""ORG-1771"",""ORG-1839"",""ORG-1856"",""ORG-1911""]"
21305,10.4103/0971-4065.168143,4,"[""ORG-0589"",""ORG-0590"",""ORG-1259"",""ORG-2154""]"
21308,10.1002/pbc.29174,2,"[""ORG-0359"",""ORG-1259""]"
21315,10.1186/s12879-021-06217-1,1,"[""ORG-1259""]"
21319,10.3803/EnM.2021.974,1,"[""ORG-0359""]"
21322,10.1016/j.coviro.2015.06.006,4,"[""ORG-0082"",""ORG-0772"",""ORG-0858"",""ORG-2166""]"
21326,10.1038/icb.2016.71,9,"[""ORG-0526"",""ORG-0589"",""ORG-0590"",""ORG-1668"",""ORG-1766"",""ORG-1798"",""ORG-1839"",""ORG-2154"",""ORG-2166""]"
21336,10.25122/jml-2021-0024,2,"[""ORG-1259"",""ORG-1839""]"
21341,10.3389/fimmu.2015.00270,11,"[""ORG-0319"",""ORG-0359"",""ORG-0526"",""ORG-0773"",""ORG-0895"",""ORG-0925"",""ORG-1259"",""ORG-1347"",""ORG-1357"",""ORG-1766"",""ORG-2154""]"
21346,10.1038/s41467-021-23474-5,4,"[""ORG-0497"",""ORG-1259"",""ORG-1347"",""ORG-1357""]"
21349,10.1186/s13027-021-00377-0,2,"[""ORG-1259"",""ORG-1896""]"
21357,10.1002/rcr2.789,7,"[""ORG-0526"",""ORG-0527"",""ORG-0589"",""ORG-0590"",""ORG-1253"",""ORG-1259"",""ORG-2154""]"
21359,10.1186/s12985-016-0592-5,10,"[""ORG-0728"",""ORG-0790"",""ORG-0833"",""ORG-0853"",""ORG-0854"",""ORG-1259"",""ORG-1527"",""ORG-1581"",""ORG-1819"",""ORG-2154""]"
21365,10.3389/fnmol.2021.677895,4,"[""ORG-1089"",""ORG-1259"",""ORG-1934"",""ORG-2154""]"
21371,10.1186/1477-7819-6-18,11,"[""ORG-0526"",""ORG-0589"",""ORG-0590"",""ORG-0897"",""ORG-1087"",""ORG-1259"",""ORG-1839"",""ORG-1894"",""ORG-1937"",""ORG-2141"",""ORG-2154""]"
21372,10.1038/srep31205,10,"[""ORG-0511"",""ORG-0772"",""ORG-0858"",""ORG-0899"",""ORG-0963"",""ORG-1238"",""ORG-1581"",""ORG-1839"",""ORG-2140"",""ORG-2154""]"
21377,10.7554/eLife.18270,18,"[""ORG-0206"",""ORG-0497"",""ORG-0526"",""ORG-0529"",""ORG-0589"",""ORG-0590"",""ORG-1047"",""ORG-1259"",""ORG-1581"",""ORG-1825"",""ORG-1834"",""ORG-1844"",""ORG-1868"",""ORG-1894"",""ORG-1938"",""ORG-1986"",""ORG-2154"",""ORG-2158""]"
21381,10.4049/jimmunol.2100166,3,"[""ORG-0581"",""ORG-1766"",""ORG-1862""]"
21392,10.1080/08997659.2016.1185048,4,"[""ORG-1361"",""ORG-1581"",""ORG-1667"",""ORG-2154""]"
21397,10.4103/jomfp.JOMFP_26_19,7,"[""ORG-0497"",""ORG-0526"",""ORG-0589"",""ORG-0590"",""ORG-0790"",""ORG-1361"",""ORG-2154""]"
21399,10.1038/s42003-021-02220-z,13,"[""ORG-0206"",""ORG-0413"",""ORG-0833"",""ORG-1432"",""ORG-1608"",""ORG-1609"",""ORG-1667"",""ORG-1856"",""ORG-1948"",""ORG-1969"",""ORG-2154"",""ORG-2156"",""ORG-2166""]"
21401,10.1371/journal.pone.0160446,2,"[""ORG-1368"",""ORG-1948""]"
21402,10.1007/s10456-015-9475-4,4,"[""ORG-0457"",""ORG-1039"",""ORG-1607"",""ORG-1986""]"
21404,10.1186/s12885-015-1485-5,3,"[""ORG-1020"",""ORG-1839"",""ORG-1949""]"
21419,10.1016/j.celrep.2021.109209,6,"[""ORG-0925"",""ORG-1215"",""ORG-1259"",""ORG-1464"",""ORG-1545"",""ORG-1911""]"
21422,10.1371/journal.ppat.1009645,16,"[""ORG-0455"",""ORG-0457"",""ORG-0497"",""ORG-0565"",""ORG-0571"",""ORG-0951"",""ORG-1039"",""ORG-1044"",""ORG-1051"",""ORG-1259"",""ORG-1581"",""ORG-1607"",""ORG-1672"",""ORG-1808"",""ORG-2141"",""ORG-2147""]"
21424,10.1016/j.jaci.2016.06.034,10,"[""ORG-0790"",""ORG-0853"",""ORG-0855"",""ORG-0869"",""ORG-1215"",""ORG-1825"",""ORG-1911"",""ORG-1948"",""ORG-2154"",""ORG-2166""]"
21433,10.1186/s12887-016-0649-z,6,"[""ORG-0359"",""ORG-0526"",""ORG-0527"",""ORG-1825"",""ORG-1862"",""ORG-1894""]"
21438,10.3390/cancers13112627,3,"[""ORG-0014"",""ORG-1183"",""ORG-1259""]"
21439,10.1371/journal.pone.0160176,2,"[""ORG-1766"",""ORG-1839""]"
21441,10.3390/cancers13112625,11,"[""ORG-0014"",""ORG-0020"",""ORG-0046"",""ORG-0047"",""ORG-0497"",""ORG-0860"",""ORG-0938"",""ORG-1839"",""ORG-2154"",""ORG-2156"",""ORG-2166""]"
21451,10.1016/j.antiviral.2015.06.005,12,"[""ORG-0244"",""ORG-0790"",""ORG-0833"",""ORG-0853"",""ORG-0854"",""ORG-1221"",""ORG-1259"",""ORG-1581"",""ORG-1881"",""ORG-2120"",""ORG-2154"",""ORG-2189""]"
21464,10.3390/cancers13092275,20,"[""ORG-0363"",""ORG-0364"",""ORG-0399"",""ORG-0526"",""ORG-0589"",""ORG-0590"",""ORG-0824"",""ORG-0861"",""ORG-1035"",""ORG-1039"",""ORG-1215"",""ORG-1259"",""ORG-1305"",""ORG-1607"",""ORG-1766"",""ORG-1811"",""ORG-1834"",""ORG-1890"",""ORG-1938"",""ORG-2154""]"
21480,10.1186/s13027-016-0081-x,13,"[""ORG-0359"",""ORG-0360"",""ORG-0497"",""ORG-0526"",""ORG-0549"",""ORG-0860"",""ORG-0897"",""ORG-1259"",""ORG-1361"",""ORG-1581"",""ORG-1952"",""ORG-2154"",""ORG-2166""]"
21481,10.1159/000446391,1,"[""ORG-0359""]"
21495,10.1186/s12887-016-0653-3,10,"[""ORG-0795"",""ORG-0824"",""ORG-0861"",""ORG-1259"",""ORG-1667"",""ORG-1825"",""ORG-1839"",""ORG-1881"",""ORG-1891"",""ORG-2154""]"
21501,10.1007/s12016-007-8048-8,4,"[""ORG-0188"",""ORG-1825"",""ORG-2154"",""ORG-2166""]"
21502,10.1371/journal.pone.0159604,8,"[""ORG-0497"",""ORG-0858"",""ORG-1581"",""ORG-1894"",""ORG-1937"",""ORG-1938"",""ORG-2147"",""ORG-2154""]"
21526,10.3791/62677,7,"[""ORG-0312"",""ORG-0790"",""ORG-0925"",""ORG-1956"",""ORG-1958"",""ORG-2154"",""ORG-2166""]"
21535,10.1371/journal.pone.0130410,5,"[""ORG-0359"",""ORG-0824"",""ORG-0825"",""ORG-1259"",""ORG-1347""]"
21572,10.1097/PAI.0000000000000298,8,"[""ORG-0516"",""ORG-0589"",""ORG-0590"",""ORG-1364"",""ORG-1684"",""ORG-1797"",""ORG-1851"",""ORG-2154""]"
21582,10.1038/srep29916,2,"[""ORG-0359"",""ORG-0736""]"
21584,10.1186/s13052-021-01072-x,6,"[""ORG-0228"",""ORG-0359"",""ORG-0773"",""ORG-2154"",""ORG-2161"",""ORG-2166""]"
21602,10.1111/aphw.12285,3,"[""ORG-0413"",""ORG-1079"",""ORG-1839""]"
21605,10.1186/s13027-021-00378-z,9,"[""ORG-0317"",""ORG-0526"",""ORG-0589"",""ORG-0590"",""ORG-1221"",""ORG-1259"",""ORG-1881"",""ORG-1896"",""ORG-2154""]"
21607,10.1097/ICO.0000000000002754,1,"[""ORG-1881""]"
21610,10.3389/fimmu.2021.636623,8,"[""ORG-0399"",""ORG-0497"",""ORG-1825"",""ORG-1862"",""ORG-1938"",""ORG-1969"",""ORG-2154"",""ORG-2166""]"
21612,10.1016/j.bbrep.2016.07.011,7,"[""ORG-0090"",""ORG-0824"",""ORG-0861"",""ORG-1653"",""ORG-1678"",""ORG-1843"",""ORG-2154""]"
21615,10.1186/s42826-021-00091-3,4,"[""ORG-1934"",""ORG-2120"",""ORG-2154"",""ORG-2189""]"
21616,10.1093/ofid/ofw067,4,"[""ORG-0824"",""ORG-0861"",""ORG-1839"",""ORG-2154""]"
21619,10.1186/s12865-016-0162-z,6,"[""ORG-0302"",""ORG-0602"",""ORG-1259"",""ORG-1766"",""ORG-1773"",""ORG-1866""]"
21622,10.4103/jfmpc.jfmpc_1389_20,7,"[""ORG-0359"",""ORG-0413"",""ORG-1259"",""ORG-1361"",""ORG-1593"",""ORG-1798"",""ORG-1890""]"
21625,10.1016/j.ebiom.2016.06.046,6,"[""ORG-1797"",""ORG-1938"",""ORG-1956"",""ORG-2154"",""ORG-2157"",""ORG-2166""]"
21629,10.1371/journal.pone.0251496,4,"[""ORG-1361"",""ORG-1368"",""ORG-1856"",""ORG-1902""]"
21632,10.1016/j.ijgo.2016.03.032,3,"[""ORG-0359"",""ORG-1259"",""ORG-1981""]"
21634,10.3389/fimmu.2021.662234,6,"[""ORG-0790"",""ORG-0853"",""ORG-0854"",""ORG-1921"",""ORG-1938"",""ORG-2154""]"
21647,10.1007/s00262-021-02960-1,5,"[""ORG-0302"",""ORG-0526"",""ORG-1206"",""ORG-1364"",""ORG-1839""]"
21659,10.1371/journal.ppat.1005747,11,"[""ORG-0086"",""ORG-0526"",""ORG-0589"",""ORG-0590"",""ORG-1122"",""ORG-1259"",""ORG-1527"",""ORG-2141"",""ORG-2154"",""ORG-2166"",""ORG-2170""]"
21660,10.1212/NXI.0000000000000254,2,"[""ORG-0824"",""ORG-1910""]"
21665,10.3346/jkms.2021.36.e128,2,"[""ORG-1330"",""ORG-1856""]"
21672,10.1016/j.ebiom.2016.06.041,11,"[""ORG-0317"",""ORG-0359"",""ORG-0526"",""ORG-0589"",""ORG-0590"",""ORG-1259"",""ORG-1766"",""ORG-1834"",""ORG-1911"",""ORG-2154"",""ORG-2166""]"
21677,10.3389/fcell.2021.642625,4,"[""ORG-0540"",""ORG-0583"",""ORG-1527"",""ORG-2154""]"
21679,10.3389/fonc.2021.666774,5,"[""ORG-0359"",""ORG-1259"",""ORG-1766"",""ORG-1856"",""ORG-1891""]"
21684,10.7150/ijbs.58888,5,"[""ORG-0317"",""ORG-0970"",""ORG-1119"",""ORG-1464"",""ORG-2154""]"
21692,10.3389/fmicb.2016.00844,14,"[""ORG-0285"",""ORG-0772"",""ORG-0824"",""ORG-0833"",""ORG-0858"",""ORG-0897"",""ORG-1095"",""ORG-1766"",""ORG-1839"",""ORG-1891"",""ORG-1934"",""ORG-2146"",""ORG-2147"",""ORG-2154""]"
21693,10.1016/j.canlet.2021.05.005,5,"[""ORG-0359"",""ORG-0545"",""ORG-0925"",""ORG-1259"",""ORG-1911""]"
21701,10.1038/gt.2016.52,9,"[""ORG-0161"",""ORG-0315"",""ORG-0317"",""ORG-0497"",""ORG-0925"",""ORG-1581"",""ORG-1749"",""ORG-1797"",""ORG-2315""]"
21707,10.18632/oncotarget.10322,6,"[""ORG-0526"",""ORG-1259"",""ORG-1361"",""ORG-1581"",""ORG-1910"",""ORG-2154""]"
21708,10.1371/journal.pone.0251644,5,"[""ORG-0409"",""ORG-1259"",""ORG-1368"",""ORG-1581"",""ORG-1849""]"
21710,10.1155/2016/9859816,3,"[""ORG-1259"",""ORG-2120"",""ORG-2154""]"
21714,10.1161/JAHA.116.003730,7,"[""ORG-0790"",""ORG-1259"",""ORG-1581"",""ORG-1894"",""ORG-1911"",""ORG-2154"",""ORG-2193""]"
21716,10.3389/fimmu.2021.685768,1,"[""ORG-0310""]"
21728,10.2147/DDDT.S308863,9,"[""ORG-0413"",""ORG-1581"",""ORG-1608"",""ORG-1609"",""ORG-1611"",""ORG-1813"",""ORG-1891"",""ORG-2154"",""ORG-2166""]"
21739,10.4322/acr.2021.246,1,"[""ORG-1898""]"
21743,10.3892/ol.2021.12751,6,"[""ORG-0925"",""ORG-0963"",""ORG-1839"",""ORG-1974"",""ORG-2154"",""ORG-2166""]"
21747,10.1038/srep28919,1,"[""ORG-2154""]"
21751,10.1038/cti.2016.27,13,"[""ORG-0236"",""ORG-0302"",""ORG-0319"",""ORG-0571"",""ORG-0925"",""ORG-1019"",""ORG-1169"",""ORG-1364"",""ORG-1744"",""ORG-1839"",""ORG-1921"",""ORG-1934"",""ORG-2154""]"
21762,10.1007/s13555-021-00535-7,5,"[""ORG-0938"",""ORG-0943"",""ORG-1825"",""ORG-1910"",""ORG-2154""]"
21765,10.7759/cureus.13793,4,"[""ORG-0497"",""ORG-1839"",""ORG-2154"",""ORG-2159""]"
21769,10.3892/etm.2016.3294,8,"[""ORG-0790"",""ORG-0853"",""ORG-0897"",""ORG-0925"",""ORG-1286"",""ORG-1844"",""ORG-1989"",""ORG-2154""]"
21791,10.1128/mBio.02683-20,10,"[""ORG-0497"",""ORG-0772"",""ORG-0858"",""ORG-1259"",""ORG-1581"",""ORG-1586"",""ORG-1839"",""ORG-1844"",""ORG-1911"",""ORG-2166""]"
21792,10.1016/j.virol.2016.06.006,6,"[""ORG-0007"",""ORG-0302"",""ORG-0790"",""ORG-0853"",""ORG-2154"",""ORG-2162""]"
21795,10.1186/s12879-021-06098-4,4,"[""ORG-0359"",""ORG-0858"",""ORG-1089"",""ORG-1259""]"
21800,10.3390/v13050812,6,"[""ORG-0526"",""ORG-0589"",""ORG-0590"",""ORG-1856"",""ORG-1986"",""ORG-2154""]"
21802,10.1136/lupus-2016-000156,5,"[""ORG-0824"",""ORG-0943"",""ORG-1259"",""ORG-1674"",""ORG-2154""]"
21804,10.1007/s11604-021-01122-8,1,"[""ORG-1851""]"
21809,10.1002/jmv.27046,11,"[""ORG-0429"",""ORG-0431"",""ORG-1039"",""ORG-1441"",""ORG-1442"",""ORG-1846"",""ORG-1921"",""ORG-1937"",""ORG-2141"",""ORG-2154"",""ORG-2166""]"
21811,10.1186/s13395-021-00267-4,8,"[""ORG-0359"",""ORG-0413"",""ORG-1089"",""ORG-1259"",""ORG-1368"",""ORG-1581"",""ORG-1798"",""ORG-1937""]"
21813,10.7717/peerj.2112,1,"[""ORG-0497""]"
21815,10.1016/j.ajoc.2021.101088,5,"[""ORG-0359"",""ORG-0497"",""ORG-1581"",""ORG-1839"",""ORG-1862""]"
21830,10.1016/j.ebiom.2016.04.010,12,"[""ORG-0824"",""ORG-1178"",""ORG-1331"",""ORG-1347"",""ORG-1766"",""ORG-1825"",""ORG-1848"",""ORG-1897"",""ORG-1900"",""ORG-2120"",""ORG-2154"",""ORG-2189""]"
21839,10.1016/j.virol.2021.04.006,7,"[""ORG-0007"",""ORG-0790"",""ORG-0833"",""ORG-1608"",""ORG-1702"",""ORG-1900"",""ORG-2154""]"
21842,10.3390/ijms17060931,7,"[""ORG-0497"",""ORG-0559"",""ORG-0623"",""ORG-1119"",""ORG-1581"",""ORG-1861"",""ORG-1986""]"
21845,10.2807/1560-7917.ES.2021.26.17.2001167,7,"[""ORG-0385"",""ORG-0480"",""ORG-1221"",""ORG-1259"",""ORG-1378"",""ORG-1981"",""ORG-2120""]"
21848,10.3390/ijms22094668,10,"[""ORG-0036"",""ORG-0895"",""ORG-1023"",""ORG-1131"",""ORG-1259"",""ORG-1938"",""ORG-2154"",""ORG-2160"",""ORG-2166"",""ORG-2193""]"
21851,10.3390/v13040669,9,"[""ORG-1019"",""ORG-1347"",""ORG-1357"",""ORG-1890"",""ORG-1937"",""ORG-2141"",""ORG-2154"",""ORG-2166"",""ORG-2340""]"
21861,10.3390/v13040675,6,"[""ORG-0497"",""ORG-0589"",""ORG-0590"",""ORG-1087"",""ORG-1894"",""ORG-2154""]"
21863,10.1212/NXI.0000000000000245,12,"[""ORG-0360"",""ORG-0497"",""ORG-0526"",""ORG-0589"",""ORG-0590"",""ORG-0790"",""ORG-0853"",""ORG-0854"",""ORG-1361"",""ORG-2120"",""ORG-2154"",""ORG-2166""]"
21864,10.3390/nu13041296,4,"[""ORG-1089"",""ORG-1259"",""ORG-1839"",""ORG-1897""]"
21869,10.3390/cancers13081785,9,"[""ORG-0123"",""ORG-0497"",""ORG-0518"",""ORG-0526"",""ORG-0589"",""ORG-0590"",""ORG-1581"",""ORG-1896"",""ORG-2154""]"
21871,10.3390/microorganisms9040778,9,"[""ORG-0773"",""ORG-0860"",""ORG-1131"",""ORG-1347"",""ORG-1357"",""ORG-1364"",""ORG-1490"",""ORG-1922"",""ORG-2154""]"
21873,10.3390/dermatopathology8020014,8,"[""ORG-0188"",""ORG-0790"",""ORG-0895"",""ORG-1259"",""ORG-1714"",""ORG-1921"",""ORG-1956"",""ORG-2154""]"
21879,10.1128/mSphere.00016-16,6,"[""ORG-0339"",""ORG-1246"",""ORG-1839"",""ORG-2154"",""ORG-2166"",""ORG-2171""]"
21885,10.1093/ve/vew017,11,"[""ORG-0363"",""ORG-0772"",""ORG-0829"",""ORG-0858"",""ORG-1246"",""ORG-1798"",""ORG-1825"",""ORG-1938"",""ORG-2141"",""ORG-2154"",""ORG-2304""]"
21897,10.3760/cma.j.issn.0253-2727.2021.03.006,2,"[""ORG-0359"",""ORG-0526""]"
21898,10.1155/2016/7351964,7,"[""ORG-1938"",""ORG-1948"",""ORG-1949"",""ORG-1952"",""ORG-1986"",""ORG-2154"",""ORG-2166""]"
21899,10.3389/fragi.2021.665637,10,"[""ORG-0359"",""ORG-0526"",""ORG-0559"",""ORG-0589"",""ORG-0590"",""ORG-0963"",""ORG-1259"",""ORG-1766"",""ORG-2154"",""ORG-2166""]"
21901,10.1371/journal.ppat.1009567,21,"[""ORG-0337"",""ORG-0399"",""ORG-0497"",""ORG-0790"",""ORG-0853"",""ORG-0854"",""ORG-0962"",""ORG-1023"",""ORG-1095"",""ORG-1259"",""ORG-1286"",""ORG-1454"",""ORG-1581"",""ORG-1586"",""ORG-1797"",""ORG-1911"",""ORG-1932"",""ORG-1937"",""ORG-2141"",""ORG-2154"",""ORG-2166""]"
21906,10.1186/s12885-021-08215-7,8,"[""ORG-0155"",""ORG-0824"",""ORG-1035"",""ORG-1607"",""ORG-1826"",""ORG-1911"",""ORG-1937"",""ORG-2154""]"
21907,10.1371/journal.ppat.1009536,16,"[""ORG-0317"",""ORG-0790"",""ORG-0824"",""ORG-0853"",""ORG-0854"",""ORG-0925"",""ORG-1286"",""ORG-1321"",""ORG-1825"",""ORG-1839"",""ORG-1938"",""ORG-1948"",""ORG-1949"",""ORG-2154"",""ORG-2166"",""ORG-2171""]"
21912,10.1038/s41385-020-00374-3,5,"[""ORG-1179"",""ORG-1215"",""ORG-1347"",""ORG-1357"",""ORG-1970""]"
21916,10.1038/s41598-021-88272-x,6,"[""ORG-0526"",""ORG-0581"",""ORG-0906"",""ORG-1847"",""ORG-1894"",""ORG-1986""]"
21922,10.1038/srep27512,7,"[""ORG-0036"",""ORG-0374"",""ORG-0526"",""ORG-0589"",""ORG-0590"",""ORG-1581"",""ORG-2154""]"
21925,10.1016/j.imr.2021.100720,6,"[""ORG-0790"",""ORG-0853"",""ORG-1286"",""ORG-1849"",""ORG-1850"",""ORG-2154""]"
21930,10.3389/fimmu.2021.532484,12,"[""ORG-0772"",""ORG-0858"",""ORG-0895"",""ORG-1019"",""ORG-1095"",""ORG-1215"",""ORG-1259"",""ORG-1856"",""ORG-1919"",""ORG-1944"",""ORG-2140"",""ORG-2141""]"
21931,10.1007/s10616-021-00468-1,5,"[""ORG-0013"",""ORG-0335"",""ORG-2120"",""ORG-2154"",""ORG-2189""]"
21932,10.3171/CASE2138,1,"[""ORG-1839""]"
21936,10.3390/ijms17060891,8,"[""ORG-0790"",""ORG-0853"",""ORG-0854"",""ORG-1484"",""ORG-1849"",""ORG-1850"",""ORG-1989"",""ORG-2154""]"
21944,10.3389/fmed.2021.553110,4,"[""ORG-0359"",""ORG-1259"",""ORG-1846"",""ORG-1921""]"
21954,10.1186/s12879-016-1581-4,7,"[""ORG-1259"",""ORG-1368"",""ORG-1839"",""ORG-1849"",""ORG-2120"",""ORG-2154"",""ORG-2189""]"
21958,10.1038/s41598-021-87274-z,3,"[""ORG-0589"",""ORG-0590"",""ORG-2154""]"
21964,10.1007/s10875-021-01016-4,4,"[""ORG-0801"",""ORG-0943"",""ORG-1259"",""ORG-2154""]"
21967,10.1097/QAI.0000000000001104,10,"[""ORG-0302"",""ORG-0307"",""ORG-0359"",""ORG-0363"",""ORG-0526"",""ORG-0773"",""ORG-0824"",""ORG-0895"",""ORG-0898"",""ORG-1766""]"
21978,10.3389/fimmu.2016.00197,7,"[""ORG-0526"",""ORG-0589"",""ORG-0590"",""ORG-1894"",""ORG-1949"",""ORG-2154"",""ORG-2315""]"
21979,10.3389/fnmol.2016.00034,2,"[""ORG-1825"",""ORG-2315""]"
21980,10.1186/s12879-021-06055-1,3,"[""ORG-0526"",""ORG-1221"",""ORG-1881""]"
21988,10.3389/fimmu.2021.658753,7,"[""ORG-0526"",""ORG-0589"",""ORG-0590"",""ORG-1766"",""ORG-1911"",""ORG-2154"",""ORG-2260""]"
21992,10.1038/srep26892,1,"[""ORG-1866""]"
21993,10.1159/000443198,2,"[""ORG-0359"",""ORG-2154""]"
22001,10.7150/jca.51027,8,"[""ORG-0359"",""ORG-0824"",""ORG-0861"",""ORG-0943"",""ORG-1259"",""ORG-1581"",""ORG-1948"",""ORG-2154""]"
22006,10.1128/JVI.00486-21,15,"[""ORG-0020"",""ORG-0046"",""ORG-0047"",""ORG-0790"",""ORG-0853"",""ORG-0854"",""ORG-1259"",""ORG-1581"",""ORG-1802"",""ORG-1894"",""ORG-1900"",""ORG-2154"",""ORG-2166"",""ORG-2306"",""ORG-2315""]"
22020,10.1002/JLB.6COVCRA1120-762R,6,"[""ORG-0413"",""ORG-0853"",""ORG-1232"",""ORG-1608"",""ORG-1609"",""ORG-1891""]"
22025,10.1038/srep26786,6,"[""ORG-0243"",""ORG-0925"",""ORG-1221"",""ORG-1825"",""ORG-1934"",""ORG-2166""]"
22026,10.1016/j.eclinm.2021.100787,5,"[""ORG-0359"",""ORG-0497"",""ORG-1259"",""ORG-1581"",""ORG-1897""]"
22030,10.1016/j.idcr.2021.e01111,1,"[""ORG-0413""]"
22037,10.1371/journal.ppat.1005654,7,"[""ORG-0317"",""ORG-0895"",""ORG-0897"",""ORG-1766"",""ORG-1856"",""ORG-2154"",""ORG-2165""]"
22039,10.1056/NEJMoa2024947,4,"[""ORG-0853"",""ORG-0854"",""ORG-2154"",""ORG-2164""]"
22040,10.14740/jocmr2535w,5,"[""ORG-1050"",""ORG-1259"",""ORG-1839"",""ORG-2154"",""ORG-2260""]"
22042,10.1016/j.stem.2021.03.004,7,"[""ORG-0790"",""ORG-0853"",""ORG-0854"",""ORG-0897"",""ORG-2154"",""ORG-2166"",""ORG-2340""]"
22054,10.1097/COH.0000000000000678,3,"[""ORG-0359"",""ORG-0363"",""ORG-0824""]"
22056,10.4103/1673-5374.180747,3,"[""ORG-0229"",""ORG-1257"",""ORG-2154""]"
22058,10.1016/j.ebiom.2016.02.012,8,"[""ORG-0302"",""ORG-0559"",""ORG-0824"",""ORG-0833"",""ORG-1766"",""ORG-1949"",""ORG-2154"",""ORG-2166""]"
22071,10.1155/2016/8394942,1,"[""ORG-2154""]"
22072,10.4102/sajhivmed.v22i1.1193,4,"[""ORG-0302"",""ORG-0824"",""ORG-0861"",""ORG-2154""]"
22073,10.1155/2016/7603484,5,"[""ORG-0085"",""ORG-0790"",""ORG-0853"",""ORG-0854"",""ORG-2154""]"
22074,10.1007/s12254-021-00701-9,3,"[""ORG-0421"",""ORG-0526"",""ORG-0527""]"
22075,10.1159/000445372,15,"[""ORG-0141"",""ORG-0188"",""ORG-0589"",""ORG-0590"",""ORG-0790"",""ORG-0853"",""ORG-1347"",""ORG-1357"",""ORG-1581"",""ORG-1825"",""ORG-1948"",""ORG-2120"",""ORG-2154"",""ORG-2166"",""ORG-2189""]"
22077,10.4103/0973-029X.180958,6,"[""ORG-1248"",""ORG-1259"",""ORG-1825"",""ORG-2154"",""ORG-2158"",""ORG-2193""]"
22079,10.1007/s00430-016-0457-y,7,"[""ORG-0858"",""ORG-1259"",""ORG-1347"",""ORG-1812"",""ORG-1935"",""ORG-2154"",""ORG-2166""]"
22086,10.1155/2016/4035637,1,"[""ORG-0359""]"
22088,10.1002/ccr3.555,2,"[""ORG-0824"",""ORG-1259""]"
22098,10.1016/j.omtm.2021.03.002,5,"[""ORG-0124"",""ORG-0310"",""ORG-0741"",""ORG-1259"",""ORG-2154""]"
22099,10.1097/PSY.0000000000000320,5,"[""ORG-0015"",""ORG-0302"",""ORG-0359"",""ORG-1480"",""ORG-2154""]"
22107,10.1155/2021/6617719,14,"[""ORG-0082"",""ORG-0413"",""ORG-0736"",""ORG-0842"",""ORG-0963"",""ORG-0970"",""ORG-1259"",""ORG-1368"",""ORG-1862"",""ORG-1937"",""ORG-1938"",""ORG-2120"",""ORG-2154"",""ORG-2166""]"
22110,10.1177/21501327211005902,4,"[""ORG-0207"",""ORG-0413"",""ORG-1259"",""ORG-2154""]"
22111,10.1016/j.humpath.2016.04.019,3,"[""ORG-0526"",""ORG-1259"",""ORG-1931""]"
22116,10.1038/srep26028,4,"[""ORG-0858"",""ORG-1259"",""ORG-1938"",""ORG-2154""]"
22121,10.1016/j.it.2016.05.001,1,"[""ORG-1215""]"
22122,10.3390/vaccines9030288,7,"[""ORG-0526"",""ORG-0589"",""ORG-0590"",""ORG-1421"",""ORG-1910"",""ORG-1934"",""ORG-2154""]"
22130,10.3390/ijms22073623,5,"[""ORG-0317"",""ORG-0359"",""ORG-0814"",""ORG-0897"",""ORG-1215""]"
22132,10.3390/vaccines9040310,6,"[""ORG-0925"",""ORG-1872"",""ORG-1910"",""ORG-2120"",""ORG-2154"",""ORG-2189""]"
22133,10.3390/ijms22062927,10,"[""ORG-0526"",""ORG-0529"",""ORG-0589"",""ORG-0590"",""ORG-0925"",""ORG-1259"",""ORG-1825"",""ORG-1866"",""ORG-1891"",""ORG-2154""]"
22135,10.3390/v13040541,4,"[""ORG-1347"",""ORG-1812"",""ORG-2154"",""ORG-2166""]"
22138,10.1016/j.chom.2016.04.008,1,"[""ORG-2154""]"
22140,10.3390/v13030485,8,"[""ORG-0312"",""ORG-0860"",""ORG-1938"",""ORG-1949"",""ORG-2120"",""ORG-2154"",""ORG-2189"",""ORG-2260""]"
22143,10.1007/s13365-016-0450-7,11,"[""ORG-0319"",""ORG-0497"",""ORG-0790"",""ORG-0853"",""ORG-0854"",""ORG-1286"",""ORG-1361"",""ORG-2120"",""ORG-2154"",""ORG-2166"",""ORG-2189""]"
22151,10.3390/v13030395,7,"[""ORG-0497"",""ORG-0824"",""ORG-0825"",""ORG-0938"",""ORG-2154"",""ORG-2166"",""ORG-2192""]"
22152,10.1128/JVI.00651-16,10,"[""ORG-0497"",""ORG-0860"",""ORG-1867"",""ORG-1894"",""ORG-1932"",""ORG-1937"",""ORG-1938"",""ORG-2141"",""ORG-2147"",""ORG-2154""]"
22165,10.1038/s41419-021-03639-2,10,"[""ORG-0455"",""ORG-0526"",""ORG-0559"",""ORG-0589"",""ORG-0590"",""ORG-0938"",""ORG-1087"",""ORG-1259"",""ORG-1986"",""ORG-2154""]"
22171,10.1371/journal.pone.0155308,11,"[""ORG-0012"",""ORG-0526"",""ORG-0529"",""ORG-0589"",""ORG-0590"",""ORG-1259"",""ORG-1347"",""ORG-1766"",""ORG-1819"",""ORG-1851"",""ORG-2154""]"
22172,10.3324/haematol.2021.278301,3,"[""ORG-0589"",""ORG-0590"",""ORG-2154""]"
22175,10.3389/fneur.2021.652811,5,"[""ORG-0526"",""ORG-0529"",""ORG-0589"",""ORG-0590"",""ORG-2154""]"
22177,10.1159/000512869,3,"[""ORG-0188"",""ORG-2154"",""ORG-2166""]"
22184,10.1136/jitc-2020-001621,4,"[""ORG-0559"",""ORG-1766"",""ORG-2058"",""ORG-2154""]"
22185,10.1073/pnas.2100225118,15,"[""ORG-0497"",""ORG-0790"",""ORG-0853"",""ORG-0854"",""ORG-0895"",""ORG-0897"",""ORG-1205"",""ORG-1259"",""ORG-1719"",""ORG-1797"",""ORG-1894"",""ORG-1911"",""ORG-1986"",""ORG-2154"",""ORG-2166""]"
22187,10.1186/s12929-021-00718-6,10,"[""ORG-0773"",""ORG-0824"",""ORG-0895"",""ORG-1221"",""ORG-1259"",""ORG-1285"",""ORG-1581"",""ORG-1856"",""ORG-1881"",""ORG-2154""]"
22189,10.1002/cpmc.3,7,"[""ORG-0497"",""ORG-1039"",""ORG-1347"",""ORG-1581"",""ORG-1607"",""ORG-1825"",""ORG-2147""]"
22192,10.1007/s10096-021-04232-3,5,"[""ORG-0413"",""ORG-0545"",""ORG-1361"",""ORG-1608"",""ORG-1609""]"
22193,10.1126/sciadv.1500637,5,"[""ORG-0229"",""ORG-0360"",""ORG-0872"",""ORG-0907"",""ORG-1812""]"
22195,10.1371/journal.ppat.1005589,14,"[""ORG-0302"",""ORG-0361"",""ORG-0824"",""ORG-0853"",""ORG-0869"",""ORG-0902"",""ORG-0925"",""ORG-0963"",""ORG-1259"",""ORG-1839"",""ORG-1911"",""ORG-1931"",""ORG-2154"",""ORG-2240""]"
22199,10.3389/fimmu.2016.00144,6,"[""ORG-1215"",""ORG-1347"",""ORG-1357"",""ORG-1667"",""ORG-1800"",""ORG-1839""]"
22203,10.1111/ejh.12770,4,"[""ORG-0302"",""ORG-1766"",""ORG-1934"",""ORG-2154""]"
22204,10.14309/crj.2016.38,3,"[""ORG-0906"",""ORG-1259"",""ORG-1839""]"
22205,10.4103/2141-9248.180234,5,"[""ORG-0824"",""ORG-0861"",""ORG-1368"",""ORG-1872"",""ORG-2154""]"
22207,10.1016/j.jstrokecerebrovasdis.2016.03.052,15,"[""ORG-0860"",""ORG-0943"",""ORG-1259"",""ORG-1368"",""ORG-1446"",""ORG-1483"",""ORG-1831"",""ORG-1894"",""ORG-1897"",""ORG-1911"",""ORG-1938"",""ORG-2120"",""ORG-2154"",""ORG-2189"",""ORG-2298""]"
22214,10.1371/journal.ppat.1005605,8,"[""ORG-0925"",""ORG-1039"",""ORG-1040"",""ORG-1715"",""ORG-1911"",""ORG-1921"",""ORG-1931"",""ORG-2260""]"
22223,10.1016/S2213-2600(16)00096-5,8,"[""ORG-0233"",""ORG-0970"",""ORG-1259"",""ORG-1347"",""ORG-1357"",""ORG-1368"",""ORG-2154"",""ORG-2166""]"
22225,10.1136/annrheumdis-2016-209131,5,"[""ORG-0790"",""ORG-0853"",""ORG-1910"",""ORG-2154"",""ORG-2161""]"
22228,10.1016/j.virol.2016.04.005,6,"[""ORG-0526"",""ORG-0589"",""ORG-0590"",""ORG-0897"",""ORG-1581"",""ORG-2154""]"
22229,10.1128/mSphere.00105-15,16,"[""ORG-0526"",""ORG-0589"",""ORG-0590"",""ORG-1039"",""ORG-1259"",""ORG-1347"",""ORG-1357"",""ORG-1581"",""ORG-1607"",""ORG-1766"",""ORG-1825"",""ORG-1938"",""ORG-2154"",""ORG-2166"",""ORG-2260"",""ORG-2306""]"
22232,10.1007/s00262-016-1840-7,3,"[""ORG-1259"",""ORG-1934"",""ORG-2154""]"
22236,10.18632/oncotarget.8847,5,"[""ORG-0589"",""ORG-0590"",""ORG-1856"",""ORG-2154"",""ORG-2156""]"
22237,10.3390/molecules21040489,3,"[""ORG-0082"",""ORG-0925"",""ORG-1581""]"
22245,10.1136/bmjopen-2015-010213,8,"[""ORG-0824"",""ORG-1259"",""ORG-1897"",""ORG-1948"",""ORG-2120"",""ORG-2154"",""ORG-2156"",""ORG-2189""]"
22252,10.3390/v8040102,8,"[""ORG-0015"",""ORG-0919"",""ORG-0968"",""ORG-1660"",""ORG-1797"",""ORG-2154"",""ORG-2166"",""ORG-2170""]"
22262,10.1371/journal.ppat.1005564,14,"[""ORG-0317"",""ORG-0772"",""ORG-0790"",""ORG-0853"",""ORG-0854"",""ORG-0858"",""ORG-1347"",""ORG-1505"",""ORG-1843"",""ORG-1874"",""ORG-1894"",""ORG-1937"",""ORG-2147"",""ORG-2154""]"
22267,10.1371/journal.ppat.1005550,15,"[""ORG-0124"",""ORG-0421"",""ORG-0511"",""ORG-0526"",""ORG-0589"",""ORG-0590"",""ORG-0736"",""ORG-0860"",""ORG-0897"",""ORG-1347"",""ORG-1766"",""ORG-1834"",""ORG-1937"",""ORG-2154"",""ORG-2306""]"
22278,10.1093/qjmed/hcw026,5,"[""ORG-0359"",""ORG-0943"",""ORG-1259"",""ORG-1839"",""ORG-1872""]"
22279,10.3109/10428194.2016.1166492,1,"[""ORG-0526""]"
22283,10.1016/j.tim.2016.03.008,6,"[""ORG-0526"",""ORG-1019"",""ORG-1581"",""ORG-1948"",""ORG-2154"",""ORG-2166""]"
22284,10.1016/j.ophtha.2016.03.005,2,"[""ORG-1259"",""ORG-1910""]"
22290,10.1002/ijc.30129,4,"[""ORG-0795"",""ORG-0860"",""ORG-1259"",""ORG-1931""]"
22293,10.18632/oncotarget.8591,9,"[""ORG-0573"",""ORG-1039"",""ORG-1040"",""ORG-1259"",""ORG-1607"",""ORG-1747"",""ORG-1825"",""ORG-2057"",""ORG-2141""]"
22294,10.1371/journal.ppat.1005546,13,"[""ORG-0497"",""ORG-0772"",""ORG-0858"",""ORG-0895"",""ORG-1095"",""ORG-1259"",""ORG-1347"",""ORG-1581"",""ORG-1911"",""ORG-1937"",""ORG-1938"",""ORG-1949"",""ORG-2154""]"
22301,10.14202/vetworld.2016.222-225,7,"[""ORG-0312"",""ORG-1106"",""ORG-1645"",""ORG-1868"",""ORG-1894"",""ORG-1938"",""ORG-2154""]"
22304,10.1099/jgv.0.000475,11,"[""ORG-0313"",""ORG-0772"",""ORG-0858"",""ORG-1023"",""ORG-1095"",""ORG-1894"",""ORG-1937"",""ORG-2154"",""ORG-2165"",""ORG-2166"",""ORG-2306""]"
22307,10.1186/s12985-016-0518-2,14,"[""ORG-0086"",""ORG-0188"",""ORG-0497"",""ORG-0510"",""ORG-0559"",""ORG-0683"",""ORG-0790"",""ORG-1668"",""ORG-1747"",""ORG-1937"",""ORG-1938"",""ORG-2154"",""ORG-2166"",""ORG-2260""]"
22308,10.1186/s12985-016-0516-4,10,"[""ORG-0497"",""ORG-0560"",""ORG-0790"",""ORG-0853"",""ORG-0854"",""ORG-0882"",""ORG-1911"",""ORG-1937"",""ORG-2147"",""ORG-2154""]"
22316,10.3892/mmr.2016.5013,1,"[""ORG-1844""]"
22318,10.1038/cddis.2016.55,7,"[""ORG-0302"",""ORG-0359"",""ORG-0522"",""ORG-0525"",""ORG-1766"",""ORG-1910"",""ORG-2154""]"
22326,10.1007/s10522-016-9642-z,6,"[""ORG-0188"",""ORG-0302"",""ORG-0963"",""ORG-1766"",""ORG-2166"",""ORG-2315""]"
22328,10.4274/tjh.2015.0169,1,"[""ORG-1215""]"
22329,10.1016/j.fertnstert.2016.03.001,13,"[""ORG-0317"",""ORG-0806"",""ORG-0925"",""ORG-0938"",""ORG-0951"",""ORG-1089"",""ORG-1603"",""ORG-1798"",""ORG-1870"",""ORG-1934"",""ORG-1986"",""ORG-1989"",""ORG-2138""]"
22330,10.1017/S0950268816000595,4,"[""ORG-1089"",""ORG-2120"",""ORG-2154"",""ORG-2189""]"
22332,10.1097/MD.0000000000003176,7,"[""ORG-0526"",""ORG-0527"",""ORG-0589"",""ORG-0590"",""ORG-1831"",""ORG-2154"",""ORG-2156""]"
22336,10.3389/fimmu.2016.00093,12,"[""ORG-0015"",""ORG-0302"",""ORG-0589"",""ORG-0590"",""ORG-0861"",""ORG-0880"",""ORG-0925"",""ORG-0968"",""ORG-0970"",""ORG-1137"",""ORG-1766"",""ORG-2154""]"
22344,10.1038/mi.2016.22,4,"[""ORG-0136"",""ORG-0790"",""ORG-0824"",""ORG-2154""]"
22352,10.1371/journal.pone.0151546,8,"[""ORG-0808"",""ORG-0963"",""ORG-1149"",""ORG-1361"",""ORG-1581"",""ORG-1913"",""ORG-2154"",""ORG-2260""]"
22371,10.1155/2016/6021934,13,"[""ORG-0085"",""ORG-0585"",""ORG-0589"",""ORG-0590"",""ORG-0963"",""ORG-1581"",""ORG-1586"",""ORG-1668"",""ORG-1911"",""ORG-2154"",""ORG-2156"",""ORG-2159"",""ORG-2166""]"
22376,10.1016/j.prevetmed.2016.01.024,9,"[""ORG-0943"",""ORG-1259"",""ORG-1480"",""ORG-1825"",""ORG-1910"",""ORG-1952"",""ORG-2154"",""ORG-2166"",""ORG-2315""]"
22384,10.1371/journal.ppat.1005499,11,"[""ORG-0790"",""ORG-0853"",""ORG-0854"",""ORG-0963"",""ORG-1479"",""ORG-1839"",""ORG-1846"",""ORG-1897"",""ORG-2140"",""ORG-2154"",""ORG-2166""]"
22388,10.1038/srep22401,10,"[""ORG-0526"",""ORG-0589"",""ORG-0590"",""ORG-1253"",""ORG-1259"",""ORG-1347"",""ORG-1357"",""ORG-1887"",""ORG-2154"",""ORG-2315""]"
22391,10.1371/journal.pone.0150995,7,"[""ORG-0559"",""ORG-0790"",""ORG-0925"",""ORG-1581"",""ORG-1839"",""ORG-1844"",""ORG-2154""]"
22393,10.1186/s12985-016-0495-5,8,"[""ORG-0497"",""ORG-0790"",""ORG-0853"",""ORG-0854"",""ORG-0895"",""ORG-1347"",""ORG-1357"",""ORG-2154""]"
22394,10.1093/infdis/jiw094,4,"[""ORG-0790"",""ORG-0824"",""ORG-0861"",""ORG-2154""]"
22398,10.1016/j.virol.2016.02.022,3,"[""ORG-1089"",""ORG-1825"",""ORG-1866""]"
22399,10.4049/jimmunol.1502687,10,"[""ORG-0772"",""ORG-1259"",""ORG-1347"",""ORG-1357"",""ORG-1766"",""ORG-1797"",""ORG-1825"",""ORG-1911"",""ORG-1934"",""ORG-2154""]"
22412,10.1002/ijc.30068,3,"[""ORG-0359"",""ORG-1259"",""ORG-1846""]"
22414,10.18632/oncotarget.7749,6,"[""ORG-0790"",""ORG-0853"",""ORG-1259"",""ORG-2105"",""ORG-2154"",""ORG-2306""]"
22415,10.18632/oncotarget.7771,9,"[""ORG-0565"",""ORG-0754"",""ORG-0755"",""ORG-0925"",""ORG-0947"",""ORG-1511"",""ORG-1938"",""ORG-2154"",""ORG-2166""]"
22417,10.1128/mBio.01986-15,11,"[""ORG-0497"",""ORG-0772"",""ORG-0858"",""ORG-1259"",""ORG-1798"",""ORG-1911"",""ORG-1937"",""ORG-2140"",""ORG-2154"",""ORG-2163"",""ORG-2166""]"
22419,10.1111/jmp.12209,2,"[""ORG-1347"",""ORG-1811""]"
22420,10.1186/s12879-016-1369-6,3,"[""ORG-1259"",""ORG-1368"",""ORG-1896""]"
22424,10.3390/v8030060,13,"[""ORG-0206"",""ORG-0526"",""ORG-0589"",""ORG-0590"",""ORG-0636"",""ORG-1232"",""ORG-1581"",""ORG-1641"",""ORG-1839"",""ORG-1846"",""ORG-1938"",""ORG-2154"",""ORG-2304""]"
22430,10.18632/oncotarget.7609,8,"[""ORG-0526"",""ORG-0589"",""ORG-0590"",""ORG-1047"",""ORG-1259"",""ORG-1368"",""ORG-1910"",""ORG-2154""]"
22432,10.1038/bcj.2016.6,2,"[""ORG-1039"",""ORG-2136""]"
22438,10.3389/fmicb.2016.00151,13,"[""ORG-0363"",""ORG-0364"",""ORG-0795"",""ORG-0963"",""ORG-1039"",""ORG-1040"",""ORG-1259"",""ORG-1607"",""ORG-1825"",""ORG-1911"",""ORG-2154"",""ORG-2166"",""ORG-2170""]"
22440,10.1186/s12885-016-2173-9,12,"[""ORG-0680"",""ORG-0974"",""ORG-1039"",""ORG-1259"",""ORG-1572"",""ORG-1581"",""ORG-1607"",""ORG-1797"",""ORG-1891"",""ORG-1911"",""ORG-1934"",""ORG-1949""]"
22442,10.1097/CEJ.0000000000000221,15,"[""ORG-0526"",""ORG-0559"",""ORG-0589"",""ORG-0590"",""ORG-0833"",""ORG-0974"",""ORG-1095"",""ORG-1527"",""ORG-1825"",""ORG-1844"",""ORG-1937"",""ORG-1938"",""ORG-2141"",""ORG-2154"",""ORG-2260""]"
22444,10.1093/infdis/jiw064,7,"[""ORG-0359"",""ORG-0895"",""ORG-1259"",""ORG-1368"",""ORG-1797"",""ORG-1910"",""ORG-1981""]"
22446,10.3390/v8020051,9,"[""ORG-0589"",""ORG-0590"",""ORG-0963"",""ORG-1259"",""ORG-1766"",""ORG-1825"",""ORG-1834"",""ORG-1910"",""ORG-2154""]"
22447,10.3390/v8020050,3,"[""ORG-1825"",""ORG-1952"",""ORG-2166""]"
22448,10.1038/bmt.2016.19,4,"[""ORG-0526"",""ORG-0527"",""ORG-0943"",""ORG-1910""]"
22455,10.1242/bio.016402,3,"[""ORG-0362"",""ORG-0859"",""ORG-0925""]"
22456,10.1371/journal.ppat.1005424,7,"[""ORG-0497"",""ORG-1039"",""ORG-1040"",""ORG-1937"",""ORG-1938"",""ORG-2154"",""ORG-2165""]"
22464,10.1158/1541-7786.MCR-15-0427,6,"[""ORG-0790"",""ORG-0853"",""ORG-1259"",""ORG-1861"",""ORG-1986"",""ORG-2154""]"
22468,10.1038/srep21674,5,"[""ORG-0522"",""ORG-0525"",""ORG-1095"",""ORG-1797"",""ORG-2154""]"
22472,10.1097/MD.0000000000002735,8,"[""ORG-0359"",""ORG-0963"",""ORG-1089"",""ORG-1259"",""ORG-1368"",""ORG-1851"",""ORG-1894"",""ORG-1981""]"
22474,10.3389/fmicb.2016.00054,8,"[""ORG-0511"",""ORG-0860"",""ORG-1039"",""ORG-1051"",""ORG-1581"",""ORG-1607"",""ORG-1937"",""ORG-2315""]"
22476,10.1186/s13027-016-0052-2,8,"[""ORG-0545"",""ORG-0795"",""ORG-0824"",""ORG-0860"",""ORG-0963"",""ORG-1259"",""ORG-1981"",""ORG-2154""]"
22479,10.1093/pnasnexus/pgad195,5,"[""ORG-0188"",""ORG-0421"",""ORG-0925"",""ORG-1259"",""ORG-1773""]"
22497,10.3390/ijms24076694,3,"[""ORG-0559"",""ORG-0925"",""ORG-1671""]"
22500,10.1007/s12032-023-01994-y,2,"[""ORG-1347"",""ORG-1856""]"
22504,10.3390/bios13030402,3,"[""ORG-0236"",""ORG-1654"",""ORG-1934""]"
22506,10.55730/1300-0144.5586,4,"[""ORG-0887"",""ORG-1839"",""ORG-1903"",""ORG-1910""]"
22511,10.3390/toxins15020100,3,"[""ORG-0304"",""ORG-1576"",""ORG-1581""]"
22518,10.3389/fpls.2023.1116147,6,"[""ORG-0191"",""ORG-0683"",""ORG-1259"",""ORG-1347"",""ORG-1357"",""ORG-1798""]"
22522,10.3390/genes14010106,7,"[""ORG-0497"",""ORG-1221"",""ORG-1232"",""ORG-1581"",""ORG-1877"",""ORG-1879"",""ORG-1881""]"
22524,10.1007/s00411-022-01012-1,4,"[""ORG-1683"",""ORG-1839"",""ORG-1921"",""ORG-1931""]"
22527,10.1186/s13578-022-00948-7,2,"[""ORG-0124"",""ORG-0925""]"
22528,10.1002/ctm2.1131,5,"[""ORG-0085"",""ORG-0623"",""ORG-1833"",""ORG-1858"",""ORG-2315""]"
22539,10.1016/j.bsheal.2022.11.001,6,"[""ORG-0413"",""ORG-1259"",""ORG-1684"",""ORG-1839"",""ORG-1847"",""ORG-2154""]"
22545,10.1016/j.cjtee.2022.09.001,3,"[""ORG-1851"",""ORG-1859"",""ORG-1885""]"
22549,10.3390/genes13101785,6,"[""ORG-0808"",""ORG-0982"",""ORG-1259"",""ORG-1503"",""ORG-1521"",""ORG-1852""]"
22552,10.1007/s12274-022-4951-9,7,"[""ORG-0413"",""ORG-0545"",""ORG-1259"",""ORG-1608"",""ORG-1609"",""ORG-1898"",""ORG-1986""]"
22553,10.1007/s11332-022-01007-x,2,"[""ORG-1839"",""ORG-2315""]"
22554,10.1177/20563051221126051,2,"[""ORG-0413"",""ORG-1839""]"
22557,10.3390/molecules27196636,3,"[""ORG-0188"",""ORG-0507"",""ORG-0683""]"
22561,10.1002/ece3.9279,1,"[""ORG-1216""]"
22567,10.3390/biology11071091,10,"[""ORG-0085"",""ORG-0773"",""ORG-0963"",""ORG-1347"",""ORG-1357"",""ORG-1825"",""ORG-1896"",""ORG-1911"",""ORG-2154"",""ORG-2160""]"
22583,10.1186/s40779-022-00388-x,6,"[""ORG-0413"",""ORG-1259"",""ORG-1321"",""ORG-1754"",""ORG-1911"",""ORG-1932""]"
22586,10.1128/mbio.00422-22,3,"[""ORG-0497"",""ORG-0623"",""ORG-1527""]"
22589,10.1186/s43141-022-00352-1,6,"[""ORG-0887"",""ORG-1608"",""ORG-1609"",""ORG-1839"",""ORG-1877"",""ORG-1879""]"
22593,10.3390/biomedicines10040907,3,"[""ORG-0188"",""ORG-0244"",""ORG-1221""]"
22598,10.1002/jev2.12212,5,"[""ORG-0188"",""ORG-0191"",""ORG-0807"",""ORG-1259"",""ORG-1545""]"
22599,10.1128/mbio.00385-22,7,"[""ORG-0455"",""ORG-0497"",""ORG-0571"",""ORG-0596"",""ORG-1897"",""ORG-1956"",""ORG-1969""]"
22602,10.1016/j.bmcl.2022.128696,2,"[""ORG-1825"",""ORG-2260""]"
22604,10.1128/spectrum.02013-21,5,"[""ORG-0188"",""ORG-0559"",""ORG-0596"",""ORG-0895"",""ORG-0925""]"
22605,10.1007/s11427-021-2071-x,3,"[""ORG-0413"",""ORG-1469"",""ORG-1847""]"
22614,10.3390/ph15010097,6,"[""ORG-0602"",""ORG-1361"",""ORG-1593"",""ORG-1812"",""ORG-1906"",""ORG-1985""]"
22619,10.1007/s00204-021-03199-6,6,"[""ORG-1259"",""ORG-1825"",""ORG-1839"",""ORG-1876"",""ORG-1900"",""ORG-2306""]"
22621,10.1177/14747049211066600,2,"[""ORG-0043"",""ORG-1047""]"
22629,10.1098/rspb.2021.1522,2,"[""ORG-0191"",""ORG-1259""]"
22639,10.1038/s41429-021-00472-9,9,"[""ORG-0095"",""ORG-0188"",""ORG-0244"",""ORG-0507"",""ORG-0925"",""ORG-1182"",""ORG-1347"",""ORG-1357"",""ORG-1881""]"
22640,10.7554/eLife.69756,2,"[""ORG-0188"",""ORG-1259""]"
22665,10.1128/mSphere.00442-21,8,"[""ORG-0133"",""ORG-0414"",""ORG-1089"",""ORG-1221"",""ORG-1347"",""ORG-1774"",""ORG-1797"",""ORG-1881""]"
22667,10.18549/PharmPract.2021.2.2306,2,"[""ORG-0159"",""ORG-0413""]"
22679,10.1136/bmjgh-2020-004772,1,"[""ORG-0413""]"
22684,10.1186/s12913-021-06442-z,1,"[""ORG-1259""]"
22686,10.1186/s12866-021-02172-8,4,"[""ORG-1891"",""ORG-1894"",""ORG-1911"",""ORG-2315""]"
22688,10.3390/cells10030561,4,"[""ORG-0188"",""ORG-1023"",""ORG-1259"",""ORG-2166""]"
22694,10.1111/mpp.13046,1,"[""ORG-0497""]"
22696,10.1021/acsomega.0c05493,1,"[""ORG-1421""]"
22697,10.5964/ejop.v16i1.1620,1,"[""ORG-0814""]"
22699,10.1038/s42004-021-00465-7,4,"[""ORG-0457"",""ORG-1833"",""ORG-1835"",""ORG-1911""]"
22701,10.1111/jam.15041,3,"[""ORG-1347"",""ORG-1357"",""ORG-1934""]"
22702,10.1292/jvms.20-0385,8,"[""ORG-0356"",""ORG-0588"",""ORG-0596"",""ORG-1825"",""ORG-1829"",""ORG-1839"",""ORG-1862"",""ORG-1900""]"
22703,10.1007/s12602-021-09748-w,7,"[""ORG-0413"",""ORG-1608"",""ORG-1609"",""ORG-1747"",""ORG-1891"",""ORG-1937"",""ORG-2154""]"
22706,10.1080/10409238.2020.1869173,4,"[""ORG-0497"",""ORG-1825"",""ORG-1911"",""ORG-2260""]"
22732,10.1007/s12223-020-00827-z,6,"[""ORG-0188"",""ORG-0191"",""ORG-1019"",""ORG-1934"",""ORG-1986"",""ORG-1990""]"
22740,10.4081/idr.2020.8738,4,"[""ORG-0223"",""ORG-1221"",""ORG-1825"",""ORG-1986""]"
22741,10.1007/s11673-020-10025-8,4,"[""ORG-0413"",""ORG-1819"",""ORG-1862"",""ORG-2166""]"
22742,10.1016/j.mtchem.2020.100332,13,"[""ORG-0188"",""ORG-0571"",""ORG-0683"",""ORG-1259"",""ORG-1347"",""ORG-1357"",""ORG-1581"",""ORG-1651"",""ORG-1698"",""ORG-1833"",""ORG-1866"",""ORG-1894"",""ORG-2166""]"
22744,10.1089/hs.2020.0048,8,"[""ORG-0413"",""ORG-1089"",""ORG-1259"",""ORG-1608"",""ORG-1609"",""ORG-1938"",""ORG-1956"",""ORG-2154""]"
22751,10.1007/s00414-020-02374-1,4,"[""ORG-0497"",""ORG-1581"",""ORG-1802"",""ORG-1934""]"
22756,10.4014/jmb.2003.03009,5,"[""ORG-0188"",""ORG-1228"",""ORG-1347"",""ORG-1357"",""ORG-2166""]"
22757,10.21037/atm-20-3989,9,"[""ORG-0413"",""ORG-1259"",""ORG-1347"",""ORG-1608"",""ORG-1609"",""ORG-1862"",""ORG-1932"",""ORG-1938"",""ORG-2154""]"
22769,10.3389/fimmu.2020.00442,4,"[""ORG-0556"",""ORG-0623"",""ORG-1232"",""ORG-1825""]"
22770,10.1007/s00204-020-02743-0,2,"[""ORG-1259"",""ORG-1833""]"
22772,10.1073/pnas.1919049117,4,"[""ORG-1839"",""ORG-1847"",""ORG-1856"",""ORG-1986""]"
22777,10.1128/mBio.00034-20,4,"[""ORG-0184"",""ORG-0897"",""ORG-1347"",""ORG-1357""]"
22783,10.3201/eid2602.191351,2,"[""ORG-1473"",""ORG-2304""]"
22790,10.1021/acs.chemrestox.9b00344,2,"[""ORG-1089"",""ORG-1868""]"
22791,10.1089/hs.2019.0094,2,"[""ORG-1898"",""ORG-2332""]"
22795,10.3390/toxins11120681,7,"[""ORG-0223"",""ORG-0236"",""ORG-0612"",""ORG-1347"",""ORG-1357"",""ORG-1812"",""ORG-1891""]"
22799,10.1371/journal.pone.0224094,9,"[""ORG-0188"",""ORG-0191"",""ORG-0304"",""ORG-0670"",""ORG-1019"",""ORG-1347"",""ORG-1357"",""ORG-1716"",""ORG-1894""]"
22806,10.3390/md17090528,4,"[""ORG-0925"",""ORG-1089"",""ORG-1581"",""ORG-1825""]"
22810,10.3389/fmicb.2019.01766,9,"[""ORG-0683"",""ORG-0925"",""ORG-1259"",""ORG-1347"",""ORG-1357"",""ORG-1651"",""ORG-1747"",""ORG-1848"",""ORG-2326""]"
22818,10.3390/ma12142303,2,"[""ORG-1948"",""ORG-1958""]"
22822,10.1016/j.yexmp.2019.104275,1,"[""ORG-1259""]"
22824,10.1371/journal.pone.0217704,4,"[""ORG-1545"",""ORG-1839"",""ORG-1906"",""ORG-1948""]"
22825,10.3390/jof5020050,5,"[""ORG-0188"",""ORG-1839"",""ORG-1897"",""ORG-2154"",""ORG-2166""]"
22839,10.3390/molecules24030425,1,"[""ORG-1259""]"
22841,10.1128/JB.00630-18,12,"[""ORG-0188"",""ORG-0191"",""ORG-0670"",""ORG-0836"",""ORG-0925"",""ORG-1221"",""ORG-1347"",""ORG-1846"",""ORG-1851"",""ORG-1881"",""ORG-1898"",""ORG-1986""]"
22846,10.1016/j.cell.2018.10.051,2,"[""ORG-0056"",""ORG-0188""]"
22857,10.3389/frobt.2018.00111,5,"[""ORG-1259"",""ORG-1831"",""ORG-1851"",""ORG-1979"",""ORG-2315""]"
22864,10.3390/toxics6030051,2,"[""ORG-1259"",""ORG-1934""]"
22875,10.1038/s41467-018-04520-1,3,"[""ORG-0188"",""ORG-0683"",""ORG-1347""]"
22877,10.3389/fcimb.2018.00154,6,"[""ORG-0670"",""ORG-0897"",""ORG-1259"",""ORG-1714"",""ORG-1825"",""ORG-1852""]"
22883,10.1007/s13361-018-1977-z,6,"[""ORG-0808"",""ORG-1089"",""ORG-1245"",""ORG-1490"",""ORG-1910"",""ORG-1935""]"
22885,10.1371/journal.pone.0194530,5,"[""ORG-1089"",""ORG-1259"",""ORG-1811"",""ORG-1844"",""ORG-1948""]"
22887,10.1007/s00414-018-1802-z,1,"[""ORG-1368""]"
22891,10.1021/acsinfecdis.7b00258,4,"[""ORG-0188"",""ORG-0507"",""ORG-1232"",""ORG-1714""]"
22899,10.1007/s00414-017-1702-7,6,"[""ORG-0082"",""ORG-0085"",""ORG-0421"",""ORG-1137"",""ORG-1934"",""ORG-1975""]"
22902,10.1371/journal.pone.0185966,3,"[""ORG-0136"",""ORG-1259"",""ORG-1891""]"
22908,10.3390/s17081885,2,"[""ORG-1347"",""ORG-1357""]"
22910,10.1126/sciadv.1700606,7,"[""ORG-0113"",""ORG-0548"",""ORG-1347"",""ORG-1357"",""ORG-1490"",""ORG-1932"",""ORG-1986""]"
22911,10.1128/mBio.00654-17,5,"[""ORG-0188"",""ORG-0497"",""ORG-1839"",""ORG-1874"",""ORG-1900""]"
22912,10.1371/journal.pone.0181013,8,"[""ORG-0304"",""ORG-0320"",""ORG-0356"",""ORG-0399"",""ORG-0588"",""ORG-0925"",""ORG-1221"",""ORG-1771""]"
22915,10.1016/j.ajic.2017.05.018,4,"[""ORG-1259"",""ORG-1890"",""ORG-1891"",""ORG-2154""]"
22919,10.1016/j.vetmic.2017.02.007,5,"[""ORG-0207"",""ORG-1347"",""ORG-1357"",""ORG-1469"",""ORG-1934""]"
22920,10.3389/fcimb.2017.00215,6,"[""ORG-0188"",""ORG-0268"",""ORG-1205"",""ORG-1259"",""ORG-1986"",""ORG-2315""]"
22924,10.1371/journal.pntd.0004738,3,"[""ORG-0188"",""ORG-0191"",""ORG-1948""]"
22927,10.1371/journal.pone.0177112,6,"[""ORG-0497"",""ORG-0808"",""ORG-1361"",""ORG-1687"",""ORG-1833"",""ORG-1986""]"
22931,10.12688/f1000research.10696.1,2,"[""ORG-0188"",""ORG-1969""]"
22938,10.1128/AAC.02434-16,7,"[""ORG-0110"",""ORG-0183"",""ORG-0925"",""ORG-1347"",""ORG-1357"",""ORG-1891"",""ORG-2332""]"
22945,10.1007/s00284-016-1181-y,1,"[""ORG-1259""]"
22955,10.3390/ijms17091538,3,"[""ORG-1259"",""ORG-1421"",""ORG-1891""]"
22956,10.1111/nyas.13214,3,"[""ORG-0385"",""ORG-1825"",""ORG-1833""]"
22976,10.1371/journal.pone.0152225,5,"[""ORG-0183"",""ORG-0223"",""ORG-1421"",""ORG-1891"",""ORG-1894""]"
22977,10.1371/journal.pone.0153956,12,"[""ORG-0183"",""ORG-0362"",""ORG-0680"",""ORG-0925"",""ORG-1089"",""ORG-1203"",""ORG-1221"",""ORG-1405"",""ORG-1459"",""ORG-1603"",""ORG-1804"",""ORG-1809""]"
22981,10.1002/wnan.1403,6,"[""ORG-0522"",""ORG-1347"",""ORG-1357"",""ORG-1461"",""ORG-1934"",""ORG-2154""]"
22982,10.1093/cid/ciw184,2,"[""ORG-0183"",""ORG-1798""]"
22984,10.1016/j.envres.2016.02.012,3,"[""ORG-0457"",""ORG-1259"",""ORG-1866""]"
22992,10.3390/toxins7124856,2,"[""ORG-1577"",""ORG-1867""]"
23013,10.1186/s12936-015-0816-y,4,"[""ORG-0057"",""ORG-0058"",""ORG-1897"",""ORG-2154""]"
23025,10.1136/bmjopen-2014-007057,2,"[""ORG-1259"",""ORG-1667""]"
23029,10.1093/jlb/lsv006,6,"[""ORG-0223"",""ORG-0846"",""ORG-1221"",""ORG-1259"",""ORG-1881"",""ORG-1910""]"
23042,10.1038/srep06650,1,"[""ORG-1259""]"
23052,10.1016/j.toxrep.2014.07.013,3,"[""ORG-1084"",""ORG-1095"",""ORG-1259""]"
23064,10.1542/peds.2014-0563,4,"[""ORG-0183"",""ORG-1891"",""ORG-1932"",""ORG-1981""]"
23067,10.1016/j.mrfmmm.2014.04.002,3,"[""ORG-0497"",""ORG-1581"",""ORG-1911""]"
23068,10.1186/1741-7015-12-57,1,"[""ORG-1891""]"
23080,10.3201/eid2002.130687,2,"[""ORG-0320"",""ORG-0399""]"
23083,10.1371/journal.pone.0082467,5,"[""ORG-1421"",""ORG-1545"",""ORG-1798"",""ORG-1891"",""ORG-2247""]"
23090,10.4161/viru.27172,5,"[""ORG-0012"",""ORG-1347"",""ORG-1357"",""ORG-1887"",""ORG-2315""]"
23099,10.4161/viru.25454,5,"[""ORG-0191"",""ORG-0379"",""ORG-0670"",""ORG-1851"",""ORG-1867""]"
23108,10.1038/nm0613-657,1,"[""ORG-0113""]"
23110,10.1371/journal.pone.0063837,3,"[""ORG-0244"",""ORG-0571"",""ORG-1911""]"
23111,10.1093/jrr/rrt066,4,"[""ORG-0943"",""ORG-1253"",""ORG-1259"",""ORG-1934""]"
23117,10.1371/journal.pone.0058513,15,"[""ORG-0188"",""ORG-0191"",""ORG-0310"",""ORG-0559"",""ORG-0670"",""ORG-0833"",""ORG-0895"",""ORG-0902"",""ORG-0925"",""ORG-0963"",""ORG-1347"",""ORG-1581"",""ORG-1839"",""ORG-1874"",""ORG-2315""]"
23124,10.1186/2008-2231-20-81,3,"[""ORG-0897"",""ORG-1948"",""ORG-1956""]"
23141,10.1038/nature11170,8,"[""ORG-0171"",""ORG-0230"",""ORG-0385"",""ORG-1259"",""ORG-1890"",""ORG-2166"",""ORG-2170"",""ORG-2248""]"
23148,10.1080/13623699.2012.658628,1,"[""ORG-1906""]"
23154,10.1186/1475-2875-11-106,7,"[""ORG-0457"",""ORG-1089"",""ORG-1228"",""ORG-1259"",""ORG-1783"",""ORG-1890"",""ORG-1891""]"
23159,10.1371/journal.ppat.1002557,7,"[""ORG-1347"",""ORG-1357"",""ORG-1766"",""ORG-1825"",""ORG-1948"",""ORG-2115"",""ORG-2154""]"
23160,10.1111/j.1751-7915.2012.00334.x,4,"[""ORG-0254"",""ORG-1259"",""ORG-1347"",""ORG-1357""]"
23161,10.1186/1471-2105-12-S13-S22,14,"[""ORG-0497"",""ORG-0573"",""ORG-0790"",""ORG-1286"",""ORG-1581"",""ORG-1849"",""ORG-1850"",""ORG-1862"",""ORG-1907"",""ORG-1922"",""ORG-1958"",""ORG-2154"",""ORG-2166"",""ORG-2260""]"
23176,10.1371/journal.pone.0026115,3,"[""ORG-0191"",""ORG-1839"",""ORG-2332""]"
23180,10.1371/journal.pbio.1001184,8,"[""ORG-0188"",""ORG-1137"",""ORG-1259"",""ORG-1368"",""ORG-1839"",""ORG-1848"",""ORG-1866"",""ORG-1956""]"
23181,10.1128/mBio.00232-11,6,"[""ORG-0183"",""ORG-1421"",""ORG-1667"",""ORG-1804"",""ORG-1891"",""ORG-1910""]"
23184,10.3389/fmicb.2011.00174,8,"[""ORG-0188"",""ORG-0304"",""ORG-1347"",""ORG-1357"",""ORG-1503"",""ORG-1894"",""ORG-1934"",""ORG-2306""]"
23186,10.4103/0975-7406.68499,6,"[""ORG-0113"",""ORG-1498"",""ORG-1809"",""ORG-1881"",""ORG-1910"",""ORG-1934""]"
23191,10.1371/journal.pone.0020233,2,"[""ORG-1259"",""ORG-1948""]"
23193,10.1016/j.ajic.2010.10.036,15,"[""ORG-0312"",""ORG-0497"",""ORG-0871"",""ORG-1089"",""ORG-1133"",""ORG-1259"",""ORG-1347"",""ORG-1357"",""ORG-1581"",""ORG-1825"",""ORG-1894"",""ORG-1970"",""ORG-2154"",""ORG-2166"",""ORG-2171""]"
23206,10.1016/j.forsciint.2010.12.002,2,"[""ORG-1934"",""ORG-1948""]"
23211,10.1186/1471-2458-10-S1-S12,7,"[""ORG-0223"",""ORG-0243"",""ORG-1347"",""ORG-1357"",""ORG-1819"",""ORG-1934"",""ORG-2260""]"
23213,10.1016/j.bbrc.2010.11.128,3,"[""ORG-0310"",""ORG-0312"",""ORG-1839""]"
23214,10.1186/2041-2223-1-4,3,"[""ORG-0183"",""ORG-1248"",""ORG-1259""]"
23221,10.1016/j.aca.2010.05.042,1,"[""ORG-1259""]"
23224,10.1021/tx100038b,6,"[""ORG-1072"",""ORG-1146"",""ORG-1581"",""ORG-1891"",""ORG-1949"",""ORG-2260""]"
23228,10.1016/j.pep.2010.04.021,7,"[""ORG-0596"",""ORG-0925"",""ORG-1347"",""ORG-1459"",""ORG-1797"",""ORG-1825"",""ORG-2332""]"
23233,10.1186/1471-2334-10-25,7,"[""ORG-0012"",""ORG-0082"",""ORG-0736"",""ORG-0866"",""ORG-1047"",""ORG-1347"",""ORG-1911""]"
23235,10.1038/nrmicro2299,3,"[""ORG-0951"",""ORG-1347"",""ORG-1887""]"
23242,10.1002/mas.20272,3,"[""ORG-1847"",""ORG-1891"",""ORG-1911""]"
23252,10.1021/tx900096j,2,"[""ORG-0330"",""ORG-1421""]"
23258,10.4103/0974-2700.50747,6,"[""ORG-1259"",""ORG-1399"",""ORG-1839"",""ORG-1856"",""ORG-1910"",""ORG-1934""]"
23267,10.1186/1471-2180-9-66,7,"[""ORG-0246"",""ORG-0497"",""ORG-1490"",""ORG-1851"",""ORG-1919"",""ORG-1922"",""ORG-1979""]"
23270,10.1021/cb800306y,7,"[""ORG-0191"",""ORG-0670"",""ORG-1797"",""ORG-1851"",""ORG-1861"",""ORG-1890"",""ORG-2315""]"
23276,10.1111/j.1365-2958.2008.06533.x,3,"[""ORG-0110"",""ORG-0183"",""ORG-0507""]"
23279,10.3201/eid1411.080741,1,"[""ORG-1259""]"
23282,10.1111/j.1539-6924.2008.01118.x,2,"[""ORG-0110"",""ORG-1259""]"
23284,10.1186/1475-2875-7-171,4,"[""ORG-0951"",""ORG-1819"",""ORG-1839"",""ORG-1981""]"
23291,10.1016/j.antiviral.2008.07.003,4,"[""ORG-0304"",""ORG-0320"",""ORG-0399"",""ORG-1581""]"
23298,10.1016/j.idc.2007.12.003,3,"[""ORG-1047"",""ORG-1546"",""ORG-1856""]"
23308,10.1186/1472-6947-7-28,1,"[""ORG-1817""]"
23310,10.1016/j.antiviral.2007.07.003,3,"[""ORG-1221"",""ORG-1259"",""ORG-1898""]"
23325,10.1371/journal.ppat.0030002,15,"[""ORG-0522"",""ORG-0754"",""ORG-0755"",""ORG-0866"",""ORG-1347"",""ORG-1357"",""ORG-1421"",""ORG-1498"",""ORG-1803"",""ORG-1825"",""ORG-1934"",""ORG-2154"",""ORG-2157"",""ORG-2161"",""ORG-2166""]"
23332,10.1007/s00018-006-6309-y,4,"[""ORG-1347"",""ORG-1357"",""ORG-1881"",""ORG-1910""]"
23334,10.1016/j.micron.2005.11.015,7,"[""ORG-0188"",""ORG-0312"",""ORG-0596"",""ORG-1347"",""ORG-1357"",""ORG-1421"",""ORG-2154""]"
23341,10.1371/journal.ppat.0020051,12,"[""ORG-1048"",""ORG-1049"",""ORG-1066"",""ORG-1259"",""ORG-1490"",""ORG-1937"",""ORG-1938"",""ORG-2140"",""ORG-2154"",""ORG-2166"",""ORG-2260"",""ORG-2306""]"
23342,10.3201/eid1204.051373,2,"[""ORG-2115"",""ORG-2154""]"
23344,10.3201/eid1204.051120,1,"[""ORG-1469""]"
23354,10.1016/j.ajic.2005.05.015,5,"[""ORG-0951"",""ORG-1221"",""ORG-1246"",""ORG-1812"",""ORG-1910""]"
23369,10.3201/eid1107.050277,4,"[""ORG-1421"",""ORG-1891"",""ORG-2166"",""ORG-2170""]"
23374,10.1016/j.addr.2005.01.015,10,"[""ORG-0188"",""ORG-0206"",""ORG-0379"",""ORG-1347"",""ORG-1490"",""ORG-1603"",""ORG-1804"",""ORG-1922"",""ORG-1934"",""ORG-1956""]"
23385,10.1186/1472-6947-5-4,5,"[""ORG-1089"",""ORG-1259"",""ORG-1503"",""ORG-1839"",""ORG-1934""]"
23387,10.3201/eid1101.040635,2,"[""ORG-0113"",""ORG-1047""]"
23397,10.4065/79.11.1359,1,"[""ORG-0634""]"
23400,10.1016/j.ijid.2004.09.005,8,"[""ORG-0559"",""ORG-0824"",""ORG-1221"",""ORG-1259"",""ORG-1498"",""ORG-1667"",""ORG-1822"",""ORG-1881""]"
23401,10.1016/j.ijid.2004.09.006,1,"[""ORG-0379""]"
23403,10.1016/j.ajic.2004.03.006,1,"[""ORG-1089""]"
23408,10.1016/j.atmosenv.2004.06.010,4,"[""ORG-1019"",""ORG-1503"",""ORG-2260"",""ORG-2315""]"
23418,10.1016/j.copbio.2004.04.001,4,"[""ORG-1347"",""ORG-1357"",""ORG-1887"",""ORG-1890""]"
23420,10.1016/j.tim.2004.04.007,2,"[""ORG-0736"",""ORG-1910""]"
23433,10.1186/1471-2334-4-1,5,"[""ORG-0824"",""ORG-0825"",""ORG-1891"",""ORG-2154"",""ORG-2166""]"
23436,10.1016/j.annemergmed.2003.08.005,2,"[""ORG-1259"",""ORG-1934""]"
23440,10.1016/S0196-0644(03)00811-4,1,"[""ORG-1910""]"
23445,10.1016/S0166-0934(03)00193-9,9,"[""ORG-0503"",""ORG-1325"",""ORG-1525"",""ORG-1581"",""ORG-1639"",""ORG-2120"",""ORG-2154"",""ORG-2166"",""ORG-2189""]"
23461,10.1186/1472-6947-3-2,5,"[""ORG-0471"",""ORG-1089"",""ORG-1259"",""ORG-1368"",""ORG-1922""]"
23463,10.1186/gb-2002-3-11-comment1015,1,"[""ORG-0847""]"
23473,10.3201/eid0810.020376,4,"[""ORG-0320"",""ORG-1259"",""ORG-1347"",""ORG-1825""]"
23504,10.4103/jehp.jehp_914_22,1,"[""ORG-0085""]"
23506,10.3390/life13030787,4,"[""ORG-0602"",""ORG-1896"",""ORG-1897"",""ORG-2154""]"
23510,10.1080/20961790.2021.2023272,13,"[""ORG-0012"",""ORG-0497"",""ORG-0559"",""ORG-0623"",""ORG-0887"",""ORG-1347"",""ORG-1545"",""ORG-1809"",""ORG-1833"",""ORG-1887"",""ORG-1906"",""ORG-1922"",""ORG-1934""]"
23512,10.1128/mra.00868-22,2,"[""ORG-0266"",""ORG-0354""]"
23520,10.3389/fbioe.2022.1003127,12,"[""ORG-0188"",""ORG-0304"",""ORG-0320"",""ORG-0399"",""ORG-1347"",""ORG-1357"",""ORG-1802"",""ORG-1825"",""ORG-1891"",""ORG-1906"",""ORG-1986"",""ORG-2166""]"
23523,10.1371/journal.pone.0274266,5,"[""ORG-1347"",""ORG-1357"",""ORG-1937"",""ORG-2154"",""ORG-2163""]"
23526,10.7759/cureus.27363,7,"[""ORG-0385"",""ORG-0963"",""ORG-1253"",""ORG-1783"",""ORG-1883"",""ORG-1891"",""ORG-1896""]"
23532,10.4103/jehp.jehp_404_21,7,"[""ORG-0385"",""ORG-0457"",""ORG-1259"",""ORG-1856"",""ORG-1858"",""ORG-1910"",""ORG-1935""]"
23535,10.1038/s41541-022-00506-9,7,"[""ORG-0191"",""ORG-0670"",""ORG-0925"",""ORG-1259"",""ORG-1347"",""ORG-1357"",""ORG-1891""]"
23538,10.1021/acsinfecdis.2c00014,5,"[""ORG-0188"",""ORG-0191"",""ORG-0506"",""ORG-0925"",""ORG-1047""]"
23539,10.3389/fbioe.2022.756586,9,"[""ORG-0223"",""ORG-0304"",""ORG-0320"",""ORG-0399"",""ORG-1347"",""ORG-1351"",""ORG-1357"",""ORG-1887"",""ORG-1948""]"
23544,10.1007/s00705-022-05453-3,6,"[""ORG-0320"",""ORG-0399"",""ORG-1498"",""ORG-1798"",""ORG-1859"",""ORG-2154""]"
23559,10.1016/j.heliyon.2021.e08161,7,"[""ORG-0293"",""ORG-0427"",""ORG-0428"",""ORG-1825"",""ORG-1839"",""ORG-1894"",""ORG-2154""]"
23563,10.1016/j.ab.2021.114364,5,"[""ORG-0082"",""ORG-1421"",""ORG-1577"",""ORG-1825"",""ORG-1975""]"
23564,10.3390/pathogens10080924,5,"[""ORG-0670"",""ORG-1095"",""ORG-1259"",""ORG-1839"",""ORG-1891""]"
23569,10.3724/SP.J.1123.2020.10001,1,"[""ORG-1581""]"
23576,10.3389/fimmu.2021.653092,4,"[""ORG-0191"",""ORG-0414"",""ORG-0963"",""ORG-1581""]"
23584,10.3389/fimmu.2020.598847,10,"[""ORG-0535"",""ORG-1196"",""ORG-1197"",""ORG-1259"",""ORG-1347"",""ORG-1357"",""ORG-1910"",""ORG-2125"",""ORG-2154"",""ORG-2166""]"
23586,10.1002/vms3.434,3,"[""ORG-0413"",""ORG-1085"",""ORG-1891""]"
23598,10.1016/j.vaccine.2020.07.018,8,"[""ORG-0206"",""ORG-1259"",""ORG-1429"",""ORG-1461"",""ORG-1839"",""ORG-1938"",""ORG-2115"",""ORG-2154""]"
23605,10.3390/pathogens9050370,6,"[""ORG-0110"",""ORG-1232"",""ORG-1833"",""ORG-1934"",""ORG-1956"",""ORG-1986""]"
23606,10.1097/PAF.0000000000000567,2,"[""ORG-0413"",""ORG-1259""]"
23618,10.15585/mmwr.mm6842a2,2,"[""ORG-2115"",""ORG-2154""]"
23624,10.1038/s41538-018-0018-4,6,"[""ORG-1095"",""ORG-1446"",""ORG-1846"",""ORG-1856"",""ORG-1934"",""ORG-1986""]"
23631,10.3390/toxins11050250,2,"[""ORG-1911"",""ORG-2260""]"
23644,10.1021/acschembio.8b00937,4,"[""ORG-0763"",""ORG-1826"",""ORG-1928"",""ORG-1935""]"
23647,10.1038/s41467-018-06488-4,4,"[""ORG-0183"",""ORG-0184"",""ORG-0188"",""ORG-0244""]"
23649,10.1007/s12024-018-0043-2,2,"[""ORG-0943"",""ORG-2315""]"
23652,10.1128/mSphere.00399-18,4,"[""ORG-0559"",""ORG-0938"",""ORG-1576"",""ORG-1894""]"
23662,10.1128/mBio.00089-18,7,"[""ORG-0236"",""ORG-0237"",""ORG-1868"",""ORG-1911"",""ORG-1948"",""ORG-1956"",""ORG-2315""]"
23663,10.1371/journal.pone.0194946,3,"[""ORG-0188"",""ORG-0254"",""ORG-0488""]"
23666,10.3201/eid2404.171646,2,"[""ORG-0183"",""ORG-2306""]"
23674,10.3390/v10010003,4,"[""ORG-1259"",""ORG-1667"",""ORG-1684"",""ORG-1911""]"
23676,10.1155/2017/6206395,3,"[""ORG-0304"",""ORG-0736"",""ORG-1347""]"
23677,10.3390/v9120380,2,"[""ORG-0559"",""ORG-1948""]"
23681,10.1002/cpdd.410,3,"[""ORG-0763"",""ORG-1259"",""ORG-1368""]"
23683,10.3389/fcimb.2017.00446,9,"[""ORG-0188"",""ORG-0191"",""ORG-0310"",""ORG-0670"",""ORG-1259"",""ORG-1347"",""ORG-1839"",""ORG-1866"",""ORG-1897""]"
23687,10.1128/JCM.01023-17,1,"[""ORG-0925""]"
23698,10.1016/j.vaccine.2017.05.091,8,"[""ORG-0015"",""ORG-0370"",""ORG-0497"",""ORG-0869"",""ORG-1138"",""ORG-2115"",""ORG-2154"",""ORG-2163""]"
23705,10.1155/2017/2578082,6,"[""ORG-0183"",""ORG-0186"",""ORG-0188"",""ORG-0191"",""ORG-1347"",""ORG-1979""]"
23715,10.1038/srep40084,7,"[""ORG-0155"",""ORG-0471"",""ORG-1221"",""ORG-1809"",""ORG-1881"",""ORG-1910"",""ORG-1979""]"
23716,10.1016/j.antiviral.2016.12.015,8,"[""ORG-0497"",""ORG-1259"",""ORG-1581"",""ORG-1684"",""ORG-1872"",""ORG-1938"",""ORG-2154"",""ORG-2166""]"
23738,10.1016/j.aenj.2016.03.001,2,"[""ORG-1259"",""ORG-1347""]"
23739,10.1016/j.jiph.2016.04.007,8,"[""ORG-0625"",""ORG-1146"",""ORG-1347"",""ORG-1357"",""ORG-1825"",""ORG-1867"",""ORG-1910"",""ORG-1934""]"
23740,10.3390/toxins8040118,3,"[""ORG-1714"",""ORG-1894"",""ORG-1986""]"
23741,10.3201/eid2204.151459,2,"[""ORG-1259"",""ORG-1922""]"
23743,10.1093/infdis/jiv770,5,"[""ORG-0232"",""ORG-0267"",""ORG-1169"",""ORG-1205"",""ORG-1801""]"
23755,10.1038/srep17178,2,"[""ORG-0670"",""ORG-1347""]"
23758,10.1038/srep14797,6,"[""ORG-0191"",""ORG-1221"",""ORG-1825"",""ORG-1881"",""ORG-1891"",""ORG-2332""]"
23779,10.1186/s12866-015-0344-5,6,"[""ORG-1347"",""ORG-1357"",""ORG-1653"",""ORG-1866"",""ORG-1911"",""ORG-1917""]"
23781,10.3201/eid2102.141045,1,"[""ORG-1259""]"
23783,10.1016/j.phrp.2014.09.006,4,"[""ORG-0522"",""ORG-1259"",""ORG-1581"",""ORG-2154""]"
23787,10.1017/S0260210514000151,1,"[""ORG-1232""]"
23790,10.1016/j.vaccine.2014.08.076,4,"[""ORG-0085"",""ORG-0938"",""ORG-1802"",""ORG-1897""]"
23795,10.1371/journal.pone.0105305,7,"[""ORG-0183"",""ORG-0246"",""ORG-1253"",""ORG-1347"",""ORG-1357"",""ORG-1906"",""ORG-2332""]"
23802,10.1371/journal.pone.0096930,10,"[""ORG-0244"",""ORG-0497"",""ORG-1361"",""ORG-1490"",""ORG-1581"",""ORG-1891"",""ORG-1894"",""ORG-2120"",""ORG-2154"",""ORG-2189""]"
23809,10.1098/rsif.2014.0119,6,"[""ORG-0188"",""ORG-0191"",""ORG-0670"",""ORG-0963"",""ORG-1839"",""ORG-1948""]"
23817,10.1007/s10669-014-9506-5,9,"[""ORG-0015"",""ORG-0866"",""ORG-1146"",""ORG-1147"",""ORG-1259"",""ORG-1276"",""ORG-1938"",""ORG-1948"",""ORG-2154""]"
23818,10.1007/s12553-014-0086-7,1,"[""ORG-1856""]"
23823,10.1089/bsp.2013.0056,1,"[""ORG-1259""]"
23824,10.1371/journal.pone.0079457,1,"[""ORG-0421""]"
23829,10.3389/fmicb.2013.00267,11,"[""ORG-1122"",""ORG-1245"",""ORG-1259"",""ORG-1347"",""ORG-1357"",""ORG-1803"",""ORG-1938"",""ORG-1948"",""ORG-2154"",""ORG-2161"",""ORG-2260""]"
23846,10.1007/978-1-62703-342-8_12,8,"[""ORG-0183"",""ORG-0191"",""ORG-0455"",""ORG-0887"",""ORG-0938"",""ORG-1589"",""ORG-1804"",""ORG-1897""]"
23850,10.3389/fcimb.2013.00010,9,"[""ORG-0181"",""ORG-0188"",""ORG-0207"",""ORG-0254"",""ORG-0963"",""ORG-1253"",""ORG-1259"",""ORG-1833"",""ORG-1911""]"
23851,10.1002/pro.2250,12,"[""ORG-0304"",""ORG-0356"",""ORG-0399"",""ORG-0588"",""ORG-0778"",""ORG-1259"",""ORG-1505"",""ORG-1668"",""ORG-1911"",""ORG-1928"",""ORG-1983"",""ORG-2129""]"
23854,10.1128/mBio.00638-12,10,"[""ORG-0188"",""ORG-0670"",""ORG-0925"",""ORG-1259"",""ORG-1347"",""ORG-1357"",""ORG-1744"",""ORG-1839"",""ORG-1911"",""ORG-2306""]"
23858,10.1111/1469-0691.12075,9,"[""ORG-0427"",""ORG-0925"",""ORG-1490"",""ORG-1581"",""ORG-1825"",""ORG-1891"",""ORG-2154"",""ORG-2166"",""ORG-2170""]"
23863,10.3390/v4102097,12,"[""ORG-0123"",""ORG-1177"",""ORG-1259"",""ORG-1347"",""ORG-1357"",""ORG-1597"",""ORG-1910"",""ORG-1952"",""ORG-2147"",""ORG-2154"",""ORG-2161"",""ORG-2166""]"
23866,10.3390/s120810487,7,"[""ORG-0497"",""ORG-1347"",""ORG-1357"",""ORG-1361"",""ORG-1362"",""ORG-1581"",""ORG-1797""]"
23871,10.1155/2012/138757,6,"[""ORG-0385"",""ORG-1347"",""ORG-1421"",""ORG-1598"",""ORG-1887"",""ORG-2154""]"
23879,10.1016/j.bmcl.2012.04.019,2,"[""ORG-0736"",""ORG-1259""]"
23880,10.1016/j.antiviral.2012.04.002,6,"[""ORG-1347"",""ORG-1357"",""ORG-1846"",""ORG-1956"",""ORG-2166"",""ORG-2171""]"
23882,10.1213/ANE.0b013e31824c4eb5,3,"[""ORG-1259"",""ORG-1803"",""ORG-1979""]"
23887,10.1371/journal.ppat.1002494,16,"[""ORG-0188"",""ORG-0191"",""ORG-0319"",""ORG-0670"",""ORG-0898"",""ORG-0925"",""ORG-1200"",""ORG-1259"",""ORG-1347"",""ORG-1357"",""ORG-1454"",""ORG-1766"",""ORG-1848"",""ORG-1897"",""ORG-1948"",""ORG-2114""]"
23903,10.3390/ijms12084975,5,"[""ORG-0362"",""ORG-1368"",""ORG-1819"",""ORG-1900"",""ORG-2166""]"
23905,10.1371/journal.pone.0024654,2,"[""ORG-0191"",""ORG-0670""]"
23907,10.1016/j.chom.2011.06.012,4,"[""ORG-0354"",""ORG-1505"",""ORG-1715"",""ORG-1928""]"
23909,10.1155/2011/970424,5,"[""ORG-1536"",""ORG-1538"",""ORG-1839"",""ORG-1891"",""ORG-2154""]"
23912,10.4103/0975-1475.81283,1,"[""ORG-0223""]"
23913,10.1099/vir.0.034207-0,4,"[""ORG-1259"",""ORG-2115"",""ORG-2116"",""ORG-2154""]"
23925,10.4061/2011/765763,7,"[""ORG-0497"",""ORG-0736"",""ORG-1259"",""ORG-1347"",""ORG-1357"",""ORG-1581"",""ORG-1847""]"
23926,10.1111/j.1348-0421.2010.00286.x,10,"[""ORG-0206"",""ORG-0497"",""ORG-0925"",""ORG-1253"",""ORG-1361"",""ORG-1581"",""ORG-1593"",""ORG-1934"",""ORG-2154"",""ORG-2166""]"
23933,10.1021/cb1002366,3,"[""ORG-0202"",""ORG-0229"",""ORG-0304""]"
23938,10.1016/j.vaccine.2010.08.008,5,"[""ORG-0636"",""ORG-1089"",""ORG-2154"",""ORG-2166"",""ORG-2171""]"
23940,10.3390/toxins2071898,6,"[""ORG-0399"",""ORG-1347"",""ORG-1714"",""ORG-1797"",""ORG-1911"",""ORG-1956""]"
23941,10.1371/journal.pone.0010928,7,"[""ORG-0191"",""ORG-0925"",""ORG-1221"",""ORG-1259"",""ORG-1891"",""ORG-1911"",""ORG-2332""]"
23955,10.5210/ojphi.v2i1.2837,3,"[""ORG-0409"",""ORG-1221"",""ORG-1856""]"
23958,10.1016/j.vaccine.2009.08.058,7,"[""ORG-0947"",""ORG-1347"",""ORG-1357"",""ORG-1781"",""ORG-1825"",""ORG-1891"",""ORG-1934""]"
23961,10.1186/1471-2334-9-152,8,"[""ORG-0183"",""ORG-0206"",""ORG-1259"",""ORG-1347"",""ORG-1581"",""ORG-1738"",""ORG-1844"",""ORG-1887""]"
23965,10.1089/bsp.2009.0002,5,"[""ORG-0556"",""ORG-1347"",""ORG-1357"",""ORG-1890"",""ORG-1910""]"
23972,10.1016/j.virol.2009.03.023,7,"[""ORG-0244"",""ORG-0379"",""ORG-1839"",""ORG-1894"",""ORG-2115"",""ORG-2154"",""ORG-2163""]"
23973,10.1016/j.vaccine.2009.02.073,3,"[""ORG-0014"",""ORG-0670"",""ORG-1876""]"
23974,10.1016/j.toxicon.2009.03.016,4,"[""ORG-0188"",""ORG-1062"",""ORG-1825"",""ORG-1986""]"
23982,10.3390/v1030441,15,"[""ORG-0304"",""ORG-0497"",""ORG-0970"",""ORG-1122"",""ORG-1253"",""ORG-1347"",""ORG-1357"",""ORG-1361"",""ORG-1581"",""ORG-1593"",""ORG-1598"",""ORG-1917"",""ORG-2120"",""ORG-2154"",""ORG-2189""]"
23987,10.1016/j.molimm.2008.08.281,6,"[""ORG-0895"",""ORG-0898"",""ORG-0963"",""ORG-1746"",""ORG-1825"",""ORG-1927""]"
23989,10.1016/j.molbiopara.2008.08.005,7,"[""ORG-0304"",""ORG-0808"",""ORG-1259"",""ORG-1347"",""ORG-1357"",""ORG-1891"",""ORG-1894""]"
23998,10.1016/j.ijmm.2007.09.007,4,"[""ORG-0183"",""ORG-1545"",""ORG-1804"",""ORG-1811""]"
24000,10.1186/1471-2180-8-21,5,"[""ORG-0110"",""ORG-0183"",""ORG-0188"",""ORG-0497"",""ORG-2332""]"
24001,10.1186/1743-422X-5-7,12,"[""ORG-0015"",""ORG-0427"",""ORG-0428"",""ORG-0497"",""ORG-1095"",""ORG-1276"",""ORG-1356"",""ORG-1839"",""ORG-1881"",""ORG-1938"",""ORG-2154"",""ORG-2193""]"
24007,10.1186/1743-422X-4-65,10,"[""ORG-0497"",""ORG-1221"",""ORG-1361"",""ORG-1490"",""ORG-1581"",""ORG-1593"",""ORG-1825"",""ORG-1979"",""ORG-2154"",""ORG-2166""]"
24008,10.1186/1471-2458-7-97,3,"[""ORG-0559"",""ORG-0887"",""ORG-1047""]"
24009,10.1093/nar/gkm113,1,"[""ORG-1801""]"
24023,10.1038/nrd1987,6,"[""ORG-1169"",""ORG-1825"",""ORG-1847"",""ORG-1881"",""ORG-1891"",""ORG-2166""]"
24026,10.6028/jres.111.023,4,"[""ORG-1019"",""ORG-1577"",""ORG-1581"",""ORG-1825""]"
24035,10.1007/s10156-005-0373-3,4,"[""ORG-1137"",""ORG-1667"",""ORG-1804"",""ORG-1862""]"
24036,10.1186/1476-072X-4-10,4,"[""ORG-0191"",""ORG-1839"",""ORG-1934"",""ORG-2326""]"
24040,10.1016/j.medmal.2004.07.026,1,"[""ORG-2154""]"
24047,10.3201/eid1006.020738,7,"[""ORG-0183"",""ORG-0798"",""ORG-0963"",""ORG-0971"",""ORG-1259"",""ORG-1867"",""ORG-1910""]"
24048,10.3201/eid0905.020388,2,"[""ORG-0320"",""ORG-0399""]"
24049,10.1038/nrmicro930,4,"[""ORG-1259"",""ORG-1347"",""ORG-1847"",""ORG-1887""]"
24062,10.1016/S1473-3099(03)00655-8,2,"[""ORG-0188"",""ORG-0506""]"
24066,10.3201/eid0810.020173,4,"[""ORG-1047"",""ORG-1259"",""ORG-1421"",""ORG-1490""]"
24083,10.1186/s12978-023-01608-w,3,"[""ORG-1259"",""ORG-1260"",""ORG-1927""]"
24087,10.1111/j.1742-4658.2009.07401.x,6,"[""ORG-1136"",""ORG-1347"",""ORG-1357"",""ORG-1891"",""ORG-2154"",""ORG-2166""]"
24090,10.1186/1750-1172-9-68,1,"[""ORG-1259""]"
24091,10.3390/v15020260,8,"[""ORG-0895"",""ORG-0925"",""ORG-1136"",""ORG-1236"",""ORG-1245"",""ORG-1894"",""ORG-2154"",""ORG-2306""]"
24092,10.1038/s41598-018-28172-9,11,"[""ORG-0691"",""ORG-1241"",""ORG-1242"",""ORG-1347"",""ORG-1357"",""ORG-1413"",""ORG-1505"",""ORG-1581"",""ORG-1843"",""ORG-2154"",""ORG-2166""]"
24094,10.1155/2023/1575358,4,"[""ORG-1136"",""ORG-1921"",""ORG-2147"",""ORG-2154""]"
24096,10.1093/ofid/ofy130,2,"[""ORG-1259"",""ORG-1897""]"
24099,10.1371/journal.ppat.1004081,8,"[""ORG-0925"",""ORG-1019"",""ORG-1136"",""ORG-1579"",""ORG-1581"",""ORG-1672"",""ORG-1938"",""ORG-2154""]"
24100,10.1126/sciadv.ade2727,10,"[""ORG-0784"",""ORG-0925"",""ORG-0987"",""ORG-1347"",""ORG-1357"",""ORG-1505"",""ORG-1527"",""ORG-1843"",""ORG-2154"",""ORG-2166""]"
24101,10.1371/journal.ppat.1000587,15,"[""ORG-0565"",""ORG-0583"",""ORG-0897"",""ORG-1205"",""ORG-1259"",""ORG-1347"",""ORG-1357"",""ORG-1581"",""ORG-1866"",""ORG-1911"",""ORG-2147"",""ORG-2154"",""ORG-2161"",""ORG-2163"",""ORG-2166""]"
24112,10.1016/j.virol.2013.11.039,6,"[""ORG-0290"",""ORG-1136"",""ORG-1911"",""ORG-2147"",""ORG-2154"",""ORG-2163""]"
24120,10.1016/j.molimm.2022.11.010,18,"[""ORG-0045"",""ORG-0122"",""ORG-0925"",""ORG-1122"",""ORG-1146"",""ORG-1147"",""ORG-1230"",""ORG-1522"",""ORG-1608"",""ORG-1609"",""ORG-1613"",""ORG-1732"",""ORG-1839"",""ORG-1911"",""ORG-1938"",""ORG-1986"",""ORG-2154"",""ORG-2163""]"
24121,10.1016/j.puhe.2018.02.018,4,"[""ORG-1259"",""ORG-1881"",""ORG-1910"",""ORG-1948""]"
24125,10.1002/jbmr.2158,9,"[""ORG-0542"",""ORG-1136"",""ORG-1259"",""ORG-1368"",""ORG-1825"",""ORG-1859"",""ORG-1911"",""ORG-2154"",""ORG-2306""]"
24126,10.1371/journal.pone.0192245,8,"[""ORG-0125"",""ORG-1136"",""ORG-1230"",""ORG-1505"",""ORG-1806"",""ORG-1894"",""ORG-2154"",""ORG-2166""]"
24149,10.1128/mbio.03222-21,9,"[""ORG-0786"",""ORG-0987"",""ORG-1234"",""ORG-1347"",""ORG-1357"",""ORG-1505"",""ORG-1874"",""ORG-2154"",""ORG-2306""]"
24160,10.1017/S0950268822000279,2,"[""ORG-1259"",""ORG-1368""]"
24161,10.3390/v14020250,10,"[""ORG-0302"",""ORG-0421"",""ORG-0814"",""ORG-0925"",""ORG-1259"",""ORG-1766"",""ORG-1851"",""ORG-1862"",""ORG-2154"",""ORG-2340""]"
24166,10.1016/j.virol.2008.10.018,8,"[""ORG-0303"",""ORG-1136"",""ORG-1231"",""ORG-1505"",""ORG-1797"",""ORG-1802"",""ORG-1843"",""ORG-2154""]"
24167,10.1128/mbio.03043-21,10,"[""ORG-0306"",""ORG-0308"",""ORG-0313"",""ORG-1136"",""ORG-1259"",""ORG-1334"",""ORG-1347"",""ORG-1738"",""ORG-2154"",""ORG-2166""]"
24171,10.1016/j.tmaid.2017.10.005,6,"[""ORG-0421"",""ORG-1146"",""ORG-1147"",""ORG-1259"",""ORG-1825"",""ORG-2154""]"
24177,10.1155/2013/479482,6,"[""ORG-0303"",""ORG-1136"",""ORG-1839"",""ORG-1894"",""ORG-2154"",""ORG-2156""]"
24181,10.1016/bs.ai.2021.08.003,6,"[""ORG-0045"",""ORG-0122"",""ORG-0413"",""ORG-1259"",""ORG-1938"",""ORG-2154""]"
24183,10.3390/ijerph14101107,2,"[""ORG-1881"",""ORG-1981""]"
24193,10.3390/ijms22189959,5,"[""ORG-0319"",""ORG-1839"",""ORG-1891"",""ORG-2281"",""ORG-2315""]"
24196,10.1177/1087057108321089,13,"[""ORG-0243"",""ORG-0559"",""ORG-0808"",""ORG-1136"",""ORG-1226"",""ORG-1347"",""ORG-1357"",""ORG-1581"",""ORG-1586"",""ORG-1825"",""ORG-1937"",""ORG-2154"",""ORG-2166""]"
24201,10.1371/journal.pone.0057488,13,"[""ORG-0242"",""ORG-0296"",""ORG-0306"",""ORG-0836"",""ORG-1136"",""ORG-1347"",""ORG-1773"",""ORG-1937"",""ORG-1938"",""ORG-1949"",""ORG-2154"",""ORG-2193"",""ORG-2306""]"
24203,10.1371/journal.ppat.1003233,15,"[""ORG-0897"",""ORG-0925"",""ORG-0963"",""ORG-1136"",""ORG-1230"",""ORG-1259"",""ORG-1347"",""ORG-1357"",""ORG-1421"",""ORG-1827"",""ORG-1894"",""ORG-1920"",""ORG-1956"",""ORG-1986"",""ORG-2154""]"
24209,10.1177/1468796817692629,1,"[""ORG-1986""]"
24215,10.3390/v9050123,7,"[""ORG-1136"",""ORG-1347"",""ORG-1348"",""ORG-1357"",""ORG-1843"",""ORG-2154"",""ORG-2163""]"
24220,10.1186/s40249-017-0261-y,1,"[""ORG-1545""]"
24225,10.1007/s00439-017-1768-9,8,"[""ORG-0303"",""ORG-0728"",""ORG-0895"",""ORG-1136"",""ORG-1361"",""ORG-1593"",""ORG-2114"",""ORG-2154""]"
24230,10.1016/j.virusres.2012.12.002,5,"[""ORG-1136"",""ORG-1230"",""ORG-1259"",""ORG-1986"",""ORG-2154""]"
24236,10.1371/journal.pone.0171261,6,"[""ORG-0869"",""ORG-1230"",""ORG-1846"",""ORG-1868"",""ORG-1986"",""ORG-2114""]"
24240,10.1371/journal.pone.0049573,12,"[""ORG-0296"",""ORG-0317"",""ORG-0319"",""ORG-0450"",""ORG-0925"",""ORG-1136"",""ORG-1245"",""ORG-1259"",""ORG-1773"",""ORG-1897"",""ORG-1938"",""ORG-2154""]"
24245,10.1371/journal.ppat.1006058,13,"[""ORG-1136"",""ORG-1205"",""ORG-1511"",""ORG-1539"",""ORG-1581"",""ORG-1600"",""ORG-1857"",""ORG-1861"",""ORG-1937"",""ORG-1986"",""ORG-2154"",""ORG-2166"",""ORG-2257""]"
24247,10.3390/v13020191,5,"[""ORG-0925"",""ORG-1766"",""ORG-1935"",""ORG-2154"",""ORG-2340""]"
24249,10.1155/2020/8365603,3,"[""ORG-1259"",""ORG-1844"",""ORG-1958""]"
24252,10.7554/eLife.64509,13,"[""ORG-0125"",""ORG-0826"",""ORG-1221"",""ORG-1235"",""ORG-1259"",""ORG-1505"",""ORG-1881"",""ORG-1937"",""ORG-1938"",""ORG-1952"",""ORG-2154"",""ORG-2166"",""ORG-2170""]"
24257,10.1371/journal.pone.0160970,3,"[""ORG-0925"",""ORG-1851"",""ORG-1948""]"
24259,10.1371/journal.pone.0158016,5,"[""ORG-0756"",""ORG-1259"",""ORG-1911"",""ORG-1931"",""ORG-1979""]"
24264,10.3390/v4040613,8,"[""ORG-0014"",""ORG-1347"",""ORG-1357"",""ORG-1825"",""ORG-1843"",""ORG-1911"",""ORG-2154"",""ORG-2166""]"
24265,10.3390/jcm9113561,6,"[""ORG-0379"",""ORG-0413"",""ORG-1844"",""ORG-1846"",""ORG-1881"",""ORG-2154""]"
24267,10.1016/j.humimm.2012.03.015,1,"[""ORG-2260""]"
24271,10.1080/2162402X.2020.1818437,3,"[""ORG-1169"",""ORG-1364"",""ORG-2154""]"
24281,10.1165/rcmb.2020-0354OC,8,"[""ORG-0413"",""ORG-1608"",""ORG-1609"",""ORG-1702"",""ORG-1825"",""ORG-1900"",""ORG-2154"",""ORG-2160""]"
24283,10.1186/s41043-016-0052-2,5,"[""ORG-0951"",""ORG-1072"",""ORG-1259"",""ORG-1347"",""ORG-1896""]"
24288,10.3390/cells1030646,10,"[""ORG-0497"",""ORG-1259"",""ORG-1347"",""ORG-1581"",""ORG-1586"",""ORG-1938"",""ORG-2154"",""ORG-2161"",""ORG-2166"",""ORG-2315""]"
24291,10.3390/v8040112,9,"[""ORG-0506"",""ORG-0789"",""ORG-1136"",""ORG-1347"",""ORG-1357"",""ORG-1672"",""ORG-1839"",""ORG-2154"",""ORG-2166""]"
24299,10.1016/j.coviro.2016.01.019,7,"[""ORG-0435"",""ORG-1136"",""ORG-1347"",""ORG-1357"",""ORG-1421"",""ORG-2039"",""ORG-2154""]"
24314,10.3389/fmicb.2020.00508,15,"[""ORG-0188"",""ORG-0244"",""ORG-0267"",""ORG-0680"",""ORG-0853"",""ORG-0861"",""ORG-1205"",""ORG-1259"",""ORG-1347"",""ORG-1357"",""ORG-1851"",""ORG-1894"",""ORG-1986"",""ORG-2154"",""ORG-2166""]"
24324,10.1038/s41598-020-61700-0,22,"[""ORG-0359"",""ORG-0571"",""ORG-0596"",""ORG-0772"",""ORG-0790"",""ORG-0853"",""ORG-0854"",""ORG-0858"",""ORG-0925"",""ORG-1039"",""ORG-1122"",""ORG-1234"",""ORG-1241"",""ORG-1253"",""ORG-1581"",""ORG-1607"",""ORG-1714"",""ORG-1869"",""ORG-2147"",""ORG-2154"",""ORG-2166"",""ORG-2340""]"
24326,10.4103/ajm.ajm_56_19,4,"[""ORG-1259"",""ORG-1347"",""ORG-1937"",""ORG-1969""]"
24328,10.3390/microorganisms8020276,7,"[""ORG-0163"",""ORG-0833"",""ORG-1809"",""ORG-1938"",""ORG-1986"",""ORG-2154"",""ORG-2165""]"
24331,10.3390/vaccines8010086,1,"[""ORG-1839""]"
24332,10.1371/journal.pone.0136835,2,"[""ORG-1259"",""ORG-1921""]"
24337,10.1371/journal.pmed.1002994,6,"[""ORG-0320"",""ORG-0399"",""ORG-1797"",""ORG-1856"",""ORG-1911"",""ORG-1934""]"
24343,10.1186/s13104-019-4806-y,1,"[""ORG-1259""]"
24353,10.1371/journal.ppat.1001290,10,"[""ORG-0450"",""ORG-0736"",""ORG-1347"",""ORG-1357"",""ORG-1439"",""ORG-1766"",""ORG-1797"",""ORG-1949"",""ORG-2154"",""ORG-2166""]"
24354,10.1371/journal.pone.0122282,7,"[""ORG-0302"",""ORG-0869"",""ORG-1259"",""ORG-1766"",""ORG-1825"",""ORG-1856"",""ORG-2114""]"
24361,10.1080/21645515.2019.1616502,1,"[""ORG-0385""]"
24363,10.1371/journal.pone.0118302,7,"[""ORG-0296"",""ORG-0360"",""ORG-0680"",""ORG-1136"",""ORG-1259"",""ORG-1680"",""ORG-2154""]"
24365,10.3389/fimmu.2015.00018,6,"[""ORG-0736"",""ORG-1729"",""ORG-1844"",""ORG-1846"",""ORG-1851"",""ORG-1948""]"
24367,10.3390/v7020699,5,"[""ORG-0435"",""ORG-1221"",""ORG-1881"",""ORG-2154"",""ORG-2166""]"
24370,10.1038/nsmb.1967,8,"[""ORG-1136"",""ORG-1259"",""ORG-1744"",""ORG-1843"",""ORG-1937"",""ORG-2139"",""ORG-2154"",""ORG-2260""]"
24377,10.1042/BST0381349,9,"[""ORG-0267"",""ORG-1347"",""ORG-1357"",""ORG-1421"",""ORG-1505"",""ORG-1874"",""ORG-1952"",""ORG-2166"",""ORG-2315""]"
24378,10.1038/s41598-019-44263-7,10,"[""ORG-0188"",""ORG-0596"",""ORG-0833"",""ORG-0962"",""ORG-0987"",""ORG-1347"",""ORG-1357"",""ORG-2154"",""ORG-2166"",""ORG-2170""]"
24380,10.1186/s12916-019-1318-5,2,"[""ORG-0559"",""ORG-1259""]"
24382,10.26633/RPSP.2018.76,1,"[""ORG-1259""]"
24385,10.4103/aam.aam_41_18,1,"[""ORG-1259""]"
24386,10.1128/mBio.00723-19,14,"[""ORG-0963"",""ORG-1136"",""ORG-1347"",""ORG-1357"",""ORG-1581"",""ORG-1831"",""ORG-1833"",""ORG-1839"",""ORG-1868"",""ORG-1938"",""ORG-2154"",""ORG-2161"",""ORG-2166"",""ORG-2304""]"
24393,10.1371/journal.pone.0110120,11,"[""ORG-0296"",""ORG-0777"",""ORG-0963"",""ORG-1023"",""ORG-1103"",""ORG-1136"",""ORG-1259"",""ORG-1680"",""ORG-1766"",""ORG-2032"",""ORG-2154""]"
24395,10.1371/journal.pone.0108770,12,"[""ORG-0014"",""ORG-0895"",""ORG-0925"",""ORG-1221"",""ORG-1259"",""ORG-1579"",""ORG-1581"",""ORG-1881"",""ORG-1898"",""ORG-1986"",""ORG-2166"",""ORG-2256""]"
24399,10.1186/s12895-018-0081-1,6,"[""ORG-0808"",""ORG-0987"",""ORG-1361"",""ORG-1503"",""ORG-1911"",""ORG-2057""]"
24404,10.1186/1471-2148-13-209,4,"[""ORG-0082"",""ORG-0188"",""ORG-0728"",""ORG-2315""]"
24407,10.1016/j.bmc.2022.117066,11,"[""ORG-0227"",""ORG-0233"",""ORG-0807"",""ORG-1047"",""ORG-1095"",""ORG-1221"",""ORG-1232"",""ORG-1347"",""ORG-1825"",""ORG-1839"",""ORG-1881""]"
24408,10.1016/j.celrep.2022.111196,6,"[""ORG-0053"",""ORG-1243"",""ORG-1347"",""ORG-1357"",""ORG-1505"",""ORG-2260""]"
24411,10.1111/mmi.14900,9,"[""ORG-0124"",""ORG-0233"",""ORG-0559"",""ORG-0925"",""ORG-1378"",""ORG-1667"",""ORG-1812"",""ORG-1856"",""ORG-2306""]"
24414,10.3390/vaccines9080877,6,"[""ORG-0233"",""ORG-0789"",""ORG-1232"",""ORG-1259"",""ORG-1799"",""ORG-2114""]"
24418,10.1007/s11240-021-02107-1,6,"[""ORG-0188"",""ORG-0233"",""ORG-1259"",""ORG-1368"",""ORG-1809"",""ORG-1825""]"
24425,10.1371/journal.pone.0007079,9,"[""ORG-0188"",""ORG-0233"",""ORG-0895"",""ORG-0963"",""ORG-1259"",""ORG-1378"",""ORG-1839"",""ORG-1911"",""ORG-2306""]"
24435,10.3389/fimmu.2018.02778,9,"[""ORG-0188"",""ORG-0191"",""ORG-0233"",""ORG-0728"",""ORG-1178"",""ORG-1200"",""ORG-1259"",""ORG-1347"",""ORG-1357""]"
24437,10.1080/15476286.2018.1462655,9,"[""ORG-0233"",""ORG-0497"",""ORG-1347"",""ORG-1498"",""ORG-1581"",""ORG-1856"",""ORG-1874"",""ORG-1887"",""ORG-2260""]"
24451,10.1128/mBio.01074-14,8,"[""ORG-0028"",""ORG-0233"",""ORG-1347"",""ORG-1357"",""ORG-1839"",""ORG-1847"",""ORG-1919"",""ORG-2315""]"
