row_id,doi,n_organisms_mentioned,organism_ids
1,10.3390/ijms232012448,7,"[""ORG-0267"",""ORG-0895"",""ORG-1146"",""ORG-1221"",""ORG-1254"",""ORG-1874"",""ORG-2260""]"
10,10.7150/ijms.46363,1,"[""ORG-0012""]"
17,10.1016/j.cell.2021.03.051,1,"[""ORG-1986""]"
19,10.1016/j.vaccine.2020.06.082,4,"[""ORG-0363"",""ORG-0963"",""ORG-1847"",""ORG-1958""]"
34,10.1371/journal.pone.0133727,1,"[""ORG-1913""]"
38,10.15252/embj.201591163,4,"[""ORG-0014"",""ORG-0188"",""ORG-1248"",""ORG-2110""]"
41,10.1093/cid/ciac846,2,"[""ORG-1137"",""ORG-1216""]"
45,10.1186/1471-2334-11-90,1,"[""ORG-1368""]"
47,10.1128/spectrum.02353-23,5,"[""ORG-0188"",""ORG-0559"",""ORG-0987"",""ORG-1917"",""ORG-2134""]"
49,10.1056/NEJMoa2001282,2,"[""ORG-1890"",""ORG-1897""]"
52,10.1371/journal.pone.0017821,7,"[""ORG-0171"",""ORG-0783"",""ORG-0970"",""ORG-1095"",""ORG-2158"",""ORG-2162"",""ORG-2172""]"
55,10.1016/j.jep.2021.114098,3,"[""ORG-1668"",""ORG-1866"",""ORG-1931""]"
58,10.1177/1753425915593794,3,"[""ORG-0243"",""ORG-0880"",""ORG-1228""]"
60,10.3390/v12030298,7,"[""ORG-0015"",""ORG-0471"",""ORG-0836"",""ORG-0968"",""ORG-0970"",""ORG-1391"",""ORG-1421""]"
70,10.3389/fgene.2021.581726,11,"[""ORG-0086"",""ORG-0833"",""ORG-1146"",""ORG-1147"",""ORG-1238"",""ORG-1586"",""ORG-1667"",""ORG-1797"",""ORG-1847"",""ORG-1969"",""ORG-2260""]"
71,10.1016/j.ejphar.2020.173705,1,"[""ORG-1254""]"
72,10.1371/journal.pone.0017908,5,"[""ORG-0471"",""ORG-1667"",""ORG-1874"",""ORG-1934"",""ORG-1975""]"
74,10.3389/fmed.2021.642318,1,"[""ORG-1490""]"
80,10.3851/IMP1730,5,"[""ORG-1221"",""ORG-1330"",""ORG-1881"",""ORG-1948"",""ORG-2161""]"
88,10.3389/fpsyt.2020.00072,4,"[""ORG-1047"",""ORG-1667"",""ORG-1695"",""ORG-1910""]"
95,10.1002/mco2.60,5,"[""ORG-0678"",""ORG-1047"",""ORG-1493"",""ORG-1505"",""ORG-1866""]"
112,10.3389/fmolb.2022.983014,6,"[""ORG-0027"",""ORG-0938"",""ORG-1421"",""ORG-1702"",""ORG-1862"",""ORG-1866""]"
117,10.1016/j.lfs.2020.118114,3,"[""ORG-0736"",""ORG-1236"",""ORG-1238""]"
118,10.1128/JCM.00187-20,2,"[""ORG-1146"",""ORG-1147""]"
131,10.2807/1560-7917.ES.2020.25.9.2000202,1,"[""ORG-1890""]"
132,10.1007/s40475-021-00238-1,2,"[""ORG-1906"",""ORG-1910""]"
137,10.3389/fmolb.2023.1207670,7,"[""ORG-0015"",""ORG-0796"",""ORG-0880"",""ORG-0968"",""ORG-1505"",""ORG-1851"",""ORG-2170""]"
139,10.1098/rsfs.2021.0078,1,"[""ORG-1881""]"
140,10.1128/AAC.00399-20,7,"[""ORG-0895"",""ORG-1122"",""ORG-1146"",""ORG-1147"",""ORG-1221"",""ORG-1881"",""ORG-2161""]"
157,10.3389/fimmu.2021.654165,1,"[""ORG-1667""]"
158,10.1016/j.lfs.2020.118676,4,"[""ORG-0833"",""ORG-1774"",""ORG-1948"",""ORG-1952""]"
161,10.1016/j.cell.2020.02.052,3,"[""ORG-0027"",""ORG-1702"",""ORG-1999""]"
174,10.1128/mBio.02707-20,3,"[""ORG-1610"",""ORG-1897"",""ORG-1912""]"
175,10.3389/fmicb.2021.614494,1,"[""ORG-1920""]"
181,10.1038/s41467-021-25519-1,4,"[""ORG-1146"",""ORG-1147"",""ORG-1421"",""ORG-1900""]"
192,10.3390/pharmaceutics15061732,6,"[""ORG-0171"",""ORG-0243"",""ORG-0880"",""ORG-1289"",""ORG-1952"",""ORG-2171""]"
197,10.1016/j.eclinm.2021.101099,6,"[""ORG-0728"",""ORG-0756"",""ORG-0943"",""ORG-1667"",""ORG-1910"",""ORG-1986""]"
199,10.1016/j.apsb.2022.02.019,6,"[""ORG-0244"",""ORG-0895"",""ORG-0897"",""ORG-1421"",""ORG-1921"",""ORG-2260""]"
200,10.3390/pharmaceutics15061621,3,"[""ORG-1221"",""ORG-1934"",""ORG-1986""]"
202,10.1371/journal.pone.0014582,11,"[""ORG-0171"",""ORG-0736"",""ORG-0866"",""ORG-0943"",""ORG-1421"",""ORG-1800"",""ORG-1803"",""ORG-1833"",""ORG-1856"",""ORG-1910"",""ORG-1956""]"
208,10.1016/j.hermed.2022.100554,9,"[""ORG-0455"",""ORG-0560"",""ORG-0938"",""ORG-1221"",""ORG-1802"",""ORG-1881"",""ORG-1887"",""ORG-1958"",""ORG-1986""]"
213,10.1002/jmv.25729,4,"[""ORG-1146"",""ORG-1421"",""ORG-1934"",""ORG-1948""]"
214,10.4269/ajtmh.20-1015,4,"[""ORG-1368"",""ORG-1610"",""ORG-1896"",""ORG-1912""]"
228,10.3389/fmed.2021.711397,1,"[""ORG-1887""]"
229,10.1371/journal.ppat.1008362,4,"[""ORG-0015"",""ORG-1833"",""ORG-1986"",""ORG-2167""]"
230,10.1155/2015/535908,4,"[""ORG-0409"",""ORG-0880"",""ORG-1289"",""ORG-1803""]"
238,10.3389/fpubh.2021.708476,4,"[""ORG-1047"",""ORG-1610"",""ORG-1906"",""ORG-1912""]"
245,10.1080/22221751.2020.1837017,4,"[""ORG-1095"",""ORG-1610"",""ORG-2062"",""ORG-2306""]"
247,10.1186/s12985-020-01377-z,9,"[""ORG-0171"",""ORG-0173"",""ORG-0620"",""ORG-0665"",""ORG-0680"",""ORG-1205"",""ORG-1813"",""ORG-1851"",""ORG-1919""]"
248,10.3389/fimmu.2021.730088,3,"[""ORG-0360"",""ORG-0379"",""ORG-1089""]"
251,10.15585/mmwr.ss7207a1,4,"[""ORG-0304"",""ORG-0421"",""ORG-0559"",""ORG-1921""]"
268,10.1063/5.0056229,4,"[""ORG-0188"",""ORG-0683"",""ORG-0938"",""ORG-1137""]"
269,10.1016/j.micinf.2022.105058,6,"[""ORG-0227"",""ORG-0363"",""ORG-0364"",""ORG-0559"",""ORG-0833"",""ORG-1729""]"
271,10.1016/j.onehlt.2023.100558,1,"[""ORG-0596""]"
273,10.1038/s41541-020-00249-5,1,"[""ORG-1897""]"
276,10.1038/s41401-020-00554-8,5,"[""ORG-0559"",""ORG-0678"",""ORG-1610"",""ORG-1921"",""ORG-2260""]"
287,10.3389/fimmu.2022.983550,4,"[""ORG-0373"",""ORG-1179"",""ORG-1610"",""ORG-1912""]"
294,10.1101/2021.08.25.457627,8,"[""ORG-0027"",""ORG-0836"",""ORG-1230"",""ORG-1421"",""ORG-1600"",""ORG-1702"",""ORG-2163"",""ORG-2170""]"
299,10.34133/2021/2813643,4,"[""ORG-0974"",""ORG-1361"",""ORG-1490"",""ORG-1935""]"
313,10.1016/j.xcrm.2022.100520,3,"[""ORG-0302"",""ORG-1798"",""ORG-2114""]"
319,10.1128/mbio.03135-21,1,"[""ORG-1921""]"
324,10.1002/hsr2.496,5,"[""ORG-0304"",""ORG-0320"",""ORG-0399"",""ORG-1095"",""ORG-1981""]"
327,10.1111/j.1469-0691.2010.03441.x,2,"[""ORG-1847"",""ORG-1948""]"
336,10.3389/fmicb.2021.637202,3,"[""ORG-0188"",""ORG-0683"",""ORG-2141""]"
340,10.1016/S2214-109X(23)00189-4,3,"[""ORG-1421"",""ORG-1812"",""ORG-1986""]"
346,10.1038/ncomms7553,9,"[""ORG-0171"",""ORG-0866"",""ORG-0939"",""ORG-0963"",""ORG-0967"",""ORG-0970"",""ORG-1877"",""ORG-1879"",""ORG-2158""]"
349,10.1080/22221751.2022.2132881,3,"[""ORG-0051"",""ORG-1230"",""ORG-1898""]"
359,10.18502/ijm.v13i6.8071,3,"[""ORG-0943"",""ORG-1859"",""ORG-1934""]"
371,10.1089/apb.2022.0040,2,"[""ORG-1043"",""ORG-1887""]"
389,10.3389/fimmu.2022.1013322,5,"[""ORG-0188"",""ORG-0895"",""ORG-1714"",""ORG-1819"",""ORG-1986""]"
400,10.3389/fimmu.2022.871463,10,"[""ORG-0320"",""ORG-0399"",""ORG-0557"",""ORG-1368"",""ORG-1459"",""ORG-1538"",""ORG-1819"",""ORG-1948"",""ORG-1956"",""ORG-2260""]"
405,10.1038/s41598-019-56122-6,8,"[""ORG-0171"",""ORG-0471"",""ORG-0754"",""ORG-0755"",""ORG-0970"",""ORG-1353"",""ORG-1856"",""ORG-1952""]"
407,10.3389/fpubh.2021.629295,4,"[""ORG-0171"",""ORG-0399"",""ORG-1667"",""ORG-1831""]"
409,10.3390/v14020228,3,"[""ORG-1890"",""ORG-1896"",""ORG-2260""]"
414,10.1007/s40592-015-0026-y,4,"[""ORG-1421"",""ORG-1614"",""ORG-1872"",""ORG-1934""]"
417,10.1155/2022/4952221,1,"[""ORG-2260""]"
422,10.1371/journal.ppat.1001145,9,"[""ORG-0015"",""ORG-0866"",""ORG-0963"",""ORG-0970"",""ORG-1421"",""ORG-1569"",""ORG-1898"",""ORG-1986"",""ORG-2260""]"
430,10.1016/j.procbio.2022.09.023,4,"[""ORG-1361"",""ORG-1503"",""ORG-1593"",""ORG-1934""]"
441,10.7243/2052-7993-2-1,4,"[""ORG-1258"",""ORG-1844"",""ORG-2110"",""ORG-2304""]"
456,10.3390/pathogens8040281,8,"[""ORG-0015"",""ORG-0968"",""ORG-0970"",""ORG-1146"",""ORG-1147"",""ORG-1253"",""ORG-1815"",""ORG-2114""]"
460,10.1371/journal.ppat.1004649,5,"[""ORG-0267"",""ORG-0268"",""ORG-0332"",""ORG-0565"",""ORG-1867""]"
465,10.1007/s11904-010-0063-3,2,"[""ORG-0469"",""ORG-1881""]"
466,10.1128/mBio.02302-14,5,"[""ORG-0320"",""ORG-0399"",""ORG-1798"",""ORG-1898"",""ORG-2332""]"
467,10.1371/journal.pbio.3002151,11,"[""ORG-0736"",""ORG-1084"",""ORG-1146"",""ORG-1147"",""ORG-1221"",""ORG-1361"",""ORG-1368"",""ORG-1847"",""ORG-1881"",""ORG-1986"",""ORG-2304""]"
470,10.3390/microorganisms10020225,2,"[""ORG-0095"",""ORG-1851""]"
483,10.1371/journal.pone.0117485,6,"[""ORG-0188"",""ORG-1248"",""ORG-1325"",""ORG-1361"",""ORG-2134"",""ORG-2304""]"
491,10.3390/antiox11020416,7,"[""ORG-0244"",""ORG-0385"",""ORG-0943"",""ORG-1047"",""ORG-1089"",""ORG-1851"",""ORG-1853""]"
494,10.1292/jvms.14-0664,2,"[""ORG-1848"",""ORG-2110""]"
506,10.1017/ash.2021.222,3,"[""ORG-1653"",""ORG-1887"",""ORG-1934""]"
516,10.3389/fimmu.2023.1211388,3,"[""ORG-1232"",""ORG-1368"",""ORG-1958""]"
531,10.1101/2022.02.17.480940,12,"[""ORG-0399"",""ORG-0571"",""ORG-1744"",""ORG-1797"",""ORG-1798"",""ORG-1811"",""ORG-1857"",""ORG-1867"",""ORG-1887"",""ORG-1934"",""ORG-1979"",""ORG-1986""]"
532,10.2147/IJN.S72264,3,"[""ORG-0171"",""ORG-1900"",""ORG-2114""]"
541,10.1134/S0026893322010022,2,"[""ORG-0808"",""ORG-2141""]"
559,10.1016/j.celrep.2020.107915,1,"[""ORG-1847""]"
560,10.3389/fpubh.2021.636679,1,"[""ORG-1887""]"
562,10.1016/j.cej.2021.129368,5,"[""ORG-0015"",""ORG-0188"",""ORG-0244"",""ORG-0507"",""ORG-0559""]"
569,10.1371/journal.pntd.0007451,5,"[""ORG-0559"",""ORG-1503"",""ORG-1934"",""ORG-2275"",""ORG-2340""]"
572,10.1016/j.jaim.2021.03.006,1,"[""ORG-1246""]"
576,10.1177/19418744221114209,5,"[""ORG-0167"",""ORG-0963"",""ORG-1847"",""ORG-1887"",""ORG-1934""]"
579,10.3390/ijms21134807,5,"[""ORG-0833"",""ORG-1610"",""ORG-1856"",""ORG-1877"",""ORG-1912""]"
585,10.1016/j.tifs.2021.01.075,2,"[""ORG-0596"",""ORG-1896""]"
591,10.1371/journal.ppat.1008077,14,"[""ORG-0015"",""ORG-0302"",""ORG-0317"",""ORG-0880"",""ORG-0897"",""ORG-0963"",""ORG-0968"",""ORG-0970"",""ORG-1089"",""ORG-1887"",""ORG-1949"",""ORG-2155"",""ORG-2163"",""ORG-2260""]"
592,10.1016/j.vaccine.2021.12.038,5,"[""ORG-0574"",""ORG-1809"",""ORG-1923"",""ORG-1934"",""ORG-2260""]"
593,10.3390/v12101164,6,"[""ORG-0887"",""ORG-1361"",""ORG-1405"",""ORG-1503"",""ORG-1905"",""ORG-2141""]"
595,10.1186/1743-422X-7-185,9,"[""ORG-0015"",""ORG-0171"",""ORG-0374"",""ORG-0968"",""ORG-1253"",""ORG-1289"",""ORG-1846"",""ORG-2171"",""ORG-2313""]"
597,10.3390/vaccines10091538,4,"[""ORG-1765"",""ORG-1986"",""ORG-2165"",""ORG-2306""]"
605,10.1007/s00705-021-05036-8,5,"[""ORG-0188"",""ORG-0938"",""ORG-1812"",""ORG-1910"",""ORG-1948""]"
613,10.3390/v2081510,1,"[""ORG-0507""]"
628,10.1016/j.virol.2010.07.008,6,"[""ORG-0244"",""ORG-0319"",""ORG-0963"",""ORG-1672"",""ORG-2163"",""ORG-2171""]"
634,10.1016/j.dsx.2020.06.062,6,"[""ORG-0360"",""ORG-1146"",""ORG-1147"",""ORG-1221"",""ORG-1611"",""ORG-1881""]"
639,10.1016/S1473-3099(21)00079-7,3,"[""ORG-1228"",""ORG-1368"",""ORG-1862""]"
646,10.1016/j.virol.2019.08.008,7,"[""ORG-0173"",""ORG-0599"",""ORG-0970"",""ORG-1874"",""ORG-2156"",""ORG-2170"",""ORG-2244""]"
656,10.1155/2020/3918723,3,"[""ORG-0943"",""ORG-1361"",""ORG-1593""]"
659,10.1186/s13567-014-0127-2,4,"[""ORG-0171"",""ORG-1505"",""ORG-1952"",""ORG-2171""]"
663,10.1007/s00592-021-01700-2,5,"[""ORG-0581"",""ORG-0951"",""ORG-0987"",""ORG-1667"",""ORG-1851""]"
665,10.1186/1743-422X-7-151,7,"[""ORG-0015"",""ORG-0171"",""ORG-0963"",""ORG-0968"",""ORG-0970"",""ORG-1498"",""ORG-1899""]"
673,10.1128/mBio.02434-14,1,"[""ORG-0694""]"
674,10.1128/mBio.00975-20,7,"[""ORG-0015"",""ORG-0880"",""ORG-0968"",""ORG-1441"",""ORG-1442"",""ORG-1714"",""ORG-2163""]"
681,10.1016/j.mehy.2020.110022,3,"[""ORG-1610"",""ORG-1798"",""ORG-1866""]"
684,10.1016/j.vaccine.2019.07.085,2,"[""ORG-1138"",""ORG-2171""]"
693,10.1016/j.sleep.2020.09.022,2,"[""ORG-1856"",""ORG-1881""]"
695,10.1186/s12989-014-0066-0,7,"[""ORG-0455"",""ORG-0898"",""ORG-0902"",""ORG-0963"",""ORG-1421"",""ORG-1797"",""ORG-2170""]"
703,10.1111/j.1749-6632.2010.05451.x,11,"[""ORG-0015"",""ORG-0086"",""ORG-0171"",""ORG-0968"",""ORG-0970"",""ORG-1289"",""ORG-1368"",""ORG-1421"",""ORG-1856"",""ORG-2038"",""ORG-2161""]"
711,10.1007/s12560-020-09447-9,6,"[""ORG-0544"",""ORG-0966"",""ORG-1368"",""ORG-1847"",""ORG-1862"",""ORG-1910""]"
713,10.1016/j.jenvman.2021.113486,4,"[""ORG-0633"",""ORG-1847"",""ORG-1952"",""ORG-2167""]"
714,10.3390/vaccines11050992,1,"[""ORG-1856""]"
718,10.3201/eid2510.190607,1,"[""ORG-2170""]"
725,10.1128/CMR.00162-20,1,"[""ORG-1603""]"
732,10.1053/j.seminhematol.2021.07.001,3,"[""ORG-0124"",""ORG-0833"",""ORG-1744""]"
737,10.1128/JVI.00570-19,8,"[""ORG-0171"",""ORG-0970"",""ORG-1119"",""ORG-1359"",""ORG-1505"",""ORG-1848"",""ORG-2163"",""ORG-2306""]"
738,10.1371/journal.pone.0263597,5,"[""ORG-1421"",""ORG-1744"",""ORG-1783"",""ORG-1887"",""ORG-1927""]"
740,10.3389/fmicb.2022.961065,6,"[""ORG-0421"",""ORG-0471"",""ORG-0559"",""ORG-0623"",""ORG-1221"",""ORG-1228""]"
745,10.1016/j.neures.2020.06.009,4,"[""ORG-1415"",""ORG-1586"",""ORG-1819"",""ORG-2170""]"
760,10.1016/j.onehlt.2020.100177,3,"[""ORG-0435"",""ORG-1803"",""ORG-1847""]"
774,10.1177/20420986231165674,5,"[""ORG-1603"",""ORG-1890"",""ORG-1910"",""ORG-1948"",""ORG-2114""]"
781,10.1038/s41392-020-00352-y,1,"[""ORG-1461""]"
783,10.1016/j.nbd.2020.105007,2,"[""ORG-1146"",""ORG-1147""]"
787,10.1128/mBio.02053-14,1,"[""ORG-1910""]"
788,10.3390/pathogens9100829,3,"[""ORG-0605"",""ORG-1846"",""ORG-2141""]"
790,10.1038/cmi.2010.25,2,"[""ORG-0171"",""ORG-0970""]"
794,10.1073/pnas.2116932119,2,"[""ORG-1368"",""ORG-1948""]"
796,10.1080/22221751.2022.2125348,1,"[""ORG-1232""]"
798,10.1128/mBio.02008-14,1,"[""ORG-1910""]"
804,10.1002/btm2.10481,7,"[""ORG-0188"",""ORG-0409"",""ORG-0683"",""ORG-1797"",""ORG-1809"",""ORG-1917"",""ORG-1934""]"
806,10.3390/biology11071080,6,"[""ORG-0188"",""ORG-1833"",""ORG-1847"",""ORG-1851"",""ORG-1868"",""ORG-1956""]"
810,10.1016/j.heliyon.2019.e01743,4,"[""ORG-1421"",""ORG-1887"",""ORG-2134"",""ORG-2193""]"
815,10.3390/v13071298,7,"[""ORG-0435"",""ORG-0559"",""ORG-1421"",""ORG-1439"",""ORG-1847"",""ORG-1887"",""ORG-1986""]"
820,10.1016/j.tim.2014.08.008,2,"[""ORG-0171"",""ORG-1952""]"
822,10.3389/fcell.2021.620730,6,"[""ORG-0409"",""ORG-0951"",""ORG-1047"",""ORG-1089"",""ORG-1798"",""ORG-1949""]"
829,10.1016/j.ejphar.2020.173329,1,"[""ORG-1858""]"
830,10.12701/yujm.2020.00633,4,"[""ORG-1454"",""ORG-1847"",""ORG-1856"",""ORG-1887""]"
834,10.1371/journal.pcbi.1008031,3,"[""ORG-0012"",""ORG-0678"",""ORG-1812""]"
835,10.1007/s41745-022-00322-z,2,"[""ORG-0435"",""ORG-1809""]"
849,10.3389/fimmu.2021.804416,2,"[""ORG-0188"",""ORG-0623""]"
860,10.1016/j.molliq.2022.118633,4,"[""ORG-1146"",""ORG-1221"",""ORG-1881"",""ORG-1952""]"
869,10.1371/journal.pone.0010152,6,"[""ORG-0171"",""ORG-0206"",""ORG-0970"",""ORG-1169"",""ORG-1353"",""ORG-1490""]"
870,10.3389/fbioe.2022.966586,5,"[""ORG-0694"",""ORG-1221"",""ORG-1827"",""ORG-1881"",""ORG-1969""]"
875,10.4269/ajtmh.22-0790,1,"[""ORG-1986""]"
881,10.3389/fmicb.2019.00901,4,"[""ORG-1833"",""ORG-1903"",""ORG-1919"",""ORG-2110""]"
885,10.1242/dmm.014746,7,"[""ORG-0015"",""ORG-0808"",""ORG-0880"",""ORG-0968"",""ORG-0970"",""ORG-1851"",""ORG-2161""]"
888,10.1371/journal.pone.0247997,3,"[""ORG-0581"",""ORG-1709"",""ORG-1932""]"
889,10.3389/fimmu.2021.690534,2,"[""ORG-0319"",""ORG-0946""]"
890,10.1177/20587384211073232,2,"[""ORG-1361"",""ORG-1593""]"
895,10.1111/gcb.15384,6,"[""ORG-0421"",""ORG-0598"",""ORG-0602"",""ORG-0736"",""ORG-1232"",""ORG-2340""]"
896,10.1080/22221751.2021.1902753,1,"[""ORG-1897""]"
902,10.3390/ijms21124546,1,"[""ORG-1146""]"
909,10.3390/ijms24098327,9,"[""ORG-1019"",""ORG-1089"",""ORG-1136"",""ORG-1192"",""ORG-1351"",""ORG-1414"",""ORG-1461"",""ORG-1797"",""ORG-1934""]"
910,10.1007/s10311-021-01291-y,1,"[""ORG-1089""]"
911,10.1186/s11658-022-00311-1,3,"[""ORG-0360"",""ORG-0833"",""ORG-1866""]"
913,10.1186/s13054-014-0479-z,4,"[""ORG-0015"",""ORG-0244"",""ORG-0968"",""ORG-1454""]"
914,10.1097/SHK.0000000000001610,4,"[""ORG-0683"",""ORG-0970"",""ORG-1949"",""ORG-2260""]"
915,10.1016/j.jhazmat.2023.131587,4,"[""ORG-1545"",""ORG-1847"",""ORG-1874"",""ORG-2260""]"
917,10.1186/1471-2458-10-168,3,"[""ORG-1368"",""ORG-1856"",""ORG-1862""]"
919,10.1016/j.meegid.2020.104583,5,"[""ORG-0833"",""ORG-0861"",""ORG-1146"",""ORG-1774"",""ORG-1862""]"
920,10.1016/j.lfs.2022.120368,2,"[""ORG-0015"",""ORG-1746""]"
928,10.1007/s12015-021-10229-4,1,"[""ORG-1898""]"
943,10.3390/s22176557,4,"[""ORG-0188"",""ORG-0683"",""ORG-1258"",""ORG-1986""]"
950,10.4049/jimmunol.1400822,3,"[""ORG-0302"",""ORG-0825"",""ORG-1773""]"
968,10.1016/j.heliyon.2023.e15647,7,"[""ORG-0171"",""ORG-1361"",""ORG-1368"",""ORG-1503"",""ORG-1593"",""ORG-1935"",""ORG-1979""]"
973,10.1128/spectrum.01604-22,2,"[""ORG-0559"",""ORG-1956""]"
984,10.1038/s41598-019-41760-7,6,"[""ORG-0155"",""ORG-0315"",""ORG-0906"",""ORG-0970"",""ORG-1143"",""ORG-1798""]"
987,10.3389/fimmu.2020.00842,3,"[""ORG-0866"",""ORG-1221"",""ORG-1234""]"
994,10.1128/spectrum.01736-22,2,"[""ORG-1421"",""ORG-2118""]"
1000,10.1016/j.intimp.2023.110262,2,"[""ORG-1797"",""ORG-1812""]"
1002,10.1186/s13073-022-01013-1,8,"[""ORG-0244"",""ORG-0429"",""ORG-0963"",""ORG-1221"",""ORG-1421"",""ORG-1611"",""ORG-1819"",""ORG-2169""]"
1004,10.1111/resp.13524,5,"[""ORG-0015"",""ORG-0880"",""ORG-0963"",""ORG-0968"",""ORG-2165""]"
1015,10.1080/22221751.2019.1575700,3,"[""ORG-0171"",""ORG-0736"",""ORG-2313""]"
1024,10.1128/mSphere.00922-20,4,"[""ORG-0869"",""ORG-0895"",""ORG-1667"",""ORG-1970""]"
1031,10.3389/fcimb.2021.580679,6,"[""ORG-0015"",""ORG-0317"",""ORG-0880"",""ORG-0968"",""ORG-0970"",""ORG-1887""]"
1050,10.1016/j.cytogfr.2021.02.002,2,"[""ORG-1702"",""ORG-1856""]"
1062,10.1007/82_2014_383,3,"[""ORG-0171"",""ORG-0970"",""ORG-1934""]"
1072,10.1093/infdis/jiac358,2,"[""ORG-1230"",""ORG-1913""]"
1073,10.3390/pathogens10030256,5,"[""ORG-0421"",""ORG-1221"",""ORG-1819"",""ORG-1847"",""ORG-1881""]"
1075,10.1186/1471-2334-14-362,5,"[""ORG-0171"",""ORG-0970"",""ORG-1361"",""ORG-1421"",""ORG-1593""]"
1077,10.1002/emmm.200900005,2,"[""ORG-1803"",""ORG-1851""]"
1083,10.3389/fphys.2020.00671,3,"[""ORG-0963"",""ORG-1089"",""ORG-1874""]"
1085,10.3390/v11020193,1,"[""ORG-0171""]"
1098,10.3389/fmicb.2010.00117,5,"[""ORG-0191"",""ORG-1023"",""ORG-1798"",""ORG-1928"",""ORG-2110""]"
1102,10.1128/CMR.00028-20,10,"[""ORG-0136"",""ORG-0522"",""ORG-0866"",""ORG-1146"",""ORG-1147"",""ORG-1234"",""ORG-1361"",""ORG-1641"",""ORG-1887"",""ORG-1890""]"
1117,10.1080/21505594.2022.2056966,2,"[""ORG-1253"",""ORG-1956""]"
1120,10.3390/v15041022,9,"[""ORG-0228"",""ORG-0363"",""ORG-0364"",""ORG-0808"",""ORG-1232"",""ORG-1639"",""ORG-1851"",""ORG-1952"",""ORG-1981""]"
1128,10.3389/fcimb.2022.941078,8,"[""ORG-0015"",""ORG-0302"",""ORG-0363"",""ORG-0946"",""ORG-0963"",""ORG-0968"",""ORG-1921"",""ORG-2160""]"
1132,10.3390/pharmaceutics15041277,7,"[""ORG-0187"",""ORG-0457"",""ORG-0938"",""ORG-1454"",""ORG-1848"",""ORG-1896"",""ORG-1910""]"
1135,10.3389/fped.2022.935483,3,"[""ORG-1241"",""ORG-1242"",""ORG-1330""]"
1141,10.3389/fmicb.2022.940600,1,"[""ORG-0596""]"
1142,10.1128/mBio.00103-21,9,"[""ORG-0312"",""ORG-1146"",""ORG-1147"",""ORG-1205"",""ORG-1881"",""ORG-1948"",""ORG-1952"",""ORG-2160"",""ORG-2306""]"
1148,10.3390/ijerph20085432,15,"[""ORG-0014"",""ORG-0302"",""ORG-0385"",""ORG-0457"",""ORG-0559"",""ORG-0900"",""ORG-0951"",""ORG-1023"",""ORG-1221"",""ORG-1454"",""ORG-1653"",""ORG-1881"",""ORG-1908"",""ORG-1921"",""ORG-2193""]"
1153,10.1186/s13756-022-01052-8,1,"[""ORG-0280""]"
1154,10.3389/fmicb.2021.690706,3,"[""ORG-0188"",""ORG-0421"",""ORG-1651""]"
1156,10.1016/j.chom.2014.05.006,8,"[""ORG-0015"",""ORG-0171"",""ORG-0970"",""ORG-1289"",""ORG-1847"",""ORG-2162"",""ORG-2170"",""ORG-2171""]"
1158,10.1080/21645515.2021.1880210,2,"[""ORG-0125"",""ORG-1179""]"
1164,10.1186/1471-2334-9-187,4,"[""ORG-1047"",""ORG-1856"",""ORG-1902"",""ORG-2247""]"
1167,10.1101/2022.08.17.504362,3,"[""ORG-1316"",""ORG-1558"",""ORG-1667""]"
1171,10.3389/fmolb.2022.976705,3,"[""ORG-0095"",""ORG-0188"",""ORG-0421""]"
1178,10.1007/s13337-021-00653-y,1,"[""ORG-2260""]"
1191,10.1080/16549716.2020.1816044,1,"[""ORG-1948""]"
1198,10.3389/fpsyg.2021.626934,1,"[""ORG-1862""]"
1206,10.1016/j.scitotenv.2020.142491,4,"[""ORG-1558"",""ORG-1667"",""ORG-2040"",""ORG-2165""]"
1224,10.1128/JVI.01815-18,8,"[""ORG-0244"",""ORG-1146"",""ORG-1147"",""ORG-1439"",""ORG-1702"",""ORG-1897"",""ORG-1999"",""ORG-2165""]"
1228,10.3389/fbioe.2022.898726,3,"[""ORG-0409"",""ORG-1084"",""ORG-1979""]"
1237,10.3389/fcimb.2023.1165160,2,"[""ORG-0304"",""ORG-1847""]"
1240,10.3390/pathogens11010094,6,"[""ORG-0207"",""ORG-0559"",""ORG-1744"",""ORG-1905"",""ORG-1956"",""ORG-2163""]"
1242,10.1128/JVI.00140-21,10,"[""ORG-0343"",""ORG-0360"",""ORG-0690"",""ORG-0895"",""ORG-0947"",""ORG-1505"",""ORG-1600"",""ORG-1667"",""ORG-1866"",""ORG-2139""]"
1246,10.3389/fimmu.2021.660632,6,"[""ORG-0163"",""ORG-0833"",""ORG-1167"",""ORG-1702"",""ORG-1843"",""ORG-1851""]"
1259,10.1111/mpp.13332,5,"[""ORG-1585"",""ORG-1667"",""ORG-1732"",""ORG-1798"",""ORG-1866""]"
1261,10.1093/bib/bbaa233,6,"[""ORG-0455"",""ORG-1480"",""ORG-1493"",""ORG-1505"",""ORG-1600"",""ORG-1831""]"
1262,10.1080/01652176.2022.2116501,1,"[""ORG-1122""]"
1265,10.15252/emmm.202012642,5,"[""ORG-1146"",""ORG-1147"",""ORG-1847"",""ORG-1986"",""ORG-2167""]"
1267,10.3389/fphar.2023.1152915,3,"[""ORG-1089"",""ORG-1232"",""ORG-1887""]"
1272,10.1007/s00414-021-02667-z,2,"[""ORG-1847"",""ORG-1862""]"
1273,10.1183/16000617.0240-2020,2,"[""ORG-1948"",""ORG-1958""]"
1274,10.3389/fcimb.2022.948980,4,"[""ORG-0963"",""ORG-1919"",""ORG-2158"",""ORG-2171""]"
1277,10.1016/j.annemergmed.2009.08.003,2,"[""ORG-0970"",""ORG-1221""]"
1283,10.1093/infdis/jiy689,4,"[""ORG-1361"",""ORG-1593"",""ORG-1896"",""ORG-2340""]"
1293,10.1038/s41467-023-37944-5,5,"[""ORG-0304"",""ORG-1856"",""ORG-1934"",""ORG-1958"",""ORG-2256""]"
1295,10.1002/anbr.202000049,2,"[""ORG-0188"",""ORG-1421""]"
1301,10.1016/j.isci.2021.102187,3,"[""ORG-0124"",""ORG-0311"",""ORG-2147""]"
1303,10.1371/journal.pone.0093632,3,"[""ORG-0125"",""ORG-1421"",""ORG-1921""]"
1309,10.2147/OPTH.S373758,3,"[""ORG-0086"",""ORG-0188"",""ORG-1667""]"
1310,10.1016/j.coviro.2021.12.015,3,"[""ORG-1146"",""ORG-1147"",""ORG-1169""]"
1313,10.1016/j.genrep.2021.101045,1,"[""ORG-0435""]"
1314,10.1038/s41467-020-18190-5,2,"[""ORG-0399"",""ORG-1934""]"
1318,10.1002/advs.202104495,5,"[""ORG-0243"",""ORG-0455"",""ORG-1600"",""ORG-1847"",""ORG-1969""]"
1327,10.1111/irv.12954,8,"[""ORG-0171"",""ORG-0963"",""ORG-1358"",""ORG-1844"",""ORG-1848"",""ORG-1905"",""ORG-2147"",""ORG-2306""]"
1331,10.3389/fgene.2020.612571,3,"[""ORG-1862"",""ORG-1877"",""ORG-1879""]"
1337,10.1016/S2666-5247(21)00312-8,1,"[""ORG-1934""]"
1338,10.1016/j.applanim.2021.105262,1,"[""ORG-1856""]"
1341,10.3390/s21134547,9,"[""ORG-0188"",""ORG-0320"",""ORG-0457"",""ORG-1221"",""ORG-1248"",""ORG-1851"",""ORG-1881"",""ORG-1934"",""ORG-1969""]"
1345,10.1016/j.jinf.2014.03.006,9,"[""ORG-0136"",""ORG-0155"",""ORG-0171"",""ORG-0379"",""ORG-0963"",""ORG-0967"",""ORG-1898"",""ORG-1910"",""ORG-2165""]"
1359,10.1186/1471-2334-14-142,4,"[""ORG-0171"",""ORG-1089"",""ORG-1490"",""ORG-1897""]"
1365,10.1093/gerona/glaa149,1,"[""ORG-1859""]"
1371,10.3390/molecules25194410,4,"[""ORG-0559"",""ORG-1812"",""ORG-1887"",""ORG-2161""]"
1376,10.1038/nature08260,7,"[""ORG-0015"",""ORG-0963"",""ORG-0968"",""ORG-1288"",""ORG-1432"",""ORG-1847"",""ORG-1910""]"
1380,10.3390/jcm12072568,1,"[""ORG-1432""]"
1386,10.1371/journal.ppat.1003971,6,"[""ORG-0015"",""ORG-0968"",""ORG-1668"",""ORG-2141"",""ORG-2163"",""ORG-2171""]"
1391,10.1016/j.scitotenv.2020.140122,8,"[""ORG-1221"",""ORG-1421"",""ORG-1610"",""ORG-1833"",""ORG-1881"",""ORG-1887"",""ORG-1910"",""ORG-2040""]"
1393,10.1016/j.ejmech.2021.113683,6,"[""ORG-0244"",""ORG-0312"",""ORG-0970"",""ORG-1221"",""ORG-1859"",""ORG-1881""]"
1396,10.1128/JVI.01551-18,10,"[""ORG-0015"",""ORG-0938"",""ORG-0951"",""ORG-0968"",""ORG-1288"",""ORG-1851"",""ORG-1897"",""ORG-2155"",""ORG-2158"",""ORG-2306""]"
1397,10.3389/fimmu.2020.604913,5,"[""ORG-0001"",""ORG-0302"",""ORG-1797"",""ORG-1920"",""ORG-2164""]"
1400,10.1177/1753466620933508,2,"[""ORG-0559"",""ORG-0899""]"
1401,10.1177/1757975921992957,1,"[""ORG-0581""]"
1416,10.1371/journal.pone.0253758,3,"[""ORG-0789"",""ORG-0938"",""ORG-2246""]"
1417,10.3389/fimmu.2023.1083251,8,"[""ORG-0581"",""ORG-0880"",""ORG-0943"",""ORG-1421"",""ORG-1798"",""ORG-1856"",""ORG-1859"",""ORG-2161""]"
1420,10.3389/fmicb.2021.807458,4,"[""ORG-0108"",""ORG-0970"",""ORG-1803"",""ORG-1897""]"
1421,10.1080/22221751.2020.1775499,3,"[""ORG-1368"",""ORG-1480"",""ORG-1910""]"
1429,10.2174/1874357901812010080,8,"[""ORG-0188"",""ORG-0683"",""ORG-0970"",""ORG-1146"",""ORG-1421"",""ORG-1910"",""ORG-1936"",""ORG-2126""]"
1432,10.1101/2021.02.11.21251593,2,"[""ORG-0938"",""ORG-1922""]"
1436,10.1038/s41467-022-31860-w,2,"[""ORG-0843"",""ORG-1146""]"
1438,10.1007/s42770-021-00673-2,2,"[""ORG-0596"",""ORG-1896""]"
1446,10.1186/1471-2105-14-S16-S7,7,"[""ORG-0171"",""ORG-0967"",""ORG-1732"",""ORG-1861"",""ORG-1877"",""ORG-1905"",""ORG-1948""]"
1448,10.1136/openhrt-2020-001337,6,"[""ORG-0027"",""ORG-0503"",""ORG-0619"",""ORG-0806"",""ORG-1421"",""ORG-1851""]"
1452,10.1038/nature08157,3,"[""ORG-0970"",""ORG-1503"",""ORG-2170""]"
1456,10.1093/ve/vead018,5,"[""ORG-0015"",""ORG-0492"",""ORG-0861"",""ORG-1421"",""ORG-2161""]"
1458,10.3201/eid1506.090072,6,"[""ORG-0963"",""ORG-0970"",""ORG-1221"",""ORG-1857"",""ORG-1881"",""ORG-1952""]"
1467,10.1128/mSphereDirect.00462-18,6,"[""ORG-0015"",""ORG-0125"",""ORG-0171"",""ORG-0880"",""ORG-0968"",""ORG-1421""]"
1470,10.1038/s41586-022-05163-5,9,"[""ORG-0317"",""ORG-0728"",""ORG-0756"",""ORG-0897"",""ORG-0941"",""ORG-1585"",""ORG-1668"",""ORG-1862"",""ORG-1910""]"
1475,10.1371/journal.pone.0088520,7,"[""ORG-0970"",""ORG-1221"",""ORG-1868"",""ORG-1905"",""ORG-1921"",""ORG-2139"",""ORG-2161""]"
1477,10.1186/s13567-021-00897-y,3,"[""ORG-0866"",""ORG-0963"",""ORG-1421""]"
1491,10.1371/journal.ppat.1000454,7,"[""ORG-0861"",""ORG-1019"",""ORG-1368"",""ORG-1485"",""ORG-1890"",""ORG-1934"",""ORG-2153""]"
1510,10.1186/s13690-022-00933-z,2,"[""ORG-1368"",""ORG-1851""]"
1517,10.1016/j.ijmmb.2022.07.005,6,"[""ORG-0012"",""ORG-0108"",""ORG-0155"",""ORG-1221"",""ORG-1702"",""ORG-1910""]"
1521,10.1093/infdis/jiab632,1,"[""ORG-1931""]"
1523,10.1016/j.jaci.2021.07.002,4,"[""ORG-0086"",""ORG-0943"",""ORG-1856"",""ORG-1948""]"
1524,10.1128/mBio.01056-18,2,"[""ORG-0095"",""ORG-0897""]"
1525,10.1016/j.tmaid.2022.102414,3,"[""ORG-0360"",""ORG-1421"",""ORG-1956""]"
1530,10.3389/fmed.2020.594439,8,"[""ORG-0133"",""ORG-1146"",""ORG-1147"",""ORG-1235"",""ORG-1415"",""ORG-1586"",""ORG-1702"",""ORG-1948""]"
1534,10.1111/j.1750-2659.2009.00082.x,5,"[""ORG-0155"",""ORG-0171"",""ORG-0310"",""ORG-2114"",""ORG-2306""]"
1538,10.3389/fgene.2021.753648,3,"[""ORG-1368"",""ORG-1503"",""ORG-1641""]"
1540,10.1111/j.1750-2659.2009.00075.x,1,"[""ORG-0171""]"
1541,10.1016/j.apsb.2021.06.016,3,"[""ORG-1610"",""ORG-1831"",""ORG-1986""]"
1542,10.3389/fimmu.2020.02056,1,"[""ORG-1221""]"
1552,10.3389/fimmu.2023.1113194,6,"[""ORG-0545"",""ORG-0887"",""ORG-1146"",""ORG-1147"",""ORG-1221"",""ORG-1493""]"
1556,10.1007/978-1-4939-8678-1_29,9,"[""ORG-0171"",""ORG-0421"",""ORG-0571"",""ORG-0694"",""ORG-1837"",""ORG-1872"",""ORG-1932"",""ORG-1948"",""ORG-2151""]"
1565,10.3389/fmicb.2021.698169,4,"[""ORG-0736"",""ORG-1089"",""ORG-1586"",""ORG-2260""]"
1575,10.1038/s41598-021-04029-6,1,"[""ORG-1221""]"
1583,10.1038/s41598-021-03932-2,11,"[""ORG-0015"",""ORG-0171"",""ORG-0866"",""ORG-0880"",""ORG-0968"",""ORG-0970"",""ORG-1221"",""ORG-1288"",""ORG-1421"",""ORG-1867"",""ORG-1881""]"
1590,10.3390/v15030725,6,"[""ORG-0108"",""ORG-1221"",""ORG-2040"",""ORG-2139"",""ORG-2164"",""ORG-2260""]"
1592,10.6026/97320630014183,3,"[""ORG-0869"",""ORG-0970"",""ORG-1969""]"
1597,10.1016/j.trf.2021.12.010,3,"[""ORG-1221"",""ORG-1898"",""ORG-1910""]"
1603,10.1007/s00705-020-04693-5,3,"[""ORG-0399"",""ORG-1351"",""ORG-1948""]"
1605,10.1016/S1472-9792(13)70004-0,3,"[""ORG-1099"",""ORG-1872"",""ORG-1931""]"
1607,10.2807/1560-7917.ES.2021.26.27.2000004,5,"[""ORG-0188"",""ORG-0373"",""ORG-0506"",""ORG-0970"",""ORG-2304""]"
1612,10.1016/j.healthpol.2021.12.001,2,"[""ORG-0987"",""ORG-1866""]"
1615,10.12688/f1000research.55114.2,4,"[""ORG-0223"",""ORG-1910"",""ORG-1948"",""ORG-2260""]"
1620,10.3390/v12091039,2,"[""ORG-0963"",""ORG-1866""]"
1622,10.1007/s11434-014-0499-8,6,"[""ORG-0171"",""ORG-0602"",""ORG-1047"",""ORG-1143"",""ORG-1812"",""ORG-1847""]"
1625,10.3390/microorganisms8060850,2,"[""ORG-1833"",""ORG-1948""]"
1636,10.3390/vaccines6030047,6,"[""ORG-0171"",""ORG-0938"",""ORG-0963"",""ORG-0970"",""ORG-1956"",""ORG-2157""]"
1643,10.1186/s12931-020-01510-0,2,"[""ORG-1368"",""ORG-1910""]"
1652,10.3389/fmicb.2018.01504,5,"[""ORG-1173"",""ORG-1647"",""ORG-1910"",""ORG-2134"",""ORG-2304""]"
1653,10.1155/2022/5618222,1,"[""ORG-2147""]"
1662,10.3389/fphar.2021.630834,3,"[""ORG-0373"",""ORG-0970"",""ORG-1952""]"
1671,10.3389/fimmu.2021.747654,11,"[""ORG-0015"",""ORG-0565"",""ORG-0573"",""ORG-0880"",""ORG-0895"",""ORG-0900"",""ORG-0902"",""ORG-0968"",""ORG-1798"",""ORG-2129"",""ORG-2193""]"
1674,10.1371/journal.pone.0082020,5,"[""ORG-0015"",""ORG-0866"",""ORG-0968"",""ORG-1359"",""ORG-2040""]"
1687,10.1038/emi.2013.89,6,"[""ORG-0015"",""ORG-0866"",""ORG-0968"",""ORG-0970"",""ORG-1505"",""ORG-1934""]"
1701,10.3346/jkms.2020.35.e211,1,"[""ORG-1887""]"
1703,10.3390/pathogens11070800,8,"[""ORG-0385"",""ORG-0522"",""ORG-1586"",""ORG-1920"",""ORG-1952"",""ORG-1969"",""ORG-2161"",""ORG-2171""]"
1709,10.1039/d0ra10009a,5,"[""ORG-0421"",""ORG-0736"",""ORG-1089"",""ORG-1667"",""ORG-1833""]"
1714,10.3390/v10060325,10,"[""ORG-0015"",""ORG-0206"",""ORG-0506"",""ORG-0880"",""ORG-0968"",""ORG-0970"",""ORG-1248"",""ORG-1538"",""ORG-1859"",""ORG-2260""]"
1717,10.1016/j.urolonc.2020.05.017,3,"[""ORG-0421"",""ORG-1881"",""ORG-1948""]"
1719,10.1016/j.biopha.2021.111254,4,"[""ORG-1221"",""ORG-1667"",""ORG-1881"",""ORG-1948""]"
1721,10.3389/fgene.2023.1107893,5,"[""ORG-0057"",""ORG-0399"",""ORG-1846"",""ORG-1856"",""ORG-1948""]"
1726,10.3389/fnut.2021.661331,5,"[""ORG-1802"",""ORG-1868"",""ORG-1890"",""ORG-1908"",""ORG-1948""]"
1731,10.1016/j.meegid.2020.104390,4,"[""ORG-1361"",""ORG-1639"",""ORG-1846"",""ORG-2304""]"
1733,10.3389/fpubh.2021.662842,1,"[""ORG-1856""]"
1734,10.3390/biomedicines10071622,2,"[""ORG-0897"",""ORG-1667""]"
1737,10.1038/s41437-020-00370-0,5,"[""ORG-0136"",""ORG-1232"",""ORG-1831"",""ORG-1956"",""ORG-1969""]"
1742,10.1038/s41541-022-00478-w,4,"[""ORG-0015"",""ORG-0869"",""ORG-0880"",""ORG-0968""]"
1744,10.1016/j.phymed.2020.153317,9,"[""ORG-0974"",""ORG-1146"",""ORG-1147"",""ORG-1368"",""ORG-1432"",""ORG-1866"",""ORG-2147"",""ORG-2163"",""ORG-2260""]"
1755,10.1177/1076029620977702,1,"[""ORG-1956""]"
1759,10.1177/2472555220958385,4,"[""ORG-1085"",""ORG-1241"",""ORG-1851"",""ORG-1887""]"
1775,10.3390/diseases9010012,1,"[""ORG-0244""]"
1777,10.1371/journal.pone.0261844,3,"[""ORG-0085"",""ORG-0379"",""ORG-1898""]"
1785,10.4269/ajtmh.20-1098,1,"[""ORG-1225""]"
1787,10.3390/ijerph17186687,1,"[""ORG-0836""]"
1795,10.1016/j.meegid.2020.104556,5,"[""ORG-0720"",""ORG-1325"",""ORG-1361"",""ORG-1831"",""ORG-1846""]"
1798,10.1080/22221751.2023.2195019,1,"[""ORG-1177""]"
1802,10.1128/mBio.01854-20,9,"[""ORG-0200"",""ORG-0267"",""ORG-0435"",""ORG-0825"",""ORG-1146"",""ORG-1147"",""ORG-1797"",""ORG-1868"",""ORG-2162""]"
1804,10.1007/s10096-013-1984-8,8,"[""ORG-0015"",""ORG-0086"",""ORG-0968"",""ORG-1288"",""ORG-1289"",""ORG-1797"",""ORG-1902"",""ORG-2170""]"
1807,10.1038/s41598-018-25780-3,4,"[""ORG-0786"",""ORG-1234"",""ORG-1952"",""ORG-2163""]"
1810,10.2147/IDR.S295801,5,"[""ORG-0596"",""ORG-1258"",""ORG-1783"",""ORG-2260"",""ORG-2304""]"
1811,10.1080/21655979.2021.2005876,2,"[""ORG-1867"",""ORG-1934""]"
1819,10.3390/ani10091632,5,"[""ORG-1019"",""ORG-1421"",""ORG-1803"",""ORG-1910"",""ORG-1986""]"
1828,10.1093/oxfimm/iqac003,4,"[""ORG-1089"",""ORG-1667"",""ORG-1897"",""ORG-1986""]"
1829,10.7554/eLife.83710,3,"[""ORG-0122"",""ORG-1432"",""ORG-1702""]"
1831,10.3390/v13061062,2,"[""ORG-0951"",""ORG-1921""]"
1836,10.3389/fmedt.2023.1015507,1,"[""ORG-1245""]"
1838,10.1002/prp2.653,1,"[""ORG-0963""]"
1849,10.1007/s00044-020-02625-1,2,"[""ORG-0206"",""ORG-2200""]"
1857,10.3390/biomedicines9070710,7,"[""ORG-0027"",""ORG-0736"",""ORG-0833"",""ORG-1600"",""ORG-1611"",""ORG-1866"",""ORG-2139""]"
1858,10.1128/mbio.01485-22,2,"[""ORG-0987"",""ORG-1847""]"
1865,10.1111/irv.12154,7,"[""ORG-0970"",""ORG-1221"",""ORG-1289"",""ORG-1365"",""ORG-1846"",""ORG-1881"",""ORG-2171""]"
1869,10.3390/vetsci7020073,7,"[""ORG-0171"",""ORG-0243"",""ORG-0559"",""ORG-0800"",""ORG-0938"",""ORG-0970"",""ORG-1896""]"
1870,10.3390/v13061087,2,"[""ORG-0571"",""ORG-1905""]"
1872,10.1016/j.gendis.2020.12.007,2,"[""ORG-1844"",""ORG-1851""]"
1882,10.3389/fpsyg.2023.1015927,1,"[""ORG-1866""]"
1885,10.1016/j.nantod.2020.101051,2,"[""ORG-1253"",""ORG-1819""]"
1886,10.3390/vaccines6020020,2,"[""ORG-0970"",""ORG-2161""]"
1895,10.1128/jvi.00765-22,7,"[""ORG-0015"",""ORG-0880"",""ORG-0968"",""ORG-1586"",""ORG-1866"",""ORG-1952"",""ORG-2171""]"
1900,10.1093/oxfimm/iqaa005,2,"[""ORG-0897"",""ORG-0902""]"
1909,10.1016/j.tifs.2020.09.001,4,"[""ORG-0409"",""ORG-0897"",""ORG-1837"",""ORG-1910""]"
1911,10.1371/journal.ppat.1000130,7,"[""ORG-0171"",""ORG-0970"",""ORG-1077"",""ORG-1439"",""ORG-1846"",""ORG-1890"",""ORG-2139""]"
1913,10.3389/fimmu.2023.1111644,5,"[""ORG-1361"",""ORG-1490"",""ORG-1503"",""ORG-1702"",""ORG-1917""]"
1917,10.7150/ijms.48053,3,"[""ORG-1221"",""ORG-1866"",""ORG-1881""]"
1928,10.1007/s12032-021-01533-7,1,"[""ORG-1611""]"
1932,10.3390/ijms21113916,4,"[""ORG-1610"",""ORG-1910"",""ORG-1912"",""ORG-1948""]"
1933,10.1128/AEM.00859-21,3,"[""ORG-0200"",""ORG-1485"",""ORG-2167""]"
1934,10.1017/S000711452000361X,2,"[""ORG-1081"",""ORG-1179""]"
1935,10.3389/fimmu.2023.1129705,6,"[""ORG-0124"",""ORG-0549"",""ORG-0619"",""ORG-1493"",""ORG-1844"",""ORG-1900""]"
1936,10.1186/s13756-021-00893-z,5,"[""ORG-0095"",""ORG-0188"",""ORG-1221"",""ORG-1847"",""ORG-1881""]"
1938,10.3390/s20113089,3,"[""ORG-1146"",""ORG-1147"",""ORG-1910""]"
1940,10.1007/s12015-020-10037-2,3,"[""ORG-0559"",""ORG-1421"",""ORG-1610""]"
1941,10.1016/j.smhs.2020.09.001,3,"[""ORG-1672"",""ORG-1673"",""ORG-1868""]"
1942,10.1186/s40246-021-00304-9,5,"[""ORG-0027"",""ORG-1890"",""ORG-1897"",""ORG-1934"",""ORG-1986""]"
1944,10.1007/s43615-021-00060-x,5,"[""ORG-1146"",""ORG-1221"",""ORG-1667"",""ORG-1867"",""ORG-1910""]"
1949,10.1038/nature12476,1,"[""ORG-0967""]"
1950,10.3390/pathogens9090739,8,"[""ORG-0317"",""ORG-1146"",""ORG-1147"",""ORG-1232"",""ORG-1253"",""ORG-1254"",""ORG-1847"",""ORG-2141""]"
1951,10.1038/s41598-021-92953-y,1,"[""ORG-1881""]"
1953,10.3389/fpls.2021.740177,2,"[""ORG-0188"",""ORG-1979""]"
1954,10.1016/j.mehy.2020.109882,6,"[""ORG-0887"",""ORG-1089"",""ORG-1586"",""ORG-1890"",""ORG-1910"",""ORG-2260""]"
1962,10.1186/s12992-018-0323-3,4,"[""ORG-0736"",""ORG-1146"",""ORG-1147"",""ORG-1503""]"
1973,10.1128/mBio.00221-18,8,"[""ORG-0244"",""ORG-0939"",""ORG-1146"",""ORG-1147"",""ORG-1798"",""ORG-1908"",""ORG-1948"",""ORG-2306""]"
1977,10.1016/j.virusres.2020.198024,2,"[""ORG-1356"",""ORG-1421""]"
1980,10.1371/currents.outbreaks.a7b70897ac2fa4f79b59f90d24c860b8,7,"[""ORG-1146"",""ORG-1368"",""ORG-1421"",""ORG-1631"",""ORG-1667"",""ORG-1872"",""ORG-1986""]"
1982,10.1111/pbi.13657,4,"[""ORG-0683"",""ORG-1744"",""ORG-1851"",""ORG-1887""]"
1990,10.1016/S1473-3099(20)30438-2,2,"[""ORG-1910"",""ORG-1956""]"
1994,10.1140/epjp/s13360-021-01657-9,7,"[""ORG-0545"",""ORG-1361"",""ORG-1469"",""ORG-1593"",""ORG-1948"",""ORG-1969"",""ORG-2147""]"
1998,10.1016/j.scitotenv.2020.142163,1,"[""ORG-1910""]"
2007,10.1371/journal.pone.0065965,6,"[""ORG-0188"",""ORG-0191"",""ORG-0825"",""ORG-0963"",""ORG-1421"",""ORG-1874""]"
2010,10.1371/journal.pone.0282632,2,"[""ORG-1846"",""ORG-1887""]"
2017,10.1111/trf.16747,5,"[""ORG-0228"",""ORG-0559"",""ORG-1651"",""ORG-1856"",""ORG-1890""]"
2028,10.1590/0074-02760170369,5,"[""ORG-0057"",""ORG-0683"",""ORG-1421"",""ORG-1897"",""ORG-1958""]"
2031,10.1016/j.vaccine.2020.08.032,5,"[""ORG-0683"",""ORG-0833"",""ORG-0970"",""ORG-1600"",""ORG-1853""]"
2042,10.1016/j.cca.2020.05.044,2,"[""ORG-1439"",""ORG-2158""]"
2044,10.3389/frai.2023.1100112,4,"[""ORG-0421"",""ORG-1934"",""ORG-1979"",""ORG-1986""]"
2054,10.3389/fimmu.2017.01839,5,"[""ORG-0012"",""ORG-0082"",""ORG-0187"",""ORG-0625"",""ORG-2114""]"
2055,10.3390/molecules25184086,3,"[""ORG-1611"",""ORG-1898"",""ORG-2151""]"
2058,10.1016/j.imlet.2022.07.003,2,"[""ORG-0943"",""ORG-1881""]"
2063,10.2353/ajpath.2008.070791,1,"[""ORG-0171""]"
2069,10.1007/s00705-018-3708-y,5,"[""ORG-0806"",""ORG-0880"",""ORG-0970"",""ORG-1084"",""ORG-1405""]"
2080,10.1080/21505594.2021.1877066,1,"[""ORG-0399""]"
2081,10.1371/journal.pone.0066719,3,"[""ORG-0171"",""ORG-0970"",""ORG-2167""]"
2083,10.1016/j.scs.2020.102466,5,"[""ORG-1641"",""ORG-1744"",""ORG-1798"",""ORG-1819"",""ORG-2141""]"
2087,10.1111/jcmm.16694,2,"[""ORG-1921"",""ORG-1986""]"
2099,10.1016/j.biopha.2022.113368,1,"[""ORG-2260""]"
2100,10.3389/fneur.2020.00845,1,"[""ORG-0974""]"
2103,10.1155/2023/1977602,2,"[""ORG-1586"",""ORG-1956""]"
2106,10.3389/fitd.2021.769330,2,"[""ORG-1925"",""ORG-1956""]"
2107,10.1038/s42003-022-03580-w,2,"[""ORG-1847"",""ORG-1986""]"
2108,10.3904/kjim.2017.107,3,"[""ORG-1368"",""ORG-1831"",""ORG-1920""]"
2117,10.1007/s00210-021-02108-z,5,"[""ORG-0385"",""ORG-1709"",""ORG-1847"",""ORG-1898"",""ORG-1948""]"
2127,10.1016/j.compbiomed.2021.104560,9,"[""ORG-0966"",""ORG-1020"",""ORG-1146"",""ORG-1147"",""ORG-1405"",""ORG-1702"",""ORG-1847"",""ORG-1919"",""ORG-1948""]"
2132,10.3201/eid1310.070400,3,"[""ORG-0171"",""ORG-0379"",""ORG-1986""]"
2141,10.1038/s41467-021-23977-1,4,"[""ORG-0869"",""ORG-1432"",""ORG-1896"",""ORG-1902""]"
2144,10.1016/j.ebiom.2017.11.001,3,"[""ORG-0122"",""ORG-0825"",""ORG-0869""]"
2146,10.3390/v15020330,6,"[""ORG-0385"",""ORG-1672"",""ORG-1833"",""ORG-1934"",""ORG-1952"",""ORG-1958""]"
2147,10.3390/diseases9040085,7,"[""ORG-0188"",""ORG-0683"",""ORG-0987"",""ORG-1695"",""ORG-1866"",""ORG-1874"",""ORG-1908""]"
2149,10.1016/j.cell.2021.05.031,4,"[""ORG-0027"",""ORG-0471"",""ORG-0836"",""ORG-1505""]"
2154,10.3389/fimmu.2022.930673,1,"[""ORG-1610""]"
2156,10.1080/22221751.2020.1815589,6,"[""ORG-0027"",""ORG-1205"",""ORG-1600"",""ORG-1847"",""ORG-2187"",""ORG-2306""]"
2161,10.1016/j.idm.2020.11.005,2,"[""ORG-0155"",""ORG-1667""]"
2165,10.3390/v15020303,1,"[""ORG-1439""]"
2169,10.1007/s12038-021-00232-9,4,"[""ORG-0360"",""ORG-1089"",""ORG-1614"",""ORG-1667""]"
2179,10.1371/journal.pone.0061572,5,"[""ORG-0171"",""ORG-0866"",""ORG-1952"",""ORG-2170"",""ORG-2171""]"
2184,10.1128/AEM.00422-21,5,"[""ORG-0191"",""ORG-1258"",""ORG-1811"",""ORG-1919"",""ORG-2110""]"
2188,10.1016/j.micres.2022.127099,1,"[""ORG-0027""]"
2195,10.1371/journal.pone.0184013,4,"[""ORG-0943"",""ORG-1221"",""ORG-1881"",""ORG-1897""]"
2204,10.3389/fimmu.2023.1118933,2,"[""ORG-0565"",""ORG-1905""]"
2207,10.3390/molecules26020406,2,"[""ORG-1948"",""ORG-1969""]"
2212,10.1371/journal.pone.0001401,4,"[""ORG-0171"",""ORG-1019"",""ORG-1221"",""ORG-1230""]"
2216,10.1016/j.virusres.2013.02.015,7,"[""ORG-0100"",""ORG-0970"",""ORG-1421"",""ORG-1797"",""ORG-1851"",""ORG-2170"",""ORG-2171""]"
2217,10.3390/v13112325,6,"[""ORG-0434"",""ORG-1048"",""ORG-1146"",""ORG-1147"",""ORG-1230"",""ORG-1432""]"
2225,10.1155/2021/5554500,1,"[""ORG-1137""]"
2237,10.12688/f1000research.23829.2,4,"[""ORG-1413"",""ORG-1586"",""ORG-1672"",""ORG-1956""]"
2244,10.3389/fimmu.2021.659041,1,"[""ORG-1089""]"
2256,10.1007/s00401-020-02166-2,1,"[""ORG-2260""]"
2257,10.1016/j.lfs.2020.119010,1,"[""ORG-0806""]"
2258,10.3389/fmicb.2021.646303,3,"[""ORG-0188"",""ORG-1797"",""ORG-1934""]"
2259,10.1016/j.jviromet.2022.114571,9,"[""ORG-0545"",""ORG-0808"",""ORG-0893"",""ORG-1399"",""ORG-1421"",""ORG-1432"",""ORG-1913"",""ORG-1934"",""ORG-2105""]"
2260,10.1371/journal.ppat.1008758,6,"[""ORG-0200"",""ORG-0736"",""ORG-0836"",""ORG-1847"",""ORG-1910"",""ORG-2248""]"
2263,10.3390/v13112125,4,"[""ORG-0943"",""ORG-1667"",""ORG-1846"",""ORG-2147""]"
2266,10.3390/vaccines9010045,1,"[""ORG-1461""]"
2273,10.1007/s10792-020-01575-2,9,"[""ORG-0374"",""ORG-0826"",""ORG-1146"",""ORG-1147"",""ORG-1235"",""ORG-1321"",""ORG-1803"",""ORG-1866"",""ORG-2158""]"
2274,10.1186/1471-2334-13-176,2,"[""ORG-1887"",""ORG-1910""]"
2278,10.3390/v14061301,5,"[""ORG-0015"",""ORG-0312"",""ORG-0559"",""ORG-1361"",""ORG-2147""]"
2279,10.3390/pathogens10111354,4,"[""ORG-0246"",""ORG-1867"",""ORG-1986"",""ORG-2332""]"
2285,10.3390/v14061294,4,"[""ORG-0385"",""ORG-1361"",""ORG-1368"",""ORG-1798""]"
2291,10.1016/j.bbrc.2021.06.016,3,"[""ORG-1421"",""ORG-1847"",""ORG-2306""]"
2299,10.1136/esmoopen-2020-000889,5,"[""ORG-0943"",""ORG-1221"",""ORG-1667"",""ORG-1851"",""ORG-1881""]"
2321,10.1038/s41598-017-11348-0,5,"[""ORG-0001"",""ORG-0171"",""ORG-0880"",""ORG-1289"",""ORG-1905""]"
2324,10.1016/j.lfs.2020.117765,4,"[""ORG-1225"",""ORG-1241"",""ORG-1715"",""ORG-2156""]"
2338,10.1177/1759720X231152648,3,"[""ORG-1847"",""ORG-1852"",""ORG-1887""]"
2343,10.4315/JFP-20-463,1,"[""ORG-1881""]"
2346,10.3390/microorganisms10061181,3,"[""ORG-0385"",""ORG-1234"",""ORG-2147""]"
2348,10.1016/j.trac.2023.116980,8,"[""ORG-0188"",""ORG-0429"",""ORG-0507"",""ORG-0683"",""ORG-1461"",""ORG-1669"",""ORG-1847"",""ORG-1897""]"
2350,10.1038/s41392-021-00653-w,4,"[""ORG-0244"",""ORG-0833"",""ORG-1089"",""ORG-1931""]"
2358,10.1038/s41598-017-10595-5,4,"[""ORG-0187"",""ORG-0267"",""ORG-1847"",""ORG-2340""]"
2359,10.1097/INF.0b013e31828ff4bc,4,"[""ORG-0188"",""ORG-0806"",""ORG-0970"",""ORG-1368""]"
2366,10.1007/s00253-021-11695-z,7,"[""ORG-0095"",""ORG-0188"",""ORG-0506"",""ORG-0507"",""ORG-1182"",""ORG-1857"",""ORG-1958""]"
2374,10.1038/s41422-020-00460-y,5,"[""ORG-0267"",""ORG-0319"",""ORG-0779"",""ORG-1095"",""ORG-1610""]"
2378,10.1038/s41598-020-79918-3,2,"[""ORG-1144"",""ORG-1610""]"
2389,10.1038/s41598-017-08434-8,5,"[""ORG-1047"",""ORG-1847"",""ORG-1868"",""ORG-2110"",""ORG-2260""]"
2391,10.1016/j.tpb.2020.12.003,3,"[""ORG-1862"",""ORG-1870"",""ORG-1934""]"
2393,10.1038/s41598-021-01908-w,1,"[""ORG-1047""]"
2396,10.1140/epjp/s13360-023-03719-6,4,"[""ORG-0379"",""ORG-0736"",""ORG-1847"",""ORG-1956""]"
2397,10.1002/gepi.22373,10,"[""ORG-0503"",""ORG-0728"",""ORG-1610"",""ORG-1667"",""ORG-1846"",""ORG-1862"",""ORG-1877"",""ORG-1912"",""ORG-2141"",""ORG-2260""]"
2402,10.1016/j.scitotenv.2021.149877,5,"[""ORG-0887"",""ORG-1361"",""ORG-1593"",""ORG-1812"",""ORG-1948""]"
2408,10.7774/cevr.2017.6.2.83,7,"[""ORG-0171"",""ORG-0836"",""ORG-0963"",""ORG-0970"",""ORG-1846"",""ORG-1859"",""ORG-2170""]"
2414,10.3389/fimmu.2020.608460,3,"[""ORG-1094"",""ORG-1421"",""ORG-1934""]"
2417,10.3389/fgwh.2021.647072,4,"[""ORG-1146"",""ORG-1147"",""ORG-1221"",""ORG-1956""]"
2424,10.1111/eva.13303,4,"[""ORG-1221"",""ORG-1631"",""ORG-1803"",""ORG-1881""]"
2431,10.1371/journal.pone.0055016,1,"[""ORG-1851""]"
2442,10.1186/s40001-021-00524-8,4,"[""ORG-0014"",""ORG-0951"",""ORG-1813"",""ORG-2151""]"
2443,10.4081/jphia.2023.1943,6,"[""ORG-0581"",""ORG-1828"",""ORG-1856"",""ORG-1881"",""ORG-1910"",""ORG-2200""]"
2446,10.3349/ymj.2013.54.2.271,5,"[""ORG-0125"",""ORG-0783"",""ORG-0963"",""ORG-1230"",""ORG-1806""]"
2447,10.3201/eid2608.200681,2,"[""ORG-0633"",""ORG-1421""]"
2449,10.1016/j.jviromet.2007.04.006,5,"[""ORG-1047"",""ORG-1361"",""ORG-1797"",""ORG-1890"",""ORG-1906""]"
2450,10.1021/acsomega.2c06384,3,"[""ORG-0736"",""ORG-1267"",""ORG-2171""]"
2452,10.1128/mBio.00524-12,6,"[""ORG-0155"",""ORG-0471"",""ORG-0970"",""ORG-1831"",""ORG-1887"",""ORG-1927""]"
2460,10.1038/s41598-021-91470-2,1,"[""ORG-1958""]"
2466,10.3345/cep.2021.01270,2,"[""ORG-1667"",""ORG-1802""]"
2470,10.3389/fimmu.2022.907341,5,"[""ORG-1253"",""ORG-1315"",""ORG-1798"",""ORG-1809"",""ORG-1881""]"
2472,10.1111/1751-7915.14222,4,"[""ORG-1221"",""ORG-1421"",""ORG-1868"",""ORG-1934""]"
2474,10.1016/j.vaccine.2020.08.043,1,"[""ORG-0843""]"
2479,10.1080/22221751.2021.1872353,4,"[""ORG-1146"",""ORG-1147"",""ORG-1773"",""ORG-1847""]"
2480,10.3389/fvets.2021.697194,4,"[""ORG-0606"",""ORG-1232"",""ORG-1803"",""ORG-2145""]"
2483,10.1371/journal.pone.0052198,1,"[""ORG-1421""]"
2497,10.3389/fimmu.2021.744242,2,"[""ORG-1847"",""ORG-1856""]"
2501,10.1007/s42399-021-00966-5,1,"[""ORG-1368""]"
2504,10.1007/s15010-020-01509-1,3,"[""ORG-0943"",""ORG-1910"",""ORG-2260""]"
2510,10.1128/spectrum.00140-22,6,"[""ORG-0188"",""ORG-0806"",""ORG-0951"",""ORG-1667"",""ORG-1851"",""ORG-1910""]"
2521,10.1016/j.jhazmat.2021.127774,4,"[""ORG-0188"",""ORG-0987"",""ORG-1833"",""ORG-1874""]"
2525,10.1101/gr.147710.112,5,"[""ORG-0188"",""ORG-0506"",""ORG-0507"",""ORG-1714"",""ORG-1846""]"
2527,10.1016/j.mehy.2020.110468,4,"[""ORG-1421"",""ORG-1744"",""ORG-1867"",""ORG-1934""]"
2535,10.1016/j.marpolbul.2020.111879,2,"[""ORG-1667"",""ORG-1934""]"
2547,10.1016/j.envres.2020.110129,2,"[""ORG-0075"",""ORG-0581""]"
2548,10.1111/j.1750-2659.2007.00012.x,3,"[""ORG-0015"",""ORG-0968"",""ORG-0970""]"
2551,10.1021/acsinfecdis.7b00046,5,"[""ORG-0188"",""ORG-0540"",""ORG-1119"",""ORG-1200"",""ORG-1847""]"
2552,10.4102/ajlm.v12i1.1964,2,"[""ORG-1253"",""ORG-1432""]"
2559,10.3389/fimmu.2021.693938,5,"[""ORG-0312"",""ORG-1667"",""ORG-1862"",""ORG-2160"",""ORG-2306""]"
2561,10.1371/journal.pone.0252628,4,"[""ORG-0267"",""ORG-0471"",""ORG-1399"",""ORG-1896""]"
2563,10.1016/j.waojou.2020.100125,5,"[""ORG-0373"",""ORG-1611"",""ORG-1772"",""ORG-1910"",""ORG-1981""]"
2565,10.1371/journal.pone.0247235,4,"[""ORG-0421"",""ORG-1856"",""ORG-1862"",""ORG-1981""]"
2568,10.1186/1742-4690-9-100,6,"[""ORG-0866"",""ORG-1361"",""ORG-1421"",""ORG-1639"",""ORG-1649"",""ORG-2161""]"
2571,10.1016/j.jsxm.2020.05.001,6,"[""ORG-0843"",""ORG-1095"",""ORG-1368"",""ORG-1896"",""ORG-1910"",""ORG-1981""]"
2584,10.3389/fmolb.2022.893843,9,"[""ORG-0027"",""ORG-1119"",""ORG-1493"",""ORG-1505"",""ORG-1702"",""ORG-1819"",""ORG-1856"",""ORG-1866"",""ORG-2306""]"
2588,10.1080/21655979.2021.1933301,1,"[""ORG-1527""]"
2596,10.3389/fpubh.2022.878208,3,"[""ORG-1361"",""ORG-1862"",""ORG-1910""]"
2599,10.3390/ijms22010035,1,"[""ORG-2340""]"
2603,10.1101/2021.05.28.446009,5,"[""ORG-0409"",""ORG-0736"",""ORG-0963"",""ORG-1089"",""ORG-2157""]"
2606,10.1007/s42247-021-00306-2,4,"[""ORG-0596"",""ORG-1586"",""ORG-1870"",""ORG-1934""]"
2611,10.1007/s13399-021-01553-3,2,"[""ORG-0243"",""ORG-1618""]"
2612,10.2174/1874306401206010127,2,"[""ORG-1361"",""ORG-1831""]"
2613,10.1089/jir.2022.0029,2,"[""ORG-0374"",""ORG-2114""]"
2617,10.1016/j.neuropharm.2017.04.038,4,"[""ORG-0360"",""ORG-0825"",""ORG-0861"",""ORG-1827""]"
2619,10.3390/genes12060796,2,"[""ORG-0963"",""ORG-1221""]"
2629,10.1016/j.jhin.2022.05.019,1,"[""ORG-1421""]"
2634,10.1080/21505594.2020.1857162,6,"[""ORG-0545"",""ORG-0697"",""ORG-0893"",""ORG-1616"",""ORG-1934"",""ORG-2161""]"
2639,10.1016/j.jcv.2020.104391,3,"[""ORG-1146"",""ORG-1361"",""ORG-1593""]"
2647,10.1080/22221751.2023.2174777,3,"[""ORG-0939"",""ORG-1948"",""ORG-2340""]"
2650,10.1016/j.scitotenv.2020.139211,2,"[""ORG-1146"",""ORG-1924""]"
2654,10.1016/j.isci.2023.106037,1,"[""ORG-1948""]"
2659,10.1177/25151355221097559,5,"[""ORG-0207"",""ORG-1221"",""ORG-1881"",""ORG-1934"",""ORG-1969""]"
2665,10.1016/j.compbiolchem.2021.107599,3,"[""ORG-0962"",""ORG-1334"",""ORG-2158""]"
2668,10.3389/fimmu.2022.881604,2,"[""ORG-0409"",""ORG-1493""]"
2675,10.3389/fimmu.2022.878943,4,"[""ORG-0736"",""ORG-0970"",""ORG-1851"",""ORG-1969""]"
2685,10.3390/v12050518,4,"[""ORG-0970"",""ORG-1221"",""ORG-2162"",""ORG-2172""]"
2698,10.1371/journal.pone.0045765,5,"[""ORG-0015"",""ORG-0385"",""ORG-0968"",""ORG-1288"",""ORG-2306""]"
2699,10.3390/pathogens10050623,2,"[""ORG-1138"",""ORG-1803""]"
2708,10.1371/journal.pbio.3001024,14,"[""ORG-0015"",""ORG-0171"",""ORG-0312"",""ORG-0379"",""ORG-0565"",""ORG-0963"",""ORG-0970"",""ORG-1203"",""ORG-1230"",""ORG-1461"",""ORG-1802"",""ORG-1851"",""ORG-2171"",""ORG-2306""]"
2713,10.3390/pathogens10060637,2,"[""ORG-0464"",""ORG-1361""]"
2722,10.1080/01652176.2020.1766725,5,"[""ORG-1146"",""ORG-1147"",""ORG-1803"",""ORG-1890"",""ORG-1897""]"
2725,10.1128/jvi.00412-22,4,"[""ORG-0895"",""ORG-1610"",""ORG-1986"",""ORG-2306""]"
2745,10.1007/s40521-020-00258-8,2,"[""ORG-0899"",""ORG-1813""]"
2749,10.1016/j.antiviral.2017.01.021,5,"[""ORG-0171"",""ORG-0760"",""ORG-0803"",""ORG-0970"",""ORG-1353""]"
2750,10.3390/pathogens10050630,4,"[""ORG-0171"",""ORG-0970"",""ORG-1831"",""ORG-1948""]"
2757,10.3390/ijms22115438,4,"[""ORG-0806"",""ORG-0897"",""ORG-1146"",""ORG-1147""]"
2764,10.1128/spectrum.02661-22,8,"[""ORG-0188"",""ORG-0379"",""ORG-0455"",""ORG-0683"",""ORG-1047"",""ORG-1833"",""ORG-2163"",""ORG-2170""]"
2765,10.3390/v13050826,6,"[""ORG-0962"",""ORG-1137"",""ORG-1221"",""ORG-1847"",""ORG-1986"",""ORG-1999""]"
2768,10.1371/journal.pone.0043742,4,"[""ORG-0897"",""ORG-0970"",""ORG-1639"",""ORG-2304""]"
2774,10.3390/ijms22094830,7,"[""ORG-0206"",""ORG-0559"",""ORG-1146"",""ORG-1221"",""ORG-1667"",""ORG-1847"",""ORG-1881""]"
2780,10.1186/s12916-021-02153-8,1,"[""ORG-1421""]"
2784,10.1093/ofid/ofac645,4,"[""ORG-0506"",""ORG-0887"",""ORG-0938"",""ORG-0943""]"
2813,10.1186/s10020-021-00317-z,4,"[""ORG-1253"",""ORG-1315"",""ORG-1934"",""ORG-1948""]"
2814,10.1371/journal.pone.0041332,2,"[""ORG-1095"",""ORG-1666""]"
2816,10.3390/v14051091,8,"[""ORG-0085"",""ORG-0312"",""ORG-0560"",""ORG-0970"",""ORG-1569"",""ORG-1877"",""ORG-1879"",""ORG-2171""]"
2820,10.1016/j.cytogfr.2020.11.003,2,"[""ORG-1746"",""ORG-1910""]"
2823,10.1016/j.envpol.2021.118429,4,"[""ORG-0506"",""ORG-0602"",""ORG-1439"",""ORG-1667""]"
2828,10.1016/j.envres.2023.115288,3,"[""ORG-0075"",""ORG-0581"",""ORG-1089""]"
2830,10.1007/s00894-021-04779-0,5,"[""ORG-1079"",""ORG-1258"",""ORG-1493"",""ORG-1505"",""ORG-1611""]"
2834,10.1016/j.micpath.2020.104241,1,"[""ORG-1490""]"
2836,10.1080/22221751.2021.1937329,1,"[""ORG-1847""]"
2848,10.1016/j.meegid.2023.105405,3,"[""ORG-1503"",""ORG-1847"",""ORG-2141""]"
2855,10.1016/j.jep.2021.114797,4,"[""ORG-0409"",""ORG-1404"",""ORG-1898"",""ORG-2306""]"
2857,10.1038/srep39956,1,"[""ORG-1887""]"
2859,10.1098/rstb.2020.0266,3,"[""ORG-0843"",""ORG-1047"",""ORG-1503""]"
2861,10.3390/s20164648,6,"[""ORG-1361"",""ORG-1490"",""ORG-1503"",""ORG-1545"",""ORG-1593"",""ORG-1906""]"
2863,10.1093/cid/ciac413,4,"[""ORG-1000"",""ORG-1316"",""ORG-1797"",""ORG-1898""]"
2872,10.3389/fped.2021.740785,2,"[""ORG-1235"",""ORG-1831""]"
2877,10.3390/vaccines11010121,4,"[""ORG-0136"",""ORG-1221"",""ORG-1253"",""ORG-1421""]"
2880,10.1080/22221751.2020.1865840,2,"[""ORG-1747"",""ORG-1905""]"
2881,10.1111/j.1750-2659.2012.00400.x,11,"[""ORG-0001"",""ORG-0015"",""ORG-0605"",""ORG-0680"",""ORG-0968"",""ORG-1184"",""ORG-1288"",""ORG-1289"",""ORG-1667"",""ORG-1860"",""ORG-1986""]"
2882,10.1007/s00134-006-0148-z,4,"[""ORG-0171"",""ORG-1421"",""ORG-1545"",""ORG-1910""]"
2884,10.3390/vaccines11010042,9,"[""ORG-0187"",""ORG-0596"",""ORG-1169"",""ORG-1230"",""ORG-1446"",""ORG-1493"",""ORG-1505"",""ORG-1797"",""ORG-1898""]"
2888,10.1007/s00239-020-09947-z,1,"[""ORG-0938""]"
2898,10.1080/22221751.2020.1813636,1,"[""ORG-1851""]"
2900,10.3390/pathogens12010051,5,"[""ORG-0319"",""ORG-0557"",""ORG-0970"",""ORG-1169"",""ORG-2163""]"
2903,10.1016/j.idcr.2021.e01301,4,"[""ORG-0545"",""ORG-1221"",""ORG-1881"",""ORG-1990""]"
2907,10.20945/2359-3997000000484,3,"[""ORG-0159"",""ORG-0399"",""ORG-1934""]"
2908,10.1098/rstb.2020.0268,3,"[""ORG-0602"",""ORG-1368"",""ORG-1856""]"
2918,10.3389/fcimb.2021.755508,3,"[""ORG-0399"",""ORG-1454"",""ORG-1461""]"
2928,10.3390/genes14010173,13,"[""ORG-1232"",""ORG-1316"",""ORG-1361"",""ORG-1405"",""ORG-1593"",""ORG-1610"",""ORG-1856"",""ORG-1877"",""ORG-1879"",""ORG-1903"",""ORG-1910"",""ORG-1912"",""ORG-2153""]"
2934,10.1183/13993003.01948-2020,4,"[""ORG-0027"",""ORG-1095"",""ORG-1668"",""ORG-1862""]"
2935,10.3389/fmicb.2021.747458,8,"[""ORG-0999"",""ORG-1221"",""ORG-1641"",""ORG-1877"",""ORG-1879"",""ORG-1881"",""ORG-2165"",""ORG-2306""]"
2940,10.1126/science.1222526,7,"[""ORG-0015"",""ORG-0455"",""ORG-0721"",""ORG-0970"",""ORG-1421"",""ORG-1558"",""ORG-1798""]"
2941,10.1038/s41467-020-19761-2,4,"[""ORG-0506"",""ORG-1798"",""ORG-1846"",""ORG-1934""]"
2950,10.1371/journal.pone.0252399,10,"[""ORG-0027"",""ORG-0312"",""ORG-0565"",""ORG-1221"",""ORG-1421"",""ORG-1505"",""ORG-1610"",""ORG-1847"",""ORG-1881"",""ORG-1912""]"
2959,10.1038/srep37915,4,"[""ORG-0171"",""ORG-0963"",""ORG-0970"",""ORG-2115""]"
2984,10.3389/fimmu.2021.674922,1,"[""ORG-1890""]"
2985,10.7717/peerj.12050,5,"[""ORG-0429"",""ORG-1361"",""ORG-1639"",""ORG-1798"",""ORG-1986""]"
2986,10.1016/j.lfs.2020.118889,8,"[""ORG-0027"",""ORG-0779"",""ORG-0833"",""ORG-1136"",""ORG-1146"",""ORG-1147"",""ORG-1970"",""ORG-2193""]"
2988,10.1016/j.ymthe.2023.01.005,1,"[""ORG-1898""]"
2991,10.1186/s12883-022-02698-y,2,"[""ORG-0360"",""ORG-1667""]"
2995,10.1371/journal.pone.0038214,3,"[""ORG-0963"",""ORG-1906"",""ORG-2306""]"
3005,10.1099/mgen.0.000822,1,"[""ORG-2260""]"
3008,10.1371/journal.pone.0037283,3,"[""ORG-0728"",""ORG-1919"",""ORG-2110""]"
3010,10.3390/ncrna7040060,1,"[""ORG-1421""]"
3014,10.1038/s41598-020-70623-9,3,"[""ORG-0188"",""ORG-1334"",""ORG-1887""]"
3016,10.1155/2012/978901,2,"[""ORG-0970"",""ORG-1503""]"
3023,10.1128/mBio.00120-12,13,"[""ORG-0001"",""ORG-0015"",""ORG-0125"",""ORG-0455"",""ORG-0947"",""ORG-0968"",""ORG-1276"",""ORG-1421"",""ORG-1505"",""ORG-1917"",""ORG-1952"",""ORG-2158"",""ORG-2306""]"
3024,10.3390/v13102086,2,"[""ORG-0171"",""ORG-1910""]"
3026,10.1007/s41999-021-00504-5,4,"[""ORG-0385"",""ORG-1089"",""ORG-1934"",""ORG-2260""]"
3041,10.3390/v13101972,9,"[""ORG-0374"",""ORG-0869"",""ORG-1221"",""ORG-1230"",""ORG-1461"",""ORG-1505"",""ORG-1600"",""ORG-1702"",""ORG-1881""]"
3046,10.1016/j.mehy.2020.110363,2,"[""ORG-0455"",""ORG-1747""]"
3053,10.1186/s12931-020-01592-w,1,"[""ORG-1667""]"
3054,10.3390/v13101933,5,"[""ORG-0243"",""ORG-0736"",""ORG-0963"",""ORG-1245"",""ORG-1485""]"
3061,10.1155/2020/8624963,2,"[""ORG-1585"",""ORG-1668""]"
3065,10.1016/j.jhin.2020.08.005,1,"[""ORG-1019""]"
3072,10.1016/j.virusres.2020.198114,3,"[""ORG-1146"",""ORG-1368"",""ORG-2260""]"
3074,10.1016/j.phyplu.2022.100402,6,"[""ORG-0542"",""ORG-0576"",""ORG-0833"",""ORG-1221"",""ORG-1610"",""ORG-2139""]"
3081,10.1371/journal.pone.0163175,8,"[""ORG-0082"",""ORG-0363"",""ORG-0364"",""ORG-0506"",""ORG-0970"",""ORG-1095"",""ORG-1232"",""ORG-2141""]"
3085,10.1038/s41421-020-00231-4,5,"[""ORG-0694"",""ORG-0728"",""ORG-1461"",""ORG-1846"",""ORG-2304""]"
3098,10.1016/j.immuni.2020.11.009,4,"[""ORG-0317"",""ORG-0974"",""ORG-1230"",""ORG-1900""]"
3110,10.1053/j.gastro.2020.04.052,3,"[""ORG-0633"",""ORG-0866"",""ORG-1833""]"
3115,10.1128/mBio.00902-21,4,"[""ORG-0808"",""ORG-1361"",""ORG-1490"",""ORG-1593""]"
3116,10.1186/s13287-020-01866-6,2,"[""ORG-1610"",""ORG-1797""]"
3118,10.1186/s12985-016-0599-y,4,"[""ORG-0171"",""ORG-0571"",""ORG-0970"",""ORG-2306""]"
3119,10.3390/pathogens10101266,1,"[""ORG-0522""]"
3120,10.1007/s11886-020-01293-2,1,"[""ORG-1611""]"
3131,10.1093/molbev/msab147,3,"[""ORG-0683"",""ORG-1089"",""ORG-2332""]"
3138,10.3390/ijerph17239059,1,"[""ORG-1890""]"
3142,10.1016/j.bj.2020.07.008,2,"[""ORG-1934"",""ORG-1948""]"
3144,10.1016/j.coviro.2021.04.005,2,"[""ORG-0012"",""ORG-1887""]"
3145,10.3390/biomedicines9101314,4,"[""ORG-1253"",""ORG-1361"",""ORG-1368"",""ORG-1979""]"
3148,10.1371/journal.pone.0034294,2,"[""ORG-0596"",""ORG-1258""]"
3151,10.1016/j.dsx.2020.04.032,3,"[""ORG-0399"",""ORG-1545"",""ORG-1906""]"
3158,10.1016/j.cmi.2020.08.005,3,"[""ORG-0086"",""ORG-1146"",""ORG-1147""]"
3160,10.1016/j.rceng.2020.03.001,1,"[""ORG-1146""]"
3164,10.1371/journal.ppat.1008520,2,"[""ORG-1931"",""ORG-2260""]"
3172,10.3390/pathogens9121020,5,"[""ORG-0970"",""ORG-1221"",""ORG-1421"",""ORG-1934"",""ORG-2161""]"
3173,10.1016/j.virusres.2022.199028,8,"[""ORG-0171"",""ORG-0970"",""ORG-1254"",""ORG-1263"",""ORG-1421"",""ORG-1797"",""ORG-1900"",""ORG-2163""]"
3176,10.3389/fcimb.2021.663949,4,"[""ORG-0429"",""ORG-1221"",""ORG-1232"",""ORG-1461""]"
3178,10.1128/JVI.01205-16,13,"[""ORG-0015"",""ORG-0317"",""ORG-0836"",""ORG-0880"",""ORG-0897"",""ORG-0968"",""ORG-1119"",""ORG-1263"",""ORG-1287"",""ORG-1288"",""ORG-2163"",""ORG-2171"",""ORG-2306""]"
3200,10.1177/1756284820974914,4,"[""ORG-1610"",""ORG-1868"",""ORG-1890"",""ORG-1912""]"
3208,10.1128/JVI.01492-21,6,"[""ORG-0027"",""ORG-1235"",""ORG-1238"",""ORG-1812"",""ORG-1846"",""ORG-1935""]"
3210,10.3390/pathogens11121501,5,"[""ORG-1610"",""ORG-1847"",""ORG-1851"",""ORG-1912"",""ORG-1948""]"
3213,10.3389/fneur.2020.596528,2,"[""ORG-1867"",""ORG-1934""]"
3216,10.3390/pathogens11121489,4,"[""ORG-0012"",""ORG-0545"",""ORG-0596"",""ORG-1847""]"
3221,10.3389/fbioe.2022.896751,5,"[""ORG-0313"",""ORG-1898"",""ORG-1931"",""ORG-1934"",""ORG-2147""]"
3222,10.3390/pathogens11121479,4,"[""ORG-0312"",""ORG-1146"",""ORG-1147"",""ORG-1221""]"
3235,10.1002/med.21763,2,"[""ORG-1221"",""ORG-1867""]"
3236,10.3390/ijms232415779,3,"[""ORG-0188"",""ORG-0507"",""ORG-1667""]"
3244,10.1007/s11033-021-06770-7,2,"[""ORG-1897"",""ORG-2147""]"
3245,10.3390/ijms232415698,3,"[""ORG-1421"",""ORG-1668"",""ORG-1819""]"
3246,10.1038/srep29430,6,"[""ORG-0015"",""ORG-0880"",""ORG-0968"",""ORG-1248"",""ORG-1288"",""ORG-1999""]"
3248,10.1016/j.jviromet.2020.113947,2,"[""ORG-1847"",""ORG-1851""]"
3252,10.3389/fcimb.2016.00060,12,"[""ORG-0015"",""ORG-0455"",""ORG-0880"",""ORG-0938"",""ORG-0963"",""ORG-0968"",""ORG-1288"",""ORG-1368"",""ORG-1729"",""ORG-1783"",""ORG-1817"",""ORG-1851""]"
3259,10.1371/journal.pbio.3001934,10,"[""ORG-0680"",""ORG-0833"",""ORG-0836"",""ORG-0970"",""ORG-0987"",""ORG-1221"",""ORG-1243"",""ORG-1421"",""ORG-1881"",""ORG-2163""]"
3261,10.3390/pathogens9040307,6,"[""ORG-0085"",""ORG-0503"",""ORG-1146"",""ORG-1147"",""ORG-1225"",""ORG-1866""]"
3262,10.1155/2020/1939768,1,"[""ORG-1948""]"
3270,10.5339/qmj.2021.49,1,"[""ORG-1813""]"
3272,10.1016/j.paid.2021.111081,1,"[""ORG-1981""]"
3280,10.1371/journal.pone.0157287,7,"[""ORG-0338"",""ORG-1019"",""ORG-1413"",""ORG-1586"",""ORG-1841"",""ORG-1934"",""ORG-2187""]"
3292,10.1134/S1990747822050038,9,"[""ORG-0311"",""ORG-0769"",""ORG-1146"",""ORG-1241"",""ORG-1242"",""ORG-1667"",""ORG-1862"",""ORG-2147"",""ORG-2170""]"
3304,10.6061/clinics/2020/e2353,1,"[""ORG-1910""]"
3305,10.1016/j.jbior.2020.100735,3,"[""ORG-1610"",""ORG-1851"",""ORG-1912""]"
3311,10.3892/etm.2020.9465,4,"[""ORG-1847"",""ORG-1867"",""ORG-1890"",""ORG-1934""]"
3313,10.1016/j.meegid.2020.104498,1,"[""ORG-0093""]"
3317,10.1038/s41392-022-00997-x,2,"[""ORG-1316"",""ORG-1667""]"
3318,10.1080/19382014.2021.1909970,2,"[""ORG-0963"",""ORG-1667""]"
3324,10.3389/fimmu.2021.752003,3,"[""ORG-0946"",""ORG-1169"",""ORG-1230""]"
3327,10.1007/s12250-020-00325-z,7,"[""ORG-0435"",""ORG-1146"",""ORG-1147"",""ORG-1641"",""ORG-1846"",""ORG-1874"",""ORG-2161""]"
3328,10.5588/ijtld.11.0536,2,"[""ORG-0943"",""ORG-1859""]"
3329,10.1039/d1ra04576h,3,"[""ORG-0559"",""ORG-1847"",""ORG-1905""]"
3340,10.1093/ofid/ofw054,2,"[""ORG-0171"",""ORG-0970""]"
3356,10.1016/j.jtbi.2011.12.015,2,"[""ORG-0963"",""ORG-1421""]"
3357,10.1016/j.msard.2020.102439,6,"[""ORG-0602"",""ORG-0869"",""ORG-1089"",""ORG-1856"",""ORG-1927"",""ORG-2248""]"
3359,10.3389/fcell.2022.1011221,2,"[""ORG-0014"",""ORG-1020""]"
3361,10.1007/s15010-022-01819-6,3,"[""ORG-0455"",""ORG-1421"",""ORG-1831""]"
3362,10.1021/acs.accounts.1c00438,5,"[""ORG-0623"",""ORG-1361"",""ORG-1421"",""ORG-1593"",""ORG-1890""]"
3363,10.1371/journal.pone.0028757,2,"[""ORG-0171"",""ORG-2171""]"
3365,10.3343/alm.2022.42.2.203,2,"[""ORG-0596"",""ORG-1905""]"
3367,10.3390/molecules25235501,1,"[""ORG-1667""]"
3372,10.1016/j.scitotenv.2020.142372,5,"[""ORG-0200"",""ORG-0455"",""ORG-2143"",""ORG-2170"",""ORG-2193""]"
3379,10.1016/j.mehy.2020.110212,1,"[""ORG-0360""]"
3386,10.1029/2021GH000543,4,"[""ORG-1862"",""ORG-1881"",""ORG-1931"",""ORG-2260""]"
3390,10.1073/pnas.2007837117,5,"[""ORG-0560"",""ORG-1421"",""ORG-1738"",""ORG-1843"",""ORG-2167""]"
3395,10.1002/hsr2.978,3,"[""ORG-1089"",""ORG-1667"",""ORG-1910""]"
3397,10.1016/j.ejphar.2020.173447,2,"[""ORG-1146"",""ORG-1147""]"
3400,10.1016/j.vaccine.2016.03.085,5,"[""ORG-0970"",""ORG-1826"",""ORG-1925"",""ORG-2114"",""ORG-2167""]"
3401,10.3390/molecules27082562,2,"[""ORG-1582"",""ORG-2340""]"
3406,10.12703/r/10-74,1,"[""ORG-1234""]"
3411,10.1093/gbe/evac161,4,"[""ORG-0455"",""ORG-1079"",""ORG-1586"",""ORG-1846""]"
3414,10.1038/s12276-021-00610-1,3,"[""ORG-1368"",""ORG-1898"",""ORG-1990""]"
3417,10.1002/cpmc.100,5,"[""ORG-0545"",""ORG-0808"",""ORG-1119"",""ORG-1702"",""ORG-2061""]"
3418,10.1016/j.jtbi.2022.111376,3,"[""ORG-1189"",""ORG-1702"",""ORG-2118""]"
3420,10.1016/j.virusres.2020.198246,9,"[""ORG-0902"",""ORG-1122"",""ORG-1221"",""ORG-1586"",""ORG-1603"",""ORG-1610"",""ORG-1744"",""ORG-1905"",""ORG-1912""]"
3423,10.7759/cureus.8932,1,"[""ORG-1887""]"
3431,10.1038/s41392-020-00402-5,3,"[""ORG-1146"",""ORG-1147"",""ORG-1493""]"
3432,10.1128/AAC.00825-20,5,"[""ORG-0895"",""ORG-0899"",""ORG-0988"",""ORG-1522"",""ORG-1898""]"
3436,10.1007/s11262-021-01873-6,6,"[""ORG-0171"",""ORG-0970"",""ORG-1798"",""ORG-1890"",""ORG-1952"",""ORG-2171""]"
3439,10.1371/journal.pone.0150146,3,"[""ORG-0970"",""ORG-1981"",""ORG-2162""]"
3440,10.1134/S0006297921040015,7,"[""ORG-0736"",""ORG-1221"",""ORG-1773"",""ORG-1881"",""ORG-1932"",""ORG-1986"",""ORG-2158""]"
3447,10.1371/journal.pone.0026118,7,"[""ORG-0171"",""ORG-0455"",""ORG-0970"",""ORG-1421"",""ORG-1798"",""ORG-1831"",""ORG-1927""]"
3448,10.1371/journal.ppat.1005473,8,"[""ORG-1146"",""ORG-1147"",""ORG-1225"",""ORG-1325"",""ORG-1585"",""ORG-1586"",""ORG-1812"",""ORG-1903""]"
3456,10.1038/s41598-021-99431-5,3,"[""ORG-0623"",""ORG-1368"",""ORG-1490""]"
3459,10.3389/fcimb.2020.560616,13,"[""ORG-0409"",""ORG-0429"",""ORG-0938"",""ORG-1221"",""ORG-1361"",""ORG-1490"",""ORG-1819"",""ORG-1881"",""ORG-1887"",""ORG-1897"",""ORG-1898"",""ORG-1956"",""ORG-2260""]"
3472,10.3390/v3040379,3,"[""ORG-1221"",""ORG-1881"",""ORG-2151""]"
3482,10.3389/fimmu.2022.882972,3,"[""ORG-0122"",""ORG-0455"",""ORG-0464""]"
3487,10.1002/jmv.27056,5,"[""ORG-0038"",""ORG-0559"",""ORG-0789"",""ORG-1667"",""ORG-2141""]"
3489,10.1371/journal.pone.0146251,6,"[""ORG-0242"",""ORG-0435"",""ORG-0836"",""ORG-1146"",""ORG-1147"",""ORG-1641""]"
3492,10.3389/fimmu.2020.01712,3,"[""ORG-0409"",""ORG-1898"",""ORG-1910""]"
3493,10.21203/rs.3.rs-926789/v1,9,"[""ORG-0200"",""ORG-0522"",""ORG-0680"",""ORG-0887"",""ORG-1234"",""ORG-1696"",""ORG-1948"",""ORG-2170"",""ORG-2171""]"
3495,10.1186/s43141-022-00344-1,2,"[""ORG-0559"",""ORG-2147""]"
3497,10.26508/lsa.202201437,3,"[""ORG-1833"",""ORG-1870"",""ORG-2110""]"
3505,10.1016/j.trac.2020.116125,2,"[""ORG-1829"",""ORG-1925""]"
3507,10.1016/j.jinf.2020.03.058,1,"[""ORG-1254""]"
3520,10.2196/21360,3,"[""ORG-1485"",""ORG-1709"",""ORG-1934""]"
3522,10.1186/s13048-020-00734-4,4,"[""ORG-1089"",""ORG-1856"",""ORG-1921"",""ORG-2260""]"
3524,10.1080/21645515.2022.2056399,5,"[""ORG-0571"",""ORG-1089"",""ORG-1421"",""ORG-1856"",""ORG-1867""]"
3540,10.1016/j.tmaid.2020.101664,2,"[""ORG-1862"",""ORG-2153""]"
3544,10.3389/fimmu.2021.743022,1,"[""ORG-1948""]"
3549,10.1007/s10393-020-01503-x,1,"[""ORG-0545""]"
3552,10.1371/journal.pone.0023374,5,"[""ORG-0015"",""ORG-0880"",""ORG-0968"",""ORG-1184"",""ORG-1288""]"
3561,10.3390/ijerph18094513,5,"[""ORG-0895"",""ORG-0938"",""ORG-1178"",""ORG-1200"",""ORG-1910""]"
3573,10.3389/fimmu.2022.867707,3,"[""ORG-0963"",""ORG-1391"",""ORG-2151""]"
3575,10.1128/JVI.01622-20,5,"[""ORG-0625"",""ORG-1146"",""ORG-1147"",""ORG-1847"",""ORG-1887""]"
3576,10.1016/j.intimp.2020.106455,5,"[""ORG-1146"",""ORG-1147"",""ORG-1667"",""ORG-1858"",""ORG-2158""]"
3583,10.1111/all.15593,5,"[""ORG-1089"",""ORG-1099"",""ORG-1667"",""ORG-1837"",""ORG-1847""]"
3586,10.1016/j.antiviral.2020.104792,8,"[""ORG-0690"",""ORG-1146"",""ORG-1147"",""ORG-1505"",""ORG-1600"",""ORG-1811"",""ORG-1843"",""ORG-1881""]"
3589,10.1371/journal.pone.0142584,6,"[""ORG-0171"",""ORG-0376"",""ORG-0963"",""ORG-1844"",""ORG-1896"",""ORG-1952""]"
3590,10.1371/journal.pone.0021828,3,"[""ORG-0963"",""ORG-1831"",""ORG-1868""]"
3593,10.2147/JIR.S353467,3,"[""ORG-0833"",""ORG-1095"",""ORG-1986""]"
3594,10.1016/j.jtbi.2021.110918,5,"[""ORG-0015"",""ORG-0980"",""ORG-1461"",""ORG-1797"",""ORG-2260""]"
3601,10.1128/spectrum.02554-22,5,"[""ORG-0596"",""ORG-0836"",""ORG-1639"",""ORG-2260"",""ORG-2304""]"
3603,10.1186/s12985-015-0411-4,7,"[""ORG-0171"",""ORG-0970"",""ORG-1421"",""ORG-1851"",""ORG-1896"",""ORG-2164"",""ORG-2171""]"
3605,10.3390/ijms21228647,5,"[""ORG-0861"",""ORG-1667"",""ORG-1881"",""ORG-1934"",""ORG-1986""]"
3607,10.3906/sag-2108-239,3,"[""ORG-1744"",""ORG-1948"",""ORG-2260""]"
3614,10.1016/j.jmii.2020.03.022,5,"[""ORG-0503"",""ORG-1146"",""ORG-1147"",""ORG-1225"",""ORG-1846""]"
3615,10.17269/s41997-020-00439-7,3,"[""ORG-0897"",""ORG-1315"",""ORG-1330""]"
3618,10.1101/2020.07.27.222943,2,"[""ORG-0434"",""ORG-1421""]"
3632,10.1007/s40121-022-00625-9,2,"[""ORG-0280"",""ORG-1897""]"
3633,10.1128/Spectrum.01309-21,4,"[""ORG-0171"",""ORG-1534"",""ORG-1921"",""ORG-2171""]"
3637,10.1007/s10393-020-01499-4,2,"[""ORG-0399"",""ORG-1932""]"
3643,10.3389/fcell.2022.999351,2,"[""ORG-1585"",""ORG-2167""]"
3648,10.1371/journal.pone.0250621,4,"[""ORG-1368"",""ORG-1667"",""ORG-1881"",""ORG-1896""]"
3649,10.3389/fimmu.2022.977051,4,"[""ORG-1143"",""ORG-1236"",""ORG-1361"",""ORG-1931""]"
3654,10.3390/pathogens9110951,9,"[""ORG-0015"",""ORG-0421"",""ORG-0968"",""ORG-1797"",""ORG-1798"",""ORG-1860"",""ORG-1862"",""ORG-1902"",""ORG-2140""]"
3655,10.2183/pjab.91.351,5,"[""ORG-0015"",""ORG-0753"",""ORG-0880"",""ORG-0968"",""ORG-0970""]"
3656,10.3389/fimmu.2022.1032574,4,"[""ORG-0796"",""ORG-1089"",""ORG-1230"",""ORG-1361""]"
3659,10.1155/2011/146376,3,"[""ORG-0736"",""ORG-0970"",""ORG-1866""]"
3662,10.1016/j.autrev.2020.102537,3,"[""ORG-0902"",""ORG-0963"",""ORG-1856""]"
3664,10.3389/fimmu.2022.1008084,7,"[""ORG-0317"",""ORG-1226"",""ORG-1414"",""ORG-1583"",""ORG-1610"",""ORG-1847"",""ORG-2129""]"
3665,10.1093/gbe/evv193,7,"[""ORG-0987"",""ORG-1819"",""ORG-1833"",""ORG-1846"",""ORG-1944"",""ORG-2110"",""ORG-2304""]"
3668,10.1097/WON.0000000000000713,2,"[""ORG-1934"",""ORG-2256""]"
3669,10.1016/j.jocn.2011.01.014,3,"[""ORG-0963"",""ORG-1221"",""ORG-1881""]"
3676,10.3389/fped.2022.782894,3,"[""ORG-0373"",""ORG-1257"",""ORG-1856""]"
3682,10.3390/v13091687,4,"[""ORG-0559"",""ORG-1667"",""ORG-1856"",""ORG-1862""]"
3689,10.1016/j.bbrc.2020.10.087,4,"[""ORG-1610"",""ORG-1803"",""ORG-1831"",""ORG-1912""]"
3692,10.7150/ijbs.59191,2,"[""ORG-0623"",""ORG-1843""]"
3699,10.3389/fgene.2022.972598,2,"[""ORG-0399"",""ORG-1862""]"
3700,10.1371/journal.pone.0020698,1,"[""ORG-0947""]"
3705,10.3389/fmolb.2020.588618,6,"[""ORG-0027"",""ORG-0086"",""ORG-1146"",""ORG-1667"",""ORG-2139"",""ORG-2141""]"
3707,10.3390/pathogens10091105,4,"[""ORG-0457"",""ORG-0951"",""ORG-1095"",""ORG-1826""]"
3715,10.3390/mi12091079,5,"[""ORG-1146"",""ORG-1221"",""ORG-1881"",""ORG-1898"",""ORG-1934""]"
3717,10.1021/acsomega.1c04919,2,"[""ORG-0191"",""ORG-1910""]"
3721,10.3390/microorganisms9091820,3,"[""ORG-0895"",""ORG-0899"",""ORG-1361""]"
3725,10.1093/eurheartjsupp/suac078,6,"[""ORG-0014"",""ORG-1432"",""ORG-1667"",""ORG-1811"",""ORG-1890"",""ORG-2167""]"
3728,10.3390/ijms221810069,10,"[""ORG-0015"",""ORG-0636"",""ORG-0968"",""ORG-0970"",""ORG-1232"",""ORG-1233"",""ORG-1276"",""ORG-1288"",""ORG-1851"",""ORG-1974""]"
3731,10.1136/bmjopen-2021-058437,3,"[""ORG-0206"",""ORG-1803"",""ORG-1986""]"
3733,10.1016/j.ijantimicag.2020.105951,1,"[""ORG-1948""]"
3741,10.1016/j.ajic.2020.11.010,3,"[""ORG-1047"",""ORG-1079"",""ORG-1868""]"
3743,10.3390/biom11091366,1,"[""ORG-1610""]"
3744,10.1186/s12951-022-01677-2,4,"[""ORG-0015"",""ORG-0899"",""ORG-0968"",""ORG-1719""]"
3745,10.1111/j.1750-2659.2011.00256.x,2,"[""ORG-1490"",""ORG-2114""]"
3747,10.3389/fped.2021.613292,3,"[""ORG-0736"",""ORG-0970"",""ORG-1897""]"
3749,10.1371/journal.pone.0137529,4,"[""ORG-0754"",""ORG-1361"",""ORG-1986"",""ORG-2110""]"
3752,10.1016/j.scitotenv.2020.142325,2,"[""ORG-0861"",""ORG-1797""]"
3762,10.3390/v14112454,6,"[""ORG-0171"",""ORG-0435"",""ORG-0754"",""ORG-0755"",""ORG-0970"",""ORG-1874""]"
3765,10.3389/fimmu.2020.586984,4,"[""ORG-0970"",""ORG-1952"",""ORG-1958"",""ORG-2167""]"
3772,10.3390/v14112434,4,"[""ORG-0559"",""ORG-1811"",""ORG-1847"",""ORG-2160""]"
3774,10.12659/MSM.928996,7,"[""ORG-0963"",""ORG-1089"",""ORG-1221"",""ORG-1667"",""ORG-1862"",""ORG-1868"",""ORG-1881""]"
3775,10.1186/s12985-015-0343-z,2,"[""ORG-0243"",""ORG-0970""]"
3776,10.3389/fvets.2021.729879,2,"[""ORG-0015"",""ORG-1611""]"
3795,10.3390/pathogens11111228,4,"[""ORG-0012"",""ORG-1200"",""ORG-1847"",""ORG-1898""]"
3801,10.1371/journal.pone.0019825,7,"[""ORG-0015"",""ORG-0171"",""ORG-0559"",""ORG-0968"",""ORG-0970"",""ORG-1848"",""ORG-1952""]"
3803,10.1038/s41467-022-34601-1,7,"[""ORG-0171"",""ORG-0435"",""ORG-0808"",""ORG-0963"",""ORG-0970"",""ORG-1505"",""ORG-1639""]"
3807,10.1007/s00203-020-02105-5,2,"[""ORG-1146"",""ORG-1667""]"
3808,10.1093/infdis/jir172,3,"[""ORG-0171"",""ORG-0897"",""ORG-1897""]"
3814,10.1016/j.bbrc.2011.04.139,7,"[""ORG-0171"",""ORG-0680"",""ORG-0762"",""ORG-0970"",""ORG-1169"",""ORG-1505"",""ORG-2260""]"
3818,10.1038/s41598-022-21354-6,2,"[""ORG-1797"",""ORG-1831""]"
3820,10.3390/cells9081777,3,"[""ORG-1146"",""ORG-1147"",""ORG-2160""]"
3826,10.1016/j.nantod.2022.101669,6,"[""ORG-0421"",""ORG-0464"",""ORG-0897"",""ORG-1146"",""ORG-1147"",""ORG-1610""]"
3831,10.3390/medicina56110591,4,"[""ORG-0188"",""ORG-0683"",""ORG-1856"",""ORG-1948""]"
3834,10.1111/imr.12907,1,"[""ORG-2260""]"
3835,10.1007/s12250-020-00212-7,1,"[""ORG-1702""]"
3844,10.3389/fimmu.2022.795315,4,"[""ORG-0901"",""ORG-0902"",""ORG-0959"",""ORG-1667""]"
3857,10.1080/07853890.2021.1981545,1,"[""ORG-1890""]"
3866,10.3390/pathogens11030313,2,"[""ORG-1503"",""ORG-1847""]"
3867,10.1177/24725552211008863,5,"[""ORG-0385"",""ORG-0808"",""ORG-1809"",""ORG-1851"",""ORG-1862""]"
3873,10.1016/j.genrep.2020.100951,5,"[""ORG-0559"",""ORG-0623"",""ORG-0728"",""ORG-1184"",""ORG-1931""]"
3874,10.1080/22221751.2021.1919032,3,"[""ORG-0789"",""ORG-1851"",""ORG-1986""]"
3889,10.1016/S1473-3099(20)30461-8,2,"[""ORG-1221"",""ORG-1898""]"
3892,10.1002/jmv.27739,6,"[""ORG-0522"",""ORG-0525"",""ORG-1122"",""ORG-1797"",""ORG-1812"",""ORG-1890""]"
3894,10.1016/j.jiph.2021.02.003,3,"[""ORG-0374"",""ORG-0602"",""ORG-1922""]"
3896,10.1038/s41423-022-00843-8,3,"[""ORG-0171"",""ORG-0569"",""ORG-1986""]"
3899,10.1038/s41467-021-22637-8,3,"[""ORG-0899"",""ORG-0943"",""ORG-0970""]"
3900,10.1016/j.scitotenv.2020.143352,6,"[""ORG-0385"",""ORG-0435"",""ORG-0987"",""ORG-1421"",""ORG-1910"",""ORG-1986""]"
3901,10.3390/ijms23063228,2,"[""ORG-1798"",""ORG-1847""]"
3907,10.3389/fimmu.2022.1025884,5,"[""ORG-0880"",""ORG-0970"",""ORG-1622"",""ORG-1667"",""ORG-1806""]"
3910,10.1016/j.sleepx.2020.100028,4,"[""ORG-0938"",""ORG-1887"",""ORG-1910"",""ORG-1956""]"
3913,10.3390/vetsci9030139,1,"[""ORG-0171""]"
3916,10.1007/s12038-020-00069-8,7,"[""ORG-0683"",""ORG-1146"",""ORG-1147"",""ORG-1812"",""ORG-1887"",""ORG-1921"",""ORG-1948""]"
3919,10.1007/s13337-022-00800-z,9,"[""ORG-0171"",""ORG-0206"",""ORG-0435"",""ORG-0970"",""ORG-1353"",""ORG-1490"",""ORG-1898"",""ORG-1919"",""ORG-1952""]"
3924,10.2174/1573403X18666220321105909,3,"[""ORG-1461"",""ORG-1934"",""ORG-2114""]"
3925,10.1128/mbio.02862-22,1,"[""ORG-1948""]"
3931,10.3389/fmicb.2022.1003824,5,"[""ORG-0435"",""ORG-0963"",""ORG-1696"",""ORG-1851"",""ORG-1949""]"
3939,10.3389/fmicb.2021.723850,4,"[""ORG-1368"",""ORG-1847"",""ORG-1896"",""ORG-2171""]"
3944,10.1016/S2214-109X(22)00417-X,2,"[""ORG-1641"",""ORG-1898""]"
3948,10.1200/GO.20.00376,1,"[""ORG-1856""]"
3951,10.1128/mSystems.01350-20,2,"[""ORG-1089"",""ORG-1361""]"
3954,10.3389/fcimb.2021.680127,2,"[""ORG-0399"",""ORG-1667""]"
3956,10.1128/mBio.00065-21,8,"[""ORG-0268"",""ORG-0833"",""ORG-0941"",""ORG-1046"",""ORG-1356"",""ORG-1586"",""ORG-1958"",""ORG-2170""]"
3959,10.1038/s41598-021-86580-w,4,"[""ORG-0736"",""ORG-1851"",""ORG-1856"",""ORG-1866""]"
3962,10.1016/j.scitotenv.2021.149932,7,"[""ORG-0188"",""ORG-0421"",""ORG-0623"",""ORG-1771"",""ORG-1910"",""ORG-1934"",""ORG-1986""]"
3966,10.1016/j.bbih.2021.100255,2,"[""ORG-1023"",""ORG-1819""]"
3970,10.1038/s41598-020-75972-z,4,"[""ORG-0736"",""ORG-1432"",""ORG-1610"",""ORG-1912""]"
3977,10.1101/2022.10.14.22280783,8,"[""ORG-0736"",""ORG-1221"",""ORG-1361"",""ORG-1368"",""ORG-1847"",""ORG-1881"",""ORG-1986"",""ORG-2304""]"
3982,10.3390/v14102197,10,"[""ORG-0057"",""ORG-0188"",""ORG-0571"",""ORG-0963"",""ORG-1020"",""ORG-1361"",""ORG-1910"",""ORG-1936"",""ORG-1986"",""ORG-2340""]"
3984,10.3390/v14102176,3,"[""ORG-0421"",""ORG-1586"",""ORG-1952""]"
3985,10.1093/cvr/cvab094,5,"[""ORG-0317"",""ORG-1221"",""ORG-1881"",""ORG-1890"",""ORG-1919""]"
3988,10.3390/vaccines10101641,2,"[""ORG-1559"",""ORG-1948""]"
3990,10.3390/nu14204227,3,"[""ORG-0155"",""ORG-1855"",""ORG-1910""]"
3991,10.3390/microorganisms10101996,2,"[""ORG-1089"",""ORG-1702""]"
3992,10.3390/metabo12100889,2,"[""ORG-1921"",""ORG-1948""]"
3998,10.3390/v13010109,4,"[""ORG-0027"",""ORG-1020"",""ORG-1702"",""ORG-1921""]"
4000,10.1128/mbio.00099-22,4,"[""ORG-0343"",""ORG-1230"",""ORG-1877"",""ORG-2306""]"
4001,10.1128/mBio.01040-13,7,"[""ORG-0963"",""ORG-0970"",""ORG-1714"",""ORG-1729"",""ORG-1798"",""ORG-2161"",""ORG-2306""]"
4013,10.1038/s41598-017-01512-x,3,"[""ORG-0970"",""ORG-1644"",""ORG-2167""]"
4015,10.1016/j.xcrm.2022.100527,4,"[""ORG-1316"",""ORG-1493"",""ORG-1505"",""ORG-2260""]"
4018,10.1128/mbio.00171-23,6,"[""ORG-0313"",""ORG-0833"",""ORG-1600"",""ORG-1702"",""ORG-1856"",""ORG-1900""]"
4021,10.1038/s42003-022-03115-3,6,"[""ORG-0598"",""ORG-0694"",""ORG-1189"",""ORG-1876"",""ORG-1877"",""ORG-1879""]"
4025,10.1016/j.biopha.2022.112756,4,"[""ORG-1316"",""ORG-1847"",""ORG-1910"",""ORG-1913""]"
4034,10.3389/fchem.2023.1175443,6,"[""ORG-0268"",""ORG-0694"",""ORG-1321"",""ORG-1877"",""ORG-1931"",""ORG-2306""]"
4039,10.1371/journal.pone.0082191,1,"[""ORG-1851""]"
4044,10.1007/s11064-013-1227-5,2,"[""ORG-0360"",""ORG-1844""]"
4047,10.1128/JVI.02304-20,5,"[""ORG-0833"",""ORG-1230"",""ORG-1540"",""ORG-1797"",""ORG-1905""]"
4049,10.1099/vir.0.006700-0,6,"[""ORG-0312"",""ORG-0313"",""ORG-0316"",""ORG-0773"",""ORG-0963"",""ORG-1949""]"
4050,10.3390/ijms23031557,1,"[""ORG-0694""]"
4053,10.7554/eLife.24733,3,"[""ORG-0694"",""ORG-0941"",""ORG-1798""]"
4063,10.1371/journal.ppat.1009018,7,"[""ORG-0188"",""ORG-0633"",""ORG-1179"",""ORG-1241"",""ORG-1242"",""ORG-1913"",""ORG-1956""]"
4065,10.3390/v12111312,6,"[""ORG-0435"",""ORG-0694"",""ORG-0728"",""ORG-0825"",""ORG-1678"",""ORG-1970""]"
4072,10.1016/j.bios.2022.114032,5,"[""ORG-0421"",""ORG-1221"",""ORG-1361"",""ORG-1857"",""ORG-1881""]"
4077,10.3389/fimmu.2016.00600,6,"[""ORG-0124"",""ORG-0450"",""ORG-0825"",""ORG-1023"",""ORG-1887"",""ORG-1893""]"
4078,10.3390/v15040941,4,"[""ORG-0506"",""ORG-0825"",""ORG-1639"",""ORG-1896""]"
4079,10.1371/journal.pone.0002923,5,"[""ORG-0171"",""ORG-1905"",""ORG-1952"",""ORG-2162"",""ORG-2306""]"
4086,10.1074/jbc.REV120.013309,6,"[""ORG-0833"",""ORG-0880"",""ORG-1421"",""ORG-1505"",""ORG-1917"",""ORG-1986""]"
4089,10.1186/s12981-020-00317-9,7,"[""ORG-0302"",""ORG-0506"",""ORG-0825"",""ORG-1368"",""ORG-1981"",""ORG-1986"",""ORG-2306""]"
4091,10.1016/j.micpath.2022.105404,1,"[""ORG-2304""]"
4104,10.1371/journal.ppat.1011301,10,"[""ORG-0943"",""ORG-1205"",""ORG-1325"",""ORG-1421"",""ORG-1812"",""ORG-1844"",""ORG-1852"",""ORG-1866"",""ORG-2137"",""ORG-2159""]"
4107,10.1093/database/baw130,7,"[""ORG-0559"",""ORG-0691"",""ORG-0969"",""ORG-0970"",""ORG-1806"",""ORG-1851"",""ORG-1899""]"
4111,10.1038/srep34325,1,"[""ORG-0694""]"
4112,10.1136/bmjmed-2021-000040,7,"[""ORG-0605"",""ORG-0720"",""ORG-1610"",""ORG-1846"",""ORG-1877"",""ORG-1879"",""ORG-1912""]"
4116,10.1038/nbt.2666,10,"[""ORG-0015"",""ORG-0379"",""ORG-0694"",""ORG-0754"",""ORG-0755"",""ORG-0919"",""ORG-0968"",""ORG-1696"",""ORG-1812"",""ORG-1910""]"
4117,10.1016/j.jviromet.2022.114462,8,"[""ORG-0409"",""ORG-1232"",""ORG-1233"",""ORG-1361"",""ORG-1490"",""ORG-1593"",""ORG-1896"",""ORG-2304""]"
4122,10.1128/mbio.02443-21,2,"[""ORG-1023"",""ORG-1702""]"
4124,10.3390/vaccines11020426,3,"[""ORG-0869"",""ORG-1019"",""ORG-1822""]"
4126,10.7150/ijbs.66114,3,"[""ORG-0694"",""ORG-0987"",""ORG-1931""]"
4133,10.3389/fimmu.2022.1044025,4,"[""ORG-1316"",""ORG-1610"",""ORG-1874"",""ORG-2114""]"
4142,10.1080/22221751.2023.2178241,4,"[""ORG-1084"",""ORG-1316"",""ORG-2114"",""ORG-2306""]"
4146,10.1007/s12035-016-9970-7,3,"[""ORG-1089"",""ORG-1100"",""ORG-1545""]"
4148,10.1371/journal.pbio.0050036,2,"[""ORG-1864"",""ORG-1934""]"
4156,10.1371/journal.pbio.3001969,1,"[""ORG-0694""]"
4161,10.1371/journal.ppat.1003239,12,"[""ORG-0316"",""ORG-1454"",""ORG-1511"",""ORG-1545"",""ORG-1798"",""ORG-1906"",""ORG-1921"",""ORG-1986"",""ORG-2115"",""ORG-2139"",""ORG-2147"",""ORG-2158""]"
4167,10.3346/jkms.2020.35.e238,3,"[""ORG-1983"",""ORG-2260"",""ORG-2306""]"
4169,10.3389/fphar.2021.780132,1,"[""ORG-2306""]"
4175,10.1016/j.jiph.2021.11.020,2,"[""ORG-1866"",""ORG-2260""]"
4183,10.1007/s00430-022-00760-7,8,"[""ORG-0316"",""ORG-1089"",""ORG-1610"",""ORG-1702"",""ORG-1846"",""ORG-1856"",""ORG-1912"",""ORG-2171""]"
4188,10.3390/v12070702,2,"[""ORG-1112"",""ORG-1241""]"
4190,10.1101/2020.06.12.148726,4,"[""ORG-1702"",""ORG-2139"",""ORG-2162"",""ORG-2171""]"
4206,10.1007/s12038-021-00221-y,2,"[""ORG-0363"",""ORG-1667""]"
4219,10.3389/fvets.2021.740472,9,"[""ORG-0171"",""ORG-0862"",""ORG-0880"",""ORG-0970"",""ORG-1289"",""ORG-1853"",""ORG-1897"",""ORG-2040"",""ORG-2167""]"
4222,10.1371/journal.pone.0042994,5,"[""ORG-0694"",""ORG-0951"",""ORG-1439"",""ORG-1715"",""ORG-1798""]"
4226,10.1016/j.neuron.2020.02.021,2,"[""ORG-0638"",""ORG-0694""]"
4230,10.1080/19420889.2015.1063753,3,"[""ORG-0694"",""ORG-1862"",""ORG-2306""]"
4232,10.1128/mBio.00144-12,5,"[""ORG-0007"",""ORG-0854"",""ORG-1797"",""ORG-1849"",""ORG-1850""]"
4238,10.1016/j.jbc.2021.101318,4,"[""ORG-0680"",""ORG-0694"",""ORG-1738"",""ORG-1906""]"
4239,10.1128/mbio.02540-22,4,"[""ORG-0171"",""ORG-0559"",""ORG-2038"",""ORG-2170""]"
4242,10.1101/2021.10.14.464390,3,"[""ORG-1316"",""ORG-1522"",""ORG-2163""]"
4251,10.1038/s42003-022-04082-5,10,"[""ORG-0015"",""ORG-0171"",""ORG-0172"",""ORG-0678"",""ORG-0880"",""ORG-0968"",""ORG-1410"",""ORG-1439"",""ORG-2167"",""ORG-2273""]"
4254,10.2174/1874357901206010059,4,"[""ORG-0015"",""ORG-0783"",""ORG-0968"",""ORG-2171""]"
4257,10.1186/s40104-015-0038-8,2,"[""ORG-1934"",""ORG-2145""]"
4258,10.1021/jacs.1c07965,5,"[""ORG-1505"",""ORG-1702"",""ORG-1877"",""ORG-1879"",""ORG-1931""]"
4261,10.7554/eLife.49163,8,"[""ORG-0014"",""ORG-0332"",""ORG-0573"",""ORG-0842"",""ORG-1802"",""ORG-1872"",""ORG-1952"",""ORG-1958""]"
4265,10.7554/eLife.05397,9,"[""ORG-0455"",""ORG-0560"",""ORG-0773"",""ORG-0861"",""ORG-0938"",""ORG-0951"",""ORG-1711"",""ORG-1887"",""ORG-1910""]"
4269,10.1038/s41598-019-50684-1,1,"[""ORG-1089""]"
4273,10.4142/jvs.2016.17.3.299,4,"[""ORG-0171"",""ORG-1205"",""ORG-1254"",""ORG-1952""]"
4278,10.1371/journal.pone.0034521,5,"[""ORG-0302"",""ORG-0825"",""ORG-1177"",""ORG-1931"",""ORG-2306""]"
4281,10.1371/journal.ppat.1007992,8,"[""ORG-0374"",""ORG-0464"",""ORG-0559"",""ORG-0581"",""ORG-0897"",""ORG-1815"",""ORG-1905"",""ORG-2171""]"
4286,10.1371/journal.pone.0131219,11,"[""ORG-0244"",""ORG-0302"",""ORG-0317"",""ORG-0319"",""ORG-0825"",""ORG-0941"",""ORG-1241"",""ORG-1242"",""ORG-1421"",""ORG-1603"",""ORG-1848""]"
4288,10.1016/j.virol.2021.09.001,5,"[""ORG-0602"",""ORG-1146"",""ORG-1702"",""ORG-1847"",""ORG-1856""]"
4290,10.1371/journal.pone.0030960,9,"[""ORG-0171"",""ORG-0317"",""ORG-0809"",""ORG-0970"",""ORG-1356"",""ORG-1359"",""ORG-1877"",""ORG-1898"",""ORG-2163""]"
4294,10.1016/j.bbrc.2004.11.063,5,"[""ORG-0343"",""ORG-0534"",""ORG-1205"",""ORG-2105"",""ORG-2161""]"
4296,10.1097/QCO.0000000000000170,5,"[""ORG-0506"",""ORG-0507"",""ORG-0559"",""ORG-1232"",""ORG-1421""]"
4304,10.1016/j.antiviral.2019.104541,6,"[""ORG-0244"",""ORG-0435"",""ORG-0938"",""ORG-1582"",""ORG-1948"",""ORG-1986""]"
4307,10.1073/pnas.2204717119,7,"[""ORG-1246"",""ORG-1505"",""ORG-1702"",""ORG-1709"",""ORG-1877"",""ORG-1879"",""ORG-1952""]"
4311,10.1128/mbio.02220-22,9,"[""ORG-0334"",""ORG-0736"",""ORG-0825"",""ORG-0987"",""ORG-1800"",""ORG-1815"",""ORG-1851"",""ORG-2170"",""ORG-2260""]"
4312,10.1371/journal.ppat.1002412,10,"[""ORG-0058"",""ORG-0332"",""ORG-0457"",""ORG-1047"",""ORG-1246"",""ORG-1498"",""ORG-1797"",""ORG-1862"",""ORG-1910"",""ORG-2162""]"
4323,10.1016/j.ebiom.2021.103540,5,"[""ORG-0808"",""ORG-1503"",""ORG-1809"",""ORG-1986"",""ORG-2304""]"
4331,10.1001/jamanetworkopen.2022.28008,3,"[""ORG-0471"",""ORG-2192"",""ORG-2200""]"
4332,10.3389/fimmu.2021.690976,3,"[""ORG-0938"",""ORG-0963"",""ORG-2137""]"
4334,10.1186/s12985-015-0244-1,4,"[""ORG-0080"",""ORG-0506"",""ORG-0701"",""ORG-0825""]"
4335,10.1038/s41380-021-01211-0,6,"[""ORG-0694"",""ORG-0941"",""ORG-0951"",""ORG-1527"",""ORG-1852"",""ORG-1986""]"
4336,10.1016/j.chom.2022.07.016,5,"[""ORG-0267"",""ORG-1230"",""ORG-1316"",""ORG-1439"",""ORG-1702""]"
4344,10.1038/s41392-021-00704-2,2,"[""ORG-0435"",""ORG-1505""]"
4346,10.1128/mBio.00587-21,7,"[""ORG-0455"",""ORG-1400"",""ORG-1600"",""ORG-1667"",""ORG-1702"",""ORG-1856"",""ORG-1902""]"
4352,10.3389/fmicb.2015.00140,5,"[""ORG-0015"",""ORG-0171"",""ORG-0172"",""ORG-0967"",""ORG-0968""]"
4358,10.1016/j.jprot.2015.03.007,9,"[""ORG-0310"",""ORG-0332"",""ORG-0778"",""ORG-0789"",""ORG-0808"",""ORG-0833"",""ORG-1498"",""ORG-1723"",""ORG-1819""]"
4366,10.1016/j.chom.2022.07.006,5,"[""ORG-0267"",""ORG-1493"",""ORG-1505"",""ORG-1702"",""ORG-1856""]"
4370,10.1016/j.jviromet.2021.114242,7,"[""ORG-1361"",""ORG-1503"",""ORG-1593"",""ORG-1600"",""ORG-1702"",""ORG-1898"",""ORG-2306""]"
4387,10.1128/JVI.01606-18,12,"[""ORG-0312"",""ORG-0332"",""ORG-0800"",""ORG-1221"",""ORG-1344"",""ORG-1586"",""ORG-1851"",""ORG-1881"",""ORG-1902"",""ORG-1948"",""ORG-2171"",""ORG-2306""]"
4389,10.1371/journal.pgen.1009608,1,"[""ORG-0694""]"
4399,10.1371/journal.pntd.0010588,10,"[""ORG-0312"",""ORG-0565"",""ORG-0942"",""ORG-1321"",""ORG-1421"",""ORG-1948"",""ORG-2162"",""ORG-2172"",""ORG-2306"",""ORG-2340""]"
4407,10.1101/2021.06.06.446826,2,"[""ORG-1870"",""ORG-2137""]"
4409,10.1128/mBio.02431-14,2,"[""ORG-0171"",""ORG-0694""]"
4418,10.1007/s11262-010-0562-8,7,"[""ORG-0062"",""ORG-0363"",""ORG-0559"",""ORG-1405"",""ORG-1600"",""ORG-1806"",""ORG-2062""]"
4435,10.1186/s43088-021-00123-w,4,"[""ORG-0086"",""ORG-0938"",""ORG-1948"",""ORG-2193""]"
4436,10.3389/fmicb.2021.655065,3,"[""ORG-1921"",""ORG-2165"",""ORG-2340""]"
4443,10.1371/journal.ppat.1007054,11,"[""ORG-0206"",""ORG-0316"",""ORG-0854"",""ORG-1230"",""ORG-1286"",""ORG-1330"",""ORG-1797"",""ORG-1798"",""ORG-1847"",""ORG-2147"",""ORG-2306""]"
4452,10.1186/s13062-022-00325-x,7,"[""ORG-0267"",""ORG-0421"",""ORG-1316"",""ORG-1493"",""ORG-1851"",""ORG-1856"",""ORG-2306""]"
4456,10.1128/JVI.02350-20,5,"[""ORG-0825"",""ORG-0897"",""ORG-1230"",""ORG-1773"",""ORG-2260""]"
4469,10.1101/2021.04.20.440676,4,"[""ORG-1221"",""ORG-1877"",""ORG-1879"",""ORG-1881""]"
4476,10.1007/s11262-010-0467-6,1,"[""ORG-1844""]"
4480,10.1007/s00430-014-0361-2,7,"[""ORG-0171"",""ORG-0559"",""ORG-0963"",""ORG-0970"",""ORG-1253"",""ORG-1866"",""ORG-1905""]"
4489,10.1128/JVI.01636-14,10,"[""ORG-0015"",""ORG-0970"",""ORG-1276"",""ORG-1365"",""ORG-1410"",""ORG-1511"",""ORG-1952"",""ORG-2141"",""ORG-2165"",""ORG-2171""]"
4490,10.1016/j.nbd.2010.01.014,1,"[""ORG-2306""]"
4499,10.1080/21645515.2022.2068883,2,"[""ORG-1368"",""ORG-1856""]"
4502,10.1016/j.neulet.2014.07.038,2,"[""ORG-1819"",""ORG-1890""]"
4510,10.1016/j.meegid.2021.104815,6,"[""ORG-0987"",""ORG-1230"",""ORG-1600"",""ORG-1866"",""ORG-1877"",""ORG-2306""]"
4511,10.3389/fpubh.2014.00077,6,"[""ORG-0171"",""ORG-0694"",""ORG-0970"",""ORG-1248"",""ORG-1910"",""ORG-2260""]"
4512,10.1097/MD.0000000000025123,2,"[""ORG-1174"",""ORG-1898""]"
4513,10.3390/v14040783,7,"[""ORG-0027"",""ORG-0571"",""ORG-0833"",""ORG-1405"",""ORG-1493"",""ORG-1667"",""ORG-1702""]"
4514,10.1016/j.virol.2017.09.018,4,"[""ORG-0302"",""ORG-0825"",""ORG-0836"",""ORG-0963""]"
4520,10.1371/journal.ppat.1006638,3,"[""ORG-0015"",""ORG-1189"",""ORG-2306""]"
4534,10.1371/journal.pone.0007592,3,"[""ORG-0694"",""ORG-1089"",""ORG-2306""]"
4545,10.1016/j.virol.2014.03.008,7,"[""ORG-0207"",""ORG-0970"",""ORG-0987"",""ORG-1505"",""ORG-1876"",""ORG-2170"",""ORG-2306""]"
4546,10.1186/1743-422X-6-152,5,"[""ORG-0243"",""ORG-1325"",""ORG-1874"",""ORG-1890"",""ORG-1936""]"
4550,10.1186/1472-6807-9-62,7,"[""ORG-0451"",""ORG-0866"",""ORG-0897"",""ORG-0970"",""ORG-1812"",""ORG-1952"",""ORG-2170""]"
4558,10.1007/s11427-020-1893-9,4,"[""ORG-0560"",""ORG-0836"",""ORG-1847"",""ORG-2139""]"
4578,10.1101/2021.01.19.21249592,2,"[""ORG-0866"",""ORG-0963""]"
4580,10.1292/jvms.14-0181,5,"[""ORG-0188"",""ORG-0317"",""ORG-0900"",""ORG-1511"",""ORG-2167""]"
4583,10.1007/s11103-017-0621-9,2,"[""ORG-1569"",""ORG-1844""]"
4587,10.1016/j.coviro.2020.06.001,9,"[""ORG-0015"",""ORG-0207"",""ORG-0880"",""ORG-0938"",""ORG-0968"",""ORG-1569"",""ORG-1956"",""ORG-2139"",""ORG-2161""]"
4589,10.1371/journal.ppat.1001146,13,"[""ORG-0082"",""ORG-0963"",""ORG-0978"",""ORG-1738"",""ORG-1877"",""ORG-1879"",""ORG-1898"",""ORG-1900"",""ORG-1948"",""ORG-1979"",""ORG-2125"",""ORG-2126"",""ORG-2306""]"
4593,10.1016/j.virusres.2010.10.014,6,"[""ORG-0015"",""ORG-0968"",""ORG-1205"",""ORG-1263"",""ORG-1410"",""ORG-1860""]"
4599,10.3390/vaccines8020330,3,"[""ORG-1797"",""ORG-1856"",""ORG-1934""]"
4601,10.1371/journal.pone.0098168,8,"[""ORG-0312"",""ORG-0471"",""ORG-0773"",""ORG-1797"",""ORG-1919"",""ORG-2062"",""ORG-2141"",""ORG-2306""]"
4616,10.3791/55213,2,"[""ORG-0429"",""ORG-1979""]"
4617,10.1186/s13007-017-0183-5,2,"[""ORG-0700"",""ORG-1569""]"
4623,10.3390/vaccines8020295,7,"[""ORG-0121"",""ORG-0302"",""ORG-0869"",""ORG-1230"",""ORG-1325"",""ORG-1326"",""ORG-2157""]"
4626,10.1016/j.cell.2020.05.042,6,"[""ORG-0433"",""ORG-1480"",""ORG-1569"",""ORG-1797"",""ORG-1935"",""ORG-2160""]"
4633,10.3389/fvets.2023.1178801,7,"[""ORG-0368"",""ORG-0680"",""ORG-1218"",""ORG-1231"",""ORG-1361"",""ORG-1569"",""ORG-1921""]"
4637,10.1016/j.xpro.2023.102352,5,"[""ORG-1781"",""ORG-1877"",""ORG-1879"",""ORG-1934"",""ORG-2306""]"
4638,10.1038/s41467-020-16721-8,4,"[""ORG-1812"",""ORG-1958"",""ORG-1970"",""ORG-2147""]"
4639,10.1101/2023.05.11.540343,7,"[""ORG-1046"",""ORG-1490"",""ORG-1569"",""ORG-1586"",""ORG-1868"",""ORG-1898"",""ORG-2171""]"
4640,10.1007/978-1-4939-6964-7_6,4,"[""ORG-1246"",""ORG-1569"",""ORG-1639"",""ORG-1934""]"
4645,10.1007/978-1-4939-6964-7_5,6,"[""ORG-0680"",""ORG-0836"",""ORG-1563"",""ORG-1812"",""ORG-1979"",""ORG-2141""]"
4654,10.3390/v15051094,7,"[""ORG-0207"",""ORG-0334"",""ORG-0451"",""ORG-1919"",""ORG-2174"",""ORG-2176"",""ORG-2177""]"
4662,10.3390/v6041637,5,"[""ORG-1047"",""ORG-1225"",""ORG-1511"",""ORG-1867"",""ORG-2163""]"
4663,10.3390/ijms24108471,9,"[""ORG-1569"",""ORG-1853"",""ORG-1934"",""ORG-1956"",""ORG-2141"",""ORG-2147"",""ORG-2179"",""ORG-2183"",""ORG-2260""]"
4667,10.1186/1743-422X-11-69,6,"[""ORG-0545"",""ORG-0754"",""ORG-0755"",""ORG-1459"",""ORG-1538"",""ORG-1905""]"
4669,10.3390/v6041578,3,"[""ORG-1253"",""ORG-1519"",""ORG-1898""]"
4671,10.1021/acsinfecdis.0c00073,3,"[""ORG-0187"",""ORG-0596"",""ORG-1730""]"
4674,10.1371/journal.ppat.1001039,8,"[""ORG-0302"",""ORG-0399"",""ORG-0963"",""ORG-1189"",""ORG-1432"",""ORG-1709"",""ORG-1809"",""ORG-2306""]"
4677,10.1128/aem.00211-23,4,"[""ORG-0187"",""ORG-0188"",""ORG-1569"",""ORG-1696""]"
4680,10.1186/1743-422X-11-60,3,"[""ORG-0559"",""ORG-1856"",""ORG-2331""]"
4683,10.1128/spectrum.00653-23,4,"[""ORG-1089"",""ORG-1095"",""ORG-1851"",""ORG-2306""]"
4687,10.1371/journal.pone.0011826,6,"[""ORG-0171"",""ORG-1248"",""ORG-1797"",""ORG-1851"",""ORG-1908"",""ORG-2140""]"
4688,10.3389/fpls.2023.1119625,7,"[""ORG-1368"",""ORG-1432"",""ORG-1569"",""ORG-1844"",""ORG-1948"",""ORG-2304"",""ORG-2306""]"
4689,10.1111/tpj.14795,6,"[""ORG-1421"",""ORG-1479"",""ORG-1569"",""ORG-1846"",""ORG-1851"",""ORG-1931""]"
4693,10.1038/s41579-020-0354-7,4,"[""ORG-0522"",""ORG-1047"",""ORG-1898"",""ORG-1934""]"
4694,10.1186/s12985-017-0748-y,8,"[""ORG-0182"",""ORG-0188"",""ORG-0596"",""ORG-0623"",""ORG-0833"",""ORG-1844"",""ORG-1890"",""ORG-2140""]"
4698,10.1016/j.virusres.2014.02.016,4,"[""ORG-1218"",""ORG-1231"",""ORG-1809"",""ORG-1897""]"
4703,10.1111/nph.16625,1,"[""ORG-1569""]"
4713,10.1038/nature12920,4,"[""ORG-0728"",""ORG-1418"",""ORG-1569"",""ORG-2306""]"
4716,10.1016/j.vaccine.2010.06.072,4,"[""ORG-0783"",""ORG-0970"",""ORG-1511"",""ORG-1569""]"
4730,10.3389/fpls.2023.1146922,2,"[""ORG-0736"",""ORG-0938""]"
4731,10.1038/srep45022,2,"[""ORG-0207"",""ORG-1569""]"
4733,10.3389/fpls.2017.00324,4,"[""ORG-0799"",""ORG-0951"",""ORG-1569"",""ORG-1956""]"
4737,10.1038/srep45228,5,"[""ORG-0315"",""ORG-0317"",""ORG-0773"",""ORG-1095"",""ORG-1285""]"
4741,10.3389/fmicb.2023.1141101,4,"[""ORG-0623"",""ORG-1569"",""ORG-1772"",""ORG-1948""]"
4744,10.1371/journal.pone.0173998,3,"[""ORG-0312"",""ORG-0680"",""ORG-1569""]"
4751,10.1038/srep44025,5,"[""ORG-0895"",""ORG-1527"",""ORG-1569"",""ORG-1579"",""ORG-2147""]"
4753,10.1186/1743-422X-7-114,5,"[""ORG-0691"",""ORG-1089"",""ORG-1511"",""ORG-2129"",""ORG-2306""]"
4755,10.3389/fmicb.2020.00466,5,"[""ORG-0571"",""ORG-0683"",""ORG-1848"",""ORG-1887"",""ORG-1941""]"
4756,10.1007/s00430-004-0224-3,14,"[""ORG-0015"",""ORG-0171"",""ORG-0970"",""ORG-1511"",""ORG-1569"",""ORG-1797"",""ORG-1798"",""ORG-1846"",""ORG-1877"",""ORG-1879"",""ORG-1897"",""ORG-2158"",""ORG-2171"",""ORG-2306""]"
4757,10.3390/v12040400,6,"[""ORG-0833"",""ORG-0895"",""ORG-1254"",""ORG-1569"",""ORG-2147"",""ORG-2306""]"
4759,10.1016/j.semcdb.2014.01.006,2,"[""ORG-0978"",""ORG-1846""]"
4761,10.3389/fphar.2020.00246,4,"[""ORG-0506"",""ORG-0507"",""ORG-0974"",""ORG-1243""]"
4763,10.1371/journal.pone.0086802,6,"[""ORG-0506"",""ORG-1121"",""ORG-1243"",""ORG-1253"",""ORG-1569"",""ORG-1898""]"
4764,10.1016/j.virol.2017.02.004,5,"[""ORG-0559"",""ORG-0694"",""ORG-0895"",""ORG-1414"",""ORG-2147""]"
4765,10.1371/journal.pone.0085788,4,"[""ORG-0416"",""ORG-1119"",""ORG-1325"",""ORG-2163""]"
4772,10.3390/v12030339,7,"[""ORG-0243"",""ORG-0306"",""ORG-0455"",""ORG-1569"",""ORG-1809"",""ORG-2193"",""ORG-2260""]"
4779,10.3390/ijms24065670,11,"[""ORG-0363"",""ORG-0987"",""ORG-1232"",""ORG-1569"",""ORG-1773"",""ORG-1797"",""ORG-1877"",""ORG-2176"",""ORG-2179"",""ORG-2182"",""ORG-2183""]"
4783,10.3389/fmicb.2020.00280,11,"[""ORG-0171"",""ORG-0895"",""ORG-0970"",""ORG-1263"",""ORG-1511"",""ORG-1846"",""ORG-1856"",""ORG-1862"",""ORG-1900"",""ORG-1901"",""ORG-1952""]"
4786,10.1093/nar/gkq419,3,"[""ORG-0191"",""ORG-1569"",""ORG-1956""]"
4791,10.3390/plants9030396,5,"[""ORG-0547"",""ORG-1088"",""ORG-1868"",""ORG-1876"",""ORG-1986""]"
4803,10.1371/journal.pone.0282510,7,"[""ORG-0728"",""ORG-1421"",""ORG-1651"",""ORG-1846"",""ORG-1890"",""ORG-1931"",""ORG-1941""]"
4807,10.1590/1678-4685-GMB-2019-0300,5,"[""ORG-1047"",""ORG-1569"",""ORG-1583"",""ORG-1672"",""ORG-1868""]"
4809,10.1128/spectrum.03385-22,7,"[""ORG-1189"",""ORG-1405"",""ORG-1667"",""ORG-1846"",""ORG-1858"",""ORG-1979"",""ORG-2170""]"
4811,10.3390/genes11030272,7,"[""ORG-0429"",""ORG-0431"",""ORG-1023"",""ORG-1095"",""ORG-1484"",""ORG-1569"",""ORG-1934""]"
4817,10.3390/pathogens9030157,10,"[""ORG-0312"",""ORG-1084"",""ORG-1246"",""ORG-1402"",""ORG-1545"",""ORG-1563"",""ORG-1569"",""ORG-1675"",""ORG-1867"",""ORG-1922""]"
4831,10.1007/s10529-013-1418-9,4,"[""ORG-0596"",""ORG-0701"",""ORG-1848"",""ORG-2306""]"
4833,10.1016/j.virusres.2013.12.017,6,"[""ORG-0678"",""ORG-1813"",""ORG-2159"",""ORG-2163"",""ORG-2170"",""ORG-2260""]"
4834,10.3390/v12020201,6,"[""ORG-0312"",""ORG-1084"",""ORG-1569"",""ORG-2179"",""ORG-2183"",""ORG-2260""]"
4843,10.3390/ijms24032320,2,"[""ORG-0902"",""ORG-1952""]"
4844,10.1093/jxb/erw490,3,"[""ORG-0539"",""ORG-1569"",""ORG-2306""]"
4845,10.1007/978-3-642-38919-1_1,5,"[""ORG-1084"",""ORG-1226"",""ORG-1569"",""ORG-1826"",""ORG-1890""]"
4849,10.1371/journal.pone.0009562,8,"[""ORG-0938"",""ORG-0951"",""ORG-1414"",""ORG-1569"",""ORG-1586"",""ORG-1798"",""ORG-2147"",""ORG-2163""]"
4857,10.1021/acssynbio.2c00358,6,"[""ORG-0471"",""ORG-0596"",""ORG-0619"",""ORG-0941"",""ORG-1569"",""ORG-2140""]"
4861,10.1093/pnasnexus/pgac162,2,"[""ORG-0014"",""ORG-1569""]"
4865,10.1016/j.jviromet.2004.09.017,8,"[""ORG-0691"",""ORG-1167"",""ORG-1545"",""ORG-1569"",""ORG-1639"",""ORG-1702"",""ORG-1906"",""ORG-1934""]"
4875,10.1016/j.virusres.2023.199046,7,"[""ORG-0573"",""ORG-1246"",""ORG-1568"",""ORG-1569"",""ORG-1846"",""ORG-1867"",""ORG-2140""]"
4879,10.3389/fpls.2016.01781,4,"[""ORG-0623"",""ORG-1846"",""ORG-1867"",""ORG-1934""]"
4881,10.1038/s41598-020-57545-2,7,"[""ORG-0637"",""ORG-1112"",""ORG-1246"",""ORG-1811"",""ORG-1890"",""ORG-2306"",""ORG-2340""]"
4888,10.1371/journal.ppat.1000753,7,"[""ORG-0506"",""ORG-0507"",""ORG-1569"",""ORG-1811"",""ORG-1844"",""ORG-1846"",""ORG-2306""]"
4897,10.3390/v14122682,4,"[""ORG-1586"",""ORG-1944"",""ORG-2161"",""ORG-2170""]"
4899,10.3390/v14122673,6,"[""ORG-0015"",""ORG-0312"",""ORG-0987"",""ORG-1779"",""ORG-1866"",""ORG-1990""]"
4904,10.1016/j.gde.2013.10.005,5,"[""ORG-1238"",""ORG-1243"",""ORG-1744"",""ORG-1934"",""ORG-2260""]"
4907,10.1128/msystems.01045-22,11,"[""ORG-0191"",""ORG-0292"",""ORG-0429"",""ORG-0455"",""ORG-0694"",""ORG-0808"",""ORG-1047"",""ORG-1253"",""ORG-1569"",""ORG-1844"",""ORG-1979""]"
4920,10.1016/j.virol.2016.11.001,3,"[""ORG-1934"",""ORG-1948"",""ORG-2306""]"
4921,10.3389/fmicb.2022.1042414,6,"[""ORG-0455"",""ORG-0503"",""ORG-1414"",""ORG-1439"",""ORG-2157"",""ORG-2260""]"
4929,10.1093/infdis/jiac469,4,"[""ORG-0506"",""ORG-1089"",""ORG-1569"",""ORG-1867""]"
4932,10.1016/j.virol.2009.11.037,6,"[""ORG-1511"",""ORG-1569"",""ORG-1618"",""ORG-1672"",""ORG-1812"",""ORG-2163""]"
4938,10.1371/journal.pone.0164639,3,"[""ORG-0951"",""ORG-1881"",""ORG-1900""]"
4944,10.3389/fvets.2019.00407,6,"[""ORG-0409"",""ORG-1232"",""ORG-1252"",""ORG-1368"",""ORG-2147"",""ORG-2163""]"
4951,10.1016/j.jviromet.2013.10.023,7,"[""ORG-0367"",""ORG-0938"",""ORG-1084"",""ORG-1402"",""ORG-1569"",""ORG-1890"",""ORG-2163""]"
4953,10.1128/mbio.02541-22,2,"[""ORG-1351"",""ORG-1569""]"
4958,10.3390/v14112319,10,"[""ORG-0312"",""ORG-0559"",""ORG-1079"",""ORG-1232"",""ORG-1246"",""ORG-1569"",""ORG-1683"",""ORG-2111"",""ORG-2141"",""ORG-2162""]"
4961,10.1186/s12985-019-1261-2,9,"[""ORG-0893"",""ORG-1221"",""ORG-1361"",""ORG-1569"",""ORG-1672"",""ORG-1952"",""ORG-2032"",""ORG-2141"",""ORG-2306""]"
4964,10.1016/j.heliyon.2019.e02882,6,"[""ORG-0947"",""ORG-1248"",""ORG-1569"",""ORG-1859"",""ORG-1903"",""ORG-2105""]"
4974,10.1038/s41564-022-01243-4,3,"[""ORG-0429"",""ORG-1084"",""ORG-1569""]"
4979,10.1002/dvg.22720,4,"[""ORG-0429"",""ORG-0431"",""ORG-1569"",""ORG-1844""]"
4983,10.1038/srep35401,3,"[""ORG-0967"",""ORG-1359"",""ORG-1511""]"
4984,10.1534/g3.119.400199,2,"[""ORG-0095"",""ORG-0596""]"
4986,10.1371/journal.pone.0164723,2,"[""ORG-0900"",""ORG-1231""]"
4993,10.1186/1741-7007-7-73,9,"[""ORG-0206"",""ORG-0399"",""ORG-0978"",""ORG-1047"",""ORG-1221"",""ORG-1238"",""ORG-1569"",""ORG-1583"",""ORG-1846""]"
5006,10.1016/j.virol.2013.08.004,5,"[""ORG-0125"",""ORG-0880"",""ORG-1806"",""ORG-1952"",""ORG-2171""]"
5011,10.1186/1743-422X-6-171,8,"[""ORG-0093"",""ORG-0503"",""ORG-1047"",""ORG-1361"",""ORG-1413"",""ORG-1593"",""ORG-1738"",""ORG-1844""]"
5015,10.1093/nar/gkac904,5,"[""ORG-0930"",""ORG-1253"",""ORG-1675"",""ORG-1931"",""ORG-2161""]"
5016,10.1111/mpp.12886,8,"[""ORG-0836"",""ORG-1330"",""ORG-1569"",""ORG-1848"",""ORG-1887"",""ORG-1909"",""ORG-1921"",""ORG-1931""]"
5028,10.1371/journal.pone.0073834,2,"[""ORG-1583"",""ORG-1941""]"
5033,10.3389/fpls.2019.01275,3,"[""ORG-0374"",""ORG-1569"",""ORG-1909""]"
5035,10.1101/gr.207076.116,4,"[""ORG-0667"",""ORG-0694"",""ORG-1047"",""ORG-1233""]"
5037,10.1186/1743-422X-10-284,8,"[""ORG-0015"",""ORG-0206"",""ORG-0409"",""ORG-0968"",""ORG-1361"",""ORG-1490"",""ORG-1569"",""ORG-1898""]"
5043,10.1371/journal.pone.0073783,1,"[""ORG-1243""]"
5046,10.1186/s13073-016-0343-7,6,"[""ORG-0506"",""ORG-1569"",""ORG-1809"",""ORG-1877"",""ORG-1879"",""ORG-1903""]"
5047,10.1292/jvms.22-0254,3,"[""ORG-1246"",""ORG-1569"",""ORG-1900""]"
5049,10.1292/jvms.19-0399,8,"[""ORG-0125"",""ORG-0155"",""ORG-0723"",""ORG-0902"",""ORG-0970"",""ORG-1522"",""ORG-1569"",""ORG-2164""]"
5053,10.1016/j.fgb.2013.08.013,4,"[""ORG-0683"",""ORG-1569"",""ORG-1979"",""ORG-2306""]"
5054,10.1038/s41598-019-51612-z,5,"[""ORG-0122"",""ORG-0243"",""ORG-0700"",""ORG-0829"",""ORG-1569""]"
5071,10.1038/s41598-019-51485-2,5,"[""ORG-1569"",""ORG-1844"",""ORG-1846"",""ORG-1897"",""ORG-2260""]"
5072,10.1534/g3.113.006270,6,"[""ORG-0421"",""ORG-1569"",""ORG-1797"",""ORG-1844"",""ORG-1846"",""ORG-2193""]"
5079,10.7554/eLife.80813,8,"[""ORG-0227"",""ORG-0951"",""ORG-1243"",""ORG-1368"",""ORG-1404"",""ORG-1948"",""ORG-1986"",""ORG-2260""]"
5081,10.1093/plphys/kiac424,3,"[""ORG-1844"",""ORG-1846"",""ORG-1934""]"
5084,10.1093/jxb/erp252,3,"[""ORG-1667"",""ORG-1897"",""ORG-2306""]"
5088,10.3390/plants11172262,2,"[""ORG-1569"",""ORG-1903""]"
5089,10.1016/j.vaccine.2016.07.051,13,"[""ORG-0187"",""ORG-0636"",""ORG-0869"",""ORG-1136"",""ORG-1232"",""ORG-1245"",""ORG-1432"",""ORG-1586"",""ORG-1881"",""ORG-1897"",""ORG-1948"",""ORG-2162"",""ORG-2170""]"
5090,10.1016/j.bjm.2016.07.022,10,"[""ORG-0312"",""ORG-0334"",""ORG-0421"",""ORG-0678"",""ORG-0829"",""ORG-1511"",""ORG-1797"",""ORG-1815"",""ORG-1900"",""ORG-1901""]"
5091,10.1128/jvi.01255-22,8,"[""ORG-0334"",""ORG-0602"",""ORG-0873"",""ORG-1230"",""ORG-1797"",""ORG-1806"",""ORG-1813"",""ORG-2306""]"
5096,10.1016/j.antiviral.2009.08.002,1,"[""ORG-1569""]"
5104,10.1016/j.jhepr.2022.100535,3,"[""ORG-0421"",""ORG-1246"",""ORG-2193""]"
5105,10.1186/s12711-016-0232-y,3,"[""ORG-1253"",""ORG-1846"",""ORG-2304""]"
5109,10.7774/cevr.2016.5.2.169,2,"[""ORG-1050"",""ORG-1361""]"
5111,10.1371/journal.pone.0006509,9,"[""ORG-0171"",""ORG-0334"",""ORG-0455"",""ORG-0970"",""ORG-1218"",""ORG-1231"",""ORG-1353"",""ORG-1569"",""ORG-1864""]"
5114,10.1038/s41587-019-0260-6,5,"[""ORG-0188"",""ORG-0938"",""ORG-1084"",""ORG-1668"",""ORG-2260""]"
5116,10.15252/msb.20166890,2,"[""ORG-1047"",""ORG-1569""]"
5121,10.3389/fcimb.2019.00315,5,"[""ORG-0015"",""ORG-0457"",""ORG-0680"",""ORG-0968"",""ORG-1358""]"
5123,10.3389/fmicb.2016.01080,9,"[""ORG-0400"",""ORG-0596"",""ORG-1439"",""ORG-1569"",""ORG-1738"",""ORG-1798"",""ORG-1809"",""ORG-1922"",""ORG-1993""]"
5132,10.1021/acsinfecdis.9b00284,2,"[""ORG-2139"",""ORG-2306""]"
5133,10.1093/nar/gkt638,1,"[""ORG-1569""]"
5135,10.1080/22221751.2022.2111977,3,"[""ORG-0312"",""ORG-1505"",""ORG-1905""]"
5143,10.1038/s41586-019-1549-9,3,"[""ORG-1243"",""ORG-1798"",""ORG-2304""]"
5147,10.3390/pathogens8030145,4,"[""ORG-1218"",""ORG-1231"",""ORG-1900"",""ORG-2164""]"
5151,10.3390/v8070197,3,"[""ORG-0606"",""ORG-1934"",""ORG-2160""]"
5159,10.1016/j.virol.2019.08.014,5,"[""ORG-0315"",""ORG-0316"",""ORG-0987"",""ORG-2129"",""ORG-2165""]"
5161,10.1186/s12985-019-1218-5,9,"[""ORG-0214"",""ORG-0500"",""ORG-0893"",""ORG-0897"",""ORG-1569"",""ORG-1586"",""ORG-1645"",""ORG-1848"",""ORG-2141""]"
5163,10.1016/j.micpath.2003.07.003,5,"[""ORG-0312"",""ORG-1218"",""ORG-1231"",""ORG-1569"",""ORG-1843""]"
5164,10.3390/v14071396,5,"[""ORG-0623"",""ORG-0897"",""ORG-1569"",""ORG-2060"",""ORG-2147""]"
5173,10.3390/cells11142127,3,"[""ORG-1569"",""ORG-1583"",""ORG-1986""]"
5179,10.1007/s12519-019-00286-8,4,"[""ORG-0125"",""ORG-0623"",""ORG-0680"",""ORG-1361""]"
5183,10.3389/fmicb.2022.894200,5,"[""ORG-0062"",""ORG-0464"",""ORG-1586"",""ORG-1846"",""ORG-2163""]"
5185,10.1038/s42003-022-03684-3,4,"[""ORG-0188"",""ORG-0683"",""ORG-1253"",""ORG-1569""]"
5201,10.1186/s12985-016-0574-7,12,"[""ORG-1263"",""ORG-1325"",""ORG-1409"",""ORG-1569"",""ORG-1622"",""ORG-1672"",""ORG-1890"",""ORG-1906"",""ORG-1922"",""ORG-2174"",""ORG-2177"",""ORG-2179""]"
5203,10.1016/bs.aivir.2022.03.001,7,"[""ORG-1226"",""ORG-1414"",""ORG-1569"",""ORG-1586"",""ORG-1847"",""ORG-1952"",""ORG-2141""]"
5210,10.1007/978-1-0716-2453-1_17,5,"[""ORG-0623"",""ORG-1511"",""ORG-1569"",""ORG-1811"",""ORG-1868""]"
5212,10.1002/9780471729259.mc15g04s29,7,"[""ORG-0015"",""ORG-0880"",""ORG-0968"",""ORG-0970"",""ORG-1538"",""ORG-2032"",""ORG-2158""]"
5213,10.1016/S0042-6822(03)00387-8,5,"[""ORG-0187"",""ORG-0596"",""ORG-1092"",""ORG-1246"",""ORG-2170""]"
5215,10.3389/fpls.2022.928386,2,"[""ORG-1921"",""ORG-1986""]"
5217,10.1371/journal.ppat.1000424,10,"[""ORG-0171"",""ORG-0173"",""ORG-0866"",""ORG-0970"",""ORG-1079"",""ORG-1119"",""ORG-1870"",""ORG-1924"",""ORG-1952"",""ORG-2163""]"
5221,10.3390/v8070179,4,"[""ORG-0880"",""ORG-1536"",""ORG-1934"",""ORG-1952""]"
5222,10.1186/s13059-022-02718-7,2,"[""ORG-1569"",""ORG-1851""]"
5227,10.1016/j.vaccine.2009.04.050,10,"[""ORG-0171"",""ORG-0242"",""ORG-0836"",""ORG-0963"",""ORG-1221"",""ORG-1368"",""ORG-1881"",""ORG-1898"",""ORG-2114"",""ORG-2306""]"
5228,10.3389/fcell.2022.924751,3,"[""ORG-1569"",""ORG-1934"",""ORG-1976""]"
5230,10.3390/v8060178,5,"[""ORG-1122"",""ORG-1226"",""ORG-1246"",""ORG-1569"",""ORG-1586""]"
5233,10.1016/j.vaccine.2008.12.063,1,"[""ORG-1667""]"
5234,10.3389/fmicb.2022.883642,6,"[""ORG-1534"",""ORG-1751"",""ORG-1900"",""ORG-1902"",""ORG-1948"",""ORG-2260""]"
5238,10.3389/fpls.2019.00801,4,"[""ORG-0429"",""ORG-0700"",""ORG-1569"",""ORG-1678""]"
5242,10.1099/jgv.0.000530,8,"[""ORG-0312"",""ORG-0680"",""ORG-0773"",""ORG-1361"",""ORG-1362"",""ORG-1675"",""ORG-1815"",""ORG-1979""]"
5245,10.3390/v14061304,4,"[""ORG-0970"",""ORG-1859"",""ORG-1900"",""ORG-2306""]"
5247,10.1016/j.ydbio.2016.05.023,4,"[""ORG-0429"",""ORG-0431"",""ORG-0694"",""ORG-1243""]"
5253,10.3390/v8060170,4,"[""ORG-0368"",""ORG-0680"",""ORG-1095"",""ORG-2032""]"
5269,10.3389/fvets.2022.890657,8,"[""ORG-0559"",""ORG-0784"",""ORG-0897"",""ORG-1218"",""ORG-1231"",""ORG-1511"",""ORG-1846"",""ORG-1900""]"
5282,10.3390/plants11111461,2,"[""ORG-1361"",""ORG-1593""]"
5297,10.1371/journal.ppat.1000302,6,"[""ORG-0571"",""ORG-1149"",""ORG-1243"",""ORG-1569"",""ORG-1877"",""ORG-2306""]"
5300,10.3389/fmicb.2022.907281,6,"[""ORG-0963"",""ORG-1569"",""ORG-1586"",""ORG-1809"",""ORG-2171"",""ORG-2306""]"
5303,10.1016/j.vaccine.2016.05.031,12,"[""ORG-0125"",""ORG-0310"",""ORG-0312"",""ORG-1106"",""ORG-1133"",""ORG-1639"",""ORG-1806"",""ORG-1829"",""ORG-1847"",""ORG-1934"",""ORG-2167"",""ORG-2170""]"
5307,10.1038/nchembio.1199,1,"[""ORG-0310""]"
5310,10.1016/j.xplc.2022.100317,8,"[""ORG-0421"",""ORG-0547"",""ORG-0808"",""ORG-1221"",""ORG-1368"",""ORG-1569"",""ORG-1683"",""ORG-1877""]"
5313,10.1128/JVI.00095-16,11,"[""ORG-0214"",""ORG-0310"",""ORG-0385"",""ORG-0833"",""ORG-1119"",""ORG-1368"",""ORG-1802"",""ORG-1862"",""ORG-1902"",""ORG-1990"",""ORG-2147""]"
5315,10.1371/journal.pone.0058186,6,"[""ORG-0171"",""ORG-1095"",""ORG-1218"",""ORG-1231"",""ORG-2114"",""ORG-2171""]"
5321,10.1016/j.cmet.2016.04.004,3,"[""ORG-1167"",""ORG-1569"",""ORG-1773""]"
5322,10.1186/s12936-019-2851-6,5,"[""ORG-1569"",""ORG-1811"",""ORG-1846"",""ORG-1934"",""ORG-1979""]"
5326,10.1186/s13567-016-0337-x,3,"[""ORG-0312"",""ORG-0970"",""ORG-2163""]"
5327,10.1080/08820139.2019.1631341,2,"[""ORG-1089"",""ORG-1934""]"
5332,10.1186/s12917-022-03274-9,7,"[""ORG-0559"",""ORG-0898"",""ORG-0938"",""ORG-1877"",""ORG-1879"",""ORG-1948"",""ORG-2306""]"
5346,10.1099/vir.0.007567-0,9,"[""ORG-0796"",""ORG-1225"",""ORG-1511"",""ORG-1582"",""ORG-1747"",""ORG-1900"",""ORG-1901"",""ORG-2163"",""ORG-2306""]"
5350,10.3390/v8040106,5,"[""ORG-0292"",""ORG-0293"",""ORG-0427"",""ORG-0428"",""ORG-1990""]"
5351,10.1038/s41598-019-44813-z,8,"[""ORG-0015"",""ORG-0652"",""ORG-0968"",""ORG-1288"",""ORG-1289"",""ORG-1361"",""ORG-1569"",""ORG-1979""]"
5361,10.1016/j.vaccine.2016.04.022,8,"[""ORG-0171"",""ORG-1218"",""ORG-1231"",""ORG-1511"",""ORG-1639"",""ORG-1900"",""ORG-1986"",""ORG-2164""]"
5372,10.3390/v11050479,4,"[""ORG-1586"",""ORG-1800"",""ORG-1866"",""ORG-1952""]"
5383,10.1016/j.molbiopara.2016.04.001,1,"[""ORG-1569""]"
5388,10.1371/journal.pone.0052588,3,"[""ORG-1023"",""ORG-1238"",""ORG-1569""]"
5392,10.1371/journal.pone.0052480,1,"[""ORG-1569""]"
5393,10.4142/jvs.2016.17.1.71,2,"[""ORG-1392"",""ORG-2114""]"
5394,10.1371/journal.ppat.1007760,7,"[""ORG-0567"",""ORG-0601"",""ORG-0643"",""ORG-0833"",""ORG-1866"",""ORG-1948"",""ORG-2139""]"
5396,10.1038/srep23887,11,"[""ORG-0808"",""ORG-0970"",""ORG-1226"",""ORG-1414"",""ORG-1421"",""ORG-1511"",""ORG-1569"",""ORG-1851"",""ORG-2163"",""ORG-2171"",""ORG-2281""]"
5397,10.3390/v8040088,5,"[""ORG-0316"",""ORG-1569"",""ORG-1798"",""ORG-2139"",""ORG-2306""]"
5401,10.1007/978-1-59745-181-9_19,5,"[""ORG-0680"",""ORG-1569"",""ORG-1582"",""ORG-1639"",""ORG-1934""]"
5403,10.1111/mpp.12805,5,"[""ORG-0683"",""ORG-1569"",""ORG-1869"",""ORG-1986"",""ORG-2306""]"
5404,10.1371/journal.pone.0152209,10,"[""ORG-0464"",""ORG-1221"",""ORG-1361"",""ORG-1490"",""ORG-1511"",""ORG-1586"",""ORG-1846"",""ORG-1881"",""ORG-1979"",""ORG-2141""]"
5407,10.1371/journal.pone.0265578,2,"[""ORG-1231"",""ORG-1569""]"
5409,10.1186/s12985-016-0505-7,3,"[""ORG-0571"",""ORG-1361"",""ORG-1900""]"
5412,10.1016/j.antiviral.2012.12.003,8,"[""ORG-0516"",""ORG-0728"",""ORG-0895"",""ORG-0988"",""ORG-1144"",""ORG-1461"",""ORG-2108"",""ORG-2147""]"
5422,10.3390/v11040314,8,"[""ORG-0367"",""ORG-0370"",""ORG-0623"",""ORG-0930"",""ORG-1563"",""ORG-1569"",""ORG-1672"",""ORG-2306""]"
5425,10.3390/v14020172,6,"[""ORG-0691"",""ORG-1095"",""ORG-1246"",""ORG-1569"",""ORG-1908"",""ORG-1922""]"
5426,10.3390/ph15020135,3,"[""ORG-0506"",""ORG-0507"",""ORG-1910""]"
5442,10.3390/v11030286,7,"[""ORG-0312"",""ORG-0754"",""ORG-0755"",""ORG-1330"",""ORG-1905"",""ORG-1948"",""ORG-1969""]"
5446,10.1186/s12985-019-1143-7,7,"[""ORG-0938"",""ORG-0999"",""ORG-1079"",""ORG-1809"",""ORG-1876"",""ORG-1910"",""ORG-2306""]"
5448,10.1093/plcell/koac056,3,"[""ORG-0728"",""ORG-1844"",""ORG-1868""]"
5451,10.1093/ve/veac004,6,"[""ORG-1639"",""ORG-1819"",""ORG-1890"",""ORG-1952"",""ORG-1956"",""ORG-2176""]"
5455,10.1186/1471-2229-12-215,2,"[""ORG-0623"",""ORG-1569""]"
5457,10.1016/j.jbc.2022.101727,2,"[""ORG-0987"",""ORG-1813""]"
5460,10.1111/j.1365-2958.2008.06407.x,2,"[""ORG-1036"",""ORG-1569""]"
5467,10.1371/journal.ppat.1005455,12,"[""ORG-0015"",""ORG-0379"",""ORG-0683"",""ORG-1084"",""ORG-1248"",""ORG-1461"",""ORG-1538"",""ORG-1569"",""ORG-1672"",""ORG-1811"",""ORG-1922"",""ORG-1923""]"
5471,10.1002/wdev.222,3,"[""ORG-1232"",""ORG-1569"",""ORG-1932""]"
5485,10.3390/v14010040,3,"[""ORG-0334"",""ORG-0680"",""ORG-1846""]"
5487,10.1186/s12985-019-1124-x,6,"[""ORG-0680"",""ORG-1325"",""ORG-1569"",""ORG-1586"",""ORG-1831"",""ORG-1867""]"
5489,10.1016/j.virol.2008.05.033,3,"[""ORG-1368"",""ORG-1569"",""ORG-1934""]"
5494,10.1186/s12870-016-0706-7,1,"[""ORG-1569""]"
5499,10.1073/pnas.2116623119,1,"[""ORG-1569""]"
5500,10.1371/journal.pgen.1003003,4,"[""ORG-0736"",""ORG-1569"",""ORG-1846"",""ORG-1931""]"
5505,10.1016/S0065-3527(08)00005-5,4,"[""ORG-1856"",""ORG-1859"",""ORG-1981"",""ORG-2160""]"
5509,10.1186/s12917-018-1756-x,2,"[""ORG-0312"",""ORG-1569""]"
5513,10.1016/S0168-1702(01)00295-7,3,"[""ORG-0312"",""ORG-0680"",""ORG-0947""]"
5517,10.3390/v11010040,9,"[""ORG-0015"",""ORG-0171"",""ORG-0968"",""ORG-0970"",""ORG-1334"",""ORG-1797"",""ORG-1803"",""ORG-1860"",""ORG-1905""]"
5519,10.1080/22221751.2021.2021808,6,"[""ORG-0167"",""ORG-0244"",""ORG-0417"",""ORG-0464"",""ORG-1943"",""ORG-2141""]"
5524,10.12688/f1000research.15606.1,1,"[""ORG-1948""]"
5527,10.1128/mBio.03208-21,7,"[""ORG-0312"",""ORG-0895"",""ORG-1601"",""ORG-1798"",""ORG-1905"",""ORG-2147"",""ORG-2306""]"
5529,10.1002/hep4.1288,4,"[""ORG-0312"",""ORG-1421"",""ORG-1569"",""ORG-1890""]"
5535,10.1038/s41564-018-0329-x,7,"[""ORG-0559"",""ORG-0565"",""ORG-1254"",""ORG-1744"",""ORG-1797"",""ORG-1867"",""ORG-2306""]"
5539,10.34172/apb.2021.079,7,"[""ORG-0015"",""ORG-0067"",""ORG-0968"",""ORG-0970"",""ORG-1288"",""ORG-1738"",""ORG-1866""]"
5546,10.1371/journal.pone.0208646,4,"[""ORG-0987"",""ORG-1047"",""ORG-1866"",""ORG-2260""]"
5553,10.1186/1471-2229-8-47,4,"[""ORG-0362"",""ORG-1047"",""ORG-1569"",""ORG-1868""]"
5560,10.1186/s12879-018-3544-4,3,"[""ORG-0680"",""ORG-1414"",""ORG-1569""]"
5563,10.3390/v13112288,6,"[""ORG-0987"",""ORG-1569"",""ORG-1773"",""ORG-1822"",""ORG-1866"",""ORG-1948""]"
5577,10.3390/ijms222212439,2,"[""ORG-0720"",""ORG-1246""]"
5579,10.3390/v7122935,7,"[""ORG-0187"",""ORG-0206"",""ORG-0680"",""ORG-1246"",""ORG-1569"",""ORG-1843"",""ORG-2306""]"
5586,10.1186/s12870-021-03331-9,5,"[""ORG-0987"",""ORG-1569"",""ORG-1738"",""ORG-1866"",""ORG-1979""]"
5588,10.1038/s41586-021-04143-5,1,"[""ORG-0887""]"
5591,10.1186/s12917-021-03054-x,2,"[""ORG-1446"",""ORG-2306""]"
5596,10.1016/j.dci.2018.12.002,7,"[""ORG-0506"",""ORG-0897"",""ORG-0963"",""ORG-1178"",""ORG-1182"",""ORG-1200"",""ORG-1851""]"
5606,10.1093/nar/gkn096,1,"[""ORG-1905""]"
5612,10.1016/j.vaccine.2015.10.127,1,"[""ORG-2155""]"
5614,10.1128/JVI.01969-18,5,"[""ORG-0171"",""ORG-1900"",""ORG-1905"",""ORG-1952"",""ORG-2171""]"
5620,10.3390/v13102010,3,"[""ORG-0522"",""ORG-0525"",""ORG-1783""]"
5624,10.3390/v13101985,5,"[""ORG-1218"",""ORG-1231"",""ORG-1361"",""ORG-1900"",""ORG-2147""]"
5630,10.1371/journal.pone.0040118,6,"[""ORG-0171"",""ORG-0334"",""ORG-0471"",""ORG-0836"",""ORG-2163"",""ORG-2171""]"
5631,10.3201/eid1310.061262,4,"[""ORG-0571"",""ORG-0866"",""ORG-1797"",""ORG-1952""]"
5639,10.1371/journal.ppat.0040013,5,"[""ORG-0013"",""ORG-0753"",""ORG-0895"",""ORG-0974"",""ORG-1866""]"
5643,10.1186/s12870-015-0639-6,4,"[""ORG-0683"",""ORG-1569"",""ORG-1732"",""ORG-1866""]"
5645,10.1186/1471-2180-12-131,5,"[""ORG-0691"",""ORG-0887"",""ORG-1545"",""ORG-1877"",""ORG-1941""]"
5649,10.3389/fpls.2021.732608,7,"[""ORG-0267"",""ORG-1675"",""ORG-1844"",""ORG-1897"",""ORG-1961"",""ORG-2304"",""ORG-2306""]"
5652,10.1016/j.pbi.2021.102119,1,"[""ORG-1569""]"
5657,10.1093/infdis/jiy629,3,"[""ORG-1569"",""ORG-1881"",""ORG-1900""]"
5658,10.3791/3487,2,"[""ORG-0736"",""ORG-1921""]"
5661,10.3390/ijms221910395,1,"[""ORG-1797""]"
5662,10.1038/srep15084,1,"[""ORG-1569""]"
5665,10.1111/j.1750-2659.2012.00392.x,5,"[""ORG-0015"",""ORG-0970"",""ORG-1414"",""ORG-1569"",""ORG-2171""]"
5669,10.1186/s12929-021-00764-0,12,"[""ORG-0015"",""ORG-0317"",""ORG-0880"",""ORG-0895"",""ORG-0897"",""ORG-0962"",""ORG-0968"",""ORG-1254"",""ORG-1263"",""ORG-1579"",""ORG-1860"",""ORG-1866""]"
5682,10.1093/bioinformatics/btab679,8,"[""ORG-0082"",""ORG-0421"",""ORG-0728"",""ORG-0978"",""ORG-1569"",""ORG-1800"",""ORG-1822"",""ORG-1864""]"
5686,10.1534/g3.115.021709,5,"[""ORG-1088"",""ORG-1910"",""ORG-1931"",""ORG-1934"",""ORG-2193""]"
5695,10.1186/1297-9716-43-48,6,"[""ORG-0015"",""ORG-0292"",""ORG-0421"",""ORG-1797"",""ORG-1811"",""ORG-1900""]"
5696,10.3390/v13091791,4,"[""ORG-0455"",""ORG-1232"",""ORG-1569"",""ORG-1667""]"
5702,10.1371/journal.pone.0138650,5,"[""ORG-1585"",""ORG-1806"",""ORG-1935"",""ORG-1952"",""ORG-2306""]"
5704,10.1371/journal.pone.0138951,13,"[""ORG-0171"",""ORG-0304"",""ORG-0719"",""ORG-0967"",""ORG-1135"",""ORG-1511"",""ORG-1846"",""ORG-1900"",""ORG-1901"",""ORG-2141"",""ORG-2157"",""ORG-2163"",""ORG-2306""]"
5709,10.1128/JVI.01174-21,8,"[""ORG-0015"",""ORG-0312"",""ORG-0880"",""ORG-0968"",""ORG-1047"",""ORG-1288"",""ORG-2141"",""ORG-2163""]"
5716,10.1186/s13071-015-1063-3,7,"[""ORG-1119"",""ORG-1254"",""ORG-1361"",""ORG-1857"",""ORG-1867"",""ORG-1936"",""ORG-2163""]"
5718,10.1186/2045-3701-2-18,2,"[""ORG-0385"",""ORG-1569""]"
5720,10.1186/s12870-015-0599-x,2,"[""ORG-1047"",""ORG-1811""]"
5728,10.1155/2012/493945,1,"[""ORG-1569""]"
5729,10.1080/22221751.2021.1977590,6,"[""ORG-0312"",""ORG-0601"",""ORG-0643"",""ORG-0665"",""ORG-1866"",""ORG-1905""]"
5730,10.3390/v10090467,2,"[""ORG-1639"",""ORG-1702""]"
5735,10.3390/ijms22179291,2,"[""ORG-1569"",""ORG-2306""]"
5737,10.1371/journal.pone.0135584,3,"[""ORG-0808"",""ORG-1844"",""ORG-1979""]"
5742,10.1155/2018/7278459,8,"[""ORG-0723"",""ORG-1218"",""ORG-1231"",""ORG-1461"",""ORG-1847"",""ORG-1874"",""ORG-1905"",""ORG-1979""]"
5751,10.3389/fmicb.2021.709010,6,"[""ORG-0015"",""ORG-0968"",""ORG-1338"",""ORG-1414"",""ORG-1860"",""ORG-2306""]"
5757,10.1007/978-1-4939-8588-3_21,6,"[""ORG-0312"",""ORG-0753"",""ORG-1511"",""ORG-1923"",""ORG-2105"",""ORG-2171""]"
5771,10.1111/j.1750-2659.2007.00033.x,3,"[""ORG-0171"",""ORG-1569"",""ORG-2306""]"
5772,10.2217/fvl.15.31,6,"[""ORG-0015"",""ORG-0968"",""ORG-0970"",""ORG-2167"",""ORG-2170"",""ORG-2171""]"
5775,10.1590/0074-02760150074,5,"[""ORG-0267"",""ORG-0808"",""ORG-1205"",""ORG-1569"",""ORG-1936""]"
5778,10.1002/hep.32100,6,"[""ORG-0987"",""ORG-1325"",""ORG-1414"",""ORG-1582"",""ORG-1586"",""ORG-1853""]"
5785,10.3390/v13071349,2,"[""ORG-0987"",""ORG-2260""]"
5790,10.1186/s12864-021-07877-8,6,"[""ORG-0666"",""ORG-0723"",""ORG-1047"",""ORG-1368"",""ORG-1569"",""ORG-1844""]"
5796,10.1016/j.virol.2015.06.016,6,"[""ORG-0753"",""ORG-1254"",""ORG-1675"",""ORG-1905"",""ORG-2141"",""ORG-2260""]"
5798,10.1371/journal.pone.0031839,7,"[""ORG-0836"",""ORG-0938"",""ORG-0947"",""ORG-0970"",""ORG-1263"",""ORG-1797"",""ORG-2163""]"
5802,10.1371/journal.pgen.1007494,4,"[""ORG-0188"",""ORG-0683"",""ORG-0962"",""ORG-1023""]"
5813,10.3390/v10070368,8,"[""ORG-0596"",""ORG-0680"",""ORG-1569"",""ORG-1903"",""ORG-1931"",""ORG-2157"",""ORG-2171"",""ORG-2340""]"
5822,10.1371/journal.pone.0199494,7,"[""ORG-0312"",""ORG-1007"",""ORG-1569"",""ORG-1586"",""ORG-1890"",""ORG-1934"",""ORG-2141""]"
5825,10.1371/journal.pone.0130231,3,"[""ORG-0728"",""ORG-1569"",""ORG-1877""]"
5826,10.3390/v13061047,11,"[""ORG-0101"",""ORG-0640"",""ORG-0641"",""ORG-0643"",""ORG-1241"",""ORG-1569"",""ORG-1586"",""ORG-1672"",""ORG-1829"",""ORG-1898"",""ORG-2170""]"
5829,10.3390/v13071255,2,"[""ORG-0244"",""ORG-2306""]"
5834,10.3390/molecules26113476,3,"[""ORG-0683"",""ORG-0951"",""ORG-1418""]"
5838,10.1128/mSphere.00118-21,4,"[""ORG-0683"",""ORG-0897"",""ORG-1569"",""ORG-1909""]"
5839,10.1186/1741-7007-10-5,4,"[""ORG-1243"",""ORG-1464"",""ORG-1569"",""ORG-1844""]"
5841,10.1128/JVI.01052-15,8,"[""ORG-0015"",""ORG-0433"",""ORG-1230"",""ORG-1667"",""ORG-1709"",""ORG-1948"",""ORG-2163"",""ORG-2176""]"
5842,10.1038/s41586-021-03624-x,1,"[""ORG-1986""]"
5852,10.1099/vir.0.000209,5,"[""ORG-0267"",""ORG-1254"",""ORG-1569"",""ORG-1856"",""ORG-2105""]"
5854,10.1371/journal.pone.0028568,4,"[""ORG-0399"",""ORG-1374"",""ORG-1569"",""ORG-1986""]"
5862,10.1093/jxb/erv238,3,"[""ORG-1361"",""ORG-1569"",""ORG-2306""]"
5867,10.3390/genes3030391,1,"[""ORG-1569""]"
5874,10.1016/j.virol.2015.04.020,1,"[""ORG-2306""]"
5875,10.1111/j.1750-2659.2007.00015.x,3,"[""ORG-0620"",""ORG-1569"",""ORG-2260""]"
5879,10.1021/acs.jmedchem.1c00758,5,"[""ORG-0244"",""ORG-0601"",""ORG-0643"",""ORG-1569"",""ORG-2147""]"
5880,10.1016/j.virusres.2018.04.013,8,"[""ORG-0455"",""ORG-0878"",""ORG-1534"",""ORG-1702"",""ORG-1806"",""ORG-1848"",""ORG-1900"",""ORG-1970""]"
5881,10.1371/journal.ppat.1002413,10,"[""ORG-0015"",""ORG-0312"",""ORG-0938"",""ORG-0963"",""ORG-1361"",""ORG-1586"",""ORG-1797"",""ORG-1798"",""ORG-1812"",""ORG-2163""]"
5886,10.1038/ncomms8106,3,"[""ORG-0728"",""ORG-1569"",""ORG-1809""]"
5895,10.1111/j.1469-8137.2011.04005.x,2,"[""ORG-1569"",""ORG-1909""]"
5897,10.3390/plants10050999,2,"[""ORG-1232"",""ORG-1844""]"
5901,10.1128/JVI.00259-18,8,"[""ORG-0015"",""ORG-0455"",""ORG-0652"",""ORG-0968"",""ORG-0974"",""ORG-1859"",""ORG-1921"",""ORG-2260""]"
5904,10.1371/journal.ppat.1004879,13,"[""ORG-0015"",""ORG-0227"",""ORG-0293"",""ORG-0427"",""ORG-0428"",""ORG-0471"",""ORG-1246"",""ORG-1254"",""ORG-1414"",""ORG-1569"",""ORG-1797"",""ORG-1867"",""ORG-1922""]"
5905,10.3390/vaccines9050449,4,"[""ORG-0267"",""ORG-0503"",""ORG-1702"",""ORG-1914""]"
5907,10.1016/j.vaccine.2011.11.046,4,"[""ORG-0067"",""ORG-1221"",""ORG-1368"",""ORG-2157""]"
5919,10.1038/s41426-018-0053-x,3,"[""ORG-0897"",""ORG-1569"",""ORG-2331""]"
5920,10.1186/s12985-018-0964-0,10,"[""ORG-0014"",""ORG-0786"",""ORG-1234"",""ORG-1248"",""ORG-1538"",""ORG-1900"",""ORG-1952"",""ORG-2163"",""ORG-2170"",""ORG-2306""]"
5921,10.1016/j.virol.2015.03.051,3,"[""ORG-1361"",""ORG-1897"",""ORG-1979""]"
5923,10.1186/s12870-015-0483-8,7,"[""ORG-0317"",""ORG-0974"",""ORG-1177"",""ORG-1221"",""ORG-1569"",""ORG-1881"",""ORG-1983""]"
5925,10.1186/s12934-021-01586-3,3,"[""ORG-1189"",""ORG-1569"",""ORG-1913""]"
5954,10.3390/v13040632,5,"[""ORG-1119"",""ORG-1249"",""ORG-1325"",""ORG-2032"",""ORG-2163""]"
5959,10.1038/nmeth.1742,5,"[""ORG-0596"",""ORG-0728"",""ORG-0829"",""ORG-1569"",""ORG-1826""]"
5961,10.1007/s10162-021-00798-z,3,"[""ORG-1569"",""ORG-1846"",""ORG-1932""]"
5967,10.1371/journal.pone.0193538,4,"[""ORG-1315"",""ORG-1404"",""ORG-1569"",""ORG-1797""]"
5975,10.1371/journal.pone.0000104,4,"[""ORG-0435"",""ORG-0680"",""ORG-0728"",""ORG-1569""]"
5977,10.1016/j.virusres.2011.09.038,1,"[""ORG-1421""]"
5988,10.1371/journal.pmed.0030525,9,"[""ORG-0320"",""ORG-0869"",""ORG-0963"",""ORG-1089"",""ORG-1600"",""ORG-1809"",""ORG-1844"",""ORG-1890"",""ORG-1948""]"
5993,10.1158/1535-7163.MCT-14-0913,4,"[""ORG-0559"",""ORG-1218"",""ORG-1231"",""ORG-2306""]"
5994,10.3390/biomedicines9040363,6,"[""ORG-0133"",""ORG-1232"",""ORG-1459"",""ORG-1569"",""ORG-1990"",""ORG-1991""]"
5998,10.1371/journal.pone.0193069,11,"[""ORG-0409"",""ORG-1007"",""ORG-1246"",""ORG-1361"",""ORG-1569"",""ORG-1586"",""ORG-1744"",""ORG-1906"",""ORG-1921"",""ORG-2141"",""ORG-2306""]"
6003,10.3390/ijms22073472,7,"[""ORG-0429"",""ORG-0700"",""ORG-1446"",""ORG-1569"",""ORG-1812"",""ORG-1846"",""ORG-1956""]"
6006,10.1371/journal.pgen.0020193,8,"[""ORG-0694"",""ORG-0728"",""ORG-0897"",""ORG-1047"",""ORG-1121"",""ORG-1569"",""ORG-1844"",""ORG-1917""]"
6012,10.3389/fmicb.2021.631346,7,"[""ORG-0015"",""ORG-0363"",""ORG-0364"",""ORG-0880"",""ORG-0963"",""ORG-0968"",""ORG-1538""]"
6014,10.1371/journal.pone.0247864,5,"[""ORG-0728"",""ORG-1569"",""ORG-1848"",""ORG-2193"",""ORG-2260""]"
6015,10.1016/j.chom.2015.01.014,4,"[""ORG-0421"",""ORG-0728"",""ORG-0808"",""ORG-1047""]"
6022,10.3390/v13020289,5,"[""ORG-1511"",""ORG-1781"",""ORG-1900"",""ORG-1901"",""ORG-1924""]"
6023,10.1016/j.virol.2018.01.005,5,"[""ORG-0970"",""ORG-1135"",""ORG-1569"",""ORG-1910"",""ORG-2306""]"
6032,10.1534/g3.117.300357,4,"[""ORG-0421"",""ORG-0829"",""ORG-1368"",""ORG-2306""]"
6033,10.1073/pnas.2022562118,3,"[""ORG-0317"",""ORG-0435"",""ORG-1881""]"
6038,10.1007/s13353-011-0061-1,6,"[""ORG-0808"",""ORG-0978"",""ORG-1047"",""ORG-1405"",""ORG-1569"",""ORG-1851""]"
6047,10.3389/fpls.2014.00804,3,"[""ORG-1833"",""ORG-1881"",""ORG-1970""]"
6054,10.1093/g3journal/jkaa058,2,"[""ORG-1569"",""ORG-1583""]"
6056,10.1371/journal.ppat.1006758,3,"[""ORG-1019"",""ORG-1582"",""ORG-1586""]"
6066,10.1007/s11262-020-01822-9,2,"[""ORG-0970"",""ORG-2167""]"
6076,10.1016/j.ceb.2006.08.008,1,"[""ORG-1956""]"
6080,10.1038/s41598-017-17355-5,1,"[""ORG-0464""]"
6087,10.1111/gbb.12441,2,"[""ORG-1948"",""ORG-2244""]"
6094,10.1093/jxb/erx398,3,"[""ORG-0683"",""ORG-0728"",""ORG-1569""]"
6096,10.1016/j.ymeth.2011.07.002,10,"[""ORG-0619"",""ORG-0636"",""ORG-0938"",""ORG-0970"",""ORG-1402"",""ORG-1569"",""ORG-1618"",""ORG-1934"",""ORG-2139"",""ORG-2147""]"
6102,10.1371/journal.ppat.0020073,11,"[""ORG-0522"",""ORG-0525"",""ORG-0897"",""ORG-1783"",""ORG-1800"",""ORG-1877"",""ORG-1879"",""ORG-1902"",""ORG-1948"",""ORG-2147"",""ORG-2306""]"
6103,10.1111/pbi.13544,6,"[""ORG-0429"",""ORG-0431"",""ORG-0700"",""ORG-1238"",""ORG-1569"",""ORG-1876""]"
6107,10.1002/acn3.444,2,"[""ORG-0360"",""ORG-0869""]"
6111,10.1128/JVI.01784-17,11,"[""ORG-0503"",""ORG-0753"",""ORG-0987"",""ORG-1205"",""ORG-1439"",""ORG-1586"",""ORG-1932"",""ORG-2141"",""ORG-2163"",""ORG-2182"",""ORG-2260""]"
6117,10.1186/s12870-017-1146-8,6,"[""ORG-1361"",""ORG-1844"",""ORG-1864"",""ORG-1890"",""ORG-1961"",""ORG-1986""]"
6122,10.1016/j.conb.2017.10.017,1,"[""ORG-1846""]"
6130,10.1186/1743-422X-8-321,2,"[""ORG-0171"",""ORG-0970""]"
6131,10.3390/v12121459,8,"[""ORG-0362"",""ORG-1225"",""ORG-1226"",""ORG-1228"",""ORG-1413"",""ORG-1586"",""ORG-1672"",""ORG-1922""]"
6142,10.1186/s12870-014-0333-0,2,"[""ORG-0728"",""ORG-1569""]"
6143,10.1016/j.virol.2011.05.003,4,"[""ORG-0015"",""ORG-0899"",""ORG-1325"",""ORG-2306""]"
6146,10.1186/1746-4811-7-16,7,"[""ORG-0974"",""ORG-1809"",""ORG-1819"",""ORG-1831"",""ORG-1867"",""ORG-1934"",""ORG-2157""]"
6147,10.3389/fmicb.2020.596245,7,"[""ORG-0312"",""ORG-0809"",""ORG-0810"",""ORG-1019"",""ORG-1569"",""ORG-2140"",""ORG-2163""]"
6149,10.1038/s41586-020-3002-5,4,"[""ORG-0596"",""ORG-1243"",""ORG-1890"",""ORG-1913""]"
6150,10.1038/s41598-017-14522-6,3,"[""ORG-1246"",""ORG-1569"",""ORG-1979""]"
6155,10.3389/fmicb.2020.581856,9,"[""ORG-0565"",""ORG-0723"",""ORG-1254"",""ORG-1414"",""ORG-1511"",""ORG-1732"",""ORG-1847"",""ORG-2163"",""ORG-2306""]"
6157,10.1016/j.tim.2014.10.001,4,"[""ORG-0312"",""ORG-1569"",""ORG-1857"",""ORG-2160""]"
6159,10.3390/ani10122264,5,"[""ORG-0503"",""ORG-1221"",""ORG-1413"",""ORG-1881"",""ORG-1905""]"
6161,10.1007/978-1-4939-6981-4_19,5,"[""ORG-1538"",""ORG-1569"",""ORG-1622"",""ORG-1868"",""ORG-1913""]"
6167,10.1186/1471-2229-11-81,2,"[""ORG-1361"",""ORG-1896""]"
6171,10.1242/dmm.000901,2,"[""ORG-1421"",""ORG-1569""]"
6195,10.1016/j.virusres.2011.03.022,2,"[""ORG-0970"",""ORG-2306""]"
6200,10.1038/s41598-020-75042-4,4,"[""ORG-0057"",""ORG-0058"",""ORG-0464"",""ORG-1644""]"
6203,10.1099/vir.0.071365-0,5,"[""ORG-0312"",""ORG-1545"",""ORG-1897"",""ORG-1905"",""ORG-1934""]"
6221,10.1186/s12870-017-1098-z,4,"[""ORG-1569"",""ORG-1868"",""ORG-2260"",""ORG-2306""]"
6222,10.1016/j.virusres.2020.198193,7,"[""ORG-0363"",""ORG-1402"",""ORG-1569"",""ORG-2163"",""ORG-2179"",""ORG-2183"",""ORG-2306""]"
6231,10.1016/j.celrep.2017.08.040,3,"[""ORG-0293"",""ORG-0427"",""ORG-0428""]"
6234,10.1007/s12250-011-3145-x,3,"[""ORG-1249"",""ORG-1781"",""ORG-1900""]"
6235,10.1093/nar/gkj012,5,"[""ORG-0978"",""ORG-1569"",""ORG-1864"",""ORG-1909"",""ORG-2304""]"
6243,10.4142/jvs.2017.18.S1.307,9,"[""ORG-0817"",""ORG-0880"",""ORG-0970"",""ORG-1511"",""ORG-1569"",""ORG-1851"",""ORG-1905"",""ORG-2171"",""ORG-2306""]"
6245,10.1128/mBio.01704-14,6,"[""ORG-0719"",""ORG-1094"",""ORG-1511"",""ORG-1644"",""ORG-1985"",""ORG-2306""]"
6247,10.1099/vir.0.029264-0,4,"[""ORG-0503"",""ORG-1225"",""ORG-1254"",""ORG-1586""]"
6248,10.3390/genes11101159,5,"[""ORG-0429"",""ORG-0431"",""ORG-1569"",""ORG-1783"",""ORG-1932""]"
6254,10.1038/s41598-017-09965-w,5,"[""ORG-0773"",""ORG-1325"",""ORG-1856"",""ORG-1868"",""ORG-2306""]"
6262,10.3389/fmicb.2020.02100,2,"[""ORG-1900"",""ORG-2147""]"
6270,10.1128/JVI.00800-17,12,"[""ORG-0173"",""ORG-0457"",""ORG-0599"",""ORG-0602"",""ORG-0754"",""ORG-0755"",""ORG-0866"",""ORG-0970"",""ORG-1846"",""ORG-1931"",""ORG-2170"",""ORG-2183""]"
6272,10.1038/s41598-020-72489-3,2,"[""ORG-1846"",""ORG-2260""]"
6286,10.1371/journal.pone.0105081,9,"[""ORG-0015"",""ORG-0833"",""ORG-0919"",""ORG-0968"",""ORG-0970"",""ORG-1263"",""ORG-2147"",""ORG-2163"",""ORG-2306""]"
6287,10.1016/j.heliyon.2020.e04715,4,"[""ORG-0188"",""ORG-0356"",""ORG-0887"",""ORG-1228""]"
6290,10.3389/fgene.2020.00801,3,"[""ORG-0014"",""ORG-1797"",""ORG-1876""]"
6294,10.1128/JVI.01202-17,9,"[""ORG-0171"",""ORG-0542"",""ORG-0803"",""ORG-0809"",""ORG-0810"",""ORG-0970"",""ORG-1095"",""ORG-1230"",""ORG-1969""]"
6300,10.1080/21645698.2020.1808423,9,"[""ORG-0429"",""ORG-0557"",""ORG-0585"",""ORG-1569"",""ORG-1797"",""ORG-1846"",""ORG-1890"",""ORG-1934"",""ORG-1986""]"
6301,10.1038/s41598-017-07535-8,2,"[""ORG-1746"",""ORG-1848""]"
6305,10.1186/s13071-017-2308-0,1,"[""ORG-1986""]"
6306,10.1371/journal.pntd.0008627,6,"[""ORG-0361"",""ORG-0429"",""ORG-1534"",""ORG-1569"",""ORG-1775"",""ORG-1857""]"
6313,10.1155/2011/412829,7,"[""ORG-0182"",""ORG-0680"",""ORG-1135"",""ORG-1246"",""ORG-1248"",""ORG-2140"",""ORG-2306""]"
6314,10.3390/v12090920,5,"[""ORG-0171"",""ORG-0970"",""ORG-1129"",""ORG-1353"",""ORG-1921""]"
6327,10.1080/21505594.2020.1809328,4,"[""ORG-0754"",""ORG-0755"",""ORG-1048"",""ORG-1867""]"
6336,10.3390/v12080847,8,"[""ORG-0409"",""ORG-0500"",""ORG-1461"",""ORG-1490"",""ORG-1569"",""ORG-1934"",""ORG-2140"",""ORG-2306""]"
6337,10.1371/journal.pone.0180658,3,"[""ORG-0836"",""ORG-1829"",""ORG-1958""]"
6340,10.1186/s13568-014-0043-x,4,"[""ORG-0072"",""ORG-0683"",""ORG-1238"",""ORG-1569""]"
6349,10.1016/j.virusres.2014.05.026,7,"[""ORG-0188"",""ORG-1225"",""ORG-1402"",""ORG-1569"",""ORG-1586"",""ORG-1913"",""ORG-1934""]"
6363,10.1016/j.coviro.2020.06.003,1,"[""ORG-1569""]"
6365,10.1371/journal.ppat.1008677,7,"[""ORG-0680"",""ORG-0963"",""ORG-1569"",""ORG-1897"",""ORG-2141"",""ORG-2147"",""ORG-2171""]"
6372,10.1021/acssensors.3c00239,7,"[""ORG-0285"",""ORG-0313"",""ORG-0429"",""ORG-0471"",""ORG-1246"",""ORG-1361"",""ORG-2167""]"
6373,10.1186/1471-2164-4-9,3,"[""ORG-0182"",""ORG-1846"",""ORG-1885""]"
6375,10.1038/mt.2008.167,11,"[""ORG-0020"",""ORG-0046"",""ORG-0047"",""ORG-0243"",""ORG-0334"",""ORG-0421"",""ORG-0539"",""ORG-1315"",""ORG-1432"",""ORG-1773"",""ORG-2167""]"
6377,10.1186/s12985-014-0228-6,8,"[""ORG-0015"",""ORG-0503"",""ORG-0836"",""ORG-0880"",""ORG-0968"",""ORG-0987"",""ORG-1241"",""ORG-1866""]"
6379,10.1002/jgm.1242,2,"[""ORG-0046"",""ORG-0047""]"
6382,10.1093/jisesa/ieu092,3,"[""ORG-1095"",""ORG-1958"",""ORG-1969""]"
6385,10.1007/s00122-008-0848-6,2,"[""ORG-0680"",""ORG-1903""]"
6388,10.1371/journal.pgen.1000132,5,"[""ORG-0317"",""ORG-0719"",""ORG-0728"",""ORG-2057"",""ORG-2058""]"
6391,10.1128/msphere.00662-22,3,"[""ORG-0869"",""ORG-1847"",""ORG-1948""]"
6400,10.1371/journal.pone.0108627,9,"[""ORG-0051"",""ORG-0052"",""ORG-0833"",""ORG-1020"",""ORG-1238"",""ORG-1464"",""ORG-1905"",""ORG-2141"",""ORG-2156""]"
6410,10.1021/bm501166j,7,"[""ORG-0310"",""ORG-1095"",""ORG-1744"",""ORG-1748"",""ORG-1934"",""ORG-1986"",""ORG-2058""]"
6413,10.1186/1471-2199-4-1,4,"[""ORG-0503"",""ORG-0596"",""ORG-1672"",""ORG-1905""]"
6416,10.3390/vaccines10122156,2,"[""ORG-1248"",""ORG-1273""]"
6423,10.1016/j.jconrel.2014.06.060,5,"[""ORG-0539"",""ORG-1246"",""ORG-1421"",""ORG-2162"",""ORG-2172""]"
6428,10.3390/e24111511,1,"[""ORG-1936""]"
6431,10.1016/S1473-3099(22)00596-5,4,"[""ORG-0559"",""ORG-0806"",""ORG-1872"",""ORG-2306""]"
6447,10.1530/EJE-21-0797,3,"[""ORG-0777"",""ORG-1233"",""ORG-1374""]"
6450,10.1038/s41598-022-15378-1,5,"[""ORG-0545"",""ORG-0602"",""ORG-1361"",""ORG-1593"",""ORG-1956""]"
6451,10.3390/v14061225,8,"[""ORG-0334"",""ORG-0435"",""ORG-1421"",""ORG-1493"",""ORG-1702"",""ORG-1905"",""ORG-2161"",""ORG-2306""]"
6452,10.3390/plants11121591,4,"[""ORG-0808"",""ORG-0963"",""ORG-1361"",""ORG-1936""]"
6459,10.3390/cancers14081925,6,"[""ORG-0897"",""ORG-1257"",""ORG-1669"",""ORG-1773"",""ORG-1844"",""ORG-2058""]"
6460,10.3390/molecules27061753,2,"[""ORG-1130"",""ORG-1856""]"
6461,10.1016/j.crmeth.2022.100181,8,"[""ORG-1230"",""ORG-1252"",""ORG-1254"",""ORG-1480"",""ORG-1610"",""ORG-1702"",""ORG-1898"",""ORG-2162""]"
6464,10.1177/10760296211056648,3,"[""ORG-1702"",""ORG-1847"",""ORG-1934""]"
6466,10.1155/2022/4352730,6,"[""ORG-0385"",""ORG-1503"",""ORG-1797"",""ORG-1902"",""ORG-1956"",""ORG-2193""]"
6467,10.3390/vaccines10010100,5,"[""ORG-0683"",""ORG-1119"",""ORG-1461"",""ORG-1925"",""ORG-1934""]"
6468,10.3390/v5102561,7,"[""ORG-0046"",""ORG-0047"",""ORG-0188"",""ORG-0319"",""ORG-1827"",""ORG-2058"",""ORG-2170""]"
6472,10.3390/cells11010008,6,"[""ORG-0293"",""ORG-0427"",""ORG-0428"",""ORG-1146"",""ORG-1147"",""ORG-1958""]"
6473,10.1371/journal.pone.0075574,4,"[""ORG-0963"",""ORG-1468"",""ORG-1934"",""ORG-2115""]"
6474,10.3390/biomedicines9121876,2,"[""ORG-0545"",""ORG-1505""]"
6477,10.1002/cpz1.316,5,"[""ORG-1797"",""ORG-1844"",""ORG-1864"",""ORG-1890"",""ORG-2138""]"
6478,10.1186/1471-2164-8-313,3,"[""ORG-0182"",""ORG-0946"",""ORG-1859""]"
6482,10.1038/s41541-021-00410-8,5,"[""ORG-0565"",""ORG-0680"",""ORG-1196"",""ORG-1702"",""ORG-2164""]"
6483,10.1371/journal.ppat.1003587,6,"[""ORG-0825"",""ORG-1536"",""ORG-1678"",""ORG-1798"",""ORG-1934"",""ORG-2163""]"
6484,10.1111/j.1582-4934.2007.00059.x,3,"[""ORG-0989"",""ORG-2135"",""ORG-2144""]"
6487,10.3390/v13112290,8,"[""ORG-0015"",""ORG-0680"",""ORG-0869"",""ORG-1089"",""ORG-1230"",""ORG-1910"",""ORG-1934"",""ORG-2163""]"
6498,10.3389/fnana.2021.726718,2,"[""ORG-0362"",""ORG-2260""]"
6506,10.3390/v13061079,3,"[""ORG-0559"",""ORG-1047"",""ORG-1797""]"
6507,10.1016/j.jviromet.2021.114221,2,"[""ORG-1330"",""ORG-1534""]"
6509,10.1186/1743-422X-10-124,6,"[""ORG-0559"",""ORG-0666"",""ORG-1409"",""ORG-1802"",""ORG-1897"",""ORG-1936""]"
6516,10.1038/s41598-021-90764-9,5,"[""ORG-0619"",""ORG-0754"",""ORG-0755"",""ORG-1856"",""ORG-2248""]"
6517,10.3389/fpls.2021.644437,5,"[""ORG-0429"",""ORG-0743"",""ORG-1361"",""ORG-1844"",""ORG-1909""]"
6521,10.3390/v13040660,3,"[""ORG-1534"",""ORG-1603"",""ORG-1797""]"
6523,10.1016/j.virol.2021.03.014,5,"[""ORG-0836"",""ORG-1418"",""ORG-1536"",""ORG-1846"",""ORG-1905""]"
6526,10.3390/v13040572,7,"[""ORG-0268"",""ORG-0471"",""ORG-0559"",""ORG-1421"",""ORG-1815"",""ORG-2157"",""ORG-2167""]"
6529,10.3390/life11030181,3,"[""ORG-0057"",""ORG-0058"",""ORG-1948""]"
6530,10.1111/adb.13005,1,"[""ORG-2260""]"
6531,10.3389/fpls.2013.00005,3,"[""ORG-0987"",""ORG-2160"",""ORG-2306""]"
6536,10.3390/v13010101,5,"[""ORG-0020"",""ORG-0046"",""ORG-0047"",""ORG-1813"",""ORG-1983""]"
6544,10.1128/JVI.01786-20,4,"[""ORG-0836"",""ORG-1415"",""ORG-1831"",""ORG-1986""]"
6545,10.1016/j.vaccine.2006.11.049,9,"[""ORG-0243"",""ORG-0433"",""ORG-0545"",""ORG-1230"",""ORG-1797"",""ORG-2147"",""ORG-2162"",""ORG-2172"",""ORG-2306""]"
6548,10.1038/sj.mt.6300053,8,"[""ORG-0020"",""ORG-0022"",""ORG-0046"",""ORG-0047"",""ORG-0974"",""ORG-1119"",""ORG-1797"",""ORG-2139""]"
6549,10.3390/v4123665,2,"[""ORG-0887"",""ORG-1667""]"
6557,10.1016/j.omtm.2020.09.009,4,"[""ORG-0020"",""ORG-0046"",""ORG-0047"",""ORG-1315""]"
6561,10.1371/journal.pntd.0008683,6,"[""ORG-0206"",""ORG-1812"",""ORG-1887"",""ORG-1897"",""ORG-1990"",""ORG-2163""]"
6562,10.3389/fnmol.2020.00168,5,"[""ORG-0429"",""ORG-1095"",""ORG-1614"",""ORG-1934"",""ORG-2108""]"
6565,10.3390/pharmaceutics12100930,4,"[""ORG-0082"",""ORG-1678"",""ORG-1931"",""ORG-1970""]"
6569,10.1016/j.omtm.2020.08.006,6,"[""ORG-0020"",""ORG-0046"",""ORG-0047"",""ORG-0155"",""ORG-1851"",""ORG-1874""]"
6571,10.1016/j.coviro.2020.07.012,2,"[""ORG-1775"",""ORG-1956""]"
6572,10.3389/fpls.2020.01092,5,"[""ORG-0015"",""ORG-0980"",""ORG-1797"",""ORG-1846"",""ORG-1917""]"
6577,10.2174/1389202920666191129112705,1,"[""ORG-1238""]"
6579,10.1111/cpr.12856,2,"[""ORG-1238"",""ORG-1361""]"
6582,10.1080/10717544.2020.1787556,2,"[""ORG-0214"",""ORG-1257""]"
6591,10.3390/v12050493,2,"[""ORG-1361"",""ORG-1890""]"
6592,10.1007/s00403-012-1276-7,3,"[""ORG-1361"",""ORG-1593"",""ORG-1890""]"
6593,10.3389/fbioe.2020.00199,3,"[""ORG-0596"",""ORG-1221"",""ORG-1603""]"
6602,10.1186/s12935-020-1155-9,5,"[""ORG-0506"",""ORG-1361"",""ORG-1800"",""ORG-1986"",""ORG-2260""]"
6611,10.1038/s41467-019-13939-z,5,"[""ORG-0302"",""ORG-1089"",""ORG-1476"",""ORG-1969"",""ORG-2058""]"
6612,10.7717/peerj.8359,9,"[""ORG-0015"",""ORG-0728"",""ORG-0887"",""ORG-1226"",""ORG-1325"",""ORG-1672"",""ORG-1822"",""ORG-1921"",""ORG-1986""]"
6616,10.3390/v12010070,1,"[""ORG-1934""]"
6632,10.1007/978-1-61779-564-0_9,3,"[""ORG-0545"",""ORG-1405"",""ORG-1900""]"
6633,10.3389/fnmol.2019.00201,4,"[""ORG-0022"",""ORG-0315"",""ORG-0317"",""ORG-1934""]"
6639,10.1371/journal.pone.0029110,7,"[""ORG-0317"",""ORG-1089"",""ORG-1095"",""ORG-1257"",""ORG-1797"",""ORG-1934"",""ORG-1993""]"
6640,10.1523/ENEURO.0161-19.2019,1,"[""ORG-1421""]"
6644,10.1186/1472-6882-11-112,5,"[""ORG-0507"",""ORG-0825"",""ORG-0861"",""ORG-1410"",""ORG-1797""]"
6645,10.3390/v11060546,2,"[""ORG-1503"",""ORG-1866""]"
6648,10.1371/journal.pone.0026381,5,"[""ORG-0317"",""ORG-0457"",""ORG-0585"",""ORG-1843"",""ORG-1917""]"
6649,10.1371/journal.pntd.0007429,7,"[""ORG-0057"",""ORG-0332"",""ORG-1583"",""ORG-1744"",""ORG-1936"",""ORG-2141"",""ORG-2163""]"
6652,10.1371/journal.ppat.1002297,14,"[""ORG-0421"",""ORG-0560"",""ORG-0701"",""ORG-0728"",""ORG-0833"",""ORG-0987"",""ORG-1039"",""ORG-1135"",""ORG-1330"",""ORG-1418"",""ORG-1464"",""ORG-1866"",""ORG-2147"",""ORG-2163""]"
6657,10.1021/pr200628s,8,"[""ORG-0343"",""ORG-0753"",""ORG-0854"",""ORG-0917"",""ORG-1023"",""ORG-1243"",""ORG-2120"",""ORG-2189""]"
6668,10.3390/ijms20040913,11,"[""ORG-0772"",""ORG-0799"",""ORG-0858"",""ORG-1047"",""ORG-1405"",""ORG-1714"",""ORG-1913"",""ORG-1979"",""ORG-2111"",""ORG-2141"",""ORG-2260""]"
6670,10.1016/j.meegid.2011.08.013,3,"[""ORG-0440"",""ORG-1833"",""ORG-1956""]"
6674,10.1186/1743-422X-2-76,2,"[""ORG-1934"",""ORG-1949""]"
6675,10.1016/j.virusres.2011.08.002,8,"[""ORG-0048"",""ORG-0312"",""ORG-0317"",""ORG-0671"",""ORG-1361"",""ORG-1593"",""ORG-1936"",""ORG-2140""]"
6679,10.1186/s12985-019-1117-9,2,"[""ORG-1948"",""ORG-2140""]"
6683,10.1186/1471-2164-12-354,3,"[""ORG-0182"",""ORG-1809"",""ORG-1874""]"
6692,10.15252/emmm.201708084,3,"[""ORG-0188"",""ORG-1095"",""ORG-2306""]"
6699,10.1007/s007050050587,10,"[""ORG-0101"",""ORG-0641"",""ORG-0643"",""ORG-1468"",""ORG-1511"",""ORG-1806"",""ORG-1815"",""ORG-1844"",""ORG-2163"",""ORG-2306""]"
6701,10.1016/j.omtm.2018.02.002,6,"[""ORG-0020"",""ORG-0046"",""ORG-0047"",""ORG-0680"",""ORG-0697"",""ORG-1639""]"
6704,10.3390/cancers10040125,12,"[""ORG-0020"",""ORG-0046"",""ORG-0047"",""ORG-0188"",""ORG-0244"",""ORG-0457"",""ORG-1934"",""ORG-1936"",""ORG-1986"",""ORG-2057"",""ORG-2170"",""ORG-2260""]"
6708,10.1155/2018/9328671,6,"[""ORG-0268"",""ORG-0556"",""ORG-1047"",""ORG-1709"",""ORG-2157"",""ORG-2306""]"
6710,10.3390/ijerph15020389,5,"[""ORG-0440"",""ORG-1797"",""ORG-1817"",""ORG-1952"",""ORG-2170""]"
6711,10.1038/s41598-018-21528-1,2,"[""ORG-0951"",""ORG-1819""]"
6713,10.1371/journal.pone.0015832,8,"[""ORG-0566"",""ORG-0978"",""ORG-1119"",""ORG-1484"",""ORG-1797"",""ORG-1863"",""ORG-1864"",""ORG-1866""]"
6718,10.1038/s41417-017-0002-1,4,"[""ORG-0051"",""ORG-0963"",""ORG-1815"",""ORG-1917""]"
6719,10.1093/nar/gkx1191,7,"[""ORG-0503"",""ORG-0596"",""ORG-1248"",""ORG-1253"",""ORG-1672"",""ORG-1844"",""ORG-1883""]"
6730,10.2174/1874357901004010109,13,"[""ORG-0020"",""ORG-0046"",""ORG-0047"",""ORG-0242"",""ORG-0317"",""ORG-0421"",""ORG-0781"",""ORG-0836"",""ORG-0854"",""ORG-1678"",""ORG-1932"",""ORG-1936"",""ORG-2170""]"
6740,10.1016/j.exphem.2010.07.012,3,"[""ORG-1797"",""ORG-1844"",""ORG-1897""]"
6742,10.1186/1742-4690-7-61,8,"[""ORG-0267"",""ORG-0302"",""ORG-0856"",""ORG-1797"",""ORG-1862"",""ORG-1935"",""ORG-2147"",""ORG-2306""]"
6744,10.1016/j.jcv.2010.06.003,10,"[""ORG-0015"",""ORG-0951"",""ORG-1248"",""ORG-1361"",""ORG-1490"",""ORG-1503"",""ORG-1684"",""ORG-1900"",""ORG-1917"",""ORG-1979""]"
6746,10.1016/j.biopsych.2010.04.023,1,"[""ORG-0941""]"
6751,10.1111/1744-7917.12469,2,"[""ORG-1639"",""ORG-1819""]"
6762,10.1097/j.pain.0000000000000750,2,"[""ORG-1257"",""ORG-1936""]"
6765,10.1038/srep38563,2,"[""ORG-0457"",""ORG-0987""]"
6775,10.1371/journal.pone.0164167,4,"[""ORG-0267"",""ORG-0978"",""ORG-1812"",""ORG-2248""]"
6785,10.1021/acsnano.6b04155,2,"[""ORG-1744"",""ORG-1868""]"
6790,10.1038/srep28968,2,"[""ORG-0540"",""ORG-0963""]"
6798,10.1016/j.exer.2016.05.003,6,"[""ORG-0317"",""ORG-0898"",""ORG-1286"",""ORG-1361"",""ORG-1849"",""ORG-1850""]"
6799,10.1038/mt.2009.258,7,"[""ORG-0020"",""ORG-0046"",""ORG-0047"",""ORG-0623"",""ORG-1295"",""ORG-1862"",""ORG-1936""]"
6800,10.18632/oncotarget.9114,6,"[""ORG-0285"",""ORG-0319"",""ORG-1089"",""ORG-1103"",""ORG-1364"",""ORG-1421""]"
6811,10.1021/pr900491n,6,"[""ORG-0206"",""ORG-0503"",""ORG-0987"",""ORG-2115"",""ORG-2147"",""ORG-2160""]"
6812,10.1371/journal.pone.0006388,6,"[""ORG-0058"",""ORG-0188"",""ORG-1330"",""ORG-1361"",""ORG-1890"",""ORG-1936""]"
6814,10.3390/v7122951,6,"[""ORG-0409"",""ORG-0539"",""ORG-0683"",""ORG-0897"",""ORG-1614"",""ORG-1956""]"
6830,10.1158/0008-5472.CAN-08-2929,1,"[""ORG-1897""]"
6833,10.3390/vaccines3030503,4,"[""ORG-0013"",""ORG-0464"",""ORG-0897"",""ORG-1136""]"
6835,10.1007/s00438-009-0428-8,2,"[""ORG-0694"",""ORG-1897""]"
6840,10.1371/journal.ppat.1005050,7,"[""ORG-0435"",""ORG-0825"",""ORG-1540"",""ORG-1696"",""ORG-1952"",""ORG-2170"",""ORG-2187""]"
6849,10.1186/1742-4690-5-98,4,"[""ORG-0728"",""ORG-0825"",""ORG-0861"",""ORG-1949""]"
6850,10.1099/vir.0.2008/004051-0,6,"[""ORG-0267"",""ORG-0827"",""ORG-0851"",""ORG-1798"",""ORG-1874"",""ORG-2306""]"
6851,10.1016/j.jconrel.2015.04.015,6,"[""ORG-0315"",""ORG-0539"",""ORG-1257"",""ORG-1936"",""ORG-2162"",""ORG-2172""]"
6872,10.1080/19768354.2022.2141318,4,"[""ORG-0833"",""ORG-1672"",""ORG-1673"",""ORG-1948""]"
6875,10.1111/cas.15645,2,"[""ORG-0015"",""ORG-2260""]"
6880,10.1371/journal.pone.0041381,4,"[""ORG-0643"",""ORG-0869"",""ORG-1813"",""ORG-1900""]"
6887,10.3389/fimmu.2022.949248,3,"[""ORG-0946"",""ORG-1245"",""ORG-2114""]"
6896,10.3389/fpubh.2021.793268,3,"[""ORG-1368"",""ORG-1856"",""ORG-1903""]"
6900,10.3390/microorganisms10010112,2,"[""ORG-1847"",""ORG-1952""]"
6904,10.3389/fmicb.2021.709849,4,"[""ORG-0363"",""ORG-0643"",""ORG-0963"",""ORG-0987""]"
6905,10.1016/j.antiviral.2016.09.003,6,"[""ORG-0643"",""ORG-0798"",""ORG-0895"",""ORG-0963"",""ORG-1905"",""ORG-2171""]"
6908,10.1186/1743-422X-8-22,4,"[""ORG-0433"",""ORG-0809"",""ORG-0810"",""ORG-1586""]"
6916,10.1371/journal.pone.0012499,4,"[""ORG-1432"",""ORG-1538"",""ORG-1900"",""ORG-1952""]"
6926,10.1186/s13045-020-00913-2,3,"[""ORG-0299"",""ORG-0310"",""ORG-1215""]"
6931,10.1001/archneurol.2009.153,5,"[""ORG-0360"",""ORG-0836"",""ORG-0858"",""ORG-1910"",""ORG-2161""]"
6933,10.1016/j.nurt.2009.04.011,1,"[""ORG-1934""]"
6943,10.1158/1078-0432.CCR-08-0410,5,"[""ORG-0036"",""ORG-0319"",""ORG-0963"",""ORG-1441"",""ORG-1442""]"
6944,10.1016/j.omto.2019.07.003,2,"[""ORG-0897"",""ORG-1890""]"
6946,10.1186/s12985-019-1201-1,4,"[""ORG-0623"",""ORG-0813"",""ORG-1361"",""ORG-1797""]"
6947,10.1371/journal.pone.0083753,6,"[""ORG-0312"",""ORG-1246"",""ORG-1511"",""ORG-1900"",""ORG-1901"",""ORG-1936""]"
6949,10.1371/journal.pone.0079288,2,"[""ORG-0188"",""ORG-1004""]"
6960,10.1128/mBio.00790-17,16,"[""ORG-0619"",""ORG-0801"",""ORG-0941"",""ORG-0988"",""ORG-1196"",""ORG-1427"",""ORG-1428"",""ORG-1667"",""ORG-1714"",""ORG-1862"",""ORG-1922"",""ORG-2115"",""ORG-2116"",""ORG-2140"",""ORG-2147"",""ORG-2163""]"
6962,10.3389/fcimb.2023.1187193,11,"[""ORG-0302"",""ORG-0313"",""ORG-0602"",""ORG-0825"",""ORG-0861"",""ORG-0895"",""ORG-1023"",""ORG-1196"",""ORG-1197"",""ORG-1872"",""ORG-2306""]"
6963,10.1093/infdis/jis367,3,"[""ORG-0825"",""ORG-0861"",""ORG-1230""]"
6964,10.1038/mi.2012.35,7,"[""ORG-0302"",""ORG-0825"",""ORG-0895"",""ORG-0897"",""ORG-0963"",""ORG-1179"",""ORG-2115""]"
6971,10.1016/j.jviromet.2007.03.012,7,"[""ORG-0302"",""ORG-0315"",""ORG-0471"",""ORG-1368"",""ORG-1534"",""ORG-1841"",""ORG-2129""]"
6973,10.1016/j.virol.2017.04.008,5,"[""ORG-0825"",""ORG-1164"",""ORG-1252"",""ORG-2115"",""ORG-2162""]"
6974,10.3390/v15051180,4,"[""ORG-0302"",""ORG-1196"",""ORG-1797"",""ORG-2115""]"
6975,10.3390/vaccines11051006,4,"[""ORG-0680"",""ORG-1196"",""ORG-1600"",""ORG-2115""]"
6976,10.1371/journal.pone.0034445,7,"[""ORG-0302"",""ORG-0970"",""ORG-1934"",""ORG-1936"",""ORG-2115"",""ORG-2172"",""ORG-2184""]"
6980,10.1038/s41467-023-38514-5,8,"[""ORG-0887"",""ORG-0895"",""ORG-1719"",""ORG-2115"",""ORG-2116"",""ORG-2140"",""ORG-2143"",""ORG-2147""]"
6981,10.1371/journal.pone.0034735,4,"[""ORG-0302"",""ORG-0938"",""ORG-2114"",""ORG-2115""]"
6984,10.1084/jem.20221166,7,"[""ORG-0302"",""ORG-0753"",""ORG-0895"",""ORG-0897"",""ORG-1196"",""ORG-1668"",""ORG-2115""]"
6988,10.1371/journal.pone.0032769,5,"[""ORG-0825"",""ORG-1196"",""ORG-1859"",""ORG-1934"",""ORG-2306""]"
6999,10.1016/j.vetimm.2017.01.004,6,"[""ORG-0777"",""ORG-0859"",""ORG-0887"",""ORG-1119"",""ORG-1196"",""ORG-1900""]"
7001,10.1517/14712598.2012.668516,2,"[""ORG-1429"",""ORG-2057""]"
7007,10.1016/j.vaccine.2006.12.048,5,"[""ORG-0895"",""ORG-1095"",""ORG-1215"",""ORG-1921"",""ORG-1956""]"
7009,10.3390/v15030695,2,"[""ORG-1361"",""ORG-1991""]"
7011,10.3390/v15030604,4,"[""ORG-1368"",""ORG-1803"",""ORG-1948"",""ORG-2034""]"
7018,10.1016/j.ebiom.2023.104523,6,"[""ORG-0293"",""ORG-0427"",""ORG-1221"",""ORG-1746"",""ORG-1948"",""ORG-1990""]"
7019,10.1080/20477724.2016.1275464,2,"[""ORG-0970"",""ORG-2115""]"
7031,10.1016/bs.aivir.2016.07.001,10,"[""ORG-0171"",""ORG-0970"",""ORG-1122"",""ORG-1196"",""ORG-1353"",""ORG-1684"",""ORG-1797"",""ORG-1844"",""ORG-1974"",""ORG-2115""]"
7034,10.1099/jgv.0.000702,7,"[""ORG-0124"",""ORG-0897"",""ORG-1085"",""ORG-1511"",""ORG-1603"",""ORG-1862"",""ORG-2105""]"
7036,10.1172/JCI163338,2,"[""ORG-0302"",""ORG-0825""]"
7040,10.1136/jitc-2022-006024,4,"[""ORG-0268"",""ORG-1511"",""ORG-1898"",""ORG-2115""]"
7048,10.1016/j.bbapap.2006.09.006,10,"[""ORG-0471"",""ORG-1205"",""ORG-1505"",""ORG-1616"",""ORG-1696"",""ORG-1900"",""ORG-1903"",""ORG-1917"",""ORG-1986"",""ORG-2159""]"
7071,10.18632/oncotarget.12820,4,"[""ORG-0455"",""ORG-1019"",""ORG-1861"",""ORG-2115""]"
7076,10.3390/v14112580,9,"[""ORG-0015"",""ORG-0312"",""ORG-0970"",""ORG-1095"",""ORG-1169"",""ORG-1276"",""ORG-1890"",""ORG-1898"",""ORG-1917""]"
7082,10.1007/s11262-016-1402-2,5,"[""ORG-0317"",""ORG-0559"",""ORG-0583"",""ORG-1848"",""ORG-2306""]"
7090,10.1080/21645515.2022.2143698,2,"[""ORG-1902"",""ORG-2115""]"
7108,10.3390/vaccines10091516,4,"[""ORG-1196"",""ORG-1603"",""ORG-1822"",""ORG-2115""]"
7112,10.1186/s12967-016-1002-x,7,"[""ORG-0206"",""ORG-0507"",""ORG-0970"",""ORG-1421"",""ORG-1848"",""ORG-1900"",""ORG-1949""]"
7127,10.1111/zph.12289,4,"[""ORG-1221"",""ORG-1368"",""ORG-1867"",""ORG-1913""]"
7128,10.3390/v14071453,4,"[""ORG-0571"",""ORG-1919"",""ORG-2115"",""ORG-2116""]"
7131,10.1016/j.ccell.2016.05.012,1,"[""ORG-0542""]"
7135,10.1371/journal.pone.0156637,3,"[""ORG-0427"",""ORG-1913"",""ORG-1990""]"
7138,10.1371/journal.pone.0024505,7,"[""ORG-1252"",""ORG-1432"",""ORG-1603"",""ORG-1900"",""ORG-2115"",""ORG-2306"",""ORG-2331""]"
7146,10.3390/v8050134,3,"[""ORG-0623"",""ORG-2115"",""ORG-2116""]"
7153,10.3201/eid2806.212508,1,"[""ORG-1903""]"
7158,10.1038/mt.2016.83,1,"[""ORG-1196""]"
7173,10.3389/fimmu.2022.845887,5,"[""ORG-0542"",""ORG-0895"",""ORG-1196"",""ORG-1600"",""ORG-1934""]"
7178,10.1371/journal.pone.0149364,6,"[""ORG-0970"",""ORG-1196"",""ORG-1849"",""ORG-1934"",""ORG-1986"",""ORG-2115""]"
7183,10.1186/s12985-022-01779-1,6,"[""ORG-0545"",""ORG-1361"",""ORG-1593"",""ORG-1905"",""ORG-2058"",""ORG-2115""]"
7202,10.1007/s00262-011-1045-z,3,"[""ORG-0302"",""ORG-0319"",""ORG-2058""]"
7203,10.1016/j.omtm.2021.12.002,6,"[""ORG-1364"",""ORG-1603"",""ORG-1669"",""ORG-1910"",""ORG-1934"",""ORG-2159""]"
7206,10.1371/journal.ppat.1010177,3,"[""ORG-0316"",""ORG-1230"",""ORG-2115""]"
7207,10.1016/j.chom.2015.11.003,3,"[""ORG-1638"",""ORG-1812"",""ORG-1847""]"
7208,10.3390/v13122551,5,"[""ORG-0754"",""ORG-0755"",""ORG-0772"",""ORG-0858"",""ORG-1196""]"
7211,10.1186/1743-422X-8-265,9,"[""ORG-0302"",""ORG-0825"",""ORG-0836"",""ORG-0895"",""ORG-0900"",""ORG-1248"",""ORG-1538"",""ORG-1905"",""ORG-2062""]"
7218,10.3389/fimmu.2021.772240,3,"[""ORG-0302"",""ORG-1196"",""ORG-1230""]"
7223,10.3390/vaccines9111281,5,"[""ORG-0825"",""ORG-0869"",""ORG-1230"",""ORG-1427"",""ORG-1900""]"
7229,10.1186/s44149-021-00028-2,2,"[""ORG-0399"",""ORG-1361""]"
7235,10.1016/j.omtm.2021.08.004,5,"[""ORG-0809"",""ORG-1246"",""ORG-1429"",""ORG-1446"",""ORG-1797""]"
7239,10.1371/journal.pone.0139349,10,"[""ORG-0421"",""ORG-0596"",""ORG-1119"",""ORG-1361"",""ORG-1362"",""ORG-1593"",""ORG-1843"",""ORG-1863"",""ORG-1936"",""ORG-1979""]"
7251,10.1080/21645515.2015.1078045,5,"[""ORG-0427"",""ORG-0897"",""ORG-1568"",""ORG-1990"",""ORG-2260""]"
7259,10.3389/fimmu.2015.00348,4,"[""ORG-0974"",""ORG-1866"",""ORG-1936"",""ORG-2115""]"
7260,10.1038/s41598-021-97158-x,5,"[""ORG-0457"",""ORG-0585"",""ORG-1586"",""ORG-1974"",""ORG-2167""]"
7264,10.1186/1743-422X-2-30,2,"[""ORG-1844"",""ORG-1952""]"
7267,10.1128/mBio.01005-15,15,"[""ORG-0312"",""ORG-0754"",""ORG-0755"",""ORG-0825"",""ORG-0861"",""ORG-0869"",""ORG-1218"",""ORG-1231"",""ORG-1511"",""ORG-1900"",""ORG-1901"",""ORG-1934"",""ORG-2115"",""ORG-2162"",""ORG-2172""]"
7269,10.1158/1078-0432.CCR-14-2009,1,"[""ORG-1143""]"
7271,10.1186/s12864-015-1659-1,9,"[""ORG-0836"",""ORG-0943"",""ORG-0959"",""ORG-1196"",""ORG-1427"",""ORG-1428"",""ORG-1603"",""ORG-1952"",""ORG-1956""]"
7273,10.1186/s12967-015-0586-x,7,"[""ORG-0312"",""ORG-0361"",""ORG-0565"",""ORG-1905"",""ORG-2115"",""ORG-2116"",""ORG-2163""]"
7277,10.1371/journal.ppat.1004941,8,"[""ORG-0015"",""ORG-0124"",""ORG-0317"",""ORG-0897"",""ORG-0938"",""ORG-0951"",""ORG-1480"",""ORG-2147""]"
7279,10.1371/journal.pntd.0003850,5,"[""ORG-0866"",""ORG-0963"",""ORG-1910"",""ORG-1934"",""ORG-1948""]"
7280,10.1038/nrmicro1099,16,"[""ORG-0024"",""ORG-0833"",""ORG-0836"",""ORG-0970"",""ORG-1119"",""ORG-1249"",""ORG-1424"",""ORG-1427"",""ORG-1428"",""ORG-1527"",""ORG-1797"",""ORG-1844"",""ORG-1952"",""ORG-1986"",""ORG-2158"",""ORG-2260""]"
7281,10.3390/md19060292,3,"[""ORG-0895"",""ORG-0897"",""ORG-2115""]"
7284,10.1158/1535-7163.MCT-20-0863,6,"[""ORG-0302"",""ORG-1215"",""ORG-1603"",""ORG-1862"",""ORG-2115"",""ORG-2140""]"
7285,10.1371/journal.pone.0128626,7,"[""ORG-0302"",""ORG-0836"",""ORG-1196"",""ORG-1197"",""ORG-1325"",""ORG-1844"",""ORG-2115""]"
7287,10.1016/j.surg.2015.03.044,1,"[""ORG-1797""]"
7290,10.4049/jimmunol.1000751,6,"[""ORG-0302"",""ORG-0897"",""ORG-1196"",""ORG-1798"",""ORG-2115"",""ORG-2163""]"
7297,10.3390/cells10050985,4,"[""ORG-0801"",""ORG-1905"",""ORG-2115"",""ORG-2171""]"
7300,10.3201/eid2106.150021,1,"[""ORG-2115""]"
7301,10.3390/v13030400,2,"[""ORG-0836"",""ORG-1566""]"
7302,10.1007/s00262-010-0923-0,3,"[""ORG-0302"",""ORG-1196"",""ORG-1421""]"
7307,10.1056/NEJMoa2031499,2,"[""ORG-0825"",""ORG-1897""]"
7318,10.3390/v7041726,6,"[""ORG-0636"",""ORG-1603"",""ORG-1672"",""ORG-2115"",""ORG-2116"",""ORG-2171""]"
7322,10.1016/j.copbio.2004.09.001,6,"[""ORG-0839"",""ORG-0858"",""ORG-1196"",""ORG-1898"",""ORG-1936"",""ORG-2115""]"
7324,10.1146/annurev-virology-031413-085442,2,"[""ORG-1421"",""ORG-1538""]"
7328,10.1186/1743-422X-1-10,6,"[""ORG-0317"",""ORG-0836"",""ORG-0963"",""ORG-1169"",""ORG-1797"",""ORG-2115""]"
7334,10.1038/s41598-021-81831-2,5,"[""ORG-1252"",""ORG-1536"",""ORG-1603"",""ORG-2115"",""ORG-2141""]"
7345,10.1093/cid/civ116,1,"[""ORG-1910""]"
7352,10.1016/j.ijpara.2010.05.011,3,"[""ORG-0897"",""ORG-0899"",""ORG-1934""]"
7356,10.1038/cgt.2015.2,5,"[""ORG-0741"",""ORG-0938"",""ORG-1797"",""ORG-2058"",""ORG-2170""]"
7357,10.1016/j.virusres.2010.06.017,6,"[""ORG-0869"",""ORG-1095"",""ORG-1837"",""ORG-1934"",""ORG-2164"",""ORG-2306""]"
7358,10.1002/jcla.23677,2,"[""ORG-0898"",""ORG-2115""]"
7361,10.1158/1078-0432.CCR-10-0948,2,"[""ORG-2057"",""ORG-2058""]"
7365,10.3390/biomedicines8120543,8,"[""ORG-0938"",""ORG-1490"",""ORG-1574"",""ORG-1797"",""ORG-1989"",""ORG-2115"",""ORG-2141"",""ORG-2158""]"
7372,10.3389/fimmu.2020.568412,4,"[""ORG-1089"",""ORG-1746"",""ORG-2115"",""ORG-2163""]"
7377,10.1016/j.virol.2010.04.015,5,"[""ORG-0082"",""ORG-0719"",""ORG-1196"",""ORG-1863"",""ORG-2141""]"
7387,10.1371/journal.ppat.1000866,9,"[""ORG-0124"",""ORG-0571"",""ORG-0721"",""ORG-1312"",""ORG-1866"",""ORG-1949"",""ORG-2115"",""ORG-2116"",""ORG-2140""]"
7394,10.1186/s40425-014-0034-0,3,"[""ORG-0302"",""ORG-0906"",""ORG-1872""]"
7397,10.4049/jimmunol.1400201,1,"[""ORG-0619""]"
7398,10.1155/2010/489759,4,"[""ORG-0312"",""ORG-1421"",""ORG-1900"",""ORG-2115""]"
7399,10.1080/2162402X.2020.1802968,3,"[""ORG-1511"",""ORG-1934"",""ORG-2116""]"
7417,10.1038/gt.2010.5,2,"[""ORG-0938"",""ORG-1095""]"
7418,10.1002/biot.202000024,3,"[""ORG-0312"",""ORG-1196"",""ORG-1368""]"
7427,10.1371/journal.pone.0104337,5,"[""ORG-0312"",""ORG-1421"",""ORG-2058"",""ORG-2115"",""ORG-2116""]"
7428,10.2217/fmb.09.110,3,"[""ORG-0302"",""ORG-2115"",""ORG-2116""]"
7436,10.3727/096504020X15942028641011,6,"[""ORG-0244"",""ORG-0315"",""ORG-0559"",""ORG-1848"",""ORG-1948"",""ORG-2115""]"
7443,10.1136/jitc-2020-000804,5,"[""ORG-0086"",""ORG-1797"",""ORG-1798"",""ORG-1862"",""ORG-1952""]"
7444,10.2147/OV.S252727,2,"[""ORG-0559"",""ORG-1315""]"
7446,10.3791/61049,11,"[""ORG-0242"",""ORG-0317"",""ORG-0836"",""ORG-1464"",""ORG-1511"",""ORG-1844"",""ORG-1979"",""ORG-2017"",""ORG-2115"",""ORG-2116"",""ORG-2171""]"
7451,10.1016/j.surg.2014.03.031,3,"[""ORG-1797"",""ORG-2105"",""ORG-2115""]"
7456,10.1038/mt.2014.109,5,"[""ORG-0803"",""ORG-0869"",""ORG-1196"",""ORG-1368"",""ORG-1432""]"
7458,10.1371/journal.pone.0098431,11,"[""ORG-0316"",""ORG-0503"",""ORG-0683"",""ORG-0808"",""ORG-1424"",""ORG-1583"",""ORG-1831"",""ORG-1905"",""ORG-2115"",""ORG-2116"",""ORG-2163""]"
7462,10.1016/S1473-3099(20)30248-6,9,"[""ORG-1146"",""ORG-1147"",""ORG-1196"",""ORG-1603"",""ORG-1798"",""ORG-1851"",""ORG-1897"",""ORG-2114"",""ORG-2115""]"
7465,10.3389/fcimb.2020.00116,6,"[""ORG-0836"",""ORG-1252"",""ORG-1844"",""ORG-1905"",""ORG-2115"",""ORG-2147""]"
7467,10.1371/journal.pone.0230711,10,"[""ORG-0082"",""ORG-0619"",""ORG-1232"",""ORG-1468"",""ORG-1536"",""ORG-1684"",""ORG-1798"",""ORG-2115"",""ORG-2116"",""ORG-2306""]"
7479,10.1038/gt.2009.122,7,"[""ORG-0302"",""ORG-0869"",""ORG-0938"",""ORG-1089"",""ORG-1196"",""ORG-1803"",""ORG-1870""]"
7485,10.1158/1078-0432.CCR-18-3626,3,"[""ORG-0619"",""ORG-1843"",""ORG-2058""]"
7487,10.1007/s00438-009-0475-1,8,"[""ORG-0374"",""ORG-0836"",""ORG-0947"",""ORG-0988"",""ORG-1253"",""ORG-1859"",""ORG-2115"",""ORG-2116""]"
7498,10.3389/fimmu.2019.02984,5,"[""ORG-0897"",""ORG-1089"",""ORG-1196"",""ORG-1867"",""ORG-2115""]"
7500,10.1002/ijc.28747,3,"[""ORG-1927"",""ORG-1986"",""ORG-2115""]"
7501,10.1016/j.virol.2009.06.012,11,"[""ORG-0338"",""ORG-0503"",""ORG-0560"",""ORG-0859"",""ORG-1196"",""ORG-1395"",""ORG-1464"",""ORG-1672"",""ORG-1921"",""ORG-2115"",""ORG-2163""]"
7502,10.4049/immunohorizons.1900070,2,"[""ORG-0302"",""ORG-2115""]"
7524,10.3390/vaccines2040797,1,"[""ORG-0970""]"
7526,10.3389/fimmu.2019.02005,5,"[""ORG-0565"",""ORG-0970"",""ORG-1221"",""ORG-1847"",""ORG-1935""]"
7527,10.1128/IAI.01187-13,4,"[""ORG-0155"",""ORG-0302"",""ORG-1421"",""ORG-1603""]"
7538,10.1016/j.vaccine.2009.02.103,9,"[""ORG-0227"",""ORG-0267"",""ORG-0773"",""ORG-1119"",""ORG-1427"",""ORG-1429"",""ORG-1798"",""ORG-1949"",""ORG-2105""]"
7541,10.1016/j.omtm.2019.06.003,2,"[""ORG-0825"",""ORG-1230""]"
7543,10.1111/imm.12226,4,"[""ORG-1095"",""ORG-1196"",""ORG-1432"",""ORG-1856""]"
7550,10.1371/journal.pntd.0007547,6,"[""ORG-0124"",""ORG-0332"",""ORG-0808"",""ORG-0869"",""ORG-1424"",""ORG-2260""]"
7559,10.1016/j.virusres.2013.09.016,4,"[""ORG-0385"",""ORG-0636"",""ORG-1618"",""ORG-2115""]"
7564,10.1371/journal.pone.0004180,6,"[""ORG-1196"",""ORG-1432"",""ORG-1536"",""ORG-1538"",""ORG-1813"",""ORG-2306""]"
7569,10.1371/journal.pone.0073511,5,"[""ORG-1020"",""ORG-1196"",""ORG-1900"",""ORG-1932"",""ORG-2115""]"
7570,10.1128/JVI.00207-19,8,"[""ORG-0302"",""ORG-0559"",""ORG-0898"",""ORG-0899"",""ORG-1364"",""ORG-1905"",""ORG-1915"",""ORG-2115""]"
7574,10.3390/genes10030237,2,"[""ORG-0897"",""ORG-0963""]"
7578,10.1371/journal.ppat.1007564,4,"[""ORG-1122"",""ORG-1798"",""ORG-1948"",""ORG-2062""]"
7581,10.1371/journal.pntd.0002309,12,"[""ORG-0302"",""ORG-0736"",""ORG-0809"",""ORG-1196"",""ORG-1230"",""ORG-1598"",""ORG-1603"",""ORG-1709"",""ORG-1986"",""ORG-1990"",""ORG-2115"",""ORG-2165""]"
7583,10.1016/j.jinf.2019.02.003,4,"[""ORG-0302"",""ORG-0895"",""ORG-1196"",""ORG-1905""]"
7584,10.1371/journal.pone.0067888,4,"[""ORG-0124"",""ORG-0302"",""ORG-1089"",""ORG-1545""]"
7595,10.1007/s40139-018-0186-6,2,"[""ORG-0571"",""ORG-1934""]"
7598,10.1016/j.vaccine.2008.09.031,4,"[""ORG-0302"",""ORG-1095"",""ORG-2187"",""ORG-2332""]"
7609,10.1016/j.vaccine.2013.05.056,6,"[""ORG-0242"",""ORG-0836"",""ORG-1797"",""ORG-1819"",""ORG-1956"",""ORG-1969""]"
7614,10.1038/cgt.2013.26,2,"[""ORG-1872"",""ORG-2115""]"
7615,10.1038/nm.1850,1,"[""ORG-0809""]"
7620,10.3892/or.2018.6817,1,"[""ORG-2115""]"
7626,10.1038/gene.2013.14,3,"[""ORG-0012"",""ORG-0869"",""ORG-1441""]"
7633,10.1371/journal.ppat.1003255,15,"[""ORG-0101"",""ORG-0571"",""ORG-0641"",""ORG-0643"",""ORG-0833"",""ORG-0951"",""ORG-1586"",""ORG-1813"",""ORG-1819"",""ORG-1843"",""ORG-1910"",""ORG-1924"",""ORG-1932"",""ORG-2141"",""ORG-2306""]"
7636,10.1371/journal.pone.0057726,4,"[""ORG-0155"",""ORG-1095"",""ORG-1196"",""ORG-2115""]"
7639,10.3389/fimmu.2018.01756,1,"[""ORG-2115""]"
7645,10.3390/v10080398,1,"[""ORG-2170""]"
7646,10.1371/journal.pone.0056317,3,"[""ORG-0549"",""ORG-1934"",""ORG-2057""]"
7661,10.1016/S0014-5793(01)03144-1,2,"[""ORG-1846"",""ORG-1903""]"
7670,10.1371/journal.pone.0050447,10,"[""ORG-0121"",""ORG-0938"",""ORG-0974"",""ORG-1196"",""ORG-1200"",""ORG-1221"",""ORG-1856"",""ORG-1863"",""ORG-2155"",""ORG-2256""]"
7671,10.1038/gt.2012.96,3,"[""ORG-0559"",""ORG-1421"",""ORG-1905""]"
7682,10.1038/s41598-018-24820-2,8,"[""ORG-1196"",""ORG-1197"",""ORG-1432"",""ORG-1538"",""ORG-1905"",""ORG-1986"",""ORG-2115"",""ORG-2256""]"
7684,10.1016/j.vaccine.2012.11.047,8,"[""ORG-0171"",""ORG-0895"",""ORG-0970"",""ORG-1196"",""ORG-1353"",""ORG-1511"",""ORG-2115"",""ORG-2170""]"
7694,10.1371/journal.pone.0048261,2,"[""ORG-1868"",""ORG-1983""]"
7699,10.1371/journal.pone.0048322,6,"[""ORG-0302"",""ORG-0559"",""ORG-1196"",""ORG-1395"",""ORG-1464"",""ORG-1519""]"
7703,10.1038/s41598-018-21630-4,5,"[""ORG-0302"",""ORG-1196"",""ORG-1927"",""ORG-2108"",""ORG-2114""]"
7704,10.1038/s41598-018-21222-2,2,"[""ORG-1897"",""ORG-2115""]"
7708,10.1371/journal.pone.0045942,4,"[""ORG-1143"",""ORG-1893"",""ORG-2115"",""ORG-2157""]"
7716,10.1007/s13365-012-0125-y,4,"[""ORG-0963"",""ORG-1007"",""ORG-1870"",""ORG-1902""]"
7718,10.1111/imm.12884,7,"[""ORG-0124"",""ORG-0302"",""ORG-0365"",""ORG-1862"",""ORG-2114"",""ORG-2115"",""ORG-2306""]"
7727,10.1186/1471-2407-12-366,7,"[""ORG-0086"",""ORG-0191"",""ORG-0457"",""ORG-0559"",""ORG-1522"",""ORG-2115"",""ORG-2116""]"
7732,10.1038/s41598-017-15941-1,1,"[""ORG-0206""]"
7735,10.1186/s12985-017-0880-8,6,"[""ORG-0304"",""ORG-1221"",""ORG-1361"",""ORG-1503"",""ORG-1890"",""ORG-2141""]"
7736,10.1097/CJI.0b013e31826a73de,4,"[""ORG-0124"",""ORG-1095"",""ORG-1949"",""ORG-2057""]"
7739,10.1371/journal.pone.0042163,2,"[""ORG-1667"",""ORG-1934""]"
7740,10.4269/ajtmh.16-0647,3,"[""ORG-0320"",""ORG-0399"",""ORG-1812""]"
7750,10.4142/jvs.2012.13.2.199,6,"[""ORG-1196"",""ORG-1197"",""ORG-1230"",""ORG-2115"",""ORG-2147"",""ORG-2176""]"
7756,10.3390/v9090242,2,"[""ORG-1847"",""ORG-1910""]"
7757,10.1080/14760584.2017.1371594,4,"[""ORG-1196"",""ORG-1245"",""ORG-1934"",""ORG-2114""]"
7765,10.1002/cpps.33,3,"[""ORG-1511"",""ORG-1921"",""ORG-2115""]"
7771,10.1371/journal.pone.0167517,3,"[""ORG-1798"",""ORG-1856"",""ORG-2156""]"
7782,10.1016/j.sjbs.2019.12.015,3,"[""ORG-0963"",""ORG-1136"",""ORG-1680""]"
7784,10.3390/vaccines4040039,3,"[""ORG-1252"",""ORG-1586"",""ORG-1672""]"
7789,10.3390/v12020200,4,"[""ORG-0306"",""ORG-0963"",""ORG-1856"",""ORG-1931""]"
7792,10.3390/v12020173,2,"[""ORG-0963"",""ORG-1136""]"
7794,10.3390/v8090250,5,"[""ORG-0303"",""ORG-0319"",""ORG-1136"",""ORG-1862"",""ORG-2306""]"
7796,10.2478/jvetres-2023-0012,2,"[""ORG-0188"",""ORG-0596""]"
7798,10.1517/14712598.2013.749851,5,"[""ORG-0117"",""ORG-0560"",""ORG-1136"",""ORG-1536"",""ORG-1934""]"
7811,10.1186/s12885-019-6387-5,4,"[""ORG-0310"",""ORG-0361"",""ORG-1137"",""ORG-1503""]"
7813,10.3390/membranes9120160,5,"[""ORG-0312"",""ORG-1136"",""ORG-1246"",""ORG-1293"",""ORG-1368""]"
7815,10.1371/journal.ppat.1005641,9,"[""ORG-0317"",""ORG-1057"",""ORG-1084"",""ORG-1136"",""ORG-1234"",""ORG-1505"",""ORG-1851"",""ORG-1958"",""ORG-2157""]"
7819,10.1016/j.vaccine.2023.02.005,4,"[""ORG-1136"",""ORG-1230"",""ORG-1702"",""ORG-1898""]"
7825,10.3390/v11100914,2,"[""ORG-0899"",""ORG-0938""]"
7828,10.1038/srep24572,6,"[""ORG-0315"",""ORG-0540"",""ORG-0583"",""ORG-1103"",""ORG-1136"",""ORG-1773""]"
7830,10.1111/cas.15740,3,"[""ORG-1136"",""ORG-1921"",""ORG-2058""]"
7837,10.1186/s13046-019-1410-x,3,"[""ORG-0743"",""ORG-1136"",""ORG-1536""]"
7839,10.2147/IJN.S386560,7,"[""ORG-0796"",""ORG-0801"",""ORG-0899"",""ORG-1136"",""ORG-1293"",""ORG-1317"",""ORG-1421""]"
7843,10.1038/gt.2012.62,3,"[""ORG-0736"",""ORG-1136"",""ORG-1908""]"
7844,10.1007/s11965-008-1007-2,1,"[""ORG-1136""]"
7850,10.1186/s43556-022-00098-9,5,"[""ORG-0310"",""ORG-1146"",""ORG-1147"",""ORG-2114"",""ORG-2163""]"
7857,10.1016/j.vaccine.2012.06.029,6,"[""ORG-0051"",""ORG-0602"",""ORG-1136"",""ORG-1245"",""ORG-1936"",""ORG-2256""]"
7861,10.3390/v14112433,4,"[""ORG-0897"",""ORG-0963"",""ORG-1136"",""ORG-1846""]"
7868,10.1016/j.vaccine.2015.10.124,1,"[""ORG-1200""]"
7872,10.1038/s41541-022-00543-4,4,"[""ORG-1136"",""ORG-1414"",""ORG-1841"",""ORG-2141""]"
7886,10.1007/s00705-012-1270-6,5,"[""ORG-1218"",""ORG-1231"",""ORG-1844"",""ORG-1866"",""ORG-2163""]"
7893,10.1093/infdis/jiz202,2,"[""ORG-0332"",""ORG-1136""]"
7898,10.1186/s12917-015-0471-0,5,"[""ORG-0306"",""ORG-0545"",""ORG-1439"",""ORG-1856"",""ORG-1986""]"
7902,10.1038/s41598-019-42004-4,13,"[""ORG-0522"",""ORG-0525"",""ORG-0619"",""ORG-0754"",""ORG-0755"",""ORG-0869"",""ORG-1095"",""ORG-1218"",""ORG-1231"",""ORG-1432"",""ORG-1744"",""ORG-1900"",""ORG-1905""]"
7909,10.3390/v14050918,2,"[""ORG-0171"",""ORG-1844""]"
7911,10.1007/s12094-022-02830-x,5,"[""ORG-0421"",""ORG-0571"",""ORG-1817"",""ORG-1921"",""ORG-2158""]"
7915,10.1016/j.str.2019.01.012,3,"[""ORG-1234"",""ORG-1410"",""ORG-1913""]"
7919,10.1186/s13287-015-0035-z,3,"[""ORG-0571"",""ORG-0736"",""ORG-1797""]"
7920,10.1007/s12052-011-0382-x,3,"[""ORG-0571"",""ORG-1216"",""ORG-2244""]"
7921,10.1038/s41541-022-00464-2,3,"[""ORG-1089"",""ORG-1263"",""ORG-2340""]"
7924,10.1038/cgt.2011.82,3,"[""ORG-0228"",""ORG-1136"",""ORG-1315""]"
7929,10.3390/biomedicines10030562,6,"[""ORG-0897"",""ORG-1218"",""ORG-1231"",""ORG-1421"",""ORG-2147"",""ORG-2163""]"
7940,10.1007/978-1-61779-340-0_11,5,"[""ORG-1136"",""ORG-1221"",""ORG-1505"",""ORG-1506"",""ORG-2058""]"
7941,10.1002/hed.21609,2,"[""ORG-1218"",""ORG-1231""]"
7943,10.3390/pathogens11010054,2,"[""ORG-1856"",""ORG-1910""]"
7944,10.3390/molecules23123310,8,"[""ORG-0188"",""ORG-0503"",""ORG-0897"",""ORG-1095"",""ORG-1122"",""ORG-1248"",""ORG-1586"",""ORG-1634""]"
7949,10.1038/gt.2011.107,4,"[""ORG-0399"",""ORG-1368"",""ORG-1480"",""ORG-1797""]"
7952,10.1016/j.omto.2021.11.020,2,"[""ORG-1364"",""ORG-2058""]"
7955,10.1016/j.vaccine.2018.11.005,3,"[""ORG-1480"",""ORG-1872"",""ORG-1981""]"
7957,10.1084/jem.20101623,3,"[""ORG-0319"",""ORG-0869"",""ORG-1815""]"
7959,10.1128/spectrum.02173-21,6,"[""ORG-0125"",""ORG-0343"",""ORG-1218"",""ORG-1231"",""ORG-1814"",""ORG-2260""]"
7966,10.3390/cancers13225687,8,"[""ORG-0014"",""ORG-0506"",""ORG-0773"",""ORG-1169"",""ORG-1221"",""ORG-1848"",""ORG-1934"",""ORG-2187""]"
7974,10.1038/s41467-021-26506-2,7,"[""ORG-0051"",""ORG-0052"",""ORG-1047"",""ORG-1136"",""ORG-1702"",""ORG-1803"",""ORG-2157""]"
7993,10.1186/s12889-021-11829-y,2,"[""ORG-1246"",""ORG-1986""]"
8007,10.3390/v6062340,2,"[""ORG-1136"",""ORG-1667""]"
8008,10.1007/s10120-021-01210-8,1,"[""ORG-1527""]"
8010,10.1186/1297-9716-45-62,6,"[""ORG-0640"",""ORG-0641"",""ORG-0643"",""ORG-1310"",""ORG-1900"",""ORG-2174""]"
8015,10.2214/AJR.09.3672,2,"[""ORG-1136"",""ORG-1867""]"
8019,10.1038/cgt.2014.25,6,"[""ORG-0559"",""ORG-0796"",""ORG-0951"",""ORG-1136"",""ORG-1278"",""ORG-1851""]"
8021,10.3390/v13061023,5,"[""ORG-0320"",""ORG-0399"",""ORG-0827"",""ORG-0851"",""ORG-0897""]"
8027,10.1186/s13045-021-01075-5,2,"[""ORG-1934"",""ORG-2167""]"
8031,10.1371/journal.pone.0010297,8,"[""ORG-0014"",""ORG-0895"",""ORG-0898"",""ORG-0963"",""ORG-1136"",""ORG-1881"",""ORG-1958"",""ORG-2306""]"
8033,10.1186/1471-2407-14-206,5,"[""ORG-0559"",""ORG-1136"",""ORG-1858"",""ORG-1952"",""ORG-2057""]"
8043,10.3389/fimmu.2021.623996,4,"[""ORG-1221"",""ORG-1432"",""ORG-1881"",""ORG-2162""]"
8051,10.1038/gt.2013.84,3,"[""ORG-0118"",""ORG-1136"",""ORG-1775""]"
8054,10.1007/s00431-021-03997-1,2,"[""ORG-0187"",""ORG-1934""]"
8067,10.3389/fmicb.2017.00693,7,"[""ORG-1218"",""ORG-1231"",""ORG-1413"",""ORG-1432"",""ORG-1844"",""ORG-1848"",""ORG-1864""]"
8077,10.1371/journal.pone.0075456,12,"[""ORG-0015"",""ORG-0691"",""ORG-1218"",""ORG-1231"",""ORG-1245"",""ORG-1797"",""ORG-1803"",""ORG-1905"",""ORG-1936"",""ORG-1956"",""ORG-2164"",""ORG-2306""]"
8081,10.1002/ajh.21444,3,"[""ORG-0987"",""ORG-1948"",""ORG-2057""]"
8084,10.3390/cancers12123659,7,"[""ORG-0024"",""ORG-0769"",""ORG-0833"",""ORG-1248"",""ORG-1952"",""ORG-2163"",""ORG-2170""]"
8085,10.1002/pros.20962,6,"[""ORG-0296"",""ORG-0303"",""ORG-1136"",""ORG-1205"",""ORG-1986"",""ORG-2163""]"
8088,10.1097/COH.0b013e328363d389,3,"[""ORG-1536"",""ORG-1586"",""ORG-1905""]"
8097,10.1016/j.omto.2020.09.006,4,"[""ORG-0118"",""ORG-0963"",""ORG-1136"",""ORG-1364""]"
8098,10.1016/j.omto.2020.09.007,2,"[""ORG-1136"",""ORG-1220""]"
8100,10.2147/OV.S116012,5,"[""ORG-0906"",""ORG-1439"",""ORG-1536"",""ORG-1934"",""ORG-2171""]"
8104,10.2214/AJR.08.1205,1,"[""ORG-1136""]"
8107,10.1002/pros.20857,2,"[""ORG-0619"",""ORG-1136""]"
8108,10.1158/1535-7163.MCT-20-0134,3,"[""ORG-0117"",""ORG-0557"",""ORG-1230""]"
8109,10.1016/j.omto.2020.08.007,2,"[""ORG-1136"",""ORG-2187""]"
8110,10.3390/ijms21145130,8,"[""ORG-0833"",""ORG-1095"",""ORG-1221"",""ORG-1586"",""ORG-1672"",""ORG-1847"",""ORG-1881"",""ORG-2328""]"
8120,10.1038/s41375-020-0828-7,3,"[""ORG-0559"",""ORG-1136"",""ORG-2057""]"
8123,10.1038/s41598-020-79036-0,4,"[""ORG-0796"",""ORG-1505"",""ORG-1702"",""ORG-1948""]"
8129,10.3390/ijms21249535,4,"[""ORG-0046"",""ORG-0047"",""ORG-0540"",""ORG-0583""]"
8131,10.1038/mt.2009.83,3,"[""ORG-0285"",""ORG-0455"",""ORG-1949""]"
8134,10.1016/j.molcel.2020.11.026,3,"[""ORG-0691"",""ORG-1462"",""ORG-1853""]"
8135,10.1038/onc.2017.346,1,"[""ORG-0319""]"
8142,10.1016/j.jmb.2009.03.016,5,"[""ORG-0086"",""ORG-0311"",""ORG-1019"",""ORG-1205"",""ORG-1669""]"
8150,10.1007/s13346-023-01362-3,3,"[""ORG-1257"",""ORG-1678"",""ORG-1934""]"
8151,10.1002/eji.201343591,3,"[""ORG-0457"",""ORG-0619"",""ORG-0694""]"
8158,10.1097/CJI.0b013e318194a6e8,1,"[""ORG-0285""]"
8169,10.1074/jbc.RA120.016284,3,"[""ORG-0312"",""ORG-1230"",""ORG-2139""]"
8172,10.3390/pharmaceutics15051339,4,"[""ORG-0338"",""ORG-0450"",""ORG-0869"",""ORG-1948""]"
8173,10.1186/1476-4598-12-103,2,"[""ORG-1775"",""ORG-2057""]"
8178,10.1158/0008-5472.CAN-08-3209,6,"[""ORG-0051"",""ORG-0052"",""ORG-0618"",""ORG-1775"",""ORG-1959"",""ORG-2120""]"
8181,10.3390/v12101194,3,"[""ORG-0020"",""ORG-0046"",""ORG-0047""]"
8189,10.1016/j.scr.2017.06.015,2,"[""ORG-0691"",""ORG-1462""]"
8190,10.3390/cancers15082204,4,"[""ORG-0188"",""ORG-0559"",""ORG-1232"",""ORG-1315""]"
8192,10.1371/journal.pone.0285532,6,"[""ORG-0122"",""ORG-0938"",""ORG-1215"",""ORG-1773"",""ORG-1881"",""ORG-1885""]"
8197,10.3389/fonc.2020.01386,2,"[""ORG-1919"",""ORG-1956""]"
8199,10.1128/jvi.00093-23,10,"[""ORG-0020"",""ORG-0046"",""ORG-0188"",""ORG-0244"",""ORG-0429"",""ORG-0431"",""ORG-0833"",""ORG-1672"",""ORG-1986"",""ORG-2170""]"
8202,10.7150/jca.18371,3,"[""ORG-0285"",""ORG-2058"",""ORG-2167""]"
8203,10.4161/onci.24612,3,"[""ORG-0602"",""ORG-1538"",""ORG-1921""]"
8204,10.3389/fbioe.2023.1076524,2,"[""ORG-0368"",""ORG-1047""]"
8205,10.1007/s10456-017-9561-x,1,"[""ORG-1986""]"
8207,10.1038/nprot.2013.094,7,"[""ORG-0317"",""ORG-1226"",""ORG-1586"",""ORG-1668"",""ORG-1831"",""ORG-2157"",""ORG-2167""]"
8214,10.1016/j.biopha.2023.114665,4,"[""ORG-0310"",""ORG-0315"",""ORG-1772"",""ORG-1857""]"
8215,10.1016/j.omto.2020.08.005,7,"[""ORG-0285"",""ORG-0302"",""ORG-0527"",""ORG-0529"",""ORG-0814"",""ORG-0860"",""ORG-2147""]"
8221,10.1007/s00430-020-00692-0,3,"[""ORG-0285"",""ORG-0302"",""ORG-1773""]"
8222,10.1371/journal.pone.0067400,6,"[""ORG-0124"",""ORG-0315"",""ORG-0450"",""ORG-1057"",""ORG-1527"",""ORG-1773""]"
8226,10.1007/s00395-023-00984-5,1,"[""ORG-1949""]"
8227,10.3390/vaccines8030497,6,"[""ORG-0421"",""ORG-1245"",""ORG-1881"",""ORG-1934"",""ORG-2125"",""ORG-2126""]"
8228,10.18632/oncotarget.15845,2,"[""ORG-1534"",""ORG-2058""]"
8229,10.1038/cgt.2013.34,2,"[""ORG-1797"",""ORG-2140""]"
8230,10.3390/ijms21176347,11,"[""ORG-0963"",""ORG-1254"",""ORG-1421"",""ORG-1856"",""ORG-1949"",""ORG-1956"",""ORG-2138"",""ORG-2147"",""ORG-2157"",""ORG-2159"",""ORG-2187""]"
8232,10.1016/j.meegid.2020.104517,4,"[""ORG-0455"",""ORG-0596"",""ORG-0878"",""ORG-1932""]"
8237,10.3390/cells12050785,1,"[""ORG-0020""]"
8242,10.1128/mBio.02326-16,7,"[""ORG-0455"",""ORG-1122"",""ORG-1221"",""ORG-1775"",""ORG-1865"",""ORG-1881"",""ORG-1917""]"
8250,10.1016/j.omtm.2017.01.002,2,"[""ORG-1057"",""ORG-2306""]"
8257,10.3390/cancers15030648,9,"[""ORG-0085"",""ORG-0191"",""ORG-0285"",""ORG-0312"",""ORG-0319"",""ORG-1221"",""ORG-1506"",""ORG-1949"",""ORG-1958""]"
8259,10.1136/jitc-2020-000763,1,"[""ORG-0741""]"
8260,10.1186/s43141-023-00472-2,16,"[""ORG-0545"",""ORG-0619"",""ORG-0833"",""ORG-0869"",""ORG-1137"",""ORG-1221"",""ORG-1230"",""ORG-1493"",""ORG-1505"",""ORG-1511"",""ORG-1783"",""ORG-1922"",""ORG-1986"",""ORG-2167"",""ORG-2187"",""ORG-2306""]"
8264,10.1038/s41594-020-0479-4,5,"[""ORG-1493"",""ORG-1505"",""ORG-1600"",""ORG-1702"",""ORG-2306""]"
8283,10.1038/ncomms14340,2,"[""ORG-1218"",""ORG-1364""]"
8291,10.1101/2020.05.18.102087,4,"[""ORG-1505"",""ORG-1600"",""ORG-1702"",""ORG-1897""]"
8293,10.1002/bit.21903,3,"[""ORG-0315"",""ORG-1773"",""ORG-1811""]"
8296,10.2147/OTT.S247836,2,"[""ORG-0285"",""ORG-1257""]"
8297,10.1038/labinvest.2012.179,2,"[""ORG-1505"",""ORG-1848""]"
8298,10.1038/s41419-022-05481-6,2,"[""ORG-1667"",""ORG-1931""]"
8299,10.3389/fimmu.2020.00695,4,"[""ORG-0332"",""ORG-0576"",""ORG-0974"",""ORG-1249""]"
8308,10.1038/gt.2012.97,3,"[""ORG-0362"",""ORG-0623"",""ORG-1772""]"
8316,10.2147/IJN.S109897,3,"[""ORG-0317"",""ORG-0539"",""ORG-2260""]"
8317,10.1038/s41417-020-0176-9,3,"[""ORG-0361"",""ORG-0963"",""ORG-1361""]"
8321,10.1136/jitc-2021-004446,2,"[""ORG-0285"",""ORG-0429""]"
8322,10.22074/cellj.2021.6917,7,"[""ORG-0285"",""ORG-0736"",""ORG-0895"",""ORG-0900"",""ORG-1618"",""ORG-1669"",""ORG-1932""]"
8331,10.1038/s41392-020-0135-9,5,"[""ORG-0319"",""ORG-0571"",""ORG-1934"",""ORG-1952"",""ORG-2139""]"
8335,10.1038/gt.2012.90,1,"[""ORG-1936""]"
8339,10.1261/rna.059345.116,5,"[""ORG-0938"",""ORG-1583"",""ORG-1672"",""ORG-1797"",""ORG-1798""]"
8340,10.1016/j.omtm.2022.09.011,5,"[""ORG-0022"",""ORG-0202"",""ORG-0229"",""ORG-0938"",""ORG-2256""]"
8341,10.1186/s13041-020-00596-3,2,"[""ORG-0897"",""ORG-1084""]"
8345,10.1016/j.xcrm.2022.100792,1,"[""ORG-0020""]"
8352,10.1016/j.immuni.2016.09.015,2,"[""ORG-0302"",""ORG-1949""]"
8353,10.1038/s41598-020-61736-2,5,"[""ORG-0619"",""ORG-0854"",""ORG-0855"",""ORG-1949"",""ORG-2155""]"
8357,10.1016/j.ultrasmedbio.2012.08.016,1,"[""ORG-1851""]"
8361,10.1038/sj.gt.3303058,3,"[""ORG-0951"",""ORG-1917"",""ORG-1936""]"
8365,10.1038/s41467-022-32738-7,1,"[""ORG-1671""]"
8366,10.3332/ecancer.2016.660,4,"[""ORG-1019"",""ORG-1257"",""ORG-1334"",""ORG-1931""]"
8370,10.1371/journal.pone.0045550,7,"[""ORG-0051"",""ORG-0052"",""ORG-0206"",""ORG-0557"",""ORG-1773"",""ORG-1813"",""ORG-1936""]"
8374,10.1038/s42003-022-03875-y,4,"[""ORG-0027"",""ORG-1702"",""ORG-1910"",""ORG-2306""]"
8379,10.1038/mt.2016.166,1,"[""ORG-0317""]"
8381,10.3390/ijms21030994,5,"[""ORG-0020"",""ORG-1797"",""ORG-1809"",""ORG-1813"",""ORG-1846""]"
8385,10.1038/s41434-022-00360-3,6,"[""ORG-0317"",""ORG-0471"",""ORG-1315"",""ORG-1668"",""ORG-1773"",""ORG-1936""]"
8394,10.1186/s12967-016-0791-2,6,"[""ORG-0302"",""ORG-0338"",""ORG-0506"",""ORG-0897"",""ORG-1206"",""ORG-1364""]"
8396,10.1128/mBio.02990-19,12,"[""ORG-0315"",""ORG-0539"",""ORG-0571"",""ORG-1057"",""ORG-1315"",""ORG-1505"",""ORG-1773"",""ORG-1812"",""ORG-1917"",""ORG-1936"",""ORG-2147"",""ORG-2306""]"
8406,10.1080/21655979.2022.2100863,7,"[""ORG-0559"",""ORG-0900"",""ORG-1023"",""ORG-1572"",""ORG-1748"",""ORG-1856"",""ORG-1934""]"
8415,10.3390/ijms23158217,8,"[""ORG-0317"",""ORG-0429"",""ORG-0431"",""ORG-0895"",""ORG-0897"",""ORG-1898"",""ORG-2163"",""ORG-2260""]"
8418,10.1126/scitranslmed.abn9662,3,"[""ORG-0798"",""ORG-1230"",""ORG-1675""]"
8421,10.3390/pathogens11070756,8,"[""ORG-0020"",""ORG-0317"",""ORG-0421"",""ORG-1241"",""ORG-1773"",""ORG-1931"",""ORG-1943"",""ORG-2170""]"
8428,10.1038/s41598-019-54939-9,8,"[""ORG-0048"",""ORG-0049"",""ORG-0361"",""ORG-1072"",""ORG-1232"",""ORG-1572"",""ORG-1856"",""ORG-1986""]"
8433,10.1021/acssynbio.2c00106,4,"[""ORG-0897"",""ORG-1184"",""ORG-1490"",""ORG-1922""]"
8435,10.3791/53290,5,"[""ORG-0310"",""ORG-0421"",""ORG-0691"",""ORG-1462"",""ORG-1948""]"
8440,10.15252/emmm.201505869,4,"[""ORG-0285"",""ORG-0833"",""ORG-1089"",""ORG-1910""]"
8444,10.1371/journal.pone.0225206,7,"[""ORG-0020"",""ORG-0046"",""ORG-0047"",""ORG-0229"",""ORG-0360"",""ORG-1232"",""ORG-1387""]"
8446,10.3389/fonc.2022.772659,4,"[""ORG-1094"",""ORG-1505"",""ORG-1934"",""ORG-2058""]"
8448,10.1016/j.omtm.2022.05.006,4,"[""ORG-0285"",""ORG-1536"",""ORG-2187"",""ORG-2306""]"
8450,10.1016/j.snb.2006.07.005,4,"[""ORG-0522"",""ORG-0809"",""ORG-1304"",""ORG-2155""]"
8451,10.3389/fgeed.2022.925088,9,"[""ORG-0317"",""ORG-0700"",""ORG-1189"",""ORG-1678"",""ORG-1844"",""ORG-1856"",""ORG-1917"",""ORG-1952"",""ORG-2157""]"
8458,10.1186/s13071-022-05341-4,3,"[""ORG-0009"",""ORG-0503"",""ORG-2040""]"
8459,10.3389/fimmu.2019.02299,3,"[""ORG-1095"",""ORG-1843"",""ORG-1900""]"
8460,10.1371/journal.pone.0153350,4,"[""ORG-0421"",""ORG-1421"",""ORG-1848"",""ORG-2120""]"
8462,10.3389/fimmu.2019.02310,2,"[""ORG-0285"",""ORG-1932""]"
8463,10.18632/oncotarget.8526,5,"[""ORG-0285"",""ORG-0540"",""ORG-0619"",""ORG-1949"",""ORG-1974""]"
8468,10.1136/jitc-2022-004762,5,"[""ORG-0302"",""ORG-0559"",""ORG-0970"",""ORG-1095"",""ORG-2058""]"
8478,10.1038/s41598-022-12404-0,4,"[""ORG-0046"",""ORG-0047"",""ORG-0317"",""ORG-1809""]"
8480,10.1038/s41467-019-11790-w,3,"[""ORG-0429"",""ORG-1846"",""ORG-1934""]"
8483,10.1371/journal.pone.0148974,3,"[""ORG-0825"",""ORG-0833"",""ORG-0987""]"
8489,10.3389/fimmu.2022.830021,4,"[""ORG-0399"",""ORG-0753"",""ORG-0895"",""ORG-2147""]"
8491,10.1038/nature16465,2,"[""ORG-0046"",""ORG-0047""]"
8495,10.1073/pnas.2111948119,6,"[""ORG-1205"",""ORG-1226"",""ORG-1582"",""ORG-1586"",""ORG-2141"",""ORG-2187""]"
8502,10.1038/srep18133,2,"[""ORG-1421"",""ORG-1669""]"
8503,10.1016/j.jacbts.2021.12.002,1,"[""ORG-1545""]"
8512,10.1016/S0065-3527(06)68008-1,2,"[""ORG-1119"",""ORG-1667""]"
8529,10.3389/fimmu.2022.785975,8,"[""ORG-0171"",""ORG-0244"",""ORG-0970"",""ORG-1505"",""ORG-2114"",""ORG-2162"",""ORG-2164"",""ORG-2172""]"
8532,10.1016/j.jconrel.2015.09.068,5,"[""ORG-0796"",""ORG-1507"",""ORG-1536"",""ORG-1775"",""ORG-2058""]"
8536,10.1016/j.sjbs.2022.02.010,4,"[""ORG-1122"",""ORG-1809"",""ORG-1819"",""ORG-1910""]"
8538,10.3389/fphar.2022.815317,5,"[""ORG-0020"",""ORG-0046"",""ORG-0047"",""ORG-0385"",""ORG-1815""]"
8548,10.1016/j.omto.2021.12.016,2,"[""ORG-0302"",""ORG-2115""]"
8550,10.3389/fonc.2021.704999,4,"[""ORG-0285"",""ORG-0429"",""ORG-0431"",""ORG-1811""]"
8551,10.1158/1078-0432.CCR-18-2559,10,"[""ORG-0285"",""ORG-0362"",""ORG-0559"",""ORG-0796"",""ORG-0951"",""ORG-1253"",""ORG-1772"",""ORG-1801"",""ORG-1934"",""ORG-2057""]"
8553,10.1128/mbio.03589-21,4,"[""ORG-0313"",""ORG-0316"",""ORG-0798"",""ORG-0825""]"
8557,10.1038/s41434-019-0078-3,5,"[""ORG-0020"",""ORG-0022"",""ORG-0046"",""ORG-0047"",""ORG-2034""]"
8559,10.1136/jitc-2021-003461,5,"[""ORG-0285"",""ORG-0319"",""ORG-0801"",""ORG-0895"",""ORG-1047""]"
8560,10.1142/S1568558610000197,6,"[""ORG-0020"",""ORG-0046"",""ORG-0047"",""ORG-0421"",""ORG-0484"",""ORG-2139""]"
8567,10.1016/j.omtm.2021.11.011,7,"[""ORG-0020"",""ORG-0046"",""ORG-0047"",""ORG-0484"",""ORG-0559"",""ORG-0887"",""ORG-1232""]"
8569,10.1186/s12920-019-0489-4,2,"[""ORG-0285"",""ORG-0728""]"
8573,10.3390/ijms222413521,3,"[""ORG-0227"",""ORG-1095"",""ORG-1921""]"
8579,10.3390/v11030198,1,"[""ORG-1119""]"
8581,10.15252/emmm.201708492,1,"[""ORG-1813""]"
8591,10.18103/mra.v9i7.2481,12,"[""ORG-0124"",""ORG-0833"",""ORG-0869"",""ORG-0970"",""ORG-1241"",""ORG-1242"",""ORG-1568"",""ORG-1600"",""ORG-1610"",""ORG-1868"",""ORG-1910"",""ORG-2171""]"
8594,10.1186/1472-6750-6-4,6,"[""ORG-0400"",""ORG-1004"",""ORG-1468"",""ORG-1864"",""ORG-1986"",""ORG-2306""]"
8595,10.3390/ijms20030777,1,"[""ORG-1089""]"
8597,10.1093/nar/gnj001,2,"[""ORG-1119"",""ORG-1678""]"
8598,10.3390/cells10112811,1,"[""ORG-1536""]"
8599,10.3390/cancers11020198,5,"[""ORG-0155"",""ORG-0285"",""ORG-0963"",""ORG-1245"",""ORG-1798""]"
8600,10.1371/journal.pntd.0007042,4,"[""ORG-0623"",""ORG-1847"",""ORG-1948"",""ORG-2114""]"
8626,10.1016/j.stem.2018.10.008,5,"[""ORG-0556"",""ORG-0700"",""ORG-1057"",""ORG-1089"",""ORG-2187""]"
8627,10.3389/fimmu.2021.721830,5,"[""ORG-0188"",""ORG-0202"",""ORG-0229"",""ORG-0360"",""ORG-0455""]"
8629,10.3389/fimmu.2018.02460,3,"[""ORG-0285"",""ORG-2058"",""ORG-2167""]"
8634,10.1016/j.omto.2018.09.001,3,"[""ORG-0700"",""ORG-1848"",""ORG-1897""]"
8636,10.1016/j.ijrobp.2010.08.001,3,"[""ORG-0082"",""ORG-0623"",""ORG-1811""]"
8643,10.1155/2018/4054815,3,"[""ORG-1215"",""ORG-1846"",""ORG-1934""]"
8653,10.1016/j.stemcr.2021.08.008,5,"[""ORG-0020"",""ORG-0046"",""ORG-0310"",""ORG-1618"",""ORG-1867""]"
8659,10.1111/jcmm.13832,1,"[""ORG-0313""]"
8662,10.4049/jimmunol.1000768,1,"[""ORG-1887""]"
8665,10.3390/v13081528,2,"[""ORG-1057"",""ORG-2260""]"
8679,10.26508/lsa.202101040,6,"[""ORG-0020"",""ORG-0046"",""ORG-0047"",""ORG-0360"",""ORG-0385"",""ORG-1421""]"
8680,10.1161/ATVBAHA.118.311221,3,"[""ORG-0020"",""ORG-0429"",""ORG-1934""]"
8684,10.3390/v10070365,4,"[""ORG-0464"",""ORG-2162"",""ORG-2172"",""ORG-2340""]"
8689,10.1038/gt.2010.45,3,"[""ORG-0583"",""ORG-1797"",""ORG-2260""]"
8694,10.1186/1476-4598-9-52,6,"[""ORG-0051"",""ORG-0052"",""ORG-0343"",""ORG-1095"",""ORG-1538"",""ORG-2306""]"
8695,10.1056/NEJMoa1407222,2,"[""ORG-1368"",""ORG-1809""]"
8699,10.1093/nar/gky447,3,"[""ORG-0399"",""ORG-1831"",""ORG-1900""]"
8705,10.1158/2326-6066.CIR-14-0127,3,"[""ORG-0285"",""ORG-1505"",""ORG-1934""]"
8708,10.1158/2326-6066.CIR-20-0470,5,"[""ORG-0285"",""ORG-0362"",""ORG-1057"",""ORG-1221"",""ORG-1948""]"
8716,10.1016/j.jcyt.2014.05.022,7,"[""ORG-0285"",""ORG-0302"",""ORG-0319"",""ORG-0361"",""ORG-0507"",""ORG-1934"",""ORG-1986""]"
8720,10.1158/0008-5472.CAN-14-0376,2,"[""ORG-0285"",""ORG-0319""]"
8721,10.4236/jct.2021.126029,4,"[""ORG-0051"",""ORG-1603"",""ORG-1936"",""ORG-2306""]"
8723,10.3389/fimmu.2021.634031,8,"[""ORG-0188"",""ORG-0360"",""ORG-0571"",""ORG-1079"",""ORG-1890"",""ORG-1934"",""ORG-1948"",""ORG-2257""]"
8726,10.3390/v10050242,4,"[""ORG-0557"",""ORG-0559"",""ORG-1252"",""ORG-1586""]"
8727,10.5306/wjco.v12.i5.290,3,"[""ORG-0188"",""ORG-1221"",""ORG-1461""]"
8729,10.1016/j.celrep.2018.03.125,5,"[""ORG-0317"",""ORG-0833"",""ORG-1137"",""ORG-1200"",""ORG-2306""]"
8732,10.1016/j.omtm.2017.12.003,4,"[""ORG-0188"",""ORG-0285"",""ORG-0938"",""ORG-1257""]"
8737,10.1016/j.heliyon.2021.e07022,4,"[""ORG-0596"",""ORG-1232"",""ORG-1890"",""ORG-2147""]"
8744,10.7554/eLife.01911,14,"[""ORG-0015"",""ORG-0090"",""ORG-0421"",""ORG-0557"",""ORG-0700"",""ORG-1315"",""ORG-1441"",""ORG-1442"",""ORG-1675"",""ORG-1844"",""ORG-1846"",""ORG-1958"",""ORG-1969"",""ORG-1979""]"
8746,10.1371/journal.pone.0097695,6,"[""ORG-0015"",""ORG-0968"",""ORG-0970"",""ORG-2141"",""ORG-2163"",""ORG-2260""]"
8748,10.1515/biol-2021-0033,5,"[""ORG-0317"",""ORG-0385"",""ORG-0900"",""ORG-1802"",""ORG-2248""]"
8751,10.1158/2326-6066.CIR-17-0434,5,"[""ORG-0319"",""ORG-1361"",""ORG-1934"",""ORG-1979"",""ORG-2058""]"
8756,10.1158/2326-6066.CIR-14-0015,6,"[""ORG-0897"",""ORG-1586"",""ORG-1866"",""ORG-1953"",""ORG-2163"",""ORG-2170""]"
8757,10.1038/tp.2014.25,3,"[""ORG-0020"",""ORG-1503"",""ORG-1910""]"
8765,10.1038/mt.2009.184,5,"[""ORG-0020"",""ORG-0046"",""ORG-0047"",""ORG-0539"",""ORG-1174""]"
8776,10.1097/QAI.0b013e3181b010a0,8,"[""ORG-0315"",""ORG-0825"",""ORG-1221"",""ORG-1773"",""ORG-1846"",""ORG-1862"",""ORG-1881"",""ORG-1949""]"
8781,10.1016/j.exer.2021.108553,6,"[""ORG-0315"",""ORG-0319"",""ORG-0559"",""ORG-1949"",""ORG-1956"",""ORG-2306""]"
8787,10.2217/fvl.13.112,13,"[""ORG-0020"",""ORG-0046"",""ORG-0047"",""ORG-0082"",""ORG-0317"",""ORG-0549"",""ORG-1230"",""ORG-1432"",""ORG-1822"",""ORG-1948"",""ORG-1952"",""ORG-1986"",""ORG-2171""]"
8789,10.1038/s41467-021-21816-x,10,"[""ORG-0086"",""ORG-0302"",""ORG-0825"",""ORG-0861"",""ORG-0897"",""ORG-1020"",""ORG-1505"",""ORG-1773"",""ORG-1935"",""ORG-1958""]"
8793,10.1371/journal.pone.0086843,3,"[""ORG-1421"",""ORG-1897"",""ORG-2120""]"
8794,10.1016/j.ymthe.2017.11.012,4,"[""ORG-0310"",""ORG-1797"",""ORG-1822"",""ORG-1979""]"
8799,10.1186/1754-1611-3-8,10,"[""ORG-0317"",""ORG-0556"",""ORG-0557"",""ORG-1057"",""ORG-1089"",""ORG-1315"",""ORG-1773"",""ORG-1843"",""ORG-1890"",""ORG-1948""]"
8807,10.1038/nature25157,13,"[""ORG-0188"",""ORG-0421"",""ORG-0680"",""ORG-1257"",""ORG-1714"",""ORG-1797"",""ORG-1846"",""ORG-1944"",""ORG-1945"",""ORG-1948"",""ORG-2147"",""ORG-2162"",""ORG-2281""]"
8811,10.3390/v6010054,5,"[""ORG-0302"",""ORG-0825"",""ORG-0861"",""ORG-0897"",""ORG-1773""]"
8814,10.1371/journal.pone.0083933,1,"[""ORG-1095""]"
8821,10.3389/fimmu.2017.01402,6,"[""ORG-0188"",""ORG-0736"",""ORG-0861"",""ORG-1538"",""ORG-1985"",""ORG-2040""]"
8822,10.3389/fonc.2020.614876,5,"[""ORG-0302"",""ORG-0736"",""ORG-0814"",""ORG-1169"",""ORG-1910""]"
8826,10.1016/j.jim.2020.112955,5,"[""ORG-0285"",""ORG-0308"",""ORG-1315"",""ORG-1797"",""ORG-1949""]"
8828,10.3389/fonc.2021.630408,1,"[""ORG-0362""]"
8829,10.3389/fonc.2021.625534,1,"[""ORG-0897""]"
8833,10.3390/pathogens5010018,2,"[""ORG-1986"",""ORG-2260""]"
8836,10.3390/v7062752,2,"[""ORG-1039"",""ORG-1607""]"
8843,10.1371/journal.pone.0148342,6,"[""ORG-0518"",""ORG-0520"",""ORG-0527"",""ORG-1087"",""ORG-1896"",""ORG-1897""]"
8852,10.1186/1471-2407-6-20,1,"[""ORG-1667""]"
8857,10.1093/nar/gkj431,4,"[""ORG-0772"",""ORG-0858"",""ORG-1243"",""ORG-2260""]"
8859,10.1371/journal.ppat.1009446,8,"[""ORG-0188"",""ORG-0625"",""ORG-0854"",""ORG-1119"",""ORG-1579"",""ORG-1586"",""ORG-1848"",""ORG-2306""]"
8860,10.1002/cam4.3828,1,"[""ORG-1361""]"
8862,10.1038/srep20577,4,"[""ORG-1253"",""ORG-2120"",""ORG-2157"",""ORG-2189""]"
8875,10.1371/journal.pone.0147567,3,"[""ORG-1023"",""ORG-1545"",""ORG-1639""]"
8887,10.1136/bmjopen-2020-043880,2,"[""ORG-1503"",""ORG-1603""]"
8888,10.1016/j.jtos.2021.03.005,3,"[""ORG-0852"",""ORG-0854"",""ORG-1919""]"
8901,10.1186/s12889-015-1861-8,5,"[""ORG-0155"",""ORG-0409"",""ORG-1228"",""ORG-1368"",""ORG-1858""]"
8909,10.1073/pnas.1424420112,6,"[""ORG-1135"",""ORG-1773"",""ORG-1798"",""ORG-1866"",""ORG-1949"",""ORG-2034""]"
8920,10.1128/mBio.02956-20,4,"[""ORG-0772"",""ORG-0858"",""ORG-1023"",""ORG-2163""]"
8922,10.1084/jem.20201731,3,"[""ORG-0963"",""ORG-1215"",""ORG-1797""]"
8925,10.1016/j.vetmic.2005.12.008,1,"[""ORG-1833""]"
8927,10.1080/21645515.2015.1131369,1,"[""ORG-2247""]"
8933,10.1002/cam4.3765,2,"[""ORG-0191"",""ORG-1932""]"
8934,10.1093/ofid/ofv001,3,"[""ORG-1228"",""ORG-1368"",""ORG-1862""]"
8941,10.1016/j.isci.2021.102242,5,"[""ORG-0736"",""ORG-0887"",""ORG-0895"",""ORG-0987"",""ORG-1672""]"
8950,10.1080/07448481.2016.1138481,1,"[""ORG-1545""]"
8961,10.1371/journal.pone.0248769,2,"[""ORG-1797"",""ORG-1847""]"
8963,10.7150/jca.13150,3,"[""ORG-0455"",""ORG-0728"",""ORG-2304""]"
8965,10.7150/jca.12841,1,"[""ORG-0941""]"
8968,10.1007/s40778-020-00170-6,3,"[""ORG-0571"",""ORG-1917"",""ORG-2156""]"
8987,10.3389/fimmu.2021.634489,2,"[""ORG-0728"",""ORG-1089""]"
8994,10.1186/s40880-016-0079-1,2,"[""ORG-0363"",""ORG-2156""]"
8995,10.1136/gutjnl-2015-310839,1,"[""ORG-1364""]"
8996,10.1371/journal.ppat.1005405,9,"[""ORG-0015"",""ORG-1089"",""ORG-1238"",""ORG-1490"",""ORG-1797"",""ORG-1798"",""ORG-1834"",""ORG-2147"",""ORG-2306""]"
9000,10.1126/science.aac9475,3,"[""ORG-0302"",""ORG-1368"",""ORG-1732""]"
9002,10.1128/mBio.01926-15,7,"[""ORG-0315"",""ORG-0527"",""ORG-0529"",""ORG-1243"",""ORG-1834"",""ORG-1862"",""ORG-2159""]"
9004,10.1038/mtna.2015.54,3,"[""ORG-0243"",""ORG-1089"",""ORG-1802""]"
9009,10.1038/srep19176,4,"[""ORG-0182"",""ORG-0429"",""ORG-0431"",""ORG-2114""]"
9016,10.1097/QAD.0000000000000927,1,"[""ORG-2189""]"
9017,10.1016/j.chom.2015.12.010,2,"[""ORG-0895"",""ORG-1527""]"
9022,10.1186/s12887-016-0546-5,4,"[""ORG-1603"",""ORG-1925"",""ORG-2120"",""ORG-2189""]"
9030,10.1007/s10904-006-9050-y,4,"[""ORG-1797"",""ORG-1849"",""ORG-1850"",""ORG-2120""]"
9037,10.1038/srep19089,6,"[""ORG-0317"",""ORG-0571"",""ORG-0895"",""ORG-0899"",""ORG-2163"",""ORG-2306""]"
9040,10.1186/s13046-015-0139-4,1,"[""ORG-1827""]"
9045,10.1016/j.jaci.2015.10.032,1,"[""ORG-0943""]"
9053,10.3389/fimmu.2015.00208,4,"[""ORG-0310"",""ORG-0317"",""ORG-0360"",""ORG-0854""]"
9057,10.7150/ijms.11270,9,"[""ORG-0773"",""ORG-1057"",""ORG-1089"",""ORG-1368"",""ORG-1841"",""ORG-1900"",""ORG-1936"",""ORG-2141"",""ORG-2183""]"
9067,10.1016/j.bmc.2015.04.079,2,"[""ORG-0243"",""ORG-1586""]"
9071,10.2147/OPTH.S81020,3,"[""ORG-1897"",""ORG-2120"",""ORG-2189""]"
9072,10.1292/jvms.15-0543,2,"[""ORG-0581"",""ORG-1230""]"
9086,10.1186/s12979-015-0030-3,6,"[""ORG-0772"",""ORG-0858"",""ORG-0963"",""ORG-1856"",""ORG-1931"",""ORG-1932""]"
9092,10.1186/s12967-015-0515-z,1,"[""ORG-1898""]"
9102,10.1080/21645515.2015.1016665,3,"[""ORG-0897"",""ORG-1931"",""ORG-2113""]"
9107,10.18632/oncotarget.6641,1,"[""ORG-1361""]"
9110,10.1084/jem.20142350,4,"[""ORG-0895"",""ORG-1949"",""ORG-2115"",""ORG-2187""]"
9111,10.1016/j.jflm.2015.11.008,4,"[""ORG-0806"",""ORG-1361"",""ORG-1503"",""ORG-1593""]"
9112,10.1074/jbc.M114.622928,4,"[""ORG-0267"",""ORG-1035"",""ORG-1205"",""ORG-1607""]"
9113,10.1371/journal.pone.0124531,1,"[""ORG-0300""]"
9123,10.1371/journal.pone.0126081,7,"[""ORG-0308"",""ORG-0317"",""ORG-0361"",""ORG-2120"",""ORG-2147"",""ORG-2171"",""ORG-2189""]"
9129,10.1097/TP.0000000000000816,2,"[""ORG-0898"",""ORG-1981""]"
9139,10.1186/s13045-015-0142-4,3,"[""ORG-0897"",""ORG-1215"",""ORG-1851""]"
9141,10.1016/j.virol.2015.04.004,8,"[""ORG-0188"",""ORG-0227"",""ORG-0772"",""ORG-0858"",""ORG-1495"",""ORG-1747"",""ORG-1931"",""ORG-1982""]"
9149,10.1186/s12990-015-0018-1,3,"[""ORG-1905"",""ORG-1934"",""ORG-2108""]"
9159,10.4081/cp.2013.e24,1,"[""ORG-1851""]"
9160,10.4081/cp.2013.e16,5,"[""ORG-0962"",""ORG-0963"",""ORG-1221"",""ORG-1881"",""ORG-2120""]"
9163,10.1016/j.crwh.2015.11.002,1,"[""ORG-1798""]"
9168,10.1371/journal.ppat.1004897,8,"[""ORG-0317"",""ORG-0895"",""ORG-0897"",""ORG-0942"",""ORG-1215"",""ORG-1867"",""ORG-1956"",""ORG-2147""]"
9170,10.3389/fphar.2015.00076,4,"[""ORG-1089"",""ORG-1131"",""ORG-1905"",""ORG-1910""]"
9180,10.1371/journal.pmed.0030002,2,"[""ORG-0858"",""ORG-1844""]"
9191,10.4103/0972-124X.124470,3,"[""ORG-0188"",""ORG-0943"",""ORG-2260""]"
9208,10.1016/j.antiviral.2015.04.012,13,"[""ORG-0310"",""ORG-0312"",""ORG-0606"",""ORG-0854"",""ORG-0882"",""ORG-0904"",""ORG-1089"",""ORG-1495"",""ORG-1849"",""ORG-1850"",""ORG-1862"",""ORG-2140"",""ORG-2231""]"
9209,10.1093/infdis/jiv549,1,"[""ORG-0861""]"
9217,10.1155/2013/903948,2,"[""ORG-0007"",""ORG-1866""]"
9218,10.1016/j.ygyno.2015.04.027,6,"[""ORG-0302"",""ORG-0319"",""ORG-0899"",""ORG-1797"",""ORG-2058"",""ORG-2306""]"
9220,10.1097/MD.0000000000000787,1,"[""ORG-2159""]"
9223,10.1038/gene.2015.13,3,"[""ORG-0825"",""ORG-0943"",""ORG-1910""]"
9224,10.1371/journal.pone.0125025,4,"[""ORG-0167"",""ORG-1368"",""ORG-1856"",""ORG-2189""]"
9230,10.1038/nprot.2015.048,6,"[""ORG-0421"",""ORG-0602"",""ORG-0855"",""ORG-1138"",""ORG-1831"",""ORG-1986""]"
9231,10.7774/cevr.2014.3.1.91,1,"[""ORG-1897""]"
9232,10.1002/rmv.1862,6,"[""ORG-0317"",""ORG-0772"",""ORG-0858"",""ORG-1432"",""ORG-1668"",""ORG-1811""]"
9233,10.4049/jimmunol.1500424,1,"[""ORG-1215""]"
9234,10.1016/j.vaccine.2015.10.137,6,"[""ORG-0302"",""ORG-0754"",""ORG-0755"",""ORG-0963"",""ORG-1368"",""ORG-1934""]"
9235,10.1186/1743-422X-2-85,11,"[""ORG-0150"",""ORG-0904"",""ORG-1019"",""ORG-1089"",""ORG-1485"",""ORG-1798"",""ORG-1857"",""ORG-1890"",""ORG-2141"",""ORG-2142"",""ORG-2163""]"
9236,10.1111/j.1469-0691.2004.00699.x,4,"[""ORG-1174"",""ORG-1503"",""ORG-1797"",""ORG-2170""]"
9239,10.1007/978-3-642-41004-8_4,2,"[""ORG-0188"",""ORG-1146""]"
9250,10.3892/or.2013.2958,9,"[""ORG-0048"",""ORG-0082"",""ORG-0938"",""ORG-0941"",""ORG-1441"",""ORG-1442"",""ORG-1667"",""ORG-1844"",""ORG-1874""]"
9257,10.1371/journal.pone.0083398,2,"[""ORG-1331"",""ORG-1934""]"
9259,10.1371/journal.pone.0084908,4,"[""ORG-0302"",""ORG-1797"",""ORG-2057"",""ORG-2058""]"
9262,10.1371/journal.pone.0083457,6,"[""ORG-0319"",""ORG-0691"",""ORG-0895"",""ORG-0963"",""ORG-1462"",""ORG-2306""]"
9264,10.1371/journal.pone.0080092,2,"[""ORG-1831"",""ORG-1862""]"
9265,10.18632/oncotarget.6013,4,"[""ORG-0506"",""ORG-0559"",""ORG-1848"",""ORG-2306""]"
9266,10.1155/2015/593757,7,"[""ORG-0308"",""ORG-0833"",""ORG-0854"",""ORG-0897"",""ORG-1949"",""ORG-1952"",""ORG-2165""]"
9270,10.1073/pnas.1501176112,4,"[""ORG-1230"",""ORG-1935"",""ORG-2120"",""ORG-2189""]"
9278,10.1089/biores.2013.0034,3,"[""ORG-0825"",""ORG-0861"",""ORG-1089""]"
9282,10.3389/fmicb.2015.00280,7,"[""ORG-0527"",""ORG-0972"",""ORG-1215"",""ORG-1221"",""ORG-1746"",""ORG-1848"",""ORG-1986""]"
9284,10.1016/j.bbmt.2015.10.022,1,"[""ORG-1897""]"
9285,10.1586/14760584.2016.1106942,4,"[""ORG-0522"",""ORG-1221"",""ORG-1859"",""ORG-1881""]"
9295,10.1186/1742-4690-2-69,8,"[""ORG-0313"",""ORG-0825"",""ORG-0861"",""ORG-0897"",""ORG-1205"",""ORG-1634"",""ORG-1772"",""ORG-1866""]"
9303,10.3389/fonc.2013.00299,7,"[""ORG-0527"",""ORG-0728"",""ORG-0756"",""ORG-0897"",""ORG-1130"",""ORG-1844"",""ORG-2156""]"
9305,10.1371/journal.pone.0083603,3,"[""ORG-0854"",""ORG-1803"",""ORG-1872""]"
9312,10.1084/jem.20050864,2,"[""ORG-1330"",""ORG-1732""]"
9315,10.1016/S0151-9638(13)70140-6,2,"[""ORG-0728"",""ORG-0756""]"
9317,10.1038/srep09979,5,"[""ORG-0308"",""ORG-0938"",""ORG-0941"",""ORG-1744"",""ORG-1848""]"
9319,10.1016/j.biomaterials.2015.10.002,3,"[""ORG-0361"",""ORG-1421"",""ORG-2032""]"
9322,10.1186/1471-2334-13-600,2,"[""ORG-0861"",""ORG-1667""]"
9331,10.1371/journal.pone.0125292,5,"[""ORG-1184"",""ORG-1232"",""ORG-1361"",""ORG-1826"",""ORG-2171""]"
9333,10.3390/ijms141223922,17,"[""ORG-0206"",""ORG-0207"",""ORG-0265"",""ORG-0520"",""ORG-0527"",""ORG-0529"",""ORG-0602"",""ORG-0772"",""ORG-0854"",""ORG-0858"",""ORG-1087"",""ORG-1361"",""ORG-1593"",""ORG-1607"",""ORG-1958"",""ORG-2120"",""ORG-2189""]"
9341,10.1371/journal.pone.0082646,2,"[""ORG-0581"",""ORG-1896""]"
9342,10.1155/2013/753424,2,"[""ORG-1835"",""ORG-1910""]"
9345,10.1016/j.virusres.2015.10.007,3,"[""ORG-1039"",""ORG-1040"",""ORG-1607""]"
9350,10.1186/s12879-015-0810-6,1,"[""ORG-1368""]"
9351,10.1177/1098612X15607586,2,"[""ORG-0963"",""ORG-1361""]"
9352,10.1186/s12866-015-0415-7,2,"[""ORG-0860"",""ORG-1851""]"
9356,10.1186/s12896-015-0128-x,7,"[""ORG-0082"",""ORG-0596"",""ORG-0895"",""ORG-0988"",""ORG-1047"",""ORG-1979"",""ORG-2256""]"
9366,10.1371/journal.pone.0121548,2,"[""ORG-0188"",""ORG-1361""]"
9368,10.1002/jmv.23834,4,"[""ORG-1102"",""ORG-1361"",""ORG-2120"",""ORG-2189""]"
9370,10.1186/s12885-015-1084-5,3,"[""ORG-0545"",""ORG-1228"",""ORG-1418""]"
9377,10.1186/s12967-015-0433-0,5,"[""ORG-0188"",""ORG-0741"",""ORG-1848"",""ORG-1922"",""ORG-1989""]"
9385,10.1111/imr.12288,3,"[""ORG-0188"",""ORG-1866"",""ORG-1972""]"
9390,10.1016/j.chom.2013.11.009,1,"[""ORG-0511""]"
9393,10.1016/j.jhin.2005.05.017,1,"[""ORG-1986""]"
9395,10.1371/journal.ppat.1004831,5,"[""ORG-0302"",""ORG-0317"",""ORG-1798"",""ORG-1859"",""ORG-1986""]"
9396,10.1371/journal.ppat.1004812,3,"[""ORG-0854"",""ORG-1286"",""ORG-1949""]"
9409,10.4137/IJTR.S13256,1,"[""ORG-1089""]"
9413,10.1007/s11357-013-9594-z,1,"[""ORG-2260""]"
9416,10.1111/tri.12582,2,"[""ORG-1867"",""ORG-1934""]"
9418,10.1136/annrheumdis-2015-207319,6,"[""ORG-0897"",""ORG-1089"",""ORG-1330"",""ORG-1368"",""ORG-1847"",""ORG-1910""]"
9422,10.1186/s12348-015-0038-z,5,"[""ORG-0855"",""ORG-1089"",""ORG-1361"",""ORG-1485"",""ORG-2189""]"
9424,10.1016/j.virol.2013.10.018,7,"[""ORG-0267"",""ORG-0362"",""ORG-1039"",""ORG-1044"",""ORG-1087"",""ORG-1321"",""ORG-1607""]"
9426,10.7554/eLife.05345,6,"[""ORG-0015"",""ORG-0191"",""ORG-0559"",""ORG-0887"",""ORG-0897"",""ORG-1975""]"
9434,10.1007/s11101-014-9353-5,3,"[""ORG-0312"",""ORG-1934"",""ORG-1948""]"
9459,10.3389/fimmu.2015.00122,3,"[""ORG-0619"",""ORG-0897"",""ORG-1812""]"
9462,10.4172/2157-7412.1000139,4,"[""ORG-0188"",""ORG-0421"",""ORG-1253"",""ORG-1910""]"
9463,10.1186/s12985-015-0260-1,6,"[""ORG-1361"",""ORG-1803"",""ORG-1811"",""ORG-1856"",""ORG-1867"",""ORG-2260""]"
9467,10.7554/eLife.06068,7,"[""ORG-0014"",""ORG-0772"",""ORG-0858"",""ORG-1949"",""ORG-1986"",""ORG-2141"",""ORG-2158""]"
9468,10.1002/ijc.29687,4,"[""ORG-0363"",""ORG-0860"",""ORG-0943"",""ORG-0963""]"
9470,10.1099/vir.0.81126-0,6,"[""ORG-0542"",""ORG-0772"",""ORG-0796"",""ORG-0858"",""ORG-1418"",""ORG-1852""]"
9477,10.4103/1319-3767.153832,1,"[""ORG-2156""]"
9480,10.3390/v5112803,5,"[""ORG-0772"",""ORG-0858"",""ORG-0963"",""ORG-1797"",""ORG-1811""]"
9484,10.1155/2015/876301,1,"[""ORG-2156""]"
9492,10.1371/journal.pone.0080052,1,"[""ORG-1361""]"
9495,10.5812/jjm.14920,10,"[""ORG-0363"",""ORG-0545"",""ORG-0773"",""ORG-0856"",""ORG-0897"",""ORG-1039"",""ORG-1607"",""ORG-1896"",""ORG-2161"",""ORG-2170""]"
9502,10.1126/scitranslmed.aaa2293,2,"[""ORG-0302"",""ORG-0970""]"
9510,10.1371/journal.ppat.1004784,9,"[""ORG-0854"",""ORG-1203"",""ORG-1286"",""ORG-1678"",""ORG-1797"",""ORG-1934"",""ORG-1949"",""ORG-2139"",""ORG-2306""]"
9520,10.1371/journal.pone.0121339,10,"[""ORG-0312"",""ORG-0361"",""ORG-0435"",""ORG-0606"",""ORG-1245"",""ORG-1696"",""ORG-1798"",""ORG-1803"",""ORG-2171"",""ORG-2273""]"
9534,10.5505/1304.7361.2014.82788,1,"[""ORG-2120""]"
9536,10.1155/2013/738794,2,"[""ORG-0559"",""ORG-1958""]"
9537,10.1016/j.virol.2015.03.013,1,"[""ORG-0014""]"
9542,10.1016/j.gendis.2014.12.001,9,"[""ORG-0368"",""ORG-0539"",""ORG-0812"",""ORG-1057"",""ORG-1092"",""ORG-1095"",""ORG-1119"",""ORG-1257"",""ORG-1749""]"
9543,10.1007/s40588-019-00134-3,3,"[""ORG-0571"",""ORG-0854"",""ORG-1286""]"
9548,10.1007/s40588-019-00131-6,2,"[""ORG-0854"",""ORG-1421""]"
9549,10.1155/2013/647486,2,"[""ORG-2120"",""ORG-2170""]"
9550,10.1289/ehp.7766,2,"[""ORG-2120"",""ORG-2189""]"
9552,10.1371/journal.ppat.1004768,5,"[""ORG-0571"",""ORG-0691"",""ORG-0974"",""ORG-1039"",""ORG-1462""]"
9555,10.2147/OTT.S51749,9,"[""ORG-0618"",""ORG-0970"",""ORG-1536"",""ORG-1843"",""ORG-1900"",""ORG-1905"",""ORG-2163"",""ORG-2260"",""ORG-2306""]"
9556,10.1186/1475-2859-4-28,7,"[""ORG-0160"",""ORG-0596"",""ORG-0833"",""ORG-1095"",""ORG-1627"",""ORG-1843"",""ORG-1900""]"
9557,10.4103/2249-4863.152276,1,"[""ORG-0409""]"
9561,10.1371/journal.ppat.0010007,10,"[""ORG-0319"",""ORG-0854"",""ORG-0897"",""ORG-0917"",""ORG-0974"",""ORG-1079"",""ORG-1511"",""ORG-1811"",""ORG-1900"",""ORG-1901""]"
9568,10.5230/jgc.2020.20.e1,1,"[""ORG-2156""]"
9570,10.1371/journal.pone.0079571,7,"[""ORG-0188"",""ORG-0267"",""ORG-0571"",""ORG-0963"",""ORG-1178"",""ORG-1200"",""ORG-1771""]"
9574,10.11604/pamj.2019.34.206.20244,1,"[""ORG-0518""]"
9576,10.1371/journal.ppat.1003749,11,"[""ORG-0319"",""ORG-0728"",""ORG-1035"",""ORG-1039"",""ORG-1368"",""ORG-1409"",""ORG-1607"",""ORG-1852"",""ORG-1914"",""ORG-2140"",""ORG-2141""]"
9579,10.1002/jgf2.291,1,"[""ORG-1897""]"
9587,10.1016/j.cell.2013.09.045,3,"[""ORG-0302"",""ORG-1351"",""ORG-1927""]"
9592,10.1053/j.seminhematol.2015.01.006,2,"[""ORG-0808"",""ORG-1811""]"
9612,10.1097/TXD.0000000000000962,2,"[""ORG-1089"",""ORG-1935""]"
9613,10.1007/s00430-015-0402-5,1,"[""ORG-0560""]"
9617,10.3389/fimmu.2019.03103,6,"[""ORG-0302"",""ORG-0527"",""ORG-0900"",""ORG-1020"",""ORG-1178"",""ORG-1200""]"
9622,10.3389/fneur.2019.01368,1,"[""ORG-0542""]"
9628,10.1016/j.virusres.2015.03.004,5,"[""ORG-0897"",""ORG-0963"",""ORG-1253"",""ORG-1607"",""ORG-1887""]"
9632,10.1016/j.jacbts.2019.06.006,4,"[""ORG-0046"",""ORG-1095"",""ORG-1844"",""ORG-1857""]"
9633,10.3389/fonc.2019.01489,2,"[""ORG-1215"",""ORG-1834""]"
9648,10.2478/jvetres-2019-0069,2,"[""ORG-2034"",""ORG-2193""]"
9655,10.1128/JVI.03614-14,6,"[""ORG-0527"",""ORG-1639"",""ORG-1846"",""ORG-1948"",""ORG-2147"",""ORG-2306""]"
9657,10.1016/j.immuni.2015.02.008,6,"[""ORG-0728"",""ORG-0772"",""ORG-0858"",""ORG-0941"",""ORG-1215"",""ORG-1798""]"
9665,10.1155/2015/723962,1,"[""ORG-1485""]"
9671,10.3389/fmicb.2019.02879,6,"[""ORG-0520"",""ORG-0527"",""ORG-0559"",""ORG-0623"",""ORG-1905"",""ORG-1921""]"
9674,10.1371/journal.pone.0076935,3,"[""ORG-1232"",""ORG-1641"",""ORG-2193""]"
9682,10.1371/journal.pone.0075915,6,"[""ORG-0302"",""ORG-0363"",""ORG-0364"",""ORG-0938"",""ORG-1368"",""ORG-1896""]"
9691,10.1093/nar/gkv212,3,"[""ORG-0728"",""ORG-1709"",""ORG-2140""]"
9693,10.1007/s12026-013-8458-z,3,"[""ORG-0795"",""ORG-0860"",""ORG-1039""]"
9715,10.4161/hv.26986,2,"[""ORG-0082"",""ORG-0542""]"
9719,10.1186/s40164-015-0003-4,1,"[""ORG-1089""]"
9731,10.3390/microorganisms7120705,2,"[""ORG-1020"",""ORG-2108""]"
9733,10.3390/v11121161,6,"[""ORG-0856"",""ORG-0963"",""ORG-1039"",""ORG-1089"",""ORG-1607"",""ORG-2156""]"
9738,10.1038/nature14320,3,"[""ORG-0455"",""ORG-1856"",""ORG-2058""]"
9746,10.1038/s41598-019-56448-1,3,"[""ORG-0963"",""ORG-1667"",""ORG-1896""]"
9749,10.1590/1414-431X20144266,5,"[""ORG-0516"",""ORG-0809"",""ORG-0810"",""ORG-1814"",""ORG-1846""]"
9759,10.3390/v12010017,3,"[""ORG-0421"",""ORG-1952"",""ORG-2091""]"
9767,10.7554/eLife.06054,12,"[""ORG-0316"",""ORG-0833"",""ORG-0854"",""ORG-0963"",""ORG-1221"",""ORG-1248"",""ORG-1459"",""ORG-1709"",""ORG-1866"",""ORG-1948"",""ORG-2147"",""ORG-2306""]"
9775,10.1007/s00262-015-1675-7,4,"[""ORG-0122"",""ORG-0545"",""ORG-1215"",""ORG-1890""]"
9783,10.3389/fped.2019.00500,6,"[""ORG-0963"",""ORG-1432"",""ORG-1631"",""ORG-1730"",""ORG-2120"",""ORG-2189""]"
9798,10.1016/j.chom.2019.11.013,4,"[""ORG-0772"",""ORG-0858"",""ORG-0899"",""ORG-0963""]"
9802,10.1186/1743-422X-10-314,6,"[""ORG-0215"",""ORG-1137"",""ORG-1361"",""ORG-1593"",""ORG-2147"",""ORG-2159""]"
9804,10.1126/science.aaa5026,2,"[""ORG-0691"",""ORG-1462""]"
9805,10.1038/ncomms7302,1,"[""ORG-2304""]"
9815,10.3390/cells9010031,4,"[""ORG-0455"",""ORG-0507"",""ORG-0772"",""ORG-0858""]"
9823,10.3390/ijerph16245152,1,"[""ORG-0720""]"
9826,10.3390/vaccines7040217,5,"[""ORG-0124"",""ORG-0399"",""ORG-1305"",""ORG-1834"",""ORG-1932""]"
9828,10.1002/cam4.2802,5,"[""ORG-0773"",""ORG-1851"",""ORG-1852"",""ORG-1897"",""ORG-1986""]"
9834,10.1371/journal.ppat.1003640,12,"[""ORG-0312"",""ORG-0511"",""ORG-1019"",""ORG-1035"",""ORG-1039"",""ORG-1044"",""ORG-1051"",""ORG-1205"",""ORG-1607"",""ORG-1811"",""ORG-2141"",""ORG-2147""]"
9840,10.1177/1559325819894179,4,"[""ORG-0506"",""ORG-0728"",""ORG-0858"",""ORG-1641""]"
9842,10.1093/ofid/ofu049,1,"[""ORG-1910""]"
9850,10.3389/fmicb.2019.02790,2,"[""ORG-0455"",""ORG-2129""]"
9856,10.3892/ol.2013.1505,1,"[""ORG-1900""]"
9863,10.1038/ncomms3623,1,"[""ORG-0302""]"
9866,10.1002/dc.24371,3,"[""ORG-0527"",""ORG-0736"",""ORG-0795""]"
9868,10.1016/j.pharmthera.2013.10.003,6,"[""ORG-0317"",""ORG-0455"",""ORG-0833"",""ORG-1653"",""ORG-1921"",""ORG-1986""]"
9870,10.1007/s12328-019-01081-8,2,"[""ORG-1868"",""ORG-1913""]"
9872,10.1016/j.ekir.2019.08.015,2,"[""ORG-0312"",""ORG-0319""]"
9873,10.1038/srep02970,3,"[""ORG-0385"",""ORG-1361"",""ORG-1952""]"
9874,10.1016/j.heliyon.2019.e02726,6,"[""ORG-0306"",""ORG-0373"",""ORG-1896"",""ORG-1935"",""ORG-2161"",""ORG-2192""]"
9878,10.1099/vir.0.000106,1,"[""ORG-1797""]"
9884,10.1016/j.cellimm.2019.104024,1,"[""ORG-1131""]"
9898,10.1080/15548627.2015.1017184,5,"[""ORG-1802"",""ORG-1887"",""ORG-1986"",""ORG-2147"",""ORG-2176""]"
9900,10.2147/IJN.S48950,7,"[""ORG-0319"",""ORG-0938"",""ORG-1585"",""ORG-1844"",""ORG-1900"",""ORG-1989"",""ORG-2032""]"
9904,10.1007/s11910-015-0534-4,4,"[""ORG-1831"",""ORG-1910"",""ORG-2120"",""ORG-2189""]"
9905,10.1200/PO.19.00171,1,"[""ORG-1368""]"
9907,10.2217/pgs.14.170,1,"[""ORG-1934""]"
9909,10.1158/2326-6066.CIR-14-0203-T,4,"[""ORG-0319"",""ORG-0527"",""ORG-2147"",""ORG-2306""]"
9910,10.1007/s10072-019-04156-z,1,"[""ORG-1246""]"
9911,10.1016/j.bbmt.2013.10.003,1,"[""ORG-1910""]"
9914,10.1186/s13027-019-0261-6,2,"[""ORG-0302"",""ORG-0860""]"
9916,10.1371/journal.pone.0117471,7,"[""ORG-0503"",""ORG-0728"",""ORG-0854"",""ORG-1819"",""ORG-1948"",""ORG-1956"",""ORG-2141""]"
9917,10.1186/s12979-019-0171-x,1,"[""ORG-0987""]"
9918,10.1371/journal.ppat.1004652,5,"[""ORG-0455"",""ORG-1019"",""ORG-1039"",""ORG-1607"",""ORG-2163""]"
9921,10.1155/2015/687162,5,"[""ORG-0736"",""ORG-0825"",""ORG-0854"",""ORG-1286"",""ORG-2147""]"
9922,10.3389/fimmu.2019.02728,6,"[""ORG-0122"",""ORG-0310"",""ORG-0753"",""ORG-1215"",""ORG-1798"",""ORG-1949""]"
9923,10.4103/0973-1075.150195,2,"[""ORG-1368"",""ORG-1667""]"
9924,10.3389/fimmu.2019.02717,3,"[""ORG-0285"",""ORG-0683"",""ORG-1949""]"
9925,10.3389/fimmu.2019.02711,1,"[""ORG-0285""]"
9935,10.1128/genomeA.00830-13,1,"[""ORG-0860""]"
9941,10.4049/jimmunol.1301046,7,"[""ORG-0310"",""ORG-0527"",""ORG-0529"",""ORG-0897"",""ORG-1215"",""ORG-1834"",""ORG-1855""]"
9942,10.4049/jimmunol.1900455,7,"[""ORG-0302"",""ORG-0963"",""ORG-1112"",""ORG-1545"",""ORG-1872"",""ORG-1906"",""ORG-2260""]"
9945,10.1002/ijc.28479,4,"[""ORG-0188"",""ORG-0373"",""ORG-1856"",""ORG-1858""]"
9947,10.3390/cells8121590,5,"[""ORG-1019"",""ORG-1771"",""ORG-1806"",""ORG-1843"",""ORG-2170""]"
9949,10.3332/ecancer.2013.348,1,"[""ORG-1131""]"
9955,10.1155/2015/104912,1,"[""ORG-0974""]"
9964,10.1080/21645515.2019.1688032,3,"[""ORG-0938"",""ORG-1890"",""ORG-1948""]"
9969,10.1158/1078-0432.CCR-13-1016,5,"[""ORG-0285"",""ORG-0900"",""ORG-0951"",""ORG-1844"",""ORG-1867""]"
9975,10.1016/j.jmb.2013.09.038,6,"[""ORG-0833"",""ORG-1241"",""ORG-1242"",""ORG-1867"",""ORG-1958"",""ORG-2139""]"
9977,10.1016/j.jmb.2013.09.041,8,"[""ORG-0188"",""ORG-0897"",""ORG-0962"",""ORG-1221"",""ORG-1418"",""ORG-1527"",""ORG-1881"",""ORG-2147""]"
9985,10.3389/fimmu.2019.02688,3,"[""ORG-0315"",""ORG-0898"",""ORG-1215""]"
9987,10.2147/OTT.S219512,2,"[""ORG-0801"",""ORG-1364""]"
9993,10.1016/j.celrep.2019.11.005,2,"[""ORG-1039"",""ORG-1607""]"
9995,10.1186/1471-2369-14-207,1,"[""ORG-1867""]"
9999,10.7555/JBR.27.20120085,7,"[""ORG-1004"",""ORG-1039"",""ORG-1325"",""ORG-1607"",""ORG-1690"",""ORG-1900"",""ORG-2147""]"
10019,10.1128/genomeA.01498-14,2,"[""ORG-0860"",""ORG-1325""]"
10023,10.7554/eLife.51662,6,"[""ORG-0429"",""ORG-0431"",""ORG-0571"",""ORG-0854"",""ORG-1252"",""ORG-2141""]"
10027,10.1097/PAS.0b013e31829caada,1,"[""ORG-1039""]"
10032,10.3390/v7020604,4,"[""ORG-1039"",""ORG-1607"",""ORG-1921"",""ORG-2140""]"
10033,10.1016/j.pbb.2013.09.009,1,"[""ORG-0987""]"
10039,10.1155/2019/5731969,1,"[""ORG-1932""]"
10040,10.1155/2019/7853492,4,"[""ORG-0313"",""ORG-0938"",""ORG-1864"",""ORG-1902""]"
10042,10.3389/fimmu.2019.02568,4,"[""ORG-0319"",""ORG-1253"",""ORG-1585"",""ORG-1668""]"
10043,10.1371/journal.pone.0116887,5,"[""ORG-0825"",""ORG-0861"",""ORG-0938"",""ORG-1910"",""ORG-2057""]"
10051,10.1007/s11262-015-1167-z,2,"[""ORG-0897"",""ORG-2141""]"
10054,10.1084/jem.20030171,3,"[""ORG-0302"",""ORG-0963"",""ORG-1872""]"
10055,10.15252/msb.20145808,6,"[""ORG-0310"",""ORG-0894"",""ORG-1020"",""ORG-1638"",""ORG-1866"",""ORG-1921""]"
10058,10.1001/jamainternmed.2014.7886,3,"[""ORG-1368"",""ORG-1981"",""ORG-2113""]"
10060,10.1007/s40473-014-0022-1,5,"[""ORG-0756"",""ORG-0987"",""ORG-1833"",""ORG-1844"",""ORG-1846""]"
10062,10.1186/s12885-019-6349-y,3,"[""ORG-0943"",""ORG-1849"",""ORG-1910""]"
10063,10.1371/journal.ppat.1003638,4,"[""ORG-0529"",""ORG-0559"",""ORG-1088"",""ORG-1949""]"
10066,10.3390/metabo9120288,2,"[""ORG-0772"",""ORG-0858""]"
10067,10.1371/journal.ppat.1003636,6,"[""ORG-0024"",""ORG-0317"",""ORG-0471"",""ORG-1797"",""ORG-1917"",""ORG-1986""]"
10068,10.2991/chi.d.191123.001,4,"[""ORG-0860"",""ORG-1221"",""ORG-1881"",""ORG-2193""]"
10078,10.4049/jimmunol.1301388,1,"[""ORG-1506""]"
10083,10.7759/cureus.5891,1,"[""ORG-2120""]"
10087,10.1177/0300060519887847,2,"[""ORG-1897"",""ORG-2165""]"
10107,10.1371/journal.ppat.1008122,6,"[""ORG-0302"",""ORG-0310"",""ORG-1585"",""ORG-1675"",""ORG-1866"",""ORG-1948""]"
10110,10.1155/2013/535738,2,"[""ORG-0581"",""ORG-0963""]"
10112,10.1177/1178626419886280,1,"[""ORG-1834""]"
10116,10.1016/j.clim.2019.108311,1,"[""ORG-0035""]"
10124,10.1158/1078-0432.CCR-12-3588,1,"[""ORG-0855""]"
10128,10.12659/AOT.919655,1,"[""ORG-1603""]"
10132,10.1186/s12931-019-1236-2,1,"[""ORG-2159""]"
10139,10.1371/journal.ppat.1008160,10,"[""ORG-0457"",""ORG-0565"",""ORG-0571"",""ORG-0897"",""ORG-1039"",""ORG-1205"",""ORG-1607"",""ORG-1746"",""ORG-1905"",""ORG-1986""]"
10141,10.1038/nature14156,3,"[""ORG-0188"",""ORG-0559"",""ORG-1368""]"
10142,10.12998/wjcc.v7.i21.3553,1,"[""ORG-2159""]"
10154,10.1016/j.antiviral.2015.01.008,4,"[""ORG-0833"",""ORG-1439"",""ORG-1862"",""ORG-1887""]"
10161,10.1186/s40364-014-0024-x,3,"[""ORG-0518"",""ORG-0683"",""ORG-0814""]"
10163,10.1371/journal.pone.0074662,5,"[""ORG-1039"",""ORG-1044"",""ORG-1607"",""ORG-1986"",""ORG-2141""]"
10168,10.1080/2162402X.2019.1665976,5,"[""ORG-0319"",""ORG-0872"",""ORG-0895"",""ORG-0897"",""ORG-1364""]"
10171,10.3899/jrheum.130170,3,"[""ORG-0943"",""ORG-2120"",""ORG-2189""]"
10172,10.1080/21655979.2019.1694388,4,"[""ORG-0527"",""ORG-0690"",""ORG-0833"",""ORG-1843""]"
10181,10.1007/s10875-014-0125-1,1,"[""ORG-2306""]"
10183,10.2169/internalmedicine.3055-19,2,"[""ORG-1910"",""ORG-2156""]"
10187,10.1097/PRS.0000000000000878,2,"[""ORG-1932"",""ORG-1989""]"
10191,10.3390/nu11112787,4,"[""ORG-1896"",""ORG-2059"",""ORG-2120"",""ORG-2189""]"
10198,10.1080/09537104.2019.1689383,3,"[""ORG-0545"",""ORG-0565"",""ORG-1797""]"
10205,10.1097/MD.0000000000017895,2,"[""ORG-0906"",""ORG-1201""]"
10220,10.7759/cureus.5699,3,"[""ORG-0906"",""ORG-1910"",""ORG-2156""]"
10222,10.4110/in.2019.19.e33,4,"[""ORG-0317"",""ORG-0895"",""ORG-1330"",""ORG-2306""]"
10230,10.1186/1471-2172-6-17,1,"[""ORG-2256""]"
10238,10.1371/journal.pmed.1001778,11,"[""ORG-0938"",""ORG-0943"",""ORG-1221"",""ORG-1228"",""ORG-1260"",""ORG-1484"",""ORG-1667"",""ORG-1881"",""ORG-1896"",""ORG-1910"",""ORG-2061""]"
10239,10.1186/1743-422X-2-56,5,"[""ORG-0602"",""ORG-0854"",""ORG-0895"",""ORG-1215"",""ORG-1897""]"
10244,10.1186/s13027-019-0248-3,3,"[""ORG-0527"",""ORG-0860"",""ORG-1897""]"
10248,10.4049/jimmunol.1402066,3,"[""ORG-0753"",""ORG-0895"",""ORG-1490""]"
10251,10.3390/v7010352,5,"[""ORG-0244"",""ORG-0338"",""ORG-0895"",""ORG-1905"",""ORG-1982""]"
10254,10.1371/journal.ppat.1004581,3,"[""ORG-0963"",""ORG-1039"",""ORG-1040""]"
10269,10.1371/journal.ppat.1008055,1,"[""ORG-0860""]"
10285,10.4049/jimmunol.1402495,5,"[""ORG-1072"",""ORG-1812"",""ORG-1913"",""ORG-1986"",""ORG-2306""]"
10292,10.1155/2019/7962485,3,"[""ORG-0527"",""ORG-0861"",""ORG-1215""]"
10298,10.1016/j.vaccine.2005.04.011,3,"[""ORG-0559"",""ORG-1872"",""ORG-2114""]"
10303,10.1186/s13046-014-0119-0,3,"[""ORG-0795"",""ORG-0860"",""ORG-0878""]"
10306,10.3389/fphar.2019.01232,3,"[""ORG-1215"",""ORG-1921"",""ORG-1931""]"
10308,10.1002/rmv.1758,1,"[""ORG-2159""]"
10312,10.3904/kjim.2015.30.1.122,1,"[""ORG-1215""]"
10313,10.1007/BF00455398,3,"[""ORG-1344"",""ORG-1897"",""ORG-2162""]"
10318,10.1016/j.jaci.2013.07.020,4,"[""ORG-1215"",""ORG-1421"",""ORG-1931"",""ORG-1948""]"
10326,10.4143/crt.2019.457,3,"[""ORG-0215"",""ORG-0527"",""ORG-2156""]"
10327,10.1097/QAI.0000000000000511,5,"[""ORG-0806"",""ORG-0825"",""ORG-1856"",""ORG-1948"",""ORG-1986""]"
10334,10.1111/aji.12355,1,"[""ORG-0963""]"
10335,10.1126/science.1244040,4,"[""ORG-0319"",""ORG-0897"",""ORG-0963"",""ORG-2306""]"
10339,10.1016/j.celrep.2014.12.025,4,"[""ORG-0963"",""ORG-1215"",""ORG-1798"",""ORG-1859""]"
10348,10.1016/j.omtm.2019.09.001,4,"[""ORG-1421"",""ORG-1746"",""ORG-1844"",""ORG-1867""]"
10354,10.3201/eid0801.010149,2,"[""ORG-0860"",""ORG-2156""]"
10358,10.1155/2013/915159,7,"[""ORG-0763"",""ORG-0854"",""ORG-1089"",""ORG-1748"",""ORG-2120"",""ORG-2161"",""ORG-2189""]"
10364,10.1038/s41419-019-2060-9,3,"[""ORG-1361"",""ORG-1931"",""ORG-2159""]"
10366,10.3390/ijms140917378,4,"[""ORG-0527"",""ORG-0571"",""ORG-1238"",""ORG-2260""]"
10367,10.1038/gt.2014.113,4,"[""ORG-0571"",""ORG-0897"",""ORG-0938"",""ORG-1669""]"
10369,10.3389/fmicb.2014.00728,3,"[""ORG-0527"",""ORG-1844"",""ORG-1866""]"
10374,10.1371/journal.pone.0071040,2,"[""ORG-0872"",""ORG-1910""]"
10375,10.1016/j.jcmgh.2019.09.007,1,"[""ORG-1050""]"
10376,10.1128/mBio.02285-14,4,"[""ORG-0014"",""ORG-0267"",""ORG-1305"",""ORG-1834""]"
10416,10.1186/s12879-019-4545-7,2,"[""ORG-0302"",""ORG-1910""]"
10430,10.3390/children2020146,1,"[""ORG-1851""]"
10440,10.3389/fimmu.2019.02216,3,"[""ORG-0741"",""ORG-2057"",""ORG-2156""]"
10449,10.1016/j.virol.2019.10.002,9,"[""ORG-0542"",""ORG-0825"",""ORG-0861"",""ORG-0898"",""ORG-0899"",""ORG-1035"",""ORG-1039"",""ORG-1040"",""ORG-1607""]"
10450,10.1007/s00262-019-02406-9,7,"[""ORG-0385"",""ORG-0741"",""ORG-0895"",""ORG-0897"",""ORG-0899"",""ORG-1057"",""ORG-1921""]"
10458,10.1371/journal.pone.0116178,5,"[""ORG-0858"",""ORG-0899"",""ORG-1089"",""ORG-1441"",""ORG-1442""]"
10460,10.1155/2014/749698,2,"[""ORG-1485"",""ORG-1856""]"
10482,10.1126/scitranslmed.3006637,6,"[""ORG-0015"",""ORG-0869"",""ORG-0968"",""ORG-0970"",""ORG-1230"",""ORG-1956""]"
10491,10.1371/journal.pone.0071412,5,"[""ORG-0310"",""ORG-0773"",""ORG-0907"",""ORG-0963"",""ORG-1952""]"
10492,10.1371/journal.pntd.0007776,8,"[""ORG-0455"",""ORG-0457"",""ORG-0559"",""ORG-0963"",""ORG-1039"",""ORG-1607"",""ORG-1856"",""ORG-1870""]"
10499,10.1186/s12879-019-4500-7,2,"[""ORG-0861"",""ORG-1089""]"
10501,10.3390/biom9100603,8,"[""ORG-0506"",""ORG-0680"",""ORG-0753"",""ORG-0917"",""ORG-1286"",""ORG-1667"",""ORG-1905"",""ORG-1948""]"
10502,10.1186/1750-9378-8-30,8,"[""ORG-0363"",""ORG-0545"",""ORG-0963"",""ORG-1361"",""ORG-1368"",""ORG-1896"",""ORG-1908"",""ORG-2193""]"
10503,10.3390/pathogens8040186,2,"[""ORG-0860"",""ORG-2304""]"
10504,10.1186/1559-0275-10-10,3,"[""ORG-0697"",""ORG-1897"",""ORG-2306""]"
10512,10.1186/1471-2458-5-68,2,"[""ORG-1856"",""ORG-2120""]"
10527,10.1186/2052-0492-2-12,1,"[""ORG-1896""]"
10533,10.5935/1808-8694.20130075,2,"[""ORG-1503"",""ORG-2193""]"
10538,10.1128/mBio.02261-14,10,"[""ORG-0457"",""ORG-0584"",""ORG-0585"",""ORG-1039"",""ORG-1607"",""ORG-1844"",""ORG-2140"",""ORG-2141"",""ORG-2156"",""ORG-2260""]"
10541,10.3390/cells8101220,1,"[""ORG-2156""]"
10555,10.3390/medicina55100672,2,"[""ORG-0946"",""ORG-1809""]"
10564,10.1016/j.jpsychires.2013.07.010,4,"[""ORG-0854"",""ORG-1368"",""ORG-1831"",""ORG-1872""]"
10574,10.1007/s40121-019-00269-2,1,"[""ORG-1881""]"
10576,10.18332/tid/105844,2,"[""ORG-1221"",""ORG-1881""]"
10580,10.3324/haematol.2019.216317,5,"[""ORG-0319"",""ORG-0801"",""ORG-0941"",""ORG-1023"",""ORG-1972""]"
10582,10.3390/microorganisms7100414,4,"[""ORG-0188"",""ORG-0565"",""ORG-0897"",""ORG-1856""]"
10600,10.1016/j.jpeds.2014.11.011,3,"[""ORG-0360"",""ORG-0763"",""ORG-1361""]"
10605,10.3389/fmicb.2019.02117,4,"[""ORG-0860"",""ORG-1931"",""ORG-2120"",""ORG-2189""]"
10610,10.1016/j.ymthe.2019.08.020,1,"[""ORG-0854""]"
10611,10.1186/s12879-014-0651-8,3,"[""ORG-0363"",""ORG-0414"",""ORG-0963""]"
10624,10.1371/journal.pone.0223258,3,"[""ORG-0244"",""ORG-1351"",""ORG-1421""]"
10636,10.1126/science.aac9475,3,"[""ORG-0302"",""ORG-1368"",""ORG-1732""]"
10646,10.3390/v5081901,3,"[""ORG-1607"",""ORG-2163"",""ORG-2260""]"
10651,10.3346/jkms.2014.29.12.1706,2,"[""ORG-0602"",""ORG-1368""]"
10652,10.1371/journal.pone.0069827,5,"[""ORG-0527"",""ORG-0974"",""ORG-1028"",""ORG-1747"",""ORG-2159""]"
10655,10.3389/fimmu.2019.02101,6,"[""ORG-0455"",""ORG-0897"",""ORG-1023"",""ORG-1585"",""ORG-1867"",""ORG-2306""]"
10656,10.3389/fimmu.2019.01962,8,"[""ORG-0457"",""ORG-0678"",""ORG-0897"",""ORG-1221"",""ORG-1747"",""ORG-1867"",""ORG-1881"",""ORG-1956""]"
10661,10.1212/NXI.0000000000000621,1,"[""ORG-0869""]"
10663,10.31557/APJCP.2019.20.9.2757,1,"[""ORG-1361""]"
10669,10.1186/1479-5876-3-23,3,"[""ORG-0319"",""ORG-1667"",""ORG-1797""]"
10672,10.1016/j.coviro.2014.09.019,4,"[""ORG-0312"",""ORG-0860"",""ORG-1421"",""ORG-1586""]"
10675,10.1158/1055-9965.EPI-13-0240,3,"[""ORG-0943"",""ORG-1176"",""ORG-1910""]"
10680,10.1007/s00705-013-1793-5,3,"[""ORG-0772"",""ORG-0833"",""ORG-0858""]"
10682,10.1186/1477-7819-11-167,1,"[""ORG-0188""]"
10684,10.1371/journal.pone.0114021,10,"[""ORG-0625"",""ORG-0773"",""ORG-0854"",""ORG-1238"",""ORG-1361"",""ORG-1527"",""ORG-1905"",""ORG-1921"",""ORG-1986"",""ORG-2163""]"
10694,10.1186/1471-2377-13-96,1,"[""ORG-0963""]"
10699,10.1016/j.humimm.2013.07.002,3,"[""ORG-1089"",""ORG-1948"",""ORG-2260""]"
10702,10.1186/s13256-019-2221-6,1,"[""ORG-0861""]"
10704,10.1371/journal.ppat.1003484,6,"[""ORG-1039"",""ORG-1040"",""ORG-1219"",""ORG-1238"",""ORG-1607"",""ORG-2193""]"
10708,10.1097/CCO.0b013e328363dfee,1,"[""ORG-1607""]"
10716,10.7554/eLife.50530,2,"[""ORG-0987"",""ORG-1238""]"
10718,10.1016/j.micinf.2014.10.002,3,"[""ORG-1719"",""ORG-1897"",""ORG-2260""]"
10720,10.1038/cgt.2013.43,3,"[""ORG-1709"",""ORG-1844"",""ORG-2163""]"
10734,10.1128/mBio.01723-19,6,"[""ORG-0529"",""ORG-1177"",""ORG-1330"",""ORG-1744"",""ORG-1746"",""ORG-2306""]"
10736,10.1371/journal.pone.0067662,5,"[""ORG-0559"",""ORG-1286"",""ORG-1744"",""ORG-1989"",""ORG-2306""]"
10746,10.1038/s41416-019-0575-6,2,"[""ORG-0527"",""ORG-0897""]"
10751,10.4049/jimmunol.1300111,4,"[""ORG-0728"",""ORG-1215"",""ORG-1503"",""ORG-1773""]"
10755,10.1371/journal.ppat.1008036,8,"[""ORG-0015"",""ORG-0302"",""ORG-0880"",""ORG-0968"",""ORG-1019"",""ORG-1919"",""ORG-1921"",""ORG-1986""]"
10759,10.3892/ol.2014.2621,3,"[""ORG-0319"",""ORG-0772"",""ORG-0858""]"
10762,10.1016/j.virusres.2013.07.002,7,"[""ORG-0317"",""ORG-0772"",""ORG-0858"",""ORG-0899"",""ORG-1361"",""ORG-1462"",""ORG-2070""]"
10764,10.1016/j.pediatrneurol.2013.03.021,1,"[""ORG-0906""]"
10779,10.1186/s12885-019-6123-1,1,"[""ORG-1986""]"
10783,10.1371/journal.pone.0222519,3,"[""ORG-1543"",""ORG-2141"",""ORG-2260""]"
10802,10.1016/j.vaccine.2019.08.077,1,"[""ORG-0754""]"
10817,10.1038/cmi.2014.105,3,"[""ORG-0843"",""ORG-0858"",""ORG-1215""]"
10819,10.1186/s40425-019-0695-9,6,"[""ORG-0302"",""ORG-0319"",""ORG-1122"",""ORG-1364"",""ORG-1949"",""ORG-2058""]"
10836,10.3389/fphar.2014.00241,1,"[""ORG-2332""]"
10842,10.1371/journal.ppat.1004524,6,"[""ORG-0013"",""ORG-0317"",""ORG-0680"",""ORG-0772"",""ORG-0858"",""ORG-1948""]"
10846,10.1016/j.jaad.2019.08.072,1,"[""ORG-0943""]"
10852,10.1016/j.heliyon.2019.e02367,4,"[""ORG-0691"",""ORG-1039"",""ORG-1462"",""ORG-1607""]"
10858,10.3389/fimmu.2019.01983,9,"[""ORG-0302"",""ORG-0362"",""ORG-0363"",""ORG-0861"",""ORG-0899"",""ORG-0963"",""ORG-1178"",""ORG-1200"",""ORG-1847""]"
10863,10.2147/CMAR.S211372,4,"[""ORG-0518"",""ORG-0520"",""ORG-1028"",""ORG-1087""]"
10868,10.1371/journal.pone.0113702,4,"[""ORG-0363"",""ORG-0518"",""ORG-0963"",""ORG-1896""]"
10870,10.1371/journal.pone.0217668,2,"[""ORG-0678"",""ORG-1146""]"
10871,10.1097/JOM.0000000000001706,1,"[""ORG-2260""]"
10879,10.1371/journal.pone.0111502,11,"[""ORG-0795"",""ORG-1039"",""ORG-1368"",""ORG-1421"",""ORG-1441"",""ORG-1442"",""ORG-1607"",""ORG-1644"",""ORG-1809"",""ORG-2141"",""ORG-2256""]"
10885,10.1016/S0264-410X(03)00118-X,1,"[""ORG-0545""]"
10889,10.3389/fgene.2014.00367,7,"[""ORG-0527"",""ORG-0987"",""ORG-1846"",""ORG-1915"",""ORG-2141"",""ORG-2160"",""ORG-2260""]"
10890,10.1038/s41598-019-48994-5,3,"[""ORG-1136"",""ORG-1286"",""ORG-1639""]"
10895,10.1016/j.bbrc.2013.06.068,5,"[""ORG-0302"",""ORG-1089"",""ORG-1143"",""ORG-1432"",""ORG-2114""]"
10896,10.3390/v6114358,4,"[""ORG-0122"",""ORG-0302"",""ORG-1095"",""ORG-1286""]"
10898,10.1007/s11250-019-02042-6,2,"[""ORG-0312"",""ORG-1881""]"
10907,10.3390/vaccines7030104,4,"[""ORG-0015"",""ORG-0772"",""ORG-0858"",""ORG-2157""]"
10912,10.1038/sj.bjc.6602561,3,"[""ORG-0559"",""ORG-1866"",""ORG-1969""]"
10915,10.1200/JGO.19.00122,1,"[""ORG-1896""]"
10924,10.1128/mBio.01850-14,7,"[""ORG-0904"",""ORG-0963"",""ORG-1536"",""ORG-2140"",""ORG-2147"",""ORG-2161"",""ORG-2306""]"
10926,10.1136/bcr-2019-230709,4,"[""ORG-0943"",""ORG-1286"",""ORG-1361"",""ORG-1783""]"
10932,10.1007/s10461-013-0542-9,3,"[""ORG-1221"",""ORG-1286"",""ORG-1881""]"
10935,10.4049/jimmunol.1400654,4,"[""ORG-0302"",""ORG-0361"",""ORG-0694"",""ORG-2306""]"
10947,10.1007/s11940-013-0246-5,5,"[""ORG-1798"",""ORG-1831"",""ORG-2120"",""ORG-2189"",""ORG-2298""]"
10948,10.1007/s11538-019-00653-6,3,"[""ORG-1286"",""ORG-1872"",""ORG-1948""]"
10956,10.1038/onc.2013.242,5,"[""ORG-0319"",""ORG-1039"",""ORG-1040"",""ORG-1607"",""ORG-1970""]"
10963,10.7759/cureus.5194,3,"[""ORG-0860"",""ORG-2120"",""ORG-2189""]"
10965,10.1093/nar/gki506,4,"[""ORG-0970"",""ORG-1368"",""ORG-1418"",""ORG-1961""]"
10974,10.1186/1746-1596-8-100,3,"[""ORG-0529"",""ORG-1862"",""ORG-1913""]"
10981,10.1002/jmv.25576,3,"[""ORG-1811"",""ORG-1952"",""ORG-2171""]"
10985,10.3390/vetsci6030069,1,"[""ORG-0869""]"
10986,10.3892/etm.2014.2011,1,"[""ORG-0897""]"
10989,10.1038/s41587-019-0225-9,3,"[""ORG-0317"",""ORG-0455"",""ORG-2163""]"
10994,10.1111/bjd.13512,1,"[""ORG-1981""]"
11006,10.3389/fimmu.2019.01854,6,"[""ORG-0806"",""ORG-1811"",""ORG-1856"",""ORG-1934"",""ORG-1948"",""ORG-2260""]"
11013,10.1002/9780471729259.mc14e05s35,3,"[""ORG-1361"",""ORG-2147"",""ORG-2160""]"
11015,10.1016/j.fob.2013.02.003,3,"[""ORG-0691"",""ORG-0869"",""ORG-1834""]"
11016,10.1084/jem.20140798,4,"[""ORG-0619"",""ORG-0897"",""ORG-1215"",""ORG-1897""]"
11019,10.1007/s12223-014-0359-6,3,"[""ORG-0772"",""ORG-0829"",""ORG-0858""]"
11020,10.1186/s12879-019-4379-3,1,"[""ORG-1047""]"
11022,10.3390/v11080756,4,"[""ORG-0854"",""ORG-0895"",""ORG-0988"",""ORG-2163""]"
11023,10.1038/sj.bjc.6600929,4,"[""ORG-1305"",""ORG-1464"",""ORG-1744"",""ORG-1834""]"
11031,10.1038/s41598-019-48673-5,3,"[""ORG-0943"",""ORG-2120"",""ORG-2189""]"
11034,10.3389/fnagi.2014.00285,3,"[""ORG-0806"",""ORG-0854"",""ORG-0869""]"
11044,10.1371/journal.pone.0064648,1,"[""ORG-1639""]"
11047,10.1097/CM9.0000000000000404,4,"[""ORG-0360"",""ORG-0559"",""ORG-0858"",""ORG-1600""]"
11058,10.1038/s41590-019-0464-4,3,"[""ORG-0013"",""ORG-0941"",""ORG-1243""]"
11062,10.3390/v11080757,2,"[""ORG-0895"",""ORG-1986""]"
11063,10.1007/BF01317379,3,"[""ORG-0963"",""ORG-1177"",""ORG-1230""]"
11068,10.3892/ol.2019.10513,3,"[""ORG-0583"",""ORG-0602"",""ORG-1364""]"
11071,10.1007/s10875-014-0106-4,2,"[""ORG-1020"",""ORG-1877""]"
11072,10.1007/s10096-019-03674-0,1,"[""ORG-0773""]"
11077,10.1084/jem.20021973,3,"[""ORG-0941"",""ORG-1215"",""ORG-2306""]"
11081,10.3389/fvets.2019.00251,1,"[""ORG-2160""]"
11082,10.3389/fped.2019.00303,3,"[""ORG-1205"",""ORG-1215"",""ORG-1910""]"
11085,10.1016/j.canlet.2013.05.037,5,"[""ORG-0506"",""ORG-1035"",""ORG-1039"",""ORG-1607"",""ORG-2156""]"
11097,10.3390/v6104024,7,"[""ORG-0317"",""ORG-0471"",""ORG-1039"",""ORG-1667"",""ORG-1744"",""ORG-1773"",""ORG-2139""]"
11104,10.1186/1742-4690-10-58,3,"[""ORG-0302"",""ORG-0363"",""ORG-1949""]"
11108,10.3390/v5061395,7,"[""ORG-0317"",""ORG-0511"",""ORG-0772"",""ORG-0858"",""ORG-0904"",""ORG-1325"",""ORG-2140""]"
11115,10.1016/j.coviro.2013.05.011,3,"[""ORG-0938"",""ORG-1051"",""ORG-1775""]"
11116,10.7774/cevr.2019.8.2.116,2,"[""ORG-1948"",""ORG-2113""]"
11123,10.1186/1471-2334-13-260,1,"[""ORG-1958""]"
11124,10.1016/j.immuni.2019.06.016,4,"[""ORG-0772"",""ORG-0897"",""ORG-1129"",""ORG-1215""]"
11126,10.1186/2193-1801-3-582,4,"[""ORG-0360"",""ORG-0736"",""ORG-1931"",""ORG-2156""]"
11137,10.12659/AJCR.890945,3,"[""ORG-0015"",""ORG-1221"",""ORG-1881""]"
11139,10.1186/s13063-019-3570-6,4,"[""ORG-0444"",""ORG-0833"",""ORG-1897"",""ORG-2169""]"
11140,10.1186/s40425-019-0682-1,17,"[""ORG-0015"",""ORG-0243"",""ORG-0302"",""ORG-0313"",""ORG-0316"",""ORG-0559"",""ORG-0753"",""ORG-0854"",""ORG-0897"",""ORG-1079"",""ORG-1138"",""ORG-1276"",""ORG-1844"",""ORG-1864"",""ORG-1919"",""ORG-1952"",""ORG-2163""]"
11142,10.1371/journal.pone.0064868,4,"[""ORG-0319"",""ORG-0527"",""ORG-0529"",""ORG-1775""]"
11147,10.1038/ncomms6230,3,"[""ORG-0854"",""ORG-1744"",""ORG-1797""]"
11153,10.5732/cjc.014.10168,2,"[""ORG-0317"",""ORG-2260""]"
11154,10.3389/fmicb.2019.01624,6,"[""ORG-0024"",""ORG-0854"",""ORG-1746"",""ORG-1797"",""ORG-2141"",""ORG-2175""]"
11156,10.5732/cjc.014.10191,5,"[""ORG-0527"",""ORG-0728"",""ORG-0791"",""ORG-0860"",""ORG-2193""]"
11162,10.1016/j.virol.2019.07.024,3,"[""ORG-1039"",""ORG-1607"",""ORG-2156""]"
11185,10.1167/iovs.19-27701,12,"[""ORG-0124"",""ORG-0302"",""ORG-0854"",""ORG-0895"",""ORG-0900"",""ORG-0904"",""ORG-0963"",""ORG-1286"",""ORG-1522"",""ORG-1798"",""ORG-2163"",""ORG-2306""]"
11196,10.1371/journal.pcbi.1006813,1,"[""ORG-1862""]"
11201,10.3389/fimmu.2019.01680,4,"[""ORG-0814"",""ORG-0897"",""ORG-1897"",""ORG-1934""]"
11217,10.3390/v5051346,5,"[""ORG-1039"",""ORG-1040"",""ORG-1607"",""ORG-2141"",""ORG-2304""]"
11230,10.3390/cancers11081090,1,"[""ORG-2057""]"
11232,10.3390/ijms20153733,3,"[""ORG-0267"",""ORG-0542"",""ORG-1868""]"
11247,10.1158/1078-0432.CCR-13-0505,3,"[""ORG-0319"",""ORG-1215"",""ORG-1797""]"
11250,10.3947/ic.2014.46.3.194,1,"[""ORG-1849""]"
11260,10.1017/S0950268819001389,4,"[""ORG-0155"",""ORG-1221"",""ORG-1368"",""ORG-1881""]"
11265,10.1158/1078-0432.CCR-14-0463,2,"[""ORG-0987"",""ORG-1797""]"
11267,10.1227/NEU.0b013e31828cf619,4,"[""ORG-0736"",""ORG-1089"",""ORG-1253"",""ORG-1910""]"
11268,10.1155/2019/5832410,4,"[""ORG-0155"",""ORG-1087"",""ORG-1948"",""ORG-2306""]"
11273,10.1371/journal.pone.0108384,4,"[""ORG-0728"",""ORG-1672"",""ORG-1673"",""ORG-1844""]"
11284,10.1155/2019/2082561,5,"[""ORG-0188"",""ORG-0360"",""ORG-0581"",""ORG-1047"",""ORG-1897""]"
11285,10.3389/fimmu.2019.01521,1,"[""ORG-0855""]"
11287,10.3389/fmicb.2019.01544,5,"[""ORG-1432"",""ORG-1607"",""ORG-1797"",""ORG-2141"",""ORG-2143""]"
11289,10.1016/j.jaci.2014.08.008,2,"[""ORG-0938"",""ORG-1089""]"
11290,10.1186/s13567-014-0100-0,4,"[""ORG-1138"",""ORG-1249"",""ORG-1797"",""ORG-1852""]"
11297,10.1371/journal.ppat.1003368,7,"[""ORG-0067"",""ORG-0317"",""ORG-1245"",""ORG-1361"",""ORG-2120"",""ORG-2189"",""ORG-2306""]"
11299,10.1136/annrheumdis-2019-215164,1,"[""ORG-0897""]"
11303,10.1186/s13023-019-1155-9,1,"[""ORG-1361""]"
11310,10.1084/jem.20021522,7,"[""ORG-0573"",""ORG-0895"",""ORG-0899"",""ORG-0963"",""ORG-1103"",""ORG-1215"",""ORG-1970""]"
11312,10.1186/1471-2474-2-3,2,"[""ORG-0895"",""ORG-2303""]"
11321,10.4084/MJHID.2013.026,1,"[""ORG-1856""]"
11323,10.1016/S1471-4906(03)00067-X,2,"[""ORG-0899"",""ORG-1215""]"
11332,10.1371/journal.pone.0108861,2,"[""ORG-0772"",""ORG-0858""]"
11333,10.3390/cancers6041905,6,"[""ORG-0503"",""ORG-1039"",""ORG-1418"",""ORG-1607"",""ORG-1862"",""ORG-2147""]"
11334,10.1016/j.coviro.2013.04.004,2,"[""ORG-0854"",""ORG-2120""]"
11340,10.3390/vaccines7030070,4,"[""ORG-0317"",""ORG-0772"",""ORG-0858"",""ORG-2140""]"
11345,10.4103/2045-8932.109955,3,"[""ORG-0861"",""ORG-0963"",""ORG-2161""]"
11354,10.1038/cmi.2014.85,5,"[""ORG-0302"",""ORG-0319"",""ORG-0963"",""ORG-0974"",""ORG-1215""]"
11356,10.1371/journal.pone.0063566,2,"[""ORG-1087"",""ORG-1215""]"
11359,10.1038/s41591-019-0523-2,3,"[""ORG-0302"",""ORG-1122"",""ORG-1364""]"
11360,10.1371/journal.ppat.1003314,6,"[""ORG-0244"",""ORG-0267"",""ORG-0521"",""ORG-0527"",""ORG-0951"",""ORG-1421""]"
11365,10.1038/s41467-019-11104-0,6,"[""ORG-0086"",""ORG-0728"",""ORG-1847"",""ORG-1864"",""ORG-1921"",""ORG-2145""]"
11371,10.1097/BOR.0b013e328362004d,5,"[""ORG-0012"",""ORG-0806"",""ORG-0987"",""ORG-1744"",""ORG-1905""]"
11373,10.1002/cam4.2429,2,"[""ORG-1747"",""ORG-1846""]"
11375,10.1186/1471-2407-14-713,5,"[""ORG-0285"",""ORG-0303"",""ORG-1813"",""ORG-1844"",""ORG-2260""]"
11384,10.1016/j.virusres.2013.04.005,11,"[""ORG-0854"",""ORG-0895"",""ORG-0938"",""ORG-1050"",""ORG-1051"",""ORG-1238"",""ORG-1579"",""ORG-1672"",""ORG-1849"",""ORG-1850"",""ORG-2306""]"
11392,10.1186/s12879-019-4233-7,3,"[""ORG-1361"",""ORG-2120"",""ORG-2189""]"
11403,10.3390/vaccines7030067,6,"[""ORG-0772"",""ORG-0858"",""ORG-0869"",""ORG-1900"",""ORG-1932"",""ORG-1986""]"
11406,10.1371/journal.pone.0062429,2,"[""ORG-1023"",""ORG-1900""]"
11411,10.1126/scitranslmed.aaw2607,4,"[""ORG-0399"",""ORG-0772"",""ORG-0869"",""ORG-1089""]"
11414,10.3390/v6093472,9,"[""ORG-0317"",""ORG-0795"",""ORG-0860"",""ORG-1039"",""ORG-1607"",""ORG-1672"",""ORG-1673"",""ORG-2147"",""ORG-2160""]"
11415,10.1331/JAPhA.2013.12019,1,"[""ORG-1849""]"
11417,10.1186/s13000-019-0859-4,1,"[""ORG-0244""]"
11422,10.1371/journal.ppat.1003329,7,"[""ORG-0970"",""ORG-1861"",""ORG-1881"",""ORG-1887"",""ORG-2115"",""ORG-2116"",""ORG-2165""]"
11423,10.1016/j.bbmt.2013.04.022,1,"[""ORG-1089""]"
11425,10.1007/s13730-012-0040-3,1,"[""ORG-1798""]"
11426,10.1016/j.omtm.2019.05.013,4,"[""ORG-0809"",""ORG-0810"",""ORG-1934"",""ORG-2143""]"
11427,10.1186/s12979-019-0154-y,3,"[""ORG-0302"",""ORG-0814"",""ORG-0970""]"
11428,10.3389/fphar.2019.00724,4,"[""ORG-0229"",""ORG-0360"",""ORG-1773"",""ORG-1826""]"
11454,10.2147/TCRM.S47434,2,"[""ORG-0938"",""ORG-2159""]"
11458,10.1097/TP.0000000000000417,7,"[""ORG-0302"",""ORG-0872"",""ORG-1019"",""ORG-1089"",""ORG-1169"",""ORG-1866"",""ORG-2000""]"
11462,10.3109/10428194.2014.963079,1,"[""ORG-1361""]"
11482,10.1016/j.str.2014.05.019,1,"[""ORG-1607""]"
11492,10.1038/s41598-019-46329-y,4,"[""ORG-0772"",""ORG-0858"",""ORG-0963"",""ORG-2147""]"
11497,10.1016/j.tim.2013.03.005,7,"[""ORG-0507"",""ORG-0791"",""ORG-0792"",""ORG-1421"",""ORG-1464"",""ORG-1631"",""ORG-1897""]"
11502,10.7554/eLife.00288,8,"[""ORG-0188"",""ORG-0606"",""ORG-1811"",""ORG-1898"",""ORG-1958"",""ORG-2158"",""ORG-2193"",""ORG-2260""]"
11509,10.1371/journal.pone.0107645,1,"[""ORG-1896""]"
11521,10.4103/0972-3919.136586,1,"[""ORG-1798""]"
11524,10.1016/j.vaccine.2013.04.023,4,"[""ORG-0155"",""ORG-1072"",""ORG-1089"",""ORG-2246""]"
11528,10.1007/s13238-019-0647-7,2,"[""ORG-1215"",""ORG-1566""]"
11530,10.1016/j.chom.2013.03.009,4,"[""ORG-0606"",""ORG-1039"",""ORG-1607"",""ORG-1931""]"
11535,10.3892/etm.2013.972,4,"[""ORG-0527"",""ORG-1087"",""ORG-1867"",""ORG-2156""]"
11538,10.1002/lt.23991,1,"[""ORG-1981""]"
11545,10.1186/s12879-019-4222-x,6,"[""ORG-0938"",""ORG-1368"",""ORG-1421"",""ORG-1910"",""ORG-2120"",""ORG-2189""]"
11548,10.1016/j.jcv.2014.08.012,4,"[""ORG-1490"",""ORG-1797"",""ORG-1898"",""ORG-1910""]"
11556,10.1371/journal.ppat.1003292,4,"[""ORG-1607"",""ORG-1811"",""ORG-1952"",""ORG-2260""]"
11560,10.1002/ijc.29183,1,"[""ORG-0795""]"
11561,10.1371/journal.ppat.1003220,5,"[""ORG-0302"",""ORG-0897"",""ORG-0987"",""ORG-1767"",""ORG-1896""]"
11562,10.4049/jimmunol.1900171,3,"[""ORG-0895"",""ORG-1215"",""ORG-1464""]"
11572,10.1007/s00277-019-03745-4,3,"[""ORG-1089"",""ORG-1852"",""ORG-1910""]"
11574,10.1038/s41598-019-45825-5,5,"[""ORG-0267"",""ORG-1087"",""ORG-1418"",""ORG-1811"",""ORG-1834""]"
11576,10.1128/mBio.01006-19,10,"[""ORG-0319"",""ORG-0527"",""ORG-0529"",""ORG-0619"",""ORG-0897"",""ORG-1089"",""ORG-1095"",""ORG-1668"",""ORG-1798"",""ORG-1949""]"
11577,10.3390/s19132910,1,"[""ORG-1651""]"
11585,10.3389/fonc.2019.00509,1,"[""ORG-1862""]"
11595,10.1371/journal.pone.0061110,2,"[""ORG-0399"",""ORG-1896""]"
11599,10.1016/j.virusres.2019.197646,4,"[""ORG-0511"",""ORG-0772"",""ORG-0858"",""ORG-2147""]"
11609,10.1016/j.bjorl.2014.05.013,1,"[""ORG-0963""]"
11611,10.1186/1479-0556-3-1,8,"[""ORG-0772"",""ORG-0858"",""ORG-1246"",""ORG-1338"",""ORG-1344"",""ORG-1402"",""ORG-1644"",""ORG-1843""]"
11625,10.3390/ijms20133145,3,"[""ORG-0581"",""ORG-1023"",""ORG-1834""]"
11632,10.1371/journal.pone.0059340,3,"[""ORG-1177"",""ORG-1368"",""ORG-1872""]"
11634,10.3389/fgene.2013.00053,6,"[""ORG-0265"",""ORG-0317"",""ORG-1305"",""ORG-1826"",""ORG-1834"",""ORG-2141""]"
11635,10.4110/in.2014.14.4.187,5,"[""ORG-0854"",""ORG-0895"",""ORG-0897"",""ORG-0939"",""ORG-1286""]"
11637,10.1534/g3.112.005371,3,"[""ORG-1368"",""ORG-1910"",""ORG-2156""]"
11644,10.1186/s12876-019-1033-x,5,"[""ORG-0854"",""ORG-0938"",""ORG-1896"",""ORG-2120"",""ORG-2189""]"
11646,10.1371/journal.pone.0060821,2,"[""ORG-1023"",""ORG-2159""]"
11648,10.1371/journal.pone.0060741,1,"[""ORG-0302""]"
11649,10.3389/fimmu.2019.01155,2,"[""ORG-0772"",""ORG-0858""]"
11653,10.1186/s12889-019-7071-z,2,"[""ORG-0806"",""ORG-1934""]"
11656,10.1016/j.celrep.2019.05.086,8,"[""ORG-0728"",""ORG-0980"",""ORG-1039"",""ORG-1325"",""ORG-1607"",""ORG-1668"",""ORG-1847"",""ORG-1952""]"
11658,10.1084/jem.20121437,5,"[""ORG-0302"",""ORG-0520"",""ORG-0529"",""ORG-1668"",""ORG-2193""]"
11659,10.1371/journal.pone.0218660,4,"[""ORG-0527"",""ORG-0795"",""ORG-0860"",""ORG-1257""]"
11665,10.1128/mBio.01289-19,9,"[""ORG-0108"",""ORG-0317"",""ORG-0772"",""ORG-0858"",""ORG-1441"",""ORG-1855"",""ORG-1866"",""ORG-1897"",""ORG-1986""]"
11671,10.1371/journal.ppat.1004333,6,"[""ORG-0319"",""ORG-0527"",""ORG-0529"",""ORG-2156"",""ORG-2163"",""ORG-2260""]"
11682,10.3389/fped.2019.00219,2,"[""ORG-0963"",""ORG-1205""]"
11689,10.1097/QAD.0000000000000444,7,"[""ORG-0122"",""ORG-0302"",""ORG-0399"",""ORG-1169"",""ORG-1797"",""ORG-1801"",""ORG-1917""]"
11698,10.1038/s41598-019-45390-x,4,"[""ORG-0898"",""ORG-1221"",""ORG-1881"",""ORG-1910""]"
11699,10.1371/journal.pone.0059711,1,"[""ORG-2193""]"
11700,10.1371/journal.pone.0059591,5,"[""ORG-0772"",""ORG-0858"",""ORG-0901"",""ORG-1485"",""ORG-1890""]"
11707,10.1084/jem.20021900,5,"[""ORG-0963"",""ORG-1089"",""ORG-1215"",""ORG-2054"",""ORG-2161""]"
11715,10.3390/v5041042,6,"[""ORG-0728"",""ORG-0808"",""ORG-0829"",""ORG-1672"",""ORG-1811"",""ORG-1834""]"
11721,10.7150/ijms.31830,5,"[""ORG-0302"",""ORG-0365"",""ORG-0895"",""ORG-0898"",""ORG-2155""]"
11722,10.1038/s41598-019-45129-8,1,"[""ORG-2161""]"
11733,10.1186/s12876-019-1021-1,3,"[""ORG-0529"",""ORG-0951"",""ORG-1910""]"
11756,10.3390/jcm8060861,3,"[""ORG-0744"",""ORG-0814"",""ORG-1122""]"
11761,10.1002/cjp2.137,1,"[""ORG-1956""]"
11764,10.1177/2333794X19849754,3,"[""ORG-0806"",""ORG-1897"",""ORG-1970""]"
11786,10.1177/1474515113482805,5,"[""ORG-0814"",""ORG-0854"",""ORG-0902"",""ORG-0906"",""ORG-0943""]"
11792,10.1016/j.trsl.2013.02.008,3,"[""ORG-0527"",""ORG-1039"",""ORG-1607""]"
11793,10.1128/JVI.01431-14,10,"[""ORG-0623"",""ORG-0963"",""ORG-1439"",""ORG-1668"",""ORG-1811"",""ORG-1848"",""ORG-1921"",""ORG-2141"",""ORG-2160"",""ORG-2163""]"
11801,10.1371/journal.ppat.1007784,10,"[""ORG-0308"",""ORG-0319"",""ORG-0361"",""ORG-0854"",""ORG-0895"",""ORG-1215"",""ORG-1773"",""ORG-1797"",""ORG-2120"",""ORG-2189""]"
11802,10.1371/journal.pone.0059025,4,"[""ORG-0020"",""ORG-0022"",""ORG-0046"",""ORG-2260""]"
11804,10.1016/j.omto.2019.04.004,2,"[""ORG-0974"",""ORG-2156""]"
11806,10.1016/j.idm.2019.05.002,4,"[""ORG-0082"",""ORG-1089"",""ORG-1856"",""ORG-1890""]"
11807,10.1371/journal.ppat.1004304,6,"[""ORG-0227"",""ORG-0317"",""ORG-0521"",""ORG-0527"",""ORG-0529"",""ORG-0860""]"
11815,10.1155/2014/549136,4,"[""ORG-0036"",""ORG-0310"",""ORG-0421"",""ORG-0549""]"
11816,10.3389/fimmu.2019.01193,6,"[""ORG-0302"",""ORG-0304"",""ORG-0694"",""ORG-0970"",""ORG-1902"",""ORG-1931""]"
11825,10.1089/biores.2012.0265,2,"[""ORG-0319"",""ORG-0694""]"
11841,10.1186/1746-1596-8-43,2,"[""ORG-1215"",""ORG-2159""]"
11842,10.4049/jimmunol.1202665,1,"[""ORG-1427""]"
11843,10.1186/1471-2407-14-583,2,"[""ORG-0542"",""ORG-0943""]"
11847,10.1016/j.ajog.2014.07.060,4,"[""ORG-0319"",""ORG-0825"",""ORG-1257"",""ORG-2120""]"
11851,10.1038/onc.2013.71,3,"[""ORG-0511"",""ORG-0833"",""ORG-1949""]"
11852,10.1542/peds.2018-2917,1,"[""ORG-1368""]"
11853,10.1186/1471-2164-15-668,6,"[""ORG-0317"",""ORG-0319"",""ORG-0559"",""ORG-1039"",""ORG-1607"",""ORG-2260""]"
11854,10.1016/j.phymed.2019.152905,3,"[""ORG-0897"",""ORG-1849"",""ORG-1934""]"
11856,10.1016/j.it.2013.02.005,2,"[""ORG-0897"",""ORG-1215""]"
11858,10.1371/journal.pone.0104669,1,"[""ORG-1507""]"
11859,10.2991/chi.d.190329.001,3,"[""ORG-1897"",""ORG-2120"",""ORG-2189""]"
11860,10.1016/j.chom.2013.02.003,3,"[""ORG-0772"",""ORG-0858"",""ORG-2000""]"
11861,10.1186/s42466-019-0020-6,5,"[""ORG-0464"",""ORG-1253"",""ORG-1667"",""ORG-1936"",""ORG-1970""]"
11864,10.1136/bmjophth-2018-000247,4,"[""ORG-0855"",""ORG-1361"",""ORG-2120"",""ORG-2189""]"
11882,10.1186/1476-4598-13-184,6,"[""ORG-0085"",""ORG-0527"",""ORG-0529"",""ORG-1848"",""ORG-1918"",""ORG-1986""]"
11887,10.1007/s12325-019-00995-6,5,"[""ORG-0464"",""ORG-1246"",""ORG-1603"",""ORG-2147"",""ORG-2161""]"
11894,10.1097/IPC.0b013e3182601ea1,1,"[""ORG-1862""]"
11900,10.3345/kjp.2019.00227,1,"[""ORG-1897""]"
11904,10.1016/j.molcel.2013.01.039,2,"[""ORG-0897"",""ORG-1719""]"
11910,10.3390/v11060502,6,"[""ORG-0754"",""ORG-0755"",""ORG-0860"",""ORG-1867"",""ORG-2120"",""ORG-2189""]"
11911,10.3390/cancers11060759,6,"[""ORG-0014"",""ORG-1232"",""ORG-1233"",""ORG-1361"",""ORG-1834"",""ORG-1851""]"
11915,10.1080/21645515.2019.1622974,2,"[""ORG-0943"",""ORG-1856""]"
11918,10.1371/journal.pone.0056114,5,"[""ORG-0312"",""ORG-1087"",""ORG-1834"",""ORG-1986"",""ORG-2159""]"
11924,10.1016/j.tube.2019.04.022,6,"[""ORG-0895"",""ORG-0963"",""ORG-1122"",""ORG-1178"",""ORG-1200"",""ORG-1586""]"
11926,10.3892/or.2013.2327,2,"[""ORG-0581"",""ORG-1095""]"
11927,10.1177/0956462414544724,1,"[""ORG-1089""]"
11935,10.1159/000346346,1,"[""ORG-1948""]"
11942,10.1001/jama.2013.1099,3,"[""ORG-1169"",""ORG-1910"",""ORG-1981""]"
11944,10.1371/journal.ppat.1007748,6,"[""ORG-0365"",""ORG-0399"",""ORG-0571"",""ORG-1829"",""ORG-2156"",""ORG-2161""]"
11950,10.1002/art.37866,1,"[""ORG-1368""]"
11956,10.18632/oncotarget.26907,6,"[""ORG-1868"",""ORG-1898"",""ORG-1913"",""ORG-2140"",""ORG-2163"",""ORG-2169""]"
11957,10.1038/s41586-019-1248-6,6,"[""ORG-0753"",""ORG-0854"",""ORG-1286"",""ORG-1813"",""ORG-1932"",""ORG-1956""]"
11958,10.1038/s41598-019-43737-y,3,"[""ORG-0310"",""ORG-0565"",""ORG-1092""]"
11962,10.3389/fmicb.2014.00337,3,"[""ORG-0772"",""ORG-0858"",""ORG-0898""]"
11970,10.3389/fonc.2019.00386,2,"[""ORG-1215"",""ORG-1361""]"
11973,10.1371/journal.pone.0056795,4,"[""ORG-0772"",""ORG-0858"",""ORG-1361"",""ORG-1485""]"
11974,10.1186/s40425-019-0622-0,11,"[""ORG-0362"",""ORG-0736"",""ORG-0895"",""ORG-0898"",""ORG-0902"",""ORG-1215"",""ORG-1221"",""ORG-1797"",""ORG-1848"",""ORG-1881"",""ORG-2057""]"
11979,10.3390/vaccines7020044,4,"[""ORG-0302"",""ORG-0421"",""ORG-1846"",""ORG-2140""]"
11986,10.3389/fimmu.2019.01008,4,"[""ORG-1797"",""ORG-1798"",""ORG-2140"",""ORG-2165""]"
11996,10.1155/2014/285356,5,"[""ORG-0854"",""ORG-1527"",""ORG-1797"",""ORG-1931"",""ORG-1986""]"
12001,10.1186/1471-2334-13-100,3,"[""ORG-0302"",""ORG-0362"",""ORG-0825""]"
12003,10.1007/s10549-019-05283-z,3,"[""ORG-0943"",""ORG-1368"",""ORG-1859""]"
12010,10.1073/pnas.1816399116,8,"[""ORG-0015"",""ORG-0895"",""ORG-0897"",""ORG-0963"",""ORG-1028"",""ORG-1586"",""ORG-1905"",""ORG-2115""]"
12013,10.3390/medicina55050201,2,"[""ORG-2120"",""ORG-2189""]"
12015,10.1016/j.jneumeth.2019.05.007,1,"[""ORG-0315""]"
12018,10.4155/fmc.10.197,5,"[""ORG-1089"",""ORG-1286"",""ORG-1439"",""ORG-1709"",""ORG-2175""]"
12026,10.1186/s12985-019-1179-8,4,"[""ORG-0507"",""ORG-1862"",""ORG-2120"",""ORG-2189""]"
12032,10.4161/hv.24043,2,"[""ORG-0854"",""ORG-1897""]"
12035,10.1016/j.urolonc.2012.10.007,1,"[""ORG-0048""]"
12039,10.3389/fcimb.2019.00127,5,"[""ORG-0854"",""ORG-1797"",""ORG-1949"",""ORG-1952"",""ORG-2260""]"
12041,10.2147/CMAR.S195654,3,"[""ORG-1361"",""ORG-1503"",""ORG-1819""]"
12050,10.1194/jlr.M093229,3,"[""ORG-1361"",""ORG-1462"",""ORG-2306""]"
12066,10.3892/ol.2012.1055,3,"[""ORG-1738"",""ORG-2032"",""ORG-2058""]"
12068,10.1016/j.ophtha.2012.11.023,1,"[""ORG-0302""]"
12071,10.1371/journal.pone.0100844,5,"[""ORG-0825"",""ORG-0855"",""ORG-1667"",""ORG-1900"",""ORG-2306""]"
12077,10.1371/journal.pone.0055755,4,"[""ORG-0772"",""ORG-0858"",""ORG-0963"",""ORG-1023""]"
12083,10.1016/j.celrep.2013.01.023,1,"[""ORG-0319""]"
12087,10.1016/j.immuni.2019.04.009,5,"[""ORG-0899"",""ORG-0963"",""ORG-1215"",""ORG-1446"",""ORG-1744""]"
12091,10.1155/2011/926258,6,"[""ORG-0182"",""ORG-1678"",""ORG-1797"",""ORG-1864"",""ORG-2141"",""ORG-2306""]"
12092,10.1155/2011/785158,5,"[""ORG-0317"",""ORG-0951"",""ORG-1019"",""ORG-1021"",""ORG-2306""]"
12097,10.1371/journal.pone.0102501,4,"[""ORG-0542"",""ORG-0943"",""ORG-1910"",""ORG-2155""]"
12102,10.1371/journal.pone.0056121,2,"[""ORG-0362"",""ORG-0529""]"
12105,10.1371/journal.pone.0056027,5,"[""ORG-0773"",""ORG-1421"",""ORG-1536"",""ORG-1934"",""ORG-1952""]"
12111,10.1097/MD.0000000000015714,2,"[""ORG-1866"",""ORG-1948""]"
12118,10.4049/jimmunol.1003456,3,"[""ORG-0317"",""ORG-0571"",""ORG-0854""]"
12119,10.1016/B978-0-444-53488-0.00012-2,1,"[""ORG-2120""]"
12135,10.1155/2019/6927380,5,"[""ORG-0267"",""ORG-0455"",""ORG-0899"",""ORG-1177"",""ORG-1970""]"
12141,10.1371/journal.pone.0102314,3,"[""ORG-0319"",""ORG-1039"",""ORG-1607""]"
12143,10.1038/gt.2010.173,2,"[""ORG-0317"",""ORG-0812""]"
12146,10.1155/2013/364795,1,"[""ORG-1631""]"
12152,10.4172/2157-7560.1000149,6,"[""ORG-0549"",""ORG-0854"",""ORG-0902"",""ORG-1746"",""ORG-1956"",""ORG-2260""]"
12157,10.14348/molcells.2019.2395,1,"[""ORG-1464""]"
12159,10.1016/j.jdermsci.2010.11.017,1,"[""ORG-1607""]"
12160,10.1111/ajt.12137,2,"[""ORG-0527"",""ORG-0529""]"
12166,10.1186/s12935-019-0842-x,5,"[""ORG-0319"",""ORG-0897"",""ORG-1089"",""ORG-1797"",""ORG-1834""]"
12169,10.1186/1743-422X-11-124,4,"[""ORG-0772"",""ORG-0858"",""ORG-1361"",""ORG-1986""]"
12173,10.1590/0074-0276130563,3,"[""ORG-1368"",""ORG-1847"",""ORG-2120""]"
12177,10.1155/2014/718743,5,"[""ORG-0048"",""ORG-0049"",""ORG-1639"",""ORG-1934"",""ORG-2163""]"
12180,10.1371/journal.pone.0015200,4,"[""ORG-0773"",""ORG-0895"",""ORG-1257"",""ORG-1361""]"
12190,10.3390/biom9050178,9,"[""ORG-0123"",""ORG-0773"",""ORG-0825"",""ORG-0861"",""ORG-1047"",""ORG-1586"",""ORG-1849"",""ORG-1850"",""ORG-1948""]"
12194,10.7150/jca.5049,6,"[""ORG-0310"",""ORG-0455"",""ORG-0938"",""ORG-1215"",""ORG-1797"",""ORG-1910""]"
12198,10.1016/j.immuni.2010.11.027,2,"[""ORG-0188"",""ORG-0895""]"
12204,10.1155/2014/824630,2,"[""ORG-0573"",""ORG-1421""]"
12206,10.1371/journal.pone.0055383,2,"[""ORG-0302"",""ORG-1896""]"
12207,10.1007/s10753-014-9962-6,3,"[""ORG-0854"",""ORG-1246"",""ORG-1958""]"
12216,10.1186/s12879-019-4016-1,2,"[""ORG-1851"",""ORG-1877""]"
12219,10.3390/v11050422,3,"[""ORG-0987"",""ORG-1023"",""ORG-1586""]"
12220,10.1158/0008-5472.CAN-12-1851,3,"[""ORG-1035"",""ORG-1039"",""ORG-1607""]"
12222,10.1007/s00430-019-00613-w,5,"[""ORG-0302"",""ORG-0399"",""ORG-0772"",""ORG-1215"",""ORG-1948""]"
12225,10.1038/gt.2014.57,3,"[""ORG-0020"",""ORG-0046"",""ORG-1936""]"
12227,10.2807/1560-7917.ES.2019.24.18.1800363,3,"[""ORG-0385"",""ORG-1000"",""ORG-2248""]"
12229,10.3390/molecules18021949,3,"[""ORG-1848"",""ORG-1982"",""ORG-1986""]"
12231,10.4061/2010/174891,2,"[""ORG-0943"",""ORG-1910""]"
12232,10.1016/j.plasmid.2013.01.004,4,"[""ORG-0565"",""ORG-0753"",""ORG-1986"",""ORG-2146""]"
12235,10.1155/2014/308081,3,"[""ORG-0302"",""ORG-0825"",""ORG-0861""]"
12238,10.1128/mBio.01318-14,6,"[""ORG-0312"",""ORG-0317"",""ORG-0343"",""ORG-0854"",""ORG-0858"",""ORG-1221""]"
12245,10.1186/s13148-019-0663-8,4,"[""ORG-0267"",""ORG-0317"",""ORG-1956"",""ORG-1986""]"
12262,10.1371/journal.pone.0101373,3,"[""ORG-0007"",""ORG-0754"",""ORG-0755""]"
12264,10.1016/j.ymthe.2019.04.008,5,"[""ORG-0741"",""ORG-0897"",""ORG-0906"",""ORG-1176"",""ORG-2057""]"
12273,10.1093/nar/gkt033,3,"[""ORG-0560"",""ORG-1039"",""ORG-1607""]"
12275,10.1097/MD.0000000000015329,2,"[""ORG-1095"",""ORG-1368""]"
12277,10.1200/JGO.18.00203,3,"[""ORG-0317"",""ORG-1896"",""ORG-2159""]"
12280,10.1371/journal.pone.0101326,6,"[""ORG-0188"",""ORG-0943"",""ORG-1039"",""ORG-1931"",""ORG-1952"",""ORG-2260""]"
12296,10.1016/j.clinthera.2019.04.009,6,"[""ORG-0202"",""ORG-0571"",""ORG-1230"",""ORG-1361"",""ORG-1931"",""ORG-2260""]"
12297,10.1155/2014/472978,1,"[""ORG-0858""]"
12300,10.1016/j.immuni.2010.11.020,9,"[""ORG-0015"",""ORG-0895"",""ORG-0897"",""ORG-0974"",""ORG-1215"",""ORG-1527"",""ORG-1986"",""ORG-2170"",""ORG-2187""]"
12302,10.1186/1756-9966-32-5,3,"[""ORG-0741"",""ORG-0801"",""ORG-0899""]"
12303,10.2147/IDR.S184598,1,"[""ORG-0773""]"
12308,10.1016/j.antiviral.2019.04.011,2,"[""ORG-0683"",""ORG-1039""]"
12311,10.1111/tri.12381,2,"[""ORG-0897"",""ORG-0899""]"
12312,10.1371/journal.pone.0054008,3,"[""ORG-1986"",""ORG-2147"",""ORG-2161""]"
12313,10.1007/s00251-010-0497-1,3,"[""ORG-0951"",""ORG-1421"",""ORG-1639""]"
12316,10.1155/2014/258291,2,"[""ORG-0545"",""ORG-1867""]"
12320,10.1155/2012/628697,2,"[""ORG-0319"",""ORG-0360""]"
12324,10.3390/v11050391,7,"[""ORG-0429"",""ORG-0431"",""ORG-0700"",""ORG-0963"",""ORG-1135"",""ORG-1867"",""ORG-2160""]"
12332,10.1007/s12250-019-00114-3,6,"[""ORG-0559"",""ORG-0795"",""ORG-0860"",""ORG-1039"",""ORG-1607"",""ORG-1811""]"
12334,10.1523/JNEUROSCI.4386-13.2013,1,"[""ORG-1859""]"
12337,10.1016/j.canlet.2014.05.021,5,"[""ORG-0015"",""ORG-0968"",""ORG-0978"",""ORG-0982"",""ORG-1910""]"
12344,10.1016/j.molcel.2014.05.020,4,"[""ORG-0503"",""ORG-0855"",""ORG-1454"",""ORG-2159""]"
12353,10.1007/s10995-014-1546-4,3,"[""ORG-0814"",""ORG-0963"",""ORG-1368""]"
12359,10.1186/1742-4690-7-102,5,"[""ORG-0302"",""ORG-0854"",""ORG-0895"",""ORG-1744"",""ORG-2163""]"
12365,10.1080/21645515.2019.1593729,2,"[""ORG-0772"",""ORG-0858""]"
12369,10.1038/s41598-019-42840-4,2,"[""ORG-0728"",""ORG-0786""]"
12371,10.1371/journal.pone.0100004,5,"[""ORG-0974"",""ORG-1019"",""ORG-1135"",""ORG-1813"",""ORG-1921""]"
12372,10.1016/j.bbi.2014.04.002,2,"[""ORG-0014"",""ORG-1176""]"
12376,10.1007/978-1-62703-218-6_31,3,"[""ORG-0697"",""ORG-1738"",""ORG-2281""]"
12380,10.1155/2012/594869,5,"[""ORG-0854"",""ORG-1089"",""ORG-1819"",""ORG-1862"",""ORG-1934""]"
12381,10.1186/1752-1947-8-205,3,"[""ORG-0363"",""ORG-1221"",""ORG-1948""]"
12389,10.1371/journal.pgen.1003147,5,"[""ORG-0728"",""ORG-0897"",""ORG-0963"",""ORG-1931"",""ORG-2260""]"
12397,10.1186/1472-6750-10-81,4,"[""ORG-1817"",""ORG-1906"",""ORG-1922"",""ORG-1956""]"
12400,10.3892/etm.2014.1577,2,"[""ORG-0938"",""ORG-1910""]"
12401,10.1371/journal.pone.0014013,3,"[""ORG-0117"",""ORG-0963"",""ORG-1895""]"
12409,10.1186/1750-9378-9-18,4,"[""ORG-0581"",""ORG-0795"",""ORG-0856"",""ORG-1361""]"
12411,10.4132/KoreanJPathol.2012.46.6.515,3,"[""ORG-0801"",""ORG-1851"",""ORG-1897""]"
12414,10.3389/fimmu.2019.00695,4,"[""ORG-0987"",""ORG-1238"",""ORG-1856"",""ORG-1948""]"
12421,10.3892/ol.2014.2002,1,"[""ORG-2156""]"
12430,10.1186/1472-6750-14-56,9,"[""ORG-0335"",""ORG-0338"",""ORG-0399"",""ORG-0457"",""ORG-0951"",""ORG-1089"",""ORG-1122"",""ORG-1798"",""ORG-1969""]"
12434,10.1016/j.virol.2014.04.020,2,"[""ORG-1039"",""ORG-2140""]"
12437,10.1128/mBio.00548-19,2,"[""ORG-1221"",""ORG-1881""]"
12438,10.1177/0269881110388330,1,"[""ORG-0941""]"
12443,10.1016/j.nmni.2019.100529,2,"[""ORG-0860"",""ORG-0963""]"
12457,10.12688/f1000research.17119.1,3,"[""ORG-0302"",""ORG-1819"",""ORG-1986""]"
12460,10.3389/fimmu.2019.00617,2,"[""ORG-0872"",""ORG-2260""]"
12463,10.1371/journal.pone.0098819,2,"[""ORG-1131"",""ORG-1970""]"
12472,10.1136/bmjopen-2014-004833,3,"[""ORG-0606"",""ORG-1089"",""ORG-1910""]"
12475,10.1084/jem.20102017,3,"[""ORG-0302"",""ORG-0872"",""ORG-1089""]"
12476,10.1084/jem.20100921,4,"[""ORG-1215"",""ORG-1439"",""ORG-1798"",""ORG-1952""]"
12477,10.1371/journal.pone.0099857,3,"[""ORG-0527"",""ORG-0791"",""ORG-1896""]"
12478,10.1016/j.clp.2010.08.005,3,"[""ORG-0744"",""ORG-0825"",""ORG-1847""]"
12480,10.1186/1746-6148-6-51,3,"[""ORG-0385"",""ORG-0581"",""ORG-1833""]"
12481,10.4049/jimmunol.1302429,2,"[""ORG-0963"",""ORG-1020""]"
12487,10.1186/1743-422X-11-107,6,"[""ORG-1361"",""ORG-1503"",""ORG-1593"",""ORG-1834"",""ORG-1844"",""ORG-2141""]"
12504,10.4049/jimmunol.1002537,4,"[""ORG-0970"",""ORG-1089"",""ORG-1862"",""ORG-1890""]"
12508,10.1186/1745-7580-6-S2-S7,3,"[""ORG-1639"",""ORG-1974"",""ORG-2147""]"
12514,10.1097/PAS.0000000000001253,2,"[""ORG-1931"",""ORG-2156""]"
12516,10.1111/cei.13292,7,"[""ORG-0302"",""ORG-0319"",""ORG-0897"",""ORG-0963"",""ORG-1019"",""ORG-1934"",""ORG-1956""]"
12521,10.1186/1471-2431-13-4,2,"[""ORG-0360"",""ORG-0861""]"
12522,10.1042/BSR20190284,3,"[""ORG-0584"",""ORG-0801"",""ORG-1361""]"
12533,10.1186/1743-422X-10-9,2,"[""ORG-0801"",""ORG-1851""]"
12539,10.1098/rstb.2018.0299,7,"[""ORG-0024"",""ORG-1305"",""ORG-1797"",""ORG-1834"",""ORG-1932"",""ORG-1948"",""ORG-2141""]"
12542,10.1002/glia.22701,7,"[""ORG-0302"",""ORG-0361"",""ORG-0559"",""ORG-0895"",""ORG-0899"",""ORG-1364"",""ORG-1949""]"
12549,10.5539/gjhs.v5n1p180,5,"[""ORG-1221"",""ORG-1881"",""ORG-1934"",""ORG-2120"",""ORG-2189""]"
12550,10.1186/s13075-019-1866-2,5,"[""ORG-0602"",""ORG-1089"",""ORG-1368"",""ORG-1603"",""ORG-1897""]"
12551,10.1097/PAS.0b013e318267fabc,3,"[""ORG-0860"",""ORG-0861"",""ORG-1039""]"
12552,10.1097/MOH.0000000000000060,1,"[""ORG-1667""]"
12553,10.1186/1743-422X-11-94,7,"[""ORG-0895"",""ORG-1087"",""ORG-1138"",""ORG-1205"",""ORG-1738"",""ORG-2193"",""ORG-2306""]"
12556,10.1111/vop.12016,1,"[""ORG-1361""]"
12558,10.1016/j.ebiom.2019.03.077,6,"[""ORG-0124"",""ORG-0302"",""ORG-0825"",""ORG-1934"",""ORG-1981"",""ORG-2156""]"
12561,10.1186/1746-1596-9-95,2,"[""ORG-1215"",""ORG-1862""]"
12564,10.1186/1471-2415-14-74,2,"[""ORG-2120"",""ORG-2189""]"
12565,10.1080/15592294.2019.1600388,4,"[""ORG-0854"",""ORG-1711"",""ORG-1861"",""ORG-1905""]"
12567,10.1186/1471-2393-14-169,1,"[""ORG-1896""]"
12569,10.1002/ana.23689,1,"[""ORG-0086""]"
12576,10.3389/fmicb.2019.00577,5,"[""ORG-0317"",""ORG-0858"",""ORG-1253"",""ORG-1668"",""ORG-1893""]"
12578,10.1016/j.cyto.2012.11.024,2,"[""ORG-0736"",""ORG-0895""]"
12579,10.1111/ajt.15376,1,"[""ORG-1856""]"
12581,10.1126/scisignal.2001462,4,"[""ORG-1221"",""ORG-1881"",""ORG-1897"",""ORG-1986""]"
12582,10.1371/journal.ppat.1007658,9,"[""ORG-0571"",""ORG-0895"",""ORG-0951"",""ORG-1215"",""ORG-1454"",""ORG-1773"",""ORG-1855"",""ORG-1866"",""ORG-2147""]"
12590,10.1177/1756286419836913,1,"[""ORG-1910""]"
12603,10.3390/pathogens2020364,5,"[""ORG-0963"",""ORG-1948"",""ORG-2114"",""ORG-2120"",""ORG-2189""]"
12605,10.3390/pathogens2010153,1,"[""ORG-1969""]"
12610,10.1371/journal.ppat.1004173,15,"[""ORG-0024"",""ORG-0090"",""ORG-0319"",""ORG-0833"",""ORG-1667"",""ORG-1709"",""ORG-1747"",""ORG-1797"",""ORG-1798"",""ORG-1843"",""ORG-1986"",""ORG-2120"",""ORG-2141"",""ORG-2147"",""ORG-2189""]"
12615,10.4049/jimmunol.1002283,1,"[""ORG-0895""]"
12619,10.3390/cancers11040447,2,"[""ORG-0772"",""ORG-0938""]"
12621,10.3390/cells2010019,3,"[""ORG-0883"",""ORG-1849"",""ORG-1850""]"
12628,10.12890/2019_001012,5,"[""ORG-0963"",""ORG-1330"",""ORG-1890"",""ORG-1897"",""ORG-1986""]"
12632,10.1007/s13555-019-0291-4,2,"[""ORG-0409"",""ORG-1368""]"
12634,10.1016/j.immuni.2012.11.005,4,"[""ORG-0895"",""ORG-1241"",""ORG-1242"",""ORG-1986""]"
12635,10.1155/2014/707691,1,"[""ORG-0789""]"
12639,10.4132/KoreanJPathol.2014.48.2.81,2,"[""ORG-0308"",""ORG-0861""]"
12640,10.4049/jimmunol.1801454,4,"[""ORG-0124"",""ORG-0302"",""ORG-0796"",""ORG-2306""]"
12645,10.1159/000342953,2,"[""ORG-1286"",""ORG-2161""]"
12655,10.1371/journal.ppat.1003061,7,"[""ORG-0471"",""ORG-0970"",""ORG-1480"",""ORG-1683"",""ORG-1856"",""ORG-1921"",""ORG-1981""]"
12657,10.1007/s00430-019-00601-0,2,"[""ORG-0302"",""ORG-1089""]"
12659,10.4103/2229-5178.131083,1,"[""ORG-1956""]"
12660,10.1186/1743-422X-7-287,1,"[""ORG-0772""]"
12668,10.1007/s00281-014-0433-9,2,"[""ORG-0302"",""ORG-0906""]"
12670,10.1016/j.bbmt.2010.10.025,3,"[""ORG-0736"",""ORG-1361"",""ORG-2120""]"
12671,10.1371/journal.ppat.1001151,9,"[""ORG-0520"",""ORG-0527"",""ORG-0529"",""ORG-0680"",""ORG-0833"",""ORG-1812"",""ORG-1834"",""ORG-1931"",""ORG-2159""]"
12683,10.1186/s13148-019-0654-9,4,"[""ORG-0772"",""ORG-0858"",""ORG-0861"",""ORG-1846""]"
12687,10.1186/1471-2407-10-574,6,"[""ORG-0014"",""ORG-0545"",""ORG-0898"",""ORG-1087"",""ORG-1527"",""ORG-2032""]"
12698,10.1371/journal.pone.0098051,4,"[""ORG-0854"",""ORG-0917"",""ORG-1089"",""ORG-1921""]"
12714,10.1016/j.tranon.2019.02.009,4,"[""ORG-0527"",""ORG-1023"",""ORG-1087"",""ORG-1986""]"
12715,10.1155/2010/516047,2,"[""ORG-1019"",""ORG-2057""]"
12723,10.3389/fncir.2014.00041,1,"[""ORG-0854""]"
12725,10.1161/STROKEAHA.112.662965,4,"[""ORG-0020"",""ORG-0046"",""ORG-1672"",""ORG-1986""]"
12746,10.4049/jimmunol.1302068,8,"[""ORG-0527"",""ORG-0529"",""ORG-0559"",""ORG-0860"",""ORG-1368"",""ORG-1902"",""ORG-1956"",""ORG-1986""]"
12748,10.1097/CJI.0b013e3181f3cbf4,1,"[""ORG-1917""]"
12758,10.3389/fimmu.2019.00399,1,"[""ORG-0302""]"
12759,10.1371/journal.pone.0096579,6,"[""ORG-0244"",""ORG-0317"",""ORG-0772"",""ORG-0858"",""ORG-0895"",""ORG-1586""]"
12764,10.1111/febs.12843,5,"[""ORG-0310"",""ORG-0778"",""ORG-0859"",""ORG-1418"",""ORG-2156""]"
12767,10.1016/j.canlet.2010.08.018,1,"[""ORG-2156""]"
12795,10.1002/rmv.664,4,"[""ORG-0736"",""ORG-1330"",""ORG-1809"",""ORG-1948""]"
12805,10.1097/TP.0b013e3182782efc,2,"[""ORG-0858"",""ORG-1089""]"
12807,10.1016/j.bbi.2019.03.018,1,"[""ORG-1368""]"
12812,10.1186/1743-422X-7-262,6,"[""ORG-0520"",""ORG-0728"",""ORG-1019"",""ORG-1361"",""ORG-1834"",""ORG-2145""]"
12814,10.1002/eji.201444493,4,"[""ORG-0529"",""ORG-0691"",""ORG-1023"",""ORG-1462""]"
12819,10.1371/journal.pone.0013076,6,"[""ORG-0854"",""ORG-0988"",""ORG-1050"",""ORG-1051"",""ORG-1361"",""ORG-1593""]"
12829,10.1155/2012/375075,2,"[""ORG-1852"",""ORG-1910""]"
12835,10.1371/journal.pone.0050166,3,"[""ORG-0772"",""ORG-0858"",""ORG-1205""]"
12839,10.1186/s13045-019-0717-6,1,"[""ORG-1215""]"
12840,10.3390/ijms20061286,1,"[""ORG-0527""]"
12853,10.1371/journal.ppat.1001114,3,"[""ORG-0728"",""ORG-0887"",""ORG-2140""]"
12878,10.1038/nature09385,7,"[""ORG-0796"",""ORG-0861"",""ORG-1230"",""ORG-1368"",""ORG-1851"",""ORG-1868"",""ORG-2260""]"
12888,10.1016/j.bone.2014.04.028,4,"[""ORG-0182"",""ORG-0763"",""ORG-1864"",""ORG-2306""]"
12898,10.4110/in.2012.12.5.196,6,"[""ORG-0814"",""ORG-0854"",""ORG-0963"",""ORG-1286"",""ORG-1368"",""ORG-1948""]"
12905,10.2217/imt.10.43,1,"[""ORG-2156""]"
12909,10.1186/s13027-019-0223-z,2,"[""ORG-1896"",""ORG-1931""]"
12910,10.1371/journal.ppat.1004106,11,"[""ORG-0302"",""ORG-0963"",""ORG-1221"",""ORG-1545"",""ORG-1667"",""ORG-1844"",""ORG-1857"",""ORG-1872"",""ORG-1881"",""ORG-1949"",""ORG-2147""]"
12922,10.1007/s40588-018-0102-1,5,"[""ORG-0808"",""ORG-1039"",""ORG-1084"",""ORG-1607"",""ORG-1969""]"
12925,10.1016/j.jneuroim.2019.03.002,1,"[""ORG-1856""]"
12926,10.3390/ijms131113764,1,"[""ORG-0801""]"
12927,10.1371/journal.ppat.1001073,4,"[""ORG-0108"",""ORG-1020"",""ORG-1798"",""ORG-2306""]"
12928,10.3390/ijms131013737,1,"[""ORG-1803""]"
12929,10.1038/nrc2888,4,"[""ORG-0860"",""ORG-1039"",""ORG-1607"",""ORG-1932""]"
12933,10.1111/ctr.13516,2,"[""ORG-1852"",""ORG-1910""]"
12939,10.3390/s121115638,1,"[""ORG-1936""]"
12943,10.1086/656525,3,"[""ORG-0860"",""ORG-1368"",""ORG-2192""]"
12944,10.1186/s12874-019-0692-1,2,"[""ORG-0963"",""ORG-1881""]"
12960,10.2217/fmb.10.105,3,"[""ORG-0559"",""ORG-1039"",""ORG-1607""]"
12963,10.1016/j.coviro.2014.03.015,1,"[""ORG-1238""]"
12965,10.1186/1423-0127-17-77,2,"[""ORG-1087"",""ORG-1931""]"
12967,10.1038/s41598-018-36848-5,1,"[""ORG-1936""]"
12969,10.1371/journal.pone.0012598,4,"[""ORG-0825"",""ORG-1368"",""ORG-1856"",""ORG-1910""]"
12973,10.1007/s12072-014-9523-y,3,"[""ORG-0773"",""ORG-0943"",""ORG-1906""]"
12988,10.1159/000360979,1,"[""ORG-2120""]"
12989,10.1128/mBio.02567-18,7,"[""ORG-0317"",""ORG-0510"",""ORG-0854"",""ORG-0895"",""ORG-1454"",""ORG-1746"",""ORG-1798""]"
12991,10.1371/journal.pone.0094892,6,"[""ORG-0302"",""ORG-0772"",""ORG-0858"",""ORG-0897"",""ORG-1089"",""ORG-1917""]"
12993,10.1111/jcmm.14207,1,"[""ORG-2156""]"
12997,10.1016/j.thromres.2014.03.010,3,"[""ORG-0855"",""ORG-0962"",""ORG-2159""]"
13008,10.1016/j.bbmt.2019.02.021,4,"[""ORG-0471"",""ORG-0943"",""ORG-1910"",""ORG-1934""]"
13010,10.1002/ibd.21306,4,"[""ORG-0188"",""ORG-0619"",""ORG-0902"",""ORG-1361""]"
13013,10.1002/ajh.23726,2,"[""ORG-1674"",""ORG-1856""]"
13023,10.1186/1476-4598-9-241,6,"[""ORG-0518"",""ORG-0520"",""ORG-0529"",""ORG-0542"",""ORG-0897"",""ORG-2159""]"
13025,10.3390/v4091687,1,"[""ORG-1039""]"
13034,10.1111/j.1463-5224.2010.00813.x,2,"[""ORG-0046"",""ORG-0047""]"
13035,10.3109/13550284.2010.513030,4,"[""ORG-0444"",""ORG-0854"",""ORG-0917"",""ORG-2306""]"
13041,10.1371/journal.pcbi.1003563,3,"[""ORG-1908"",""ORG-1922"",""ORG-1934""]"
13044,10.1186/1471-2407-10-486,2,"[""ORG-1583"",""ORG-1936""]"
13047,10.1016/j.jpeds.2012.10.011,2,"[""ORG-1089"",""ORG-1862""]"
13051,10.1002/cam4.243,1,"[""ORG-0858""]"
13054,10.1371/journal.pone.0089648,3,"[""ORG-0319"",""ORG-0902"",""ORG-1831""]"
13056,10.1016/j.exger.2010.08.027,3,"[""ORG-1859"",""ORG-1862"",""ORG-1952""]"
13059,10.20411/pai.v4i1.255,3,"[""ORG-0943"",""ORG-1368"",""ORG-1872""]"
13065,10.1128/mSphere.00590-18,6,"[""ORG-0360"",""ORG-1286"",""ORG-1844"",""ORG-1952"",""ORG-2141"",""ORG-2147""]"
13068,10.1371/journal.pone.0094665,6,"[""ORG-0046"",""ORG-0047"",""ORG-0317"",""ORG-0989"",""ORG-1019"",""ORG-1934""]"
13069,10.1186/1471-2121-1-4,6,"[""ORG-0317"",""ORG-1441"",""ORG-1867"",""ORG-1897"",""ORG-1934"",""ORG-1949""]"
13074,10.1186/1479-5876-12-100,5,"[""ORG-0302"",""ORG-0307"",""ORG-0895"",""ORG-1409"",""ORG-2058""]"
13077,10.1016/j.virol.2010.08.014,3,"[""ORG-1035"",""ORG-1039"",""ORG-1607""]"
13085,10.1186/1471-2369-13-149,1,"[""ORG-1890""]"
13087,10.2147/OTT.S190274,2,"[""ORG-1087"",""ORG-2159""]"
13091,10.1093/rheumatology/key287,2,"[""ORG-1089"",""ORG-1603""]"
13092,10.1016/j.bbmt.2014.03.032,1,"[""ORG-1176""]"
13093,10.1158/1078-0432.CCR-12-2143,4,"[""ORG-0310"",""ORG-0900"",""ORG-0946"",""ORG-1949""]"
13099,10.3346/jkms.2019.34.e53,1,"[""ORG-1667""]"
13108,10.1371/journal.pone.0048935,3,"[""ORG-0772"",""ORG-1921"",""ORG-2156""]"
13114,10.1371/journal.pone.0094806,2,"[""ORG-0895"",""ORG-0897""]"
13120,10.1053/j.gastro.2010.08.048,1,"[""ORG-0902""]"
13126,10.3390/molecules24040774,3,"[""ORG-0571"",""ORG-1253"",""ORG-1421""]"
13135,10.1038/s41598-019-39299-8,3,"[""ORG-0310"",""ORG-1039"",""ORG-1607""]"
13136,10.1186/s12890-019-0815-9,3,"[""ORG-1089"",""ORG-1215"",""ORG-1856""]"
13137,10.3390/toxins11020123,4,"[""ORG-0854"",""ORG-1286"",""ORG-1368"",""ORG-1856""]"
13145,10.2174/1874357901004010103,1,"[""ORG-0854""]"
13148,10.1080/20013078.2019.1573051,2,"[""ORG-0319"",""ORG-1949""]"
13153,10.1186/s12885-019-5330-0,4,"[""ORG-0188"",""ORG-1585"",""ORG-1641"",""ORG-1913""]"
13155,10.1167/iovs.18-25801,4,"[""ORG-0317"",""ORG-1949"",""ORG-2120"",""ORG-2189""]"
13161,10.1016/j.clml.2012.09.018,3,"[""ORG-0085"",""ORG-1089"",""ORG-1981""]"
13164,10.1371/journal.pone.0012387,6,"[""ORG-0022"",""ORG-0315"",""ORG-0317"",""ORG-1831"",""ORG-1931"",""ORG-1956""]"
13181,10.1371/journal.ppat.1007609,3,"[""ORG-0560"",""ORG-1039"",""ORG-1607""]"
13195,10.1111/bjd.17783,2,"[""ORG-1910"",""ORG-2208""]"
13197,10.1371/journal.pone.0047648,5,"[""ORG-0302"",""ORG-0319"",""ORG-0365"",""ORG-0895"",""ORG-1847""]"
13198,10.1111/cas.12416,3,"[""ORG-0013"",""ORG-0905"",""ORG-0941""]"
13200,10.3748/wjg.v25.i5.584,1,"[""ORG-0545""]"
13202,10.1371/journal.pone.0048093,4,"[""ORG-0048"",""ORG-0049"",""ORG-0319"",""ORG-0963""]"
13203,10.1371/journal.pone.0047863,2,"[""ORG-0571"",""ORG-1641""]"
13205,10.2147/IJGM.S10371,1,"[""ORG-1868""]"
13211,10.1111/cas.13967,1,"[""ORG-1843""]"
13216,10.3390/v6041502,6,"[""ORG-0772"",""ORG-0858"",""ORG-0895"",""ORG-0904"",""ORG-1205"",""ORG-1862""]"
13233,10.1136/bmjopen-2018-022897,7,"[""ORG-0206"",""ORG-0455"",""ORG-0938"",""ORG-1421"",""ORG-1910"",""ORG-1934"",""ORG-2120""]"
13235,10.1016/j.brainres.2010.08.044,7,"[""ORG-0206"",""ORG-0229"",""ORG-0312"",""ORG-0583"",""ORG-0938"",""ORG-1797"",""ORG-1917""]"
13237,10.1155/2014/202548,2,"[""ORG-0542"",""ORG-0773""]"
13241,10.1093/cid/cis900,2,"[""ORG-1368"",""ORG-1483""]"
13242,10.1186/1297-9716-45-36,6,"[""ORG-0319"",""ORG-0678"",""ORG-1095"",""ORG-1135"",""ORG-1246"",""ORG-1932""]"
13244,10.1371/journal.ppat.1001048,7,"[""ORG-0317"",""ORG-0585"",""ORG-0728"",""ORG-0897"",""ORG-1095"",""ORG-1986"",""ORG-2141""]"
13245,10.3390/genes10020115,5,"[""ORG-1135"",""ORG-1238"",""ORG-1361"",""ORG-1856"",""ORG-2161""]"
13246,10.1371/journal.ppat.1001046,3,"[""ORG-0317"",""ORG-1039"",""ORG-1746""]"
13264,10.1097/WNO.0b013e3181e22ef0,1,"[""ORG-0285""]"
13267,10.1186/1471-2458-10-502,1,"[""ORG-1667""]"
13270,10.1128/mBio.02856-18,6,"[""ORG-0511"",""ORG-0854"",""ORG-1774"",""ORG-2147"",""ORG-2160"",""ORG-2184""]"
13276,10.2807/1560-7917.ES.2019.24.6.1800004,1,"[""ORG-1729""]"
13284,10.3892/mmr.2019.9886,3,"[""ORG-0527"",""ORG-0720"",""ORG-2156""]"
13290,10.4174/astr.2019.96.2.95,2,"[""ORG-1368"",""ORG-2120""]"
13291,10.1093/ckj/sfy058,3,"[""ORG-0943"",""ORG-1910"",""ORG-1913""]"
13297,10.1242/jcs.222349,8,"[""ORG-0317"",""ORG-0421"",""ORG-0683"",""ORG-0854"",""ORG-0882"",""ORG-0970"",""ORG-1956"",""ORG-2306""]"
13302,10.4049/jimmunol.1001535,4,"[""ORG-0302"",""ORG-0319"",""ORG-0989"",""ORG-2306""]"
13303,10.1084/jem.20091793,7,"[""ORG-0736"",""ORG-0772"",""ORG-0858"",""ORG-1023"",""ORG-1439"",""ORG-1986"",""ORG-2094""]"
13304,10.1371/journal.pone.0047159,3,"[""ORG-1844"",""ORG-1893"",""ORG-1908""]"
13311,10.1016/j.jaci.2019.01.033,4,"[""ORG-0302"",""ORG-0694"",""ORG-2161"",""ORG-2306""]"
13318,10.3389/fncel.2019.00008,4,"[""ORG-0020"",""ORG-0022"",""ORG-0046"",""ORG-0047""]"
13320,10.1016/j.antiviral.2010.08.005,4,"[""ORG-1228"",""ORG-1934"",""ORG-2147"",""ORG-2161""]"
13334,10.1186/1471-2164-13-557,5,"[""ORG-0584"",""ORG-0728"",""ORG-0947"",""ORG-1089"",""ORG-1135""]"
13351,10.1084/jem.20011255,4,"[""ORG-0302"",""ORG-0691"",""ORG-1798"",""ORG-2147""]"
13354,10.1021/mp100009e,2,"[""ORG-0869"",""ORG-1671""]"
13366,10.1038/s41598-018-37989-3,5,"[""ORG-0444"",""ORG-0545"",""ORG-0619"",""ORG-1361"",""ORG-1798""]"
13368,10.1016/j.ymthe.2019.01.002,3,"[""ORG-0020"",""ORG-0680"",""ORG-1131""]"
13373,10.3390/cells8020120,5,"[""ORG-0308"",""ORG-0854"",""ORG-0917"",""ORG-1286"",""ORG-1897""]"
13374,10.3390/v11020135,4,"[""ORG-1218"",""ORG-1231"",""ORG-1881"",""ORG-1921""]"
13382,10.1155/2014/289687,3,"[""ORG-0833"",""ORG-2120"",""ORG-2189""]"
13392,10.1371/journal.ppat.1002962,9,"[""ORG-0014"",""ORG-0897"",""ORG-1039"",""ORG-1095"",""ORG-1245"",""ORG-1607"",""ORG-1952"",""ORG-2147"",""ORG-2171""]"
13400,10.1186/s13256-018-1937-z,1,"[""ORG-0317""]"
13402,10.1186/1471-2334-14-151,1,"[""ORG-0963""]"
13403,10.1186/1746-1596-9-64,1,"[""ORG-0860""]"
13411,10.3389/fimmu.2018.03188,4,"[""ORG-0124"",""ORG-0302"",""ORG-1215"",""ORG-1773""]"
13412,10.1097/WNR.0b013e32833da51a,3,"[""ORG-0310"",""ORG-0361"",""ORG-0854""]"
13414,10.1038/s41572-019-0060-9,3,"[""ORG-1558"",""ORG-1896"",""ORG-1921""]"
13416,10.1186/1471-2334-10-230,2,"[""ORG-0943"",""ORG-1368""]"
13422,10.1186/s12879-019-3707-y,3,"[""ORG-0581"",""ORG-0970"",""ORG-1421""]"
13425,10.1016/j.idcr.2018.e00483,3,"[""ORG-0360"",""ORG-2120"",""ORG-2189""]"
13431,10.1016/j.vaccine.2012.09.057,4,"[""ORG-0754"",""ORG-1461"",""ORG-1856"",""ORG-2177""]"
13434,10.4049/jimmunol.1302601,1,"[""ORG-1215""]"
13437,10.1002/ijc.32173,1,"[""ORG-1851""]"
13451,10.1038/cddis.2012.136,1,"[""ORG-1827""]"
13453,10.1016/j.clim.2014.02.015,5,"[""ORG-0444"",""ORG-0895"",""ORG-1351"",""ORG-1797"",""ORG-1897""]"
13466,10.1186/1471-2164-11-445,1,"[""ORG-1361""]"
13469,10.1186/1746-1596-7-133,2,"[""ORG-1089"",""ORG-2303""]"
13470,10.1016/j.chom.2014.02.011,1,"[""ORG-1811""]"
13475,10.3390/v11020103,4,"[""ORG-1934"",""ORG-2120"",""ORG-2189"",""ORG-2306""]"
13478,10.1371/journal.ppat.1001013,10,"[""ORG-0511"",""ORG-0585"",""ORG-0728"",""ORG-1039"",""ORG-1112"",""ORG-1607"",""ORG-1831"",""ORG-1844"",""ORG-1931"",""ORG-2140""]"
13482,10.1371/journal.pone.0045171,2,"[""ORG-1852"",""ORG-2306""]"
13483,10.1371/journal.pone.0044227,6,"[""ORG-0854"",""ORG-0882"",""ORG-1286"",""ORG-1849"",""ORG-1850"",""ORG-1932""]"
13485,10.1371/journal.ppat.1002927,8,"[""ORG-0728"",""ORG-0941"",""ORG-1023"",""ORG-1039"",""ORG-1325"",""ORG-1797"",""ORG-1859"",""ORG-2141""]"
13488,10.1371/journal.ppat.1002878,1,"[""ORG-0858""]"
13492,10.1038/sj.bjc.6600451,1,"[""ORG-1910""]"
13493,10.1590/S1808-86942010000300016,1,"[""ORG-2120""]"
13496,10.1093/schbul/sbu032,1,"[""ORG-0854""]"
13506,10.1016/j.vaccine.2010.07.018,4,"[""ORG-0861"",""ORG-0869"",""ORG-1230"",""ORG-1248""]"
13514,10.1371/journal.pone.0091325,3,"[""ORG-1856"",""ORG-1868"",""ORG-2256""]"
13521,10.4049/jimmunol.1201121,4,"[""ORG-0619"",""ORG-0897"",""ORG-0898"",""ORG-1798""]"
13531,10.1186/1743-422X-7-165,4,"[""ORG-0545"",""ORG-1047"",""ORG-2120"",""ORG-2189""]"
13532,10.1007/s10875-014-0012-9,3,"[""ORG-0302"",""ORG-0527"",""ORG-1844""]"
13535,10.1371/journal.pone.0210252,3,"[""ORG-0302"",""ORG-0897"",""ORG-1089""]"
13548,10.4110/in.2014.14.1.1,2,"[""ORG-0527"",""ORG-1773""]"
13549,10.3389/fimmu.2018.03047,3,"[""ORG-0895"",""ORG-1931"",""ORG-1986""]"
13552,10.1186/s13075-019-1823-0,1,"[""ORG-1981""]"
13555,10.1016/j.exphem.2010.07.001,5,"[""ORG-0160"",""ORG-0545"",""ORG-1361"",""ORG-1503"",""ORG-1783""]"
13559,10.1002/jgm.1486,2,"[""ORG-1361"",""ORG-2058""]"
13567,10.1186/1472-6750-12-66,7,"[""ORG-0082"",""ORG-0559"",""ORG-1205"",""ORG-1361"",""ORG-1797"",""ORG-1828"",""ORG-2157""]"
13571,10.1186/s12879-019-3724-x,4,"[""ORG-0302"",""ORG-1089"",""ORG-1852"",""ORG-2200""]"
13574,10.1186/1756-9966-29-94,1,"[""ORG-1989""]"
13577,10.1371/journal.pone.0090059,4,"[""ORG-0036"",""ORG-1485"",""ORG-1868"",""ORG-1986""]"
13581,10.3389/fimmu.2018.03060,4,"[""ORG-0527"",""ORG-0943"",""ORG-1746"",""ORG-1859""]"
13582,10.4103/2277-9175.124634,3,"[""ORG-1773"",""ORG-1864"",""ORG-1980""]"
13585,10.1371/journal.pone.0090482,4,"[""ORG-1238"",""ORG-1956"",""ORG-2140"",""ORG-2304""]"
13586,10.1038/s41598-018-36312-4,2,"[""ORG-0527"",""ORG-1087""]"
13588,10.3858/emm.2012.44.11.076,5,"[""ORG-1089"",""ORG-1095"",""ORG-1368"",""ORG-1815"",""ORG-1936""]"
13607,10.3324/haematol.2018.200808,1,"[""ORG-1851""]"
13608,10.1371/journal.ppat.1000971,11,"[""ORG-0728"",""ORG-1089"",""ORG-1243"",""ORG-1826"",""ORG-1831"",""ORG-1844"",""ORG-1847"",""ORG-1905"",""ORG-1910"",""ORG-2120"",""ORG-2189""]"
13612,10.1186/s12864-018-5266-9,3,"[""ORG-0678"",""ORG-1639"",""ORG-1797""]"
13613,10.1097/QAD.0b013e32833c7bb8,2,"[""ORG-1035"",""ORG-1607""]"
13615,10.3390/md17010057,4,"[""ORG-0385"",""ORG-0683"",""ORG-0854"",""ORG-1036""]"
13619,10.1111/cas.12389,1,"[""ORG-0529""]"
13623,10.3390/v6030968,4,"[""ORG-0772"",""ORG-0858"",""ORG-0987"",""ORG-1678""]"
13624,10.1128/mSphere.00569-18,3,"[""ORG-1135"",""ORG-1803"",""ORG-2160""]"
13625,10.2217/ahe.10.5,1,"[""ORG-0943""]"
13634,10.1007/s10067-019-04430-7,2,"[""ORG-0602"",""ORG-1897""]"
13639,10.1128/mBio.01941-18,7,"[""ORG-0527"",""ORG-0529"",""ORG-0814"",""ORG-0963"",""ORG-2156"",""ORG-2170"",""ORG-2306""]"
13645,10.1371/journal.pone.0044500,6,"[""ORG-0772"",""ORG-0858"",""ORG-0895"",""ORG-0902"",""ORG-1680"",""ORG-1921""]"
13649,10.3389/fimmu.2014.00015,4,"[""ORG-0854"",""ORG-0895"",""ORG-0988"",""ORG-2260""]"
13651,10.1016/j.brainres.2010.06.045,7,"[""ORG-0317"",""ORG-0481"",""ORG-0619"",""ORG-0781"",""ORG-0854"",""ORG-1089"",""ORG-2034""]"
13656,10.1186/1752-1947-6-288,1,"[""ORG-2159""]"
13659,10.1053/j.gastro.2014.02.010,4,"[""ORG-0302"",""ORG-1527"",""ORG-1986"",""ORG-2306""]"
13668,10.1186/1743-422X-11-34,5,"[""ORG-0939"",""ORG-0963"",""ORG-1089"",""ORG-1368"",""ORG-1986""]"
13674,10.4049/jimmunol.1001159,4,"[""ORG-0086"",""ORG-0872"",""ORG-0906"",""ORG-1421""]"
13679,10.1186/1447-056X-13-4,1,"[""ORG-1867""]"
13682,10.4049/jimmunol.1302656,1,"[""ORG-0571""]"
13691,10.1016/bs.ircmb.2018.07.006,5,"[""ORG-0789"",""ORG-1221"",""ORG-1498"",""ORG-2170"",""ORG-2171""]"
13692,10.3390/ncrna5010006,9,"[""ORG-1238"",""ORG-1409"",""ORG-1607"",""ORG-1672"",""ORG-1673"",""ORG-1890"",""ORG-1913"",""ORG-1986"",""ORG-2170""]"
13695,10.1021/mp100161u,2,"[""ORG-1986"",""ORG-2193""]"
13699,10.1371/journal.pone.0043317,4,"[""ORG-0529"",""ORG-0860"",""ORG-0895"",""ORG-1921""]"
13703,10.1016/j.bbmt.2014.02.010,2,"[""ORG-0860"",""ORG-1910""]"
13707,10.2169/internalmedicine.2046-18,2,"[""ORG-1286"",""ORG-2156""]"
13716,10.1371/journal.pone.0209365,5,"[""ORG-0943"",""ORG-1910"",""ORG-1981"",""ORG-2120"",""ORG-2189""]"
13717,10.1016/S1386-6532(02)00197-X,6,"[""ORG-0736"",""ORG-1503"",""ORG-1797"",""ORG-1934"",""ORG-2167"",""ORG-2170""]"
13719,10.1002/JLB.4A0718-292R,3,"[""ORG-0897"",""ORG-1798"",""ORG-1856""]"
13720,10.1093/infdis/jiy668,3,"[""ORG-0302"",""ORG-0861"",""ORG-1351""]"
13722,10.1016/j.vaccine.2012.08.049,2,"[""ORG-1089"",""ORG-2164""]"
13729,10.1371/journal.pone.0088531,8,"[""ORG-0312"",""ORG-0772"",""ORG-0858"",""ORG-1249"",""ORG-1361"",""ORG-1856"",""ORG-1982"",""ORG-2163""]"
13731,10.3389/fimmu.2018.03022,12,"[""ORG-0360"",""ORG-0869"",""ORG-0895"",""ORG-0897"",""ORG-0898"",""ORG-0906"",""ORG-0963"",""ORG-1490"",""ORG-1993"",""ORG-2023"",""ORG-2163"",""ORG-2165""]"
13744,10.1111/j.1399-3062.2010.00532.x,5,"[""ORG-0943"",""ORG-1368"",""ORG-1856"",""ORG-1910"",""ORG-1934""]"
13761,10.1016/j.bjid.2014.01.002,3,"[""ORG-1831"",""ORG-1896"",""ORG-1948""]"
13762,10.1155/2012/497614,3,"[""ORG-0360"",""ORG-0527"",""ORG-2156""]"
13766,10.1084/jem.20100603,2,"[""ORG-1819"",""ORG-1856""]"
13778,10.1111/cas.12369,1,"[""ORG-1896""]"
13780,10.1186/2046-4053-3-11,5,"[""ORG-0795"",""ORG-0963"",""ORG-1847"",""ORG-1897"",""ORG-1931""]"
13782,10.3904/kjim.1998.13.2.143,1,"[""ORG-1913""]"
13792,10.1371/journal.ppat.1003916,12,"[""ORG-0511"",""ORG-0795"",""ORG-1039"",""ORG-1607"",""ORG-1848"",""ORG-1949"",""ORG-1952"",""ORG-1986"",""ORG-2141"",""ORG-2193"",""ORG-2260"",""ORG-2306""]"
13803,10.1016/j.virusres.2012.08.011,6,"[""ORG-0313"",""ORG-0895"",""ORG-0963"",""ORG-1844"",""ORG-1952"",""ORG-1986""]"
13811,10.1371/journal.pone.0011080,5,"[""ORG-1039"",""ORG-1167"",""ORG-1607"",""ORG-1867"",""ORG-1931""]"
13819,10.1016/j.clml.2018.11.020,1,"[""ORG-0527""]"
13821,10.1016/j.virol.2013.12.015,9,"[""ORG-0817"",""ORG-0854"",""ORG-0895"",""ORG-0963"",""ORG-1205"",""ORG-1441"",""ORG-1442"",""ORG-2062"",""ORG-2187""]"
13827,10.1186/ar578,6,"[""ORG-0188"",""ORG-0581"",""ORG-0943"",""ORG-1846"",""ORG-1896"",""ORG-1934""]"
13828,10.1007/s13365-012-0124-z,5,"[""ORG-0694"",""ORG-1228"",""ORG-1867"",""ORG-2120"",""ORG-2189""]"
13831,10.1128/JVI.03497-13,1,"[""ORG-2140""]"
13833,10.1186/1742-4933-7-7,1,"[""ORG-1797""]"
13839,10.1371/journal.pone.0209379,3,"[""ORG-0808"",""ORG-1696"",""ORG-1917""]"
13843,10.1158/1541-7786.MCR-18-0504,5,"[""ORG-1719"",""ORG-1744"",""ORG-1934"",""ORG-1986"",""ORG-2171""]"
13846,10.1016/j.jaci.2010.04.026,3,"[""ORG-0895"",""ORG-1361"",""ORG-1846""]"
13851,10.1186/1471-2458-10-333,2,"[""ORG-2120"",""ORG-2189""]"
13852,10.1371/journal.ppat.1003896,7,"[""ORG-0312"",""ORG-1361"",""ORG-1866"",""ORG-1921"",""ORG-2120"",""ORG-2189"",""ORG-2260""]"
13855,10.1038/mtna.2013.75,5,"[""ORG-0678"",""ORG-0854"",""ORG-1243"",""ORG-2140"",""ORG-2141""]"
13861,10.1097/TXD.0000000000000850,3,"[""ORG-0795"",""ORG-0860"",""ORG-1910""]"
13876,10.1016/j.neulet.2012.08.003,1,"[""ORG-1908""]"
13886,10.1371/journal.pbio.1001376,7,"[""ORG-0267"",""ORG-0571"",""ORG-1023"",""ORG-1087"",""ORG-1744"",""ORG-2193"",""ORG-2260""]"
13887,10.1016/j.antiviral.2014.01.018,7,"[""ORG-0520"",""ORG-0529"",""ORG-1493"",""ORG-1638"",""ORG-1848"",""ORG-1905"",""ORG-2141""]"
13894,10.1002/emmm.201000075,5,"[""ORG-0302"",""ORG-0825"",""ORG-1806"",""ORG-1921"",""ORG-1931""]"
13897,10.1371/journal.ppat.1000940,8,"[""ORG-0015"",""ORG-0527"",""ORG-0897"",""ORG-1747"",""ORG-1834"",""ORG-2140"",""ORG-2147"",""ORG-2159""]"
13900,10.1016/j.chom.2012.06.008,7,"[""ORG-0315"",""ORG-0808"",""ORG-1047"",""ORG-1305"",""ORG-1641"",""ORG-1834"",""ORG-2147""]"
13904,10.7554/eLife.38667,2,"[""ORG-0792"",""ORG-1215""]"
13911,10.1186/1742-2094-11-19,3,"[""ORG-0360"",""ORG-2120"",""ORG-2189""]"
13915,10.3389/fimmu.2018.02803,5,"[""ORG-0303"",""ORG-0860"",""ORG-1464"",""ORG-1861"",""ORG-2147""]"
13917,10.1007/s12033-013-9730-0,5,"[""ORG-0978"",""ORG-1238"",""ORG-2120"",""ORG-2160"",""ORG-2331""]"
13919,10.1186/s12885-018-5192-x,1,"[""ORG-1896""]"
13933,10.3892/or.2018.6935,3,"[""ORG-0899"",""ORG-0902"",""ORG-1103""]"
13940,10.1083/jcb.201109105,7,"[""ORG-0339"",""ORG-0678"",""ORG-0728"",""ORG-1368"",""ORG-1484"",""ORG-1527"",""ORG-1851""]"
13947,10.1016/j.spen.2012.02.005,3,"[""ORG-0854"",""ORG-1809"",""ORG-2189""]"
13949,10.1186/1743-422X-9-160,2,"[""ORG-0302"",""ORG-1248""]"
13963,10.1038/nature11378,3,"[""ORG-0808"",""ORG-1583"",""ORG-1585""]"
13964,10.3390/v10120693,11,"[""ORG-0012"",""ORG-0302"",""ORG-0310"",""ORG-0399"",""ORG-0772"",""ORG-0858"",""ORG-0963"",""ORG-1245"",""ORG-1696"",""ORG-1803"",""ORG-2160""]"
13969,10.4021/gr2010.05.206w,3,"[""ORG-0124"",""ORG-0869"",""ORG-1956""]"
13998,10.1186/s13027-018-0213-6,2,"[""ORG-0861"",""ORG-1802""]"
14001,10.5415/apallergy.2012.2.3.203,2,"[""ORG-0124"",""ORG-0302""]"
14003,10.1371/journal.ppat.1003847,9,"[""ORG-0728"",""ORG-1039"",""ORG-1232"",""ORG-1325"",""ORG-1418"",""ORG-1607"",""ORG-1934"",""ORG-1956"",""ORG-2141""]"
14005,10.1371/journal.pone.0042193,3,"[""ORG-1418"",""ORG-1834"",""ORG-2156""]"
14013,10.1111/ajt.15216,1,"[""ORG-0527""]"
14016,10.12659/MSM.889876,3,"[""ORG-0943"",""ORG-1089"",""ORG-1286""]"
14019,10.1002/hed.25450,1,"[""ORG-1896""]"
14020,10.1016/j.exger.2014.01.010,2,"[""ORG-0302"",""ORG-0899""]"
14024,10.1080/2162402X.2018.1514921,1,"[""ORG-1862""]"
14027,10.3390/v10120704,3,"[""ORG-0317"",""ORG-0772"",""ORG-0858""]"
14034,10.1016/j.coviro.2012.07.001,1,"[""ORG-1834""]"
14036,10.1038/bmt.2010.114,2,"[""ORG-0559"",""ORG-1089""]"
14039,10.1007/s10875-018-0575-y,3,"[""ORG-0243"",""ORG-0694"",""ORG-0895""]"
14042,10.1016/j.ophtha.2012.05.044,2,"[""ORG-1368"",""ORG-1862""]"
14047,10.3390/v4071116,3,"[""ORG-0302"",""ORG-0399"",""ORG-1811""]"
14050,10.1080/2162402X.2018.1511506,2,"[""ORG-1934"",""ORG-2057""]"
14053,10.1093/ije/dyt267,2,"[""ORG-1505"",""ORG-1846""]"
14067,10.1371/journal.pone.0042072,3,"[""ORG-1095"",""ORG-1361"",""ORG-2036""]"
14080,10.1002/cam4.178,2,"[""ORG-0861"",""ORG-2156""]"
14085,10.1007/s12325-018-0850-6,2,"[""ORG-0897"",""ORG-1981""]"
14086,10.1007/s00702-013-1152-4,2,"[""ORG-1814"",""ORG-1856""]"
14088,10.1038/gt.2013.75,2,"[""ORG-0666"",""ORG-1934""]"
14090,10.18632/oncotarget.26321,6,"[""ORG-0943"",""ORG-1035"",""ORG-1039"",""ORG-1095"",""ORG-1361"",""ORG-1607""]"
14094,10.1371/journal.pone.0208333,5,"[""ORG-0244"",""ORG-0311"",""ORG-0571"",""ORG-1241"",""ORG-1242""]"
14102,10.1038/nn.3161,4,"[""ORG-0228"",""ORG-0229"",""ORG-0360"",""ORG-0421""]"
14105,10.1016/S1473-3099(18)30545-0,2,"[""ORG-0943"",""ORG-1851""]"
14106,10.1099/vir.0.018994-0,3,"[""ORG-0312"",""ORG-0317"",""ORG-0858""]"
14107,10.1002/art.34642,6,"[""ORG-0093"",""ORG-0728"",""ORG-1361"",""ORG-1527"",""ORG-1593"",""ORG-1846""]"
14108,10.1007/s00595-013-0808-x,1,"[""ORG-0302""]"
14114,10.1371/journal.ppat.1007464,4,"[""ORG-0529"",""ORG-1897"",""ORG-2260"",""ORG-2306""]"
14115,10.4081/mi.2012.e10,4,"[""ORG-0188"",""ORG-0385"",""ORG-1833"",""ORG-1948""]"
14121,10.1007/s11255-012-0231-z,5,"[""ORG-0809"",""ORG-1089"",""ORG-1221"",""ORG-1667"",""ORG-1881""]"
14127,10.1038/modpathol.2013.178,4,"[""ORG-1421"",""ORG-1934"",""ORG-1956"",""ORG-2058""]"
14131,10.2174/157339510790231833,5,"[""ORG-0897"",""ORG-0946"",""ORG-0963"",""ORG-1286"",""ORG-1859""]"
14132,10.1080/13102818.2014.901667,7,"[""ORG-0187"",""ORG-0503"",""ORG-0559"",""ORG-0773"",""ORG-0897"",""ORG-1844"",""ORG-2163""]"
14139,10.4103/jehp.jehp_55_18,3,"[""ORG-0385"",""ORG-1881"",""ORG-1956""]"
14142,10.4161/mco.29910,2,"[""ORG-0773"",""ORG-2159""]"
14147,10.4103/idoj.IDOJ_107_18,6,"[""ORG-0363"",""ORG-0963"",""ORG-1089"",""ORG-1905"",""ORG-2120"",""ORG-2189""]"
14150,10.1371/journal.pone.0010510,5,"[""ORG-1505"",""ORG-1798"",""ORG-1856"",""ORG-2193"",""ORG-2306""]"
14152,10.1016/j.nucmedbio.2012.06.008,4,"[""ORG-0623"",""ORG-0855"",""ORG-1849"",""ORG-1850""]"
14155,10.1186/1756-0500-5-364,2,"[""ORG-1857"",""ORG-2141""]"
14158,10.1038/mtm.2014.53,3,"[""ORG-0310"",""ORG-0941"",""ORG-1949""]"
14159,10.1038/mtm.2014.14,2,"[""ORG-0046"",""ORG-0047""]"
14176,10.1177/0300985810369905,5,"[""ORG-0188"",""ORG-0814"",""ORG-1245"",""ORG-1803"",""ORG-1956""]"
14179,10.3389/fcell.2018.00155,5,"[""ORG-0560"",""ORG-0825"",""ORG-0854"",""ORG-0861"",""ORG-0880""]"
14188,10.1155/2012/379845,3,"[""ORG-0399"",""ORG-1089"",""ORG-1402""]"
14189,10.5858/arpa.2018-0405-SA,1,"[""ORG-0207""]"
14195,10.1371/journal.pone.0040415,2,"[""ORG-0596"",""ORG-1179""]"
14196,10.1371/journal.pone.0039986,4,"[""ORG-0897"",""ORG-1361"",""ORG-1638"",""ORG-1831""]"
14199,10.1186/1750-9378-7-16,10,"[""ORG-0268"",""ORG-0319"",""ORG-0545"",""ORG-1169"",""ORG-1253"",""ORG-1834"",""ORG-1874"",""ORG-1900"",""ORG-2156"",""ORG-2171""]"
14214,10.1128/mSphere.00478-18,5,"[""ORG-0529"",""ORG-0585"",""ORG-1844"",""ORG-2140"",""ORG-2306""]"
14216,10.1053/j.sempedsurg.2012.05.003,1,"[""ORG-2161""]"
14223,10.1086/652869,3,"[""ORG-1035"",""ORG-1039"",""ORG-1607""]"
14229,10.1111/jcmm.14057,2,"[""ORG-1243"",""ORG-2156""]"
14233,10.1016/j.molimm.2018.09.027,6,"[""ORG-0319"",""ORG-0895"",""ORG-0897"",""ORG-0987"",""ORG-1215"",""ORG-1866""]"
14234,10.1016/j.wneu.2018.11.122,1,"[""ORG-1286""]"
14239,10.1002/ijc.28670,3,"[""ORG-0015"",""ORG-0897"",""ORG-1890""]"
14245,10.1038/s41467-018-07308-5,2,"[""ORG-0527"",""ORG-2260""]"
14248,10.1016/j.vaccine.2018.11.038,2,"[""ORG-1910"",""ORG-1981""]"
14253,10.1016/j.bbmt.2018.11.012,2,"[""ORG-1674"",""ORG-1856""]"
14261,10.1111/j.1365-2796.2010.02220.x,3,"[""ORG-0772"",""ORG-0858"",""ORG-1927""]"
14264,10.1016/j.cels.2018.10.010,5,"[""ORG-0854"",""ORG-1847"",""ORG-1887"",""ORG-2147"",""ORG-2306""]"
14276,10.3390/v10110656,3,"[""ORG-0860"",""ORG-1949"",""ORG-2147""]"
14280,10.1186/1752-1947-6-191,1,"[""ORG-1890""]"
14285,10.1101/gad.319475.118,3,"[""ORG-0728"",""ORG-0895"",""ORG-0897""]"
14288,10.1371/journal.pone.0206163,2,"[""ORG-0860"",""ORG-0943""]"
14294,10.7150/thno.3371,6,"[""ORG-0606"",""ORG-0855"",""ORG-1085"",""ORG-1817"",""ORG-1827"",""ORG-1934""]"
14299,10.1038/s41598-018-34710-2,2,"[""ORG-0869"",""ORG-1232""]"
14303,10.1016/S0168-1656(00)00314-X,6,"[""ORG-1019"",""ORG-1179"",""ORG-1432"",""ORG-1511"",""ORG-1831"",""ORG-1936""]"
14325,10.1099/vir.0.021931-0,4,"[""ORG-0299"",""ORG-0772"",""ORG-0858"",""ORG-1215""]"
14327,10.1158/1078-0432.CCR-18-1625,1,"[""ORG-1897""]"
14328,10.1016/j.expneurol.2012.06.016,5,"[""ORG-0360"",""ORG-1844"",""ORG-1936"",""ORG-2120"",""ORG-2189""]"
14331,10.1037/a0028595,1,"[""ORG-1981""]"
14337,10.1186/s12974-018-1360-9,9,"[""ORG-0317"",""ORG-0898"",""ORG-0900"",""ORG-0902"",""ORG-0988"",""ORG-1797"",""ORG-1812"",""ORG-2120"",""ORG-2189""]"
14345,10.1371/journal.pone.0010126,4,"[""ORG-0339"",""ORG-0520"",""ORG-0808"",""ORG-1421""]"
14347,10.1111/mve.12344,4,"[""ORG-1000"",""ORG-1334"",""ORG-1439"",""ORG-2193""]"
14349,10.12998/wjcc.v6.i13.659,3,"[""ORG-1931"",""ORG-2120"",""ORG-2189""]"
14355,10.12659/MSM.883198,2,"[""ORG-0457"",""ORG-2260""]"
14364,10.1099/jmmcr.0.005139,1,"[""ORG-1361""]"
14370,10.1038/s41564-018-0285-5,3,"[""ORG-0243"",""ORG-0487"",""ORG-1019""]"
14375,10.1186/s12985-018-1087-3,1,"[""ORG-0882""]"
14379,10.4084/MJHID.2018.061,6,"[""ORG-0085"",""ORG-0795"",""ORG-0825"",""ORG-0860"",""ORG-1653"",""ORG-1667""]"
14390,10.1097/MD.0000000000012825,1,"[""ORG-1896""]"
14392,10.1111/xen.12469,3,"[""ORG-1391"",""ORG-1910"",""ORG-2303""]"
14394,10.4161/onci.1.1.18400,2,"[""ORG-0619"",""ORG-1848""]"
14395,10.1007/s00280-010-1318-9,2,"[""ORG-0763"",""ORG-1368""]"
14397,10.1371/journal.pone.0038776,2,"[""ORG-0312"",""ORG-2060""]"
14402,10.1186/s12985-018-1088-2,2,"[""ORG-1245"",""ORG-1902""]"
14404,10.1186/s12964-018-0281-7,3,"[""ORG-0317"",""ORG-0571"",""ORG-0833""]"
14415,10.1038/s41467-018-06889-5,1,"[""ORG-1867""]"
14417,10.1016/j.virol.2010.03.014,5,"[""ORG-0265"",""ORG-0895"",""ORG-0904"",""ORG-0942"",""ORG-1797""]"
14422,10.1093/nar/gkq228,3,"[""ORG-1253"",""ORG-1638"",""ORG-1798""]"
14427,10.1038/s41598-018-34760-6,5,"[""ORG-1135"",""ORG-1485"",""ORG-1522"",""ORG-1890"",""ORG-2163""]"
14429,10.1016/j.ijscr.2018.10.053,2,"[""ORG-1089"",""ORG-1897""]"
14431,10.4103/0019-5154.96209,1,"[""ORG-2193""]"
14433,10.1016/j.jcyt.2018.08.001,3,"[""ORG-0194"",""ORG-0302"",""ORG-0897""]"
14434,10.1016/j.jaut.2018.10.025,3,"[""ORG-0897"",""ORG-1364"",""ORG-1527""]"
14435,10.1371/journal.ppat.1007394,4,"[""ORG-0527"",""ORG-0753"",""ORG-1087"",""ORG-2171""]"
14441,10.1186/ar2974,4,"[""ORG-0048"",""ORG-0902"",""ORG-1143"",""ORG-1974""]"
14444,10.1007/s13148-011-0026-6,6,"[""ORG-0987"",""ORG-1586"",""ORG-1607"",""ORG-1866"",""ORG-2057"",""ORG-2147""]"
14445,10.1007/82_2010_27,5,"[""ORG-0421"",""ORG-2120"",""ORG-2141"",""ORG-2189"",""ORG-2260""]"
14446,10.2217/fvl.12.22,3,"[""ORG-0319"",""ORG-0385"",""ORG-0854""]"
14448,10.1155/2012/607276,7,"[""ORG-0124"",""ORG-0772"",""ORG-0833"",""ORG-0858"",""ORG-1215"",""ORG-1866"",""ORG-2160""]"
14457,10.3389/fimmu.2018.02397,3,"[""ORG-1641"",""ORG-1877"",""ORG-2306""]"
14458,10.1186/1743-422X-9-114,9,"[""ORG-0317"",""ORG-0332"",""ORG-0416"",""ORG-0503"",""ORG-0895"",""ORG-1905"",""ORG-1921"",""ORG-1986"",""ORG-2140""]"
14464,10.1371/journal.pone.0037052,1,"[""ORG-0895""]"
14468,10.1136/thoraxjnl-2018-212345,5,"[""ORG-0243"",""ORG-0962"",""ORG-1215"",""ORG-1949"",""ORG-1986""]"
14469,10.3346/jkms.2010.25.4.630,1,"[""ORG-1934""]"
14474,10.4049/jimmunol.0902938,3,"[""ORG-0302"",""ORG-1039"",""ORG-1607""]"
14478,10.1186/1746-1596-5-21,2,"[""ORG-0527"",""ORG-0529""]"
14481,10.4103/0976-237X.68588,1,"[""ORG-2120""]"
14487,10.1186/1297-9716-43-51,4,"[""ORG-1089"",""ORG-1738"",""ORG-1862"",""ORG-1872""]"
14494,10.1177/0300985810363704,1,"[""ORG-0963""]"
14502,10.4049/jimmunol.1000050,2,"[""ORG-2115"",""ORG-2159""]"
14504,10.1186/1743-422X-9-107,2,"[""ORG-0527"",""ORG-1039""]"
14507,10.1016/j.dib.2018.09.099,3,"[""ORG-0046"",""ORG-1585"",""ORG-1844""]"
14510,10.1155/2018/1269340,2,"[""ORG-2120"",""ORG-2189""]"
14511,10.1186/1750-9378-5-6,5,"[""ORG-0825"",""ORG-1039"",""ORG-1361"",""ORG-1931"",""ORG-1970""]"
14516,10.3109/13550281003682547,2,"[""ORG-2120"",""ORG-2189""]"
14517,10.1084/jem.20011692,2,"[""ORG-1897"",""ORG-2260""]"
14520,10.3389/fimmu.2018.02198,6,"[""ORG-0300"",""ORG-0989"",""ORG-1334"",""ORG-2135"",""ORG-2156"",""ORG-2260""]"
14537,10.1007/s11357-012-9425-7,6,"[""ORG-0736"",""ORG-0858"",""ORG-0895"",""ORG-0898"",""ORG-1095"",""ORG-1896""]"
14539,10.1038/s41417-018-0051-0,1,"[""ORG-1905""]"
14545,10.1186/1752-1947-6-141,4,"[""ORG-1253"",""ORG-1826"",""ORG-1867"",""ORG-1958""]"
14549,10.14740/gr1068w,2,"[""ORG-0906"",""ORG-1364""]"
14550,10.1100/2012/820621,2,"[""ORG-1856"",""ORG-1910""]"
14553,10.1016/j.bbmt.2018.10.011,1,"[""ORG-0858""]"
14559,10.3390/brainsci8100188,1,"[""ORG-0581""]"
14560,10.1016/j.aju.2012.02.004,3,"[""ORG-1896"",""ORG-1910"",""ORG-1948""]"
14567,10.1038/s41598-018-33500-0,3,"[""ORG-0214"",""ORG-1047"",""ORG-2037""]"
14569,10.1038/s41598-018-33758-4,3,"[""ORG-0518"",""ORG-0529"",""ORG-2159""]"
14570,10.1371/journal.pone.0009681,3,"[""ORG-0124"",""ORG-1243"",""ORG-1897""]"
14574,10.3390/v10100567,6,"[""ORG-0772"",""ORG-0858"",""ORG-1485"",""ORG-1890"",""ORG-2193"",""ORG-2306""]"
14578,10.1093/cid/ciy706,3,"[""ORG-1368"",""ORG-1897"",""ORG-1986""]"
14580,10.1177/0300060518804375,2,"[""ORG-1215"",""ORG-1798""]"
14584,10.1158/1078-0432.CCR-09-2424,3,"[""ORG-0518"",""ORG-0527"",""ORG-1361""]"
14591,10.1073/pnas.1811974115,2,"[""ORG-0302"",""ORG-1856""]"
14597,10.3892/ijmm.2018.3929,7,"[""ORG-0188"",""ORG-0267"",""ORG-0899"",""ORG-0902"",""ORG-1464"",""ORG-1483"",""ORG-1714""]"
14599,10.1371/journal.pone.0037773,7,"[""ORG-0020"",""ORG-0022"",""ORG-0046"",""ORG-0801"",""ORG-0898"",""ORG-1089"",""ORG-1936""]"
14604,10.1101/gr.138511.112,4,"[""ORG-0317"",""ORG-0728"",""ORG-1330"",""ORG-1846""]"
14605,10.1016/j.bbrc.2010.03.047,6,"[""ORG-0623"",""ORG-0636"",""ORG-1534"",""ORG-1583"",""ORG-1618"",""ORG-1844""]"
14607,10.3389/fimmu.2018.02147,5,"[""ORG-0243"",""ORG-1798"",""ORG-1862"",""ORG-1896"",""ORG-2158""]"
14609,10.3389/fimmu.2018.02099,3,"[""ORG-0503"",""ORG-1241"",""ORG-1586""]"
14611,10.1002/ana.21886,4,"[""ORG-0520"",""ORG-0772"",""ORG-0970"",""ORG-2155""]"
14614,10.1007/82_2010_10,8,"[""ORG-0522"",""ORG-0623"",""ORG-0917"",""ORG-1511"",""ORG-2105"",""ORG-2120"",""ORG-2140"",""ORG-2189""]"
14617,10.1016/j.jtos.2018.10.002,2,"[""ORG-1948"",""ORG-1986""]"
14618,10.1007/s10552-018-1090-4,3,"[""ORG-0860"",""ORG-1368"",""ORG-2156""]"
14619,10.22203/eCM.v036a12,4,"[""ORG-0310"",""ORG-0317"",""ORG-1441"",""ORG-1983""]"
14620,10.1111/j.1600-0684.2012.00541.x,2,"[""ORG-0772"",""ORG-0858""]"
14621,10.1371/journal.ppat.1000798,8,"[""ORG-0015"",""ORG-0833"",""ORG-0900"",""ORG-1095"",""ORG-1137"",""ORG-1958"",""ORG-2114"",""ORG-2248""]"
14622,10.1159/000337339,4,"[""ORG-0938"",""ORG-0943"",""ORG-1902"",""ORG-1934""]"
14625,10.1590/S0100-879X2012007500086,2,"[""ORG-0858"",""ORG-1169""]"
14626,10.1038/s41598-018-33042-5,6,"[""ORG-0362"",""ORG-0379"",""ORG-0809"",""ORG-0825"",""ORG-0861"",""ORG-1057""]"
14631,10.1371/journal.pone.0037187,2,"[""ORG-0796"",""ORG-1775""]"
14643,10.1002/jcb.22524,6,"[""ORG-0691"",""ORG-1039"",""ORG-1454"",""ORG-1462"",""ORG-1607"",""ORG-2167""]"
14645,10.1186/s12935-018-0644-6,6,"[""ORG-0506"",""ORG-0527"",""ORG-0801"",""ORG-1182"",""ORG-1215"",""ORG-1949""]"
14646,10.1016/j.jim.2010.02.015,6,"[""ORG-0545"",""ORG-0860"",""ORG-0893"",""ORG-1039"",""ORG-1044"",""ORG-1607""]"
14648,10.4103/0301-4738.97086,1,"[""ORG-1361""]"
14650,10.1371/journal.pone.0009459,4,"[""ORG-0559"",""ORG-1020"",""ORG-1095"",""ORG-1848""]"
14652,10.1016/j.antiviral.2012.05.003,1,"[""ORG-0527""]"
14653,10.4049/jimmunol.0902935,1,"[""ORG-0302""]"
14658,10.1371/journal.pone.0036531,4,"[""ORG-1057"",""ORG-1361"",""ORG-1829"",""ORG-1867""]"
14669,10.1186/1757-1626-3-75,1,"[""ORG-1859""]"
14671,10.1155/2012/728480,2,"[""ORG-0852"",""ORG-0854""]"
14674,10.1096/fj.11-200618,3,"[""ORG-0302"",""ORG-1711"",""ORG-2115""]"
14675,10.3233/ADR-170037,3,"[""ORG-0015"",""ORG-0974"",""ORG-2159""]"
14677,10.1097/QAD.0000000000002002,3,"[""ORG-0545"",""ORG-1368"",""ORG-1856""]"
14686,10.1016/j.curtheres.2017.10.003,5,"[""ORG-0214"",""ORG-1779"",""ORG-1844"",""ORG-1990"",""ORG-2172""]"
14691,10.1371/journal.ppat.1002697,5,"[""ORG-0317"",""ORG-0319"",""ORG-0529"",""ORG-0860"",""ORG-1368""]"
14697,10.1038/s41698-017-0018-x,4,"[""ORG-0528"",""ORG-1253"",""ORG-2157"",""ORG-2158""]"
14708,10.1186/1743-422X-9-92,3,"[""ORG-0086"",""ORG-0795"",""ORG-0860""]"
14710,10.18632/oncotarget.23586,3,"[""ORG-0897"",""ORG-1844"",""ORG-1989""]"
14711,10.1038/ni.1849,2,"[""ORG-1215"",""ORG-1897""]"
14715,10.1016/j.vaccine.2010.02.051,7,"[""ORG-0399"",""ORG-1218"",""ORG-1221"",""ORG-1231"",""ORG-1803"",""ORG-1815"",""ORG-1900""]"
14716,10.4049/jimmunol.1100218,8,"[""ORG-0313"",""ORG-0316"",""ORG-0854"",""ORG-0895"",""ORG-0898"",""ORG-1215"",""ORG-1897"",""ORG-1949""]"
14721,10.1093/ofid/ofx029,1,"[""ORG-1221""]"
14724,10.3390/v10100529,3,"[""ORG-0317"",""ORG-0623"",""ORG-1866""]"
14725,10.1007/82_2009_2,6,"[""ORG-0511"",""ORG-0854"",""ORG-1831"",""ORG-1917"",""ORG-2120"",""ORG-2189""]"
14728,10.1155/2017/7349268,4,"[""ORG-0012"",""ORG-0527"",""ORG-0528"",""ORG-1931""]"
14745,10.4103/meajo.MEAJO_230_15,1,"[""ORG-1798""]"
14748,10.18632/oncotarget.23456,4,"[""ORG-0583"",""ORG-1039"",""ORG-1044"",""ORG-1607""]"
14757,10.3389/fimmu.2017.01978,2,"[""ORG-0527"",""ORG-1797""]"
14758,10.1186/1752-1505-4-4,1,"[""ORG-2120""]"
14759,10.3390/ijerph15102128,2,"[""ORG-1480"",""ORG-1948""]"
14768,10.3389/fimmu.2017.02005,4,"[""ORG-0243"",""ORG-0694"",""ORG-1844"",""ORG-1931""]"
14769,10.3389/fimmu.2017.01993,5,"[""ORG-0559"",""ORG-0906"",""ORG-1095"",""ORG-1798"",""ORG-1841""]"
14771,10.3389/fimmu.2017.01976,5,"[""ORG-0772"",""ORG-0858"",""ORG-0897"",""ORG-0899"",""ORG-1215""]"
14774,10.1212/NXI.0000000000000498,7,"[""ORG-0763"",""ORG-1089"",""ORG-1351"",""ORG-1368"",""ORG-1910"",""ORG-2120"",""ORG-2189""]"
14775,10.5021/ad.2018.30.1.71,2,"[""ORG-0302"",""ORG-1831""]"
14777,10.3389/fcimb.2018.00312,3,"[""ORG-0385"",""ORG-0895"",""ORG-0897""]"
14778,10.1186/s12979-018-0130-y,3,"[""ORG-0946"",""ORG-1857"",""ORG-1866""]"
14780,10.3389/fmicb.2018.01954,5,"[""ORG-0683"",""ORG-1068"",""ORG-1205"",""ORG-1843"",""ORG-1844""]"
14781,10.1212/NXI.0000000000000406,3,"[""ORG-0869"",""ORG-2120"",""ORG-2189""]"
14788,10.1002/ccr3.1301,2,"[""ORG-0527"",""ORG-1890""]"
14793,10.3389/fimmu.2017.01953,8,"[""ORG-0015"",""ORG-0302"",""ORG-0772"",""ORG-0858"",""ORG-1089"",""ORG-1856"",""ORG-1862"",""ORG-2160""]"
14806,10.1371/journal.ppat.1000777,9,"[""ORG-0036"",""ORG-0542"",""ORG-0691"",""ORG-0905"",""ORG-1039"",""ORG-1607"",""ORG-1797"",""ORG-1913"",""ORG-2141""]"
14818,10.1038/s41467-018-06349-0,9,"[""ORG-0506"",""ORG-0683"",""ORG-0772"",""ORG-0858"",""ORG-0861"",""ORG-1421"",""ORG-1603"",""ORG-2120"",""ORG-2189""]"
14820,10.12659/AOT.909941,1,"[""ORG-1844""]"
14821,10.18632/oncotarget.22901,6,"[""ORG-0385"",""ORG-0429"",""ORG-0431"",""ORG-0700"",""ORG-1315"",""ORG-1948""]"
14829,10.1155/2012/187585,4,"[""ORG-0319"",""ORG-0854"",""ORG-1849"",""ORG-1850""]"
14830,10.2147/TCRM.S138677,4,"[""ORG-0897"",""ORG-0988"",""ORG-1215"",""ORG-1603""]"
14835,10.3389/fimmu.2017.01893,1,"[""ORG-1921""]"
14836,10.1099/vir.0.020313-0,4,"[""ORG-0772"",""ORG-0858"",""ORG-0904"",""ORG-1464""]"
14845,10.3389/fmicb.2017.02565,4,"[""ORG-0510"",""ORG-0854"",""ORG-1246"",""ORG-2163""]"
14853,10.1080/14760584.2018.1526085,2,"[""ORG-1667"",""ORG-1986""]"
14869,10.18632/oncotarget.22219,2,"[""ORG-1921"",""ORG-1986""]"
14879,10.1097/DAD.0b013e3182539eee,1,"[""ORG-0598""]"
14883,10.4049/jimmunol.1700886,2,"[""ORG-1797"",""ORG-1934""]"
14891,10.1038/bjc.2012.148,1,"[""ORG-0951""]"
14896,10.22034/APJCP.2017.18.12.3319,3,"[""ORG-0701"",""ORG-0858"",""ORG-0963""]"
14899,10.1038/s41514-017-0020-0,1,"[""ORG-0581""]"
14901,10.2147/DDDT.S172538,3,"[""ORG-0527"",""ORG-1834"",""ORG-1986""]"
14903,10.18632/oncotarget.22522,2,"[""ORG-0377"",""ORG-1900""]"
14908,10.3390/v10090508,6,"[""ORG-0302"",""ORG-0736"",""ORG-0772"",""ORG-0858"",""ORG-1921"",""ORG-2260""]"
14912,10.1371/journal.ppat.1006813,5,"[""ORG-0854"",""ORG-0855"",""ORG-1286"",""ORG-1321"",""ORG-1952""]"
14918,10.1371/journal.pmed.1002475,11,"[""ORG-0421"",""ORG-0808"",""ORG-0963"",""ORG-1221"",""ORG-1368"",""ORG-1421"",""ORG-1857"",""ORG-1896"",""ORG-1910"",""ORG-1927"",""ORG-2108""]"
14926,10.1038/ni.2282,2,"[""ORG-0302"",""ORG-2306""]"
14930,10.1038/s41598-018-32299-0,2,"[""ORG-0897"",""ORG-1934""]"
14931,10.1016/j.vaccine.2017.12.037,8,"[""ORG-0012"",""ORG-0207"",""ORG-0602"",""ORG-1427"",""ORG-1428"",""ORG-1797"",""ORG-1936"",""ORG-1986""]"
14938,10.3389/fimmu.2017.01709,2,"[""ORG-1738"",""ORG-1986""]"
14942,10.1016/j.wneu.2017.12.087,3,"[""ORG-1849"",""ORG-1850"",""ORG-1948""]"
14944,10.1007/s40121-017-0182-x,6,"[""ORG-0302"",""ORG-0545"",""ORG-0938"",""ORG-1631"",""ORG-2120"",""ORG-2189""]"
14947,10.1002/prot.24097,6,"[""ORG-1039"",""ORG-1327"",""ORG-1454"",""ORG-1559"",""ORG-1607"",""ORG-1897""]"
14948,10.3892/ol.2018.9216,1,"[""ORG-0545""]"
14956,10.1097/MD.0000000000012198,4,"[""ORG-1485"",""ORG-1826"",""ORG-1844"",""ORG-2159""]"
14957,10.1590/abd1806-4841.20175564,5,"[""ORG-0736"",""ORG-0795"",""ORG-2040"",""ORG-2057"",""ORG-2193""]"
14959,10.1371/journal.pone.0189921,2,"[""ORG-1361"",""ORG-2040""]"
14969,10.1371/journal.ppat.1007253,6,"[""ORG-0267"",""ORG-1039"",""ORG-1040"",""ORG-1044"",""ORG-2156"",""ORG-2260""]"
14971,10.1097/GRF.0b013e3182510b7b,1,"[""ORG-1934""]"
14975,10.1371/journal.pone.0034306,3,"[""ORG-0188"",""ORG-0191"",""ORG-1866""]"
14978,10.1097/TP.0000000000002450,3,"[""ORG-0619"",""ORG-0943"",""ORG-1215""]"
14982,10.1212/NXI.0000000000000500,5,"[""ORG-0360"",""ORG-0897"",""ORG-0946"",""ORG-2120"",""ORG-2189""]"
14983,10.3389/fmed.2018.00236,3,"[""ORG-0963"",""ORG-1897"",""ORG-1934""]"
14987,10.1038/s41598-017-18195-z,4,"[""ORG-0244"",""ORG-0317"",""ORG-0319"",""ORG-1932""]"
14990,10.1038/s41598-017-18132-0,3,"[""ORG-0895"",""ORG-0951"",""ORG-1364""]"
14996,10.1186/1471-2431-2-1,2,"[""ORG-0860"",""ORG-0963""]"
15000,10.1186/s12944-018-0855-9,1,"[""ORG-0773""]"
15001,10.3892/mmr.2017.8252,3,"[""ORG-0014"",""ORG-0899"",""ORG-1483""]"
15002,10.1186/s12881-018-0673-y,1,"[""ORG-1233""]"
15004,10.3390/ijms18122752,4,"[""ORG-0363"",""ORG-0963"",""ORG-0987"",""ORG-1896""]"
15009,10.1038/s41598-018-31936-y,3,"[""ORG-0243"",""ORG-1241"",""ORG-1809""]"
15022,10.1007/s40588-017-0072-8,4,"[""ORG-0511"",""ORG-1095"",""ORG-1238"",""ORG-1484""]"
15035,10.1186/s12879-017-2835-5,3,"[""ORG-0363"",""ORG-1137"",""ORG-1361""]"
15046,10.4049/jimmunol.1800110,4,"[""ORG-1464"",""ORG-1798"",""ORG-2159"",""ORG-2306""]"
15047,10.3324/haematol.2017.174177,2,"[""ORG-0963"",""ORG-1798""]"
15062,10.1128/JVI.00825-18,6,"[""ORG-0895"",""ORG-0897"",""ORG-0907"",""ORG-1566"",""ORG-1586"",""ORG-1841""]"
15076,10.3390/ijms19092618,3,"[""ORG-1215"",""ORG-1238"",""ORG-1856""]"
15079,10.21769/BioProtoc.2589,5,"[""ORG-0312"",""ORG-0772"",""ORG-0809"",""ORG-0858"",""ORG-2306""]"
15084,10.3389/fimmu.2017.01658,2,"[""ORG-0527"",""ORG-0529""]"
15089,10.1155/2012/651691,5,"[""ORG-0317"",""ORG-0795"",""ORG-0854"",""ORG-0860"",""ORG-1890""]"
15091,10.1016/j.canep.2018.08.005,6,"[""ORG-0666"",""ORG-1039"",""ORG-1238"",""ORG-1361"",""ORG-1607"",""ORG-1831""]"
15094,10.1177/0962280218796252,3,"[""ORG-0399"",""ORG-1138"",""ORG-1956""]"
15102,10.5045/kjh.2012.47.1.44,3,"[""ORG-0302"",""ORG-0308"",""ORG-1215""]"
15107,10.1016/j.tranon.2018.08.003,3,"[""ORG-0858"",""ORG-1221"",""ORG-1896""]"
15109,10.1371/journal.ppat.1006741,8,"[""ORG-0854"",""ORG-1243"",""ORG-1797"",""ORG-1798"",""ORG-1952"",""ORG-1986"",""ORG-2120"",""ORG-2170""]"
15114,10.1136/lupus-2017-000214,1,"[""ORG-0854""]"
15116,10.3389/fmicb.2017.02302,3,"[""ORG-1087"",""ORG-1495"",""ORG-1834""]"
15118,10.1093/infdis/jis278,3,"[""ORG-0795"",""ORG-0860"",""ORG-0963""]"
15119,10.1186/s12987-017-0082-1,2,"[""ORG-0188"",""ORG-1896""]"
15124,10.1007/s00335-018-9772-5,5,"[""ORG-0860"",""ORG-0897"",""ORG-1667"",""ORG-1952"",""ORG-2158""]"
15133,10.3390/v9120372,4,"[""ORG-0511"",""ORG-0559"",""ORG-1248"",""ORG-2147""]"
15138,10.1056/NEJMoa0904849,6,"[""ORG-0302"",""ORG-0825"",""ORG-0861"",""ORG-1368"",""ORG-1897"",""ORG-1910""]"
15145,10.1186/s13075-018-1695-8,5,"[""ORG-0020"",""ORG-0302"",""ORG-1095"",""ORG-1368"",""ORG-1910""]"
15148,10.4049/jimmunol.0902469,7,"[""ORG-0302"",""ORG-1286"",""ORG-1797"",""ORG-1908"",""ORG-1921"",""ORG-1927"",""ORG-1931""]"
15151,10.1155/2017/3263728,4,"[""ORG-0086"",""ORG-0795"",""ORG-0860"",""ORG-0963""]"
15153,10.1530/EDM-17-0142,2,"[""ORG-0015"",""ORG-2193""]"
15156,10.1007/978-1-4939-8799-3_17,6,"[""ORG-0020"",""ORG-0046"",""ORG-0082"",""ORG-1738"",""ORG-1934"",""ORG-1979""]"
15165,10.1097/PAS.0b013e3181cc7e79,2,"[""ORG-1330"",""ORG-1934""]"
15171,10.7554/eLife.38358,5,"[""ORG-0015"",""ORG-0191"",""ORG-1641"",""ORG-1844"",""ORG-1986""]"
15173,10.1038/ncb2019,3,"[""ORG-0951"",""ORG-1039"",""ORG-1607""]"
15183,10.3390/v10090457,7,"[""ORG-0455"",""ORG-0938"",""ORG-0962"",""ORG-0974"",""ORG-0990"",""ORG-1848"",""ORG-1948""]"
15184,10.3390/v9120367,5,"[""ORG-0860"",""ORG-1215"",""ORG-1797"",""ORG-1952"",""ORG-2170""]"
15186,10.1073/pnas.1811728115,4,"[""ORG-0529"",""ORG-1039"",""ORG-1585"",""ORG-1952""]"
15188,10.1002/mrm.27014,1,"[""ORG-1934""]"
15205,10.1371/journal.pone.0188172,7,"[""ORG-0777"",""ORG-1749"",""ORG-1846"",""ORG-1862"",""ORG-1868"",""ORG-1905"",""ORG-1944""]"
15208,10.3390/jcm6120111,6,"[""ORG-0421"",""ORG-0773"",""ORG-0795"",""ORG-0856"",""ORG-0860"",""ORG-1948""]"
15214,10.15585/mmwr.mm6733a1,1,"[""ORG-0304""]"
15217,10.1111/j.1399-3062.2009.00489.x,2,"[""ORG-0542"",""ORG-0989""]"
15220,10.1097/QAD.0b013e328353b83c,1,"[""ORG-1856""]"
15223,10.1111/petr.13084,2,"[""ORG-0860"",""ORG-1798""]"
15226,10.1186/1479-5876-10-57,3,"[""ORG-0581"",""ORG-0728"",""ORG-1903""]"
15228,10.1038/s41590-017-0005-y,10,"[""ORG-0015"",""ORG-0503"",""ORG-0510"",""ORG-0854"",""ORG-0880"",""ORG-0968"",""ORG-1232"",""ORG-1579"",""ORG-1585"",""ORG-1586""]"
15231,10.1186/1744-8069-8-17,1,"[""ORG-1802""]"
15232,10.1186/s12964-018-0261-y,2,"[""ORG-1361"",""ORG-2260""]"
15237,10.3390/v10090447,5,"[""ORG-0559"",""ORG-0772"",""ORG-0858"",""ORG-1811"",""ORG-2140""]"
15246,10.1590/S1678-77572012000100020,1,"[""ORG-2260""]"
15249,10.1186/1297-9716-43-21,3,"[""ORG-0899"",""ORG-1729"",""ORG-2164""]"
15251,10.1016/j.ajog.2009.11.018,2,"[""ORG-0858"",""ORG-0963""]"
15257,10.1007/s00251-018-1077-z,3,"[""ORG-0772"",""ORG-1881"",""ORG-1948""]"
15259,10.1038/s41590-018-0185-0,2,"[""ORG-0962"",""ORG-1986""]"
15264,10.3390/v10080444,5,"[""ORG-0511"",""ORG-0772"",""ORG-0858"",""ORG-2141"",""ORG-2163""]"
15265,10.1002/jmv.23267,2,"[""ORG-1368"",""ORG-2156""]"
15270,10.1155/2017/3724017,1,"[""ORG-1215""]"
15271,10.1038/pr.2011.58,3,"[""ORG-1112"",""ORG-1232"",""ORG-1797""]"
15277,10.1371/journal.pone.0033230,4,"[""ORG-0206"",""ORG-1221"",""ORG-1851"",""ORG-1881""]"
15279,10.3389/fmicb.2017.02143,7,"[""ORG-0860"",""ORG-0963"",""ORG-1215"",""ORG-1696"",""ORG-1798"",""ORG-1856"",""ORG-2161""]"
15282,10.1016/j.chom.2018.07.011,4,"[""ORG-0227"",""ORG-0772"",""ORG-0858"",""ORG-2140""]"
15283,10.3389/fmicb.2017.02115,6,"[""ORG-0036"",""ORG-0361"",""ORG-0854"",""ORG-1079"",""ORG-1286"",""ORG-2040""]"
15285,10.1097/QAD.0b013e3283365395,3,"[""ORG-1607"",""ORG-1798"",""ORG-2140""]"
15286,10.3389/fmicb.2017.02108,7,"[""ORG-0507"",""ORG-1122"",""ORG-1254"",""ORG-1286"",""ORG-1905"",""ORG-1948"",""ORG-2159""]"
15294,10.4103/0019-5154.48991,2,"[""ORG-1948"",""ORG-2120""]"
15297,10.1016/j.idcr.2017.10.008,1,"[""ORG-1330""]"
15306,10.1016/j.jaci.2017.10.032,5,"[""ORG-0302"",""ORG-0899"",""ORG-1464"",""ORG-2120"",""ORG-2189""]"
15311,10.3389/fonc.2018.00265,4,"[""ORG-0527"",""ORG-1439"",""ORG-1834"",""ORG-2156""]"
15317,10.1016/j.bmc.2012.02.031,6,"[""ORG-0772"",""ORG-0825"",""ORG-0854"",""ORG-0858"",""ORG-0861"",""ORG-2115""]"
15330,10.12659/AOT.905267,2,"[""ORG-0095"",""ORG-1095""]"
15334,10.1155/2007/57513,2,"[""ORG-0581"",""ORG-1846""]"
15338,10.1371/journal.pone.0033143,2,"[""ORG-0360"",""ORG-0869""]"
15341,10.1371/journal.ppat.1002577,5,"[""ORG-0772"",""ORG-0858"",""ORG-0963"",""ORG-1325"",""ORG-2306""]"
15354,10.1016/j.beha.2012.01.005,3,"[""ORG-0527"",""ORG-1112"",""ORG-1811""]"
15361,10.1038/s41385-018-0068-6,2,"[""ORG-2147"",""ORG-2260""]"
15366,10.4049/jimmunol.1100883,3,"[""ORG-0302"",""ORG-0801"",""ORG-1986""]"
15367,10.4084/MJHID.2010.022,8,"[""ORG-0207"",""ORG-0304"",""ORG-0773"",""ORG-1846"",""ORG-1921"",""ORG-1956"",""ORG-1958"",""ORG-2158""]"
15369,10.1016/j.clinthera.2018.07.006,3,"[""ORG-1286"",""ORG-2120"",""ORG-2170""]"
15381,10.1186/1743-422X-6-231,9,"[""ORG-0267"",""ORG-0521"",""ORG-0529"",""ORG-0773"",""ORG-0974"",""ORG-1600"",""ORG-1848"",""ORG-1866"",""ORG-2091""]"
15387,10.1128/mSphereDirect.00453-17,4,"[""ORG-0527"",""ORG-1087"",""ORG-1104"",""ORG-1205""]"
15393,10.1371/journal.ppat.1007232,8,"[""ORG-0267"",""ORG-1020"",""ORG-1039"",""ORG-1205"",""ORG-1607"",""ORG-1907"",""ORG-1956"",""ORG-1986""]"
15396,10.1007/s13365-012-0083-4,9,"[""ORG-0015"",""ORG-0308"",""ORG-1276"",""ORG-1798"",""ORG-1802"",""ORG-1831"",""ORG-2120"",""ORG-2189"",""ORG-2306""]"
15402,10.1371/journal.pone.0032624,5,"[""ORG-0036"",""ORG-0974"",""ORG-1087"",""ORG-1986"",""ORG-2273""]"
15407,10.1097/QAI.0b013e318251aedd,2,"[""ORG-0302"",""ORG-1047""]"
15413,10.2147/IJGM.S143335,2,"[""ORG-1089"",""ORG-1361""]"
15418,10.1371/journal.pone.0032767,2,"[""ORG-0363"",""ORG-0963""]"
15419,10.3389/fbioe.2018.00102,4,"[""ORG-0188"",""ORG-0596"",""ORG-1228"",""ORG-1923""]"
15433,10.3346/jkms.2007.22.6.957,4,"[""ORG-0806"",""ORG-0861"",""ORG-1286"",""ORG-1851""]"
15442,10.1038/s41590-018-0176-1,1,"[""ORG-1215""]"
15453,10.3390/vetsci5030070,1,"[""ORG-0897""]"
15457,10.1186/1478-811X-10-5,2,"[""ORG-0304"",""ORG-1023""]"
15461,10.1371/journal.ppat.1007209,11,"[""ORG-0302"",""ORG-0899"",""ORG-1089"",""ORG-1232"",""ORG-1603"",""ORG-1667"",""ORG-1848"",""ORG-1890"",""ORG-1897"",""ORG-1956"",""ORG-2298""]"
15463,10.3892/mmr.2017.7986,7,"[""ORG-0312"",""ORG-1243"",""ORG-1900"",""ORG-1905"",""ORG-2120"",""ORG-2147"",""ORG-2189""]"
15476,10.4103/JLP.JLP_7_18,6,"[""ORG-0363"",""ORG-0545"",""ORG-0854"",""ORG-0943"",""ORG-1896"",""ORG-1952""]"
15487,10.1371/journal.ppat.1006703,5,"[""ORG-0825"",""ORG-0943"",""ORG-1639"",""ORG-1641"",""ORG-2304""]"
15489,10.1016/j.virol.2017.10.017,3,"[""ORG-0015"",""ORG-1233"",""ORG-2304""]"
15490,10.1038/s41385-018-0041-4,2,"[""ORG-0571"",""ORG-1797""]"
15494,10.1016/S0140-6736(11)61750-9,3,"[""ORG-0545"",""ORG-1286"",""ORG-1897""]"
15499,10.1371/journal.ppat.1002455,6,"[""ORG-0265"",""ORG-0302"",""ORG-0559"",""ORG-1439"",""ORG-1773"",""ORG-1798""]"
15505,10.1016/j.brainres.2011.12.011,7,"[""ORG-0005"",""ORG-0781"",""ORG-0854"",""ORG-1089"",""ORG-1485"",""ORG-1890"",""ORG-1936""]"
15516,10.3961/jpmph.18.070,2,"[""ORG-0943"",""ORG-1833""]"
15517,10.3390/biom2010076,2,"[""ORG-1797"",""ORG-1812""]"
15520,10.1155/2012/359360,3,"[""ORG-0854"",""ORG-0963"",""ORG-2193""]"
15521,10.3390/cells1030617,3,"[""ORG-0773"",""ORG-1039"",""ORG-1921""]"
15538,10.1084/jem.20172168,4,"[""ORG-0772"",""ORG-0858"",""ORG-1215"",""ORG-1949""]"
15545,10.5365/wpsar.2017.8.4.002,3,"[""ORG-0938"",""ORG-1368"",""ORG-1910""]"
15556,10.1371/journal.ppat.1007179,7,"[""ORG-0265"",""ORG-0421"",""ORG-0527"",""ORG-0529"",""ORG-0904"",""ORG-1870"",""ORG-1910""]"
15558,10.1371/journal.ppat.1007208,4,"[""ORG-0833"",""ORG-1843"",""ORG-1866"",""ORG-2313""]"
15566,10.1016/j.virol.2009.11.024,3,"[""ORG-0795"",""ORG-0860"",""ORG-2147""]"
15571,10.1038/s41418-018-0172-x,3,"[""ORG-1351"",""ORG-1887"",""ORG-1897""]"
15572,10.3390/v10080393,5,"[""ORG-0206"",""ORG-0833"",""ORG-1095"",""ORG-1949"",""ORG-2163""]"
15573,10.1016/j.jaci.2011.11.013,2,"[""ORG-0365"",""ORG-1020""]"
15574,10.1016/j.antiviral.2011.12.005,8,"[""ORG-0772"",""ORG-0858"",""ORG-0897"",""ORG-1095"",""ORG-1773"",""ORG-1900"",""ORG-1905"",""ORG-1917""]"
15578,10.22034/APJCP.2018.19.7.1793,3,"[""ORG-0014"",""ORG-0897"",""ORG-0962""]"
15580,10.1007/s11095-009-0012-2,2,"[""ORG-0317"",""ORG-1934""]"
15583,10.1371/journal.pone.0008178,5,"[""ORG-0182"",""ORG-0421"",""ORG-0596"",""ORG-1898"",""ORG-2306""]"
15584,10.1177/1758835918782331,1,"[""ORG-1831""]"
15590,10.1128/JVI.00700-18,7,"[""ORG-0312"",""ORG-0854"",""ORG-1485"",""ORG-1848"",""ORG-1866"",""ORG-1890"",""ORG-1983""]"
15592,10.4049/jimmunol.1800471,3,"[""ORG-1286"",""ORG-1949"",""ORG-1986""]"
15624,10.1007/s00401-018-1885-0,2,"[""ORG-2260"",""ORG-2280""]"
15626,10.1371/journal.ppat.1002418,6,"[""ORG-0521"",""ORG-0527"",""ORG-1205"",""ORG-1243"",""ORG-1797"",""ORG-1834""]"
15627,10.1371/journal.ppat.1002405,7,"[""ORG-0778"",""ORG-1039"",""ORG-1238"",""ORG-1361"",""ORG-1861"",""ORG-2145"",""ORG-2260""]"
15630,10.3389/fphys.2018.00819,2,"[""ORG-0798"",""ORG-1797""]"
15631,10.3109/14653249.2011.636963,2,"[""ORG-0124"",""ORG-2167""]"
15641,10.1186/1471-2180-9-246,1,"[""ORG-1847""]"
15644,10.2478/raon-2018-0016,2,"[""ORG-0545"",""ORG-0897""]"
15649,10.1111/j.1600-065X.2011.01074.x,4,"[""ORG-1744"",""ORG-1797"",""ORG-1948"",""ORG-1952""]"
15650,10.3390/v1031240,2,"[""ORG-0858"",""ORG-1286""]"
15659,10.1016/j.virol.2018.07.011,2,"[""ORG-1286"",""ORG-1934""]"
15661,10.1371/journal.pone.0028638,3,"[""ORG-0317"",""ORG-0897"",""ORG-1867""]"
15663,10.3390/v1030383,3,"[""ORG-0860"",""ORG-0895"",""ORG-1862""]"
15665,10.3389/fped.2018.00191,7,"[""ORG-0015"",""ORG-0302"",""ORG-0895"",""ORG-0899"",""ORG-0963"",""ORG-1802"",""ORG-1890""]"
15667,10.1155/2009/173439,2,"[""ORG-0963"",""ORG-1949""]"
15676,10.1016/j.jri.2009.09.007,5,"[""ORG-0302"",""ORG-0319"",""ORG-0895"",""ORG-0988"",""ORG-1798""]"
15685,10.1017/S0950268811002457,2,"[""ORG-1897"",""ORG-1910""]"
15686,10.1186/1750-9378-6-25,2,"[""ORG-0795"",""ORG-0860""]"
15692,10.1186/1476-069X-8-53,3,"[""ORG-1421"",""ORG-1744"",""ORG-2163""]"
15697,10.1016/j.neuron.2018.06.030,2,"[""ORG-0312"",""ORG-0360""]"
15706,10.1371/journal.pone.0200546,4,"[""ORG-0606"",""ORG-0963"",""ORG-1834"",""ORG-1949""]"
15707,10.1007/s10875-018-0527-6,4,"[""ORG-0895"",""ORG-1232"",""ORG-1233"",""ORG-1846""]"
15711,10.1038/s41388-018-0399-5,1,"[""ORG-1986""]"
15725,10.1371/journal.ppat.1007175,2,"[""ORG-1039"",""ORG-1257""]"
15728,10.1371/journal.pone.0028127,8,"[""ORG-0434"",""ORG-0772"",""ORG-0858"",""ORG-0898"",""ORG-0989"",""ORG-1877"",""ORG-1879"",""ORG-2306""]"
15730,10.1186/s40792-018-0480-x,2,"[""ORG-1890"",""ORG-1948""]"
15748,10.1186/1471-2377-11-149,3,"[""ORG-0809"",""ORG-0810"",""ORG-1485""]"
15759,10.2217/fmb.11.137,6,"[""ORG-0982"",""ORG-1039"",""ORG-1044"",""ORG-1051"",""ORG-1607"",""ORG-2147""]"
15764,10.3947/ic.2018.50.2.153,1,"[""ORG-1890""]"
15769,10.1099/vir.0.015891-0,6,"[""ORG-0312"",""ORG-0772"",""ORG-0858"",""ORG-1361"",""ORG-1919"",""ORG-1970""]"
15772,10.1371/journal.ppat.1002371,10,"[""ORG-0315"",""ORG-0511"",""ORG-0791"",""ORG-0895"",""ORG-1039"",""ORG-1252"",""ORG-1607"",""ORG-1798"",""ORG-2160"",""ORG-2163""]"
15776,10.1016/j.neurol.2009.09.010,1,"[""ORG-2170""]"
15777,10.1038/jid.2011.374,1,"[""ORG-2260""]"
15780,10.1186/1743-422X-6-195,5,"[""ORG-0943"",""ORG-1603"",""ORG-1797"",""ORG-1934"",""ORG-1948""]"
15781,10.1038/s41598-018-28111-8,2,"[""ORG-0869"",""ORG-1934""]"
15785,10.1155/2011/769890,2,"[""ORG-0385"",""ORG-0943""]"
15786,10.1371/journal.ppat.1002336,3,"[""ORG-0012"",""ORG-1127"",""ORG-1678""]"
15787,10.3390/v10070349,4,"[""ORG-0015"",""ORG-0836"",""ORG-2120"",""ORG-2189""]"
15789,10.1038/nature08511,3,"[""ORG-0302"",""ORG-1986"",""ORG-2193""]"
15792,10.1186/s12883-018-1097-1,1,"[""ORG-1102""]"
15801,10.3389/fonc.2018.00211,6,"[""ORG-1738"",""ORG-1834"",""ORG-1846"",""ORG-1910"",""ORG-1948"",""ORG-2260""]"
15805,10.1016/j.chom.2011.09.012,3,"[""ORG-1039"",""ORG-1607"",""ORG-2260""]"
15807,10.1016/j.biomaterials.2009.10.035,2,"[""ORG-0959"",""ORG-1748""]"
15816,10.1371/journal.pone.0199301,4,"[""ORG-0895"",""ORG-0898"",""ORG-0902"",""ORG-1003""]"
15817,10.2147/HIV.S9274,9,"[""ORG-0244"",""ORG-0861"",""ORG-1047"",""ORG-1221"",""ORG-1534"",""ORG-1881"",""ORG-1890"",""ORG-1927"",""ORG-1934""]"
15820,10.7717/peerj.5012,7,"[""ORG-0571"",""ORG-0987"",""ORG-1368"",""ORG-1856"",""ORG-1872"",""ORG-2120"",""ORG-2189""]"
15824,10.3389/fmicb.2018.01268,3,"[""ORG-0963"",""ORG-1834"",""ORG-2306""]"
15825,10.1038/s41591-018-0070-2,3,"[""ORG-0900"",""ORG-1315"",""ORG-1893""]"
15836,10.1016/S1474-4422(09)70275-3,1,"[""ORG-1846""]"
15841,10.1159/000489694,1,"[""ORG-1089""]"
15842,10.1080/21645515.2018.1466015,1,"[""ORG-1927""]"
15846,10.4103/1742-6413.56361,2,"[""ORG-1862"",""ORG-2159""]"
15855,10.1371/journal.pone.0199229,4,"[""ORG-0302"",""ORG-0861"",""ORG-0938"",""ORG-1910""]"
15868,10.1371/journal.pbio.1001187,16,"[""ORG-0024"",""ORG-0036"",""ORG-0124"",""ORG-0317"",""ORG-0619"",""ORG-0963"",""ORG-1545"",""ORG-1767"",""ORG-1797"",""ORG-1798"",""ORG-1857"",""ORG-1877"",""ORG-1893"",""ORG-1906"",""ORG-1932"",""ORG-1969""]"
15891,10.1186/s13052-018-0504-y,3,"[""ORG-0806"",""ORG-1729"",""ORG-1856""]"
15897,10.1038/mt.2009.232,1,"[""ORG-0854""]"
15900,10.1111/j.1600-6143.2009.02801.x,2,"[""ORG-0963"",""ORG-1215""]"
15901,10.1126/scitranslmed.3002878,1,"[""ORG-0527""]"
15902,10.4049/jimmunol.1003495,3,"[""ORG-0897"",""ORG-0963"",""ORG-2306""]"
15903,10.7150/jca.23481,4,"[""ORG-1232"",""ORG-1238"",""ORG-1361"",""ORG-1503""]"
15911,10.1371/journal.ppat.1002333,11,"[""ORG-0015"",""ORG-0963"",""ORG-1119"",""ORG-1135"",""ORG-1232"",""ORG-1276"",""ORG-1511"",""ORG-1798"",""ORG-2159"",""ORG-2160"",""ORG-2163""]"
15913,10.1371/journal.ppat.1002313,2,"[""ORG-1902"",""ORG-2260""]"
15916,10.1016/j.bbmt.2009.10.008,3,"[""ORG-0938"",""ORG-1910"",""ORG-1934""]"
15917,10.1186/1743-422X-8-490,8,"[""ORG-0312"",""ORG-0619"",""ORG-0809"",""ORG-0810"",""ORG-0854"",""ORG-1286"",""ORG-1485"",""ORG-1900""]"
15922,10.1371/journal.ppat.1000624,7,"[""ORG-0520"",""ORG-0529"",""ORG-0549"",""ORG-1746"",""ORG-1797"",""ORG-1834"",""ORG-2147""]"
15929,10.1111/j.1365-2141.2009.07943.x,3,"[""ORG-0728"",""ORG-0861"",""ORG-1253""]"
15930,10.4076/1752-1947-3-7314,1,"[""ORG-1896""]"
15935,10.4103/jrms.JRMS_979_17,5,"[""ORG-1631"",""ORG-1897"",""ORG-1948"",""ORG-2120"",""ORG-2189""]"
15948,10.1136/jech.2008.078808,1,"[""ORG-0854""]"
15951,10.1186/1758-5996-1-14,2,"[""ORG-0938"",""ORG-1910""]"
15976,10.1371/journal.ppat.1002308,7,"[""ORG-0527"",""ORG-0963"",""ORG-1797"",""ORG-1897"",""ORG-2114"",""ORG-2156"",""ORG-2162""]"
15977,10.1161/CIRCGEN.117.001758,3,"[""ORG-1088"",""ORG-1238"",""ORG-2260""]"
15988,10.1371/journal.pone.0198478,2,"[""ORG-0825"",""ORG-0854""]"
15994,10.3389/fimmu.2018.01031,9,"[""ORG-0086"",""ORG-0310"",""ORG-0581"",""ORG-0772"",""ORG-0858"",""ORG-1169"",""ORG-1215"",""ORG-1856"",""ORG-1906""]"
15998,10.1002/ijc.24930,2,"[""ORG-0943"",""ORG-1856""]"
16002,10.1371/journal.pone.0025571,2,"[""ORG-0302"",""ORG-0799""]"
16006,10.1371/journal.ppat.1002282,8,"[""ORG-0141"",""ORG-0854"",""ORG-0861"",""ORG-1189"",""ORG-1418"",""ORG-1867"",""ORG-2120"",""ORG-2189""]"
16007,10.1158/0008-5472.CAN-09-1135,4,"[""ORG-1221"",""ORG-1831"",""ORG-1844"",""ORG-1881""]"
16014,10.1371/journal.ppat.1007114,2,"[""ORG-0085"",""ORG-1844""]"
16023,10.1016/j.immuni.2018.04.018,2,"[""ORG-0317"",""ORG-1215""]"
16025,10.1002/cam4.1595,1,"[""ORG-0527""]"
16030,10.4049/jimmunol.1101334,3,"[""ORG-0987"",""ORG-1089"",""ORG-1921""]"
16032,10.1016/j.idcr.2018.02.006,3,"[""ORG-1253"",""ORG-1851"",""ORG-1883""]"
16033,10.1038/gt.2009.126,3,"[""ORG-0507"",""ORG-1848"",""ORG-2163""]"
16034,10.1016/j.idcr.2018.02.008,2,"[""ORG-0963"",""ORG-1948""]"
16046,10.1093/nar/gky459,3,"[""ORG-1039"",""ORG-1238"",""ORG-1607""]"
16054,10.3791/3140,1,"[""ORG-2160""]"
16062,10.1002/eji.201141618,3,"[""ORG-0302"",""ORG-1773"",""ORG-1797""]"
16063,10.1186/s12974-018-1206-5,2,"[""ORG-0302"",""ORG-1103""]"
16066,10.1158/1078-0432.CCR-09-0567,2,"[""ORG-0086"",""ORG-1874""]"
16069,10.7150/ijbs.24374,3,"[""ORG-0773"",""ORG-1228"",""ORG-1897""]"
16081,10.1371/journal.ppat.1002279,8,"[""ORG-0872"",""ORG-0895"",""ORG-0899"",""ORG-0963"",""ORG-0987"",""ORG-1746"",""ORG-2260"",""ORG-2306""]"
16085,10.1097/PAS.0b013e31822832de,3,"[""ORG-0136"",""ORG-1485"",""ORG-1890""]"
16092,10.1038/nature08476,5,"[""ORG-0124"",""ORG-0188"",""ORG-0895"",""ORG-1719"",""ORG-1921""]"
16094,10.1038/s41419-018-0662-2,4,"[""ORG-0188"",""ORG-0527"",""ORG-1087"",""ORG-1809""]"
16099,10.1186/1471-2407-11-441,2,"[""ORG-0385"",""ORG-0808""]"
16101,10.1186/1471-2334-9-158,5,"[""ORG-0302"",""ORG-1221"",""ORG-1881"",""ORG-1896"",""ORG-1910""]"
16104,10.1371/journal.ppat.1007095,11,"[""ORG-0316"",""ORG-0545"",""ORG-0559"",""ORG-0754"",""ORG-0755"",""ORG-0808"",""ORG-0854"",""ORG-0897"",""ORG-1230"",""ORG-1867"",""ORG-2114""]"
16106,10.1186/ar3481,8,"[""ORG-0666"",""ORG-0772"",""ORG-0858"",""ORG-0897"",""ORG-0987"",""ORG-1205"",""ORG-1672"",""ORG-1866""]"
16110,10.1002/mus.21465,1,"[""ORG-0825""]"
16111,10.1038/s12276-018-0094-1,4,"[""ORG-1146"",""ORG-1169"",""ORG-1934"",""ORG-1956""]"
16117,10.1093/ecco-jcc/jjy069,1,"[""ORG-1089""]"
16121,10.2147/CMAR.S159441,6,"[""ORG-0529"",""ORG-0583"",""ORG-1361"",""ORG-1593"",""ORG-1744"",""ORG-1847""]"
16126,10.3390/cells7050045,3,"[""ORG-0772"",""ORG-0858"",""ORG-1867""]"
16132,10.1186/1743-422X-8-461,5,"[""ORG-0455"",""ORG-1087"",""ORG-1834"",""ORG-1890"",""ORG-2256""]"
16138,10.1136/sextrans-2011-050186,2,"[""ORG-1368"",""ORG-1896""]"
16146,10.1186/s12884-018-1753-x,9,"[""ORG-0856"",""ORG-0861"",""ORG-1095"",""ORG-1221"",""ORG-1767"",""ORG-1868"",""ORG-1881"",""ORG-1896"",""ORG-2161""]"
16148,10.1016/j.immuni.2018.04.011,2,"[""ORG-0854"",""ORG-1744""]"
16155,10.2202/1948-4690.1036,2,"[""ORG-1368"",""ORG-2298""]"
16157,10.1186/s40425-018-0337-7,2,"[""ORG-0897"",""ORG-1315""]"
16159,10.1186/s40880-018-0278-z,1,"[""ORG-1800""]"
16180,10.3390/v10050239,1,"[""ORG-0897""]"
16181,10.1371/journal.ppat.1002245,8,"[""ORG-0510"",""ORG-0854"",""ORG-0882"",""ORG-1019"",""ORG-1432"",""ORG-1798"",""ORG-1862"",""ORG-1868""]"
16183,10.1097/QCO.0000000000000456,5,"[""ORG-0373"",""ORG-1931"",""ORG-2120"",""ORG-2156"",""ORG-2260""]"
16189,10.1371/journal.ppat.1007058,8,"[""ORG-0319"",""ORG-0795"",""ORG-0860"",""ORG-1039"",""ORG-1127"",""ORG-1607"",""ORG-1711"",""ORG-1866""]"
16191,10.1016/j.virol.2011.08.019,9,"[""ORG-0317"",""ORG-0987"",""ORG-1441"",""ORG-1464"",""ORG-1861"",""ORG-1866"",""ORG-1905"",""ORG-2140"",""ORG-2147""]"
16199,10.7150/ijbs.19531,3,"[""ORG-0527"",""ORG-1961"",""ORG-2156""]"
16209,10.1371/journal.pone.0006915,4,"[""ORG-0399"",""ORG-0728"",""ORG-1441"",""ORG-1442""]"
16211,10.1186/s12967-018-1498-3,4,"[""ORG-0082"",""ORG-0319"",""ORG-0897"",""ORG-1490""]"
16222,10.1371/journal.ppat.1002220,10,"[""ORG-1039"",""ORG-1051"",""ORG-1607"",""ORG-1798"",""ORG-1844"",""ORG-1867"",""ORG-1948"",""ORG-1952"",""ORG-2140"",""ORG-2260""]"
16223,10.1158/0008-5472.CAN-17-0469,5,"[""ORG-0302"",""ORG-0455"",""ORG-0858"",""ORG-1812"",""ORG-2058""]"
16224,10.1128/mBio.00756-18,7,"[""ORG-0808"",""ORG-1039"",""ORG-1607"",""ORG-1848"",""ORG-1851"",""ORG-1898"",""ORG-2147""]"
16228,10.3389/fimmu.2017.01263,6,"[""ORG-0315"",""ORG-0455"",""ORG-1089"",""ORG-1143"",""ORG-1910"",""ORG-1934""]"
16235,10.1186/s13073-017-0484-3,2,"[""ORG-0421"",""ORG-1877""]"
16237,10.18632/oncotarget.18497,8,"[""ORG-1305"",""ORG-1834"",""ORG-1851"",""ORG-1887"",""ORG-1896"",""ORG-1903"",""ORG-2141"",""ORG-2156""]"
16240,10.1016/j.molcel.2011.07.025,1,"[""ORG-1238""]"
16241,10.1186/s11658-018-0070-8,3,"[""ORG-0527"",""ORG-1238"",""ORG-2156""]"
16244,10.3390/vaccines5040039,6,"[""ORG-0013"",""ORG-0772"",""ORG-0858"",""ORG-1230"",""ORG-1881"",""ORG-1956""]"
16249,10.1084/jem.20082387,7,"[""ORG-0302"",""ORG-0898"",""ORG-0988"",""ORG-1215"",""ORG-1798"",""ORG-1872"",""ORG-2306""]"
16265,10.2147/TCRM.S143509,4,"[""ORG-0897"",""ORG-0943"",""ORG-1603"",""ORG-2260""]"
16281,10.1186/1742-4933-6-11,2,"[""ORG-0319"",""ORG-0559""]"
16282,10.1186/s13027-017-0165-2,4,"[""ORG-0897"",""ORG-1361"",""ORG-2156"",""ORG-2246""]"
16284,10.1155/2017/4139656,3,"[""ORG-1817"",""ORG-2120"",""ORG-2189""]"
16286,10.3389/fimmu.2017.01272,2,"[""ORG-1089"",""ORG-2260""]"
16289,10.1007/s00415-009-5296-y,5,"[""ORG-0360"",""ORG-0869"",""ORG-2120"",""ORG-2171"",""ORG-2189""]"
16297,10.1186/1479-5876-7-75,3,"[""ORG-0317"",""ORG-0363"",""ORG-0728""]"
16309,10.3892/ijmm.2018.3643,2,"[""ORG-1095"",""ORG-1986""]"
16311,10.1186/s12886-017-0591-3,2,"[""ORG-1286"",""ORG-1931""]"
16320,10.1002/rmv.706,3,"[""ORG-0267"",""ORG-1169"",""ORG-1986""]"
16326,10.1371/journal.ppat.1006999,8,"[""ORG-0227"",""ORG-0319"",""ORG-0796"",""ORG-1215"",""ORG-1246"",""ORG-1851"",""ORG-2120"",""ORG-2189""]"
16330,10.1371/journal.ppat.1007039,5,"[""ORG-0527"",""ORG-0529"",""ORG-1798"",""ORG-1844"",""ORG-2147""]"
16332,10.1371/journal.pone.0020998,6,"[""ORG-0374"",""ORG-0987"",""ORG-1143"",""ORG-1607"",""ORG-1797"",""ORG-1867""]"
16335,10.1371/journal.pone.0023892,6,"[""ORG-0571"",""ORG-0833"",""ORG-1039"",""ORG-1325"",""ORG-1905"",""ORG-2167""]"
16340,10.1371/journal.ppat.1002193,4,"[""ORG-0527"",""ORG-0897"",""ORG-1089"",""ORG-1948""]"
16341,10.1111/apa.14375,4,"[""ORG-1089"",""ORG-1849"",""ORG-2120"",""ORG-2189""]"
16355,10.1097/MD.0000000000010228,1,"[""ORG-0897""]"
16365,10.1002/rmv.1983,2,"[""ORG-1586"",""ORG-1905""]"
16370,10.4081/idr.2011.e17,3,"[""ORG-0963"",""ORG-1089"",""ORG-1631""]"
16371,10.1128/mSphere.00138-18,3,"[""ORG-0267"",""ORG-1813"",""ORG-2141""]"
16379,10.1038/ni.2097,2,"[""ORG-0858"",""ORG-0946""]"
16385,10.3389/fimmu.2018.00760,4,"[""ORG-0796"",""ORG-0814"",""ORG-1089"",""ORG-2306""]"
16401,10.1158/0008-5472.CAN-09-0508,7,"[""ORG-0124"",""ORG-0317"",""ORG-0895"",""ORG-0897"",""ORG-0899"",""ORG-1215"",""ORG-1932""]"
16404,10.1186/gb-2009-10-8-234,1,"[""ORG-1607""]"
16405,10.1371/journal.pone.0185608,2,"[""ORG-1849"",""ORG-2161""]"
16408,10.1038/mi.2017.85,1,"[""ORG-0942""]"
16435,10.1097/TP.0b013e31822c6e89,2,"[""ORG-0302"",""ORG-0317""]"
16439,10.1371/journal.pone.0023734,7,"[""ORG-0310"",""ORG-1057"",""ORG-1095"",""ORG-1368"",""ORG-1773"",""ORG-1802"",""ORG-1986""]"
16442,10.1371/journal.ppat.1002140,5,"[""ORG-0728"",""ORG-1039"",""ORG-1607"",""ORG-2108"",""ORG-2141""]"
16450,10.1093/infdis/jix481,2,"[""ORG-1897"",""ORG-2120""]"
16455,10.3389/fimmu.2018.00621,1,"[""ORG-0302""]"
16462,10.1186/1755-8794-2-50,5,"[""ORG-0941"",""ORG-1039"",""ORG-1361"",""ORG-1593"",""ORG-1607""]"
16470,10.1016/j.celrep.2018.03.074,5,"[""ORG-0773"",""ORG-1095"",""ORG-1949"",""ORG-1956"",""ORG-2114""]"
16473,10.1016/j.chom.2017.09.001,2,"[""ORG-0527"",""ORG-1834""]"
16478,10.1016/j.mehy.2009.07.005,2,"[""ORG-1749"",""ORG-1936""]"
16480,10.1016/j.jcmgh.2017.08.002,1,"[""ORG-1179""]"
16488,10.1016/j.idcr.2017.09.009,4,"[""ORG-0360"",""ORG-1221"",""ORG-1881"",""ORG-1969""]"
16490,10.1084/jem.20180156,3,"[""ORG-0302"",""ORG-0974"",""ORG-1047""]"
16491,10.1097/ICO.0b013e3181930c1a,2,"[""ORG-1286"",""ORG-1798""]"
16503,10.1097/QAI.0b013e31821acb5,5,"[""ORG-0825"",""ORG-1286"",""ORG-1432"",""ORG-1856"",""ORG-1910""]"
16508,10.1371/journal.ppat.1000530,8,"[""ORG-0265"",""ORG-1205"",""ORG-1834"",""ORG-1851"",""ORG-1914"",""ORG-1986"",""ORG-2147"",""ORG-2306""]"
16517,10.1371/journal.ppat.1002164,6,"[""ORG-0014"",""ORG-0267"",""ORG-0529"",""ORG-1511"",""ORG-1952"",""ORG-2260""]"
16518,10.3389/fgene.2017.00130,4,"[""ORG-0694"",""ORG-0897"",""ORG-1672"",""ORG-2306""]"
16525,10.1038/bcj.2017.88,1,"[""ORG-1215""]"
16547,10.1016/j.virol.2009.07.002,10,"[""ORG-0691"",""ORG-1020"",""ORG-1035"",""ORG-1039"",""ORG-1462"",""ORG-1464"",""ORG-1607"",""ORG-1902"",""ORG-1921"",""ORG-2140""]"
16554,10.1371/journal.ppat.1006993,5,"[""ORG-0310"",""ORG-0319"",""ORG-0763"",""ORG-1906"",""ORG-2161""]"
16555,10.1186/1471-2334-11-220,9,"[""ORG-0360"",""ORG-0455"",""ORG-0860"",""ORG-1361"",""ORG-1503"",""ORG-1631"",""ORG-1798"",""ORG-1917"",""ORG-1952""]"
16557,10.3390/ijms19041168,3,"[""ORG-0860"",""ORG-1527"",""ORG-2159""]"
16558,10.1016/j.febslet.2011.08.007,4,"[""ORG-0623"",""ORG-0987"",""ORG-1866"",""ORG-2156""]"
16562,10.1155/2009/361795,2,"[""ORG-0312"",""ORG-2157""]"
16574,10.3390/ijms19041146,2,"[""ORG-0188"",""ORG-1808""]"
16575,10.1186/1746-6148-7-49,3,"[""ORG-0385"",""ORG-0409"",""ORG-1910""]"
16577,10.1186/1743-422X-8-403,7,"[""ORG-0772"",""ORG-0858"",""ORG-0860"",""ORG-1361"",""ORG-1866"",""ORG-1896"",""ORG-2118""]"
16578,10.1038/cddis.2017.461,4,"[""ORG-0772"",""ORG-0858"",""ORG-0897"",""ORG-1023""]"
16587,10.1371/journal.pone.0194789,1,"[""ORG-0943""]"
16588,10.1016/j.jcv.2009.06.023,3,"[""ORG-1483"",""ORG-1749"",""ORG-1896""]"
16593,10.1186/1742-2094-8-99,10,"[""ORG-0360"",""ORG-0854"",""ORG-1286"",""ORG-1490"",""ORG-1586"",""ORG-1798"",""ORG-1898"",""ORG-1908"",""ORG-1956"",""ORG-2032""]"
16601,10.1016/j.semcancer.2009.07.006,3,"[""ORG-0527"",""ORG-0833"",""ORG-2158""]"
16604,10.1007/s00262-011-1086-3,2,"[""ORG-0086"",""ORG-1773""]"
16613,10.1099/vir.0.014266-0,2,"[""ORG-1169"",""ORG-1856""]"
16617,10.1084/jem.20161630,5,"[""ORG-0503"",""ORG-0895"",""ORG-0897"",""ORG-0970"",""ORG-1921""]"
16618,10.3389/fphys.2018.00120,4,"[""ORG-0086"",""ORG-0943"",""ORG-1368"",""ORG-1866""]"
16623,10.1016/j.virol.2018.03.017,5,"[""ORG-0772"",""ORG-0858"",""ORG-1905"",""ORG-2147"",""ORG-2260""]"
16630,10.3389/fmicb.2017.01796,1,"[""ORG-1607""]"
16634,10.4049/jimmunol.0900205,3,"[""ORG-0015"",""ORG-0895"",""ORG-1095""]"
16640,10.1016/j.vaccine.2018.02.089,3,"[""ORG-0772"",""ORG-0858"",""ORG-1811""]"
16647,10.1053/j.gastro.2011.07.040,3,"[""ORG-0899"",""ORG-1915"",""ORG-2306""]"
16650,10.1038/s41598-017-12676-x,4,"[""ORG-1023"",""ORG-1035"",""ORG-1039"",""ORG-1607""]"
16651,10.1099/jgv.0.001059,6,"[""ORG-0086"",""ORG-0457"",""ORG-0854"",""ORG-1802"",""ORG-1921"",""ORG-1952""]"
16653,10.1016/j.bbadis.2017.09.023,1,"[""ORG-1866""]"
16654,10.1371/journal.pone.0006314,3,"[""ORG-1057"",""ORG-1797"",""ORG-1851""]"
16663,10.1038/emm.2017.146,3,"[""ORG-0302"",""ORG-0772"",""ORG-0858""]"
16666,10.1093/cid/ciy137,4,"[""ORG-0304"",""ORG-0320"",""ORG-0399"",""ORG-0773""]"
16676,10.3389/fimmu.2018.00474,8,"[""ORG-0319"",""ORG-0363"",""ORG-0772"",""ORG-0801"",""ORG-0825"",""ORG-0858"",""ORG-1215"",""ORG-1890""]"
16677,10.1016/j.exger.2017.09.015,1,"[""ORG-0970""]"
16686,10.3390/v10040166,3,"[""ORG-1905"",""ORG-2141"",""ORG-2161""]"
16687,10.1016/S1474-4422(09)70134-6,2,"[""ORG-2120"",""ORG-2189""]"
16690,10.3389/fimmu.2017.01137,3,"[""ORG-0302"",""ORG-0814"",""ORG-1798""]"
16693,10.3760/cma.j.issn.0253-2727.2017.08.008,1,"[""ORG-1361""]"
16697,10.1590/abd1806-4841.20177359,1,"[""ORG-1948""]"
16699,10.1186/s13046-017-0601-6,1,"[""ORG-1986""]"
16700,10.1371/journal.ppat.1006976,4,"[""ORG-0895"",""ORG-0897"",""ORG-1719"",""ORG-2247""]"
16706,10.1186/1743-422X-8-382,2,"[""ORG-0893"",""ORG-1872""]"
16708,10.12688/wellcomeopenres.11483.1,1,"[""ORG-1890""]"
16709,10.3897/BDJ.5.e14879,1,"[""ORG-1958""]"
16712,10.1016/j.jocn.2018.03.009,2,"[""ORG-0527"",""ORG-2156""]"
16716,10.12659/MSM.881890,1,"[""ORG-1102""]"
16717,10.1186/1750-1172-4-18,2,"[""ORG-1851"",""ORG-1948""]"
16718,10.12659/MSM.881904,2,"[""ORG-0897"",""ORG-1890""]"
16728,10.1016/j.virusres.2009.07.005,1,"[""ORG-1221""]"
16747,10.1016/j.micinf.2009.07.001,5,"[""ORG-0772"",""ORG-0858"",""ORG-0897"",""ORG-1579"",""ORG-2163""]"
16751,10.3389/fmicb.2018.00416,8,"[""ORG-0302"",""ORG-0362"",""ORG-0691"",""ORG-0895"",""ORG-0897"",""ORG-0963"",""ORG-1089"",""ORG-1872""]"
16756,10.3390/v10040156,3,"[""ORG-1361"",""ORG-2120"",""ORG-2189""]"
16761,10.1016/j.jneuroim.2009.06.007,3,"[""ORG-0360"",""ORG-1286"",""ORG-2306""]"
16764,10.1007/s00251-017-1030-6,6,"[""ORG-0141"",""ORG-0457"",""ORG-0858"",""ORG-1872"",""ORG-1952"",""ORG-2147""]"
16768,10.1038/gt.2009.85,2,"[""ORG-0360"",""ORG-1177""]"
16769,10.1038/s41564-018-0131-9,6,"[""ORG-0317"",""ORG-0772"",""ORG-0858"",""ORG-0904"",""ORG-0974"",""ORG-1095""]"
16775,10.1186/s12967-018-1450-6,1,"[""ORG-0581""]"
16777,10.4049/jimmunol.0801866,4,"[""ORG-0188"",""ORG-0319"",""ORG-0872"",""ORG-2306""]"
16781,10.1016/j.ymgme.2009.05.010,1,"[""ORG-0503""]"
16782,10.3390/ijms19041002,2,"[""ORG-0855"",""ORG-1004""]"
16785,10.1097/QAI.0b013e31822d0433,2,"[""ORG-0861"",""ORG-0963""]"
16789,10.1097/TP.0b013e3181aacdd7,4,"[""ORG-0302"",""ORG-0753"",""ORG-0943"",""ORG-1856""]"
16790,10.1038/s41421-018-0010-9,3,"[""ORG-0399"",""ORG-0897"",""ORG-1719""]"
16793,10.1158/0008-5472.CAN-08-4570,9,"[""ORG-0571"",""ORG-1039"",""ORG-1418"",""ORG-1464"",""ORG-1607"",""ORG-1797"",""ORG-2146"",""ORG-2147"",""ORG-2165""]"
16795,10.1099/jgv.0.001056,3,"[""ORG-0511"",""ORG-1746"",""ORG-2147""]"
16805,10.1080/21645515.2017.1373920,1,"[""ORG-0970""]"
16807,10.1186/1472-6750-11-79,4,"[""ORG-0317"",""ORG-0556"",""ORG-1119"",""ORG-1863""]"
16810,10.1371/journal.ppat.1000496,7,"[""ORG-0527"",""ORG-1246"",""ORG-1948"",""ORG-1958"",""ORG-2164"",""ORG-2244"",""ORG-2298""]"
16818,10.1016/j.antiviral.2009.06.007,8,"[""ORG-0507"",""ORG-0683"",""ORG-0798"",""ORG-0833"",""ORG-0854"",""ORG-1221"",""ORG-2040"",""ORG-2164""]"
16821,10.1016/j.jacbts.2017.04.003,2,"[""ORG-1221"",""ORG-1881""]"
16824,10.2147/POR.S137377,3,"[""ORG-0861"",""ORG-1361"",""ORG-1503""]"
16830,10.1136/bmjopen-2017-019339,4,"[""ORG-1896"",""ORG-1948"",""ORG-2120"",""ORG-2189""]"
16833,10.3390/cancers10040089,5,"[""ORG-1137"",""ORG-1176"",""ORG-1744"",""ORG-2141"",""ORG-2306""]"
16839,10.3389/fimmu.2018.00446,4,"[""ORG-0319"",""ORG-0694"",""ORG-1744"",""ORG-1844""]"
16840,10.1038/s41598-017-11304-y,1,"[""ORG-1874""]"
16842,10.1186/s12967-018-1456-0,3,"[""ORG-0861"",""ORG-1851"",""ORG-1877""]"
16844,10.1186/s12969-018-0235-z,1,"[""ORG-2294""]"
16846,10.4049/jimmunol.1100560,1,"[""ORG-0902""]"
16852,10.15585/mmwr.mm6636a5,2,"[""ORG-0015"",""ORG-0788""]"
16854,10.1097/MD.0000000000010138,1,"[""ORG-1089""]"
16857,10.1097/QAD.0000000000001579,4,"[""ORG-0895"",""ORG-0899"",""ORG-1361"",""ORG-1856""]"
16862,10.3389/fnagi.2018.00048,2,"[""ORG-0854"",""ORG-0963""]"
16869,10.1590/S1517-83822009000300002,2,"[""ORG-0701"",""ORG-1253""]"
16877,10.1167/iovs.17-22159,4,"[""ORG-0854"",""ORG-0899"",""ORG-1506"",""ORG-1902""]"
16882,10.1084/jem.20090504,3,"[""ORG-0302"",""ORG-1368"",""ORG-1851""]"
16884,10.1038/s41416-018-0026-9,1,"[""ORG-1827""]"
16894,10.1016/j.idcr.2018.01.013,2,"[""ORG-0906"",""ORG-1932""]"
16901,10.1097/INF.0b013e3181998f06,3,"[""ORG-0861"",""ORG-2120"",""ORG-2189""]"
16903,10.1186/s12981-017-0164-9,3,"[""ORG-0825"",""ORG-0897"",""ORG-1436""]"
16911,10.1016/j.coviro.2017.08.005,3,"[""ORG-0772"",""ORG-0858"",""ORG-1948""]"
16921,10.3390/v10030132,4,"[""ORG-0457"",""ORG-0506"",""ORG-0963"",""ORG-1797""]"
16923,10.1371/journal.ppat.1000490,6,"[""ORG-0904"",""ORG-1797"",""ORG-1834"",""ORG-2147"",""ORG-2260"",""ORG-2306""]"
16924,10.7759/cureus.1426,3,"[""ORG-0302"",""ORG-0503"",""ORG-0861""]"
16926,10.1038/s41598-017-11052-z,1,"[""ORG-0623""]"
16937,10.1002/ccr3.959,1,"[""ORG-0527""]"
16938,10.3389/fimmu.2017.00996,4,"[""ORG-0619"",""ORG-0897"",""ORG-1672"",""ORG-2032""]"
16951,10.1371/journal.pone.0006023,5,"[""ORG-0606"",""ORG-0897"",""ORG-1051"",""ORG-1238"",""ORG-1464""]"
16974,10.3389/fimmu.2018.00201,2,"[""ORG-0302"",""ORG-0861""]"
16975,10.4049/jimmunol.1700959,5,"[""ORG-0872"",""ORG-0963"",""ORG-1179"",""ORG-1949"",""ORG-2260""]"
16977,10.1016/j.smim.2017.08.012,1,"[""ORG-1215""]"
16981,10.4049/jimmunol.0900204,3,"[""ORG-0243"",""ORG-0302"",""ORG-1527""]"
16985,10.1038/s41598-017-10684-5,1,"[""ORG-1568""]"
16986,10.1007/978-1-4939-7774-1_10,4,"[""ORG-0082"",""ORG-1738"",""ORG-1934"",""ORG-1979""]"
16991,10.1002/cam4.1311,3,"[""ORG-0527"",""ORG-1421"",""ORG-2156""]"
16997,10.2147/OTT.S153942,1,"[""ORG-1047""]"
17002,10.1371/journal.ppat.1006596,6,"[""ORG-0013"",""ORG-0897"",""ORG-0963"",""ORG-1039"",""ORG-1040"",""ORG-1205""]"
17005,10.1016/j.clim.2018.03.002,4,"[""ORG-0122"",""ORG-0302"",""ORG-1253"",""ORG-1330""]"
17010,10.1371/journal.pone.0005890,7,"[""ORG-0302"",""ORG-0319"",""ORG-0897"",""ORG-1039"",""ORG-1607"",""ORG-1806"",""ORG-2193""]"
17012,10.1155/2018/8097965,1,"[""ORG-0943""]"
17015,10.4049/jimmunol.0800561,2,"[""ORG-0302"",""ORG-0833""]"
17022,10.3904/kjim.1994.9.2.120,1,"[""ORG-1831""]"
17034,10.1371/journal.pone.0193964,1,"[""ORG-1949""]"
17039,10.3344/kjp.2011.24.2.108,1,"[""ORG-2120""]"
17043,10.1002/art.40189,5,"[""ORG-0897"",""ORG-0943"",""ORG-1368"",""ORG-1859"",""ORG-1910""]"
17048,10.1016/j.virol.2009.05.013,4,"[""ORG-0772"",""ORG-0858"",""ORG-0895"",""ORG-0989""]"
17055,10.1158/1078-0432.CCR-17-2954,3,"[""ORG-0854"",""ORG-1844"",""ORG-2163""]"
17060,10.1186/s13104-018-3271-3,5,"[""ORG-0938"",""ORG-0946"",""ORG-1910"",""ORG-2120"",""ORG-2189""]"
17062,10.1093/infdis/jiy096,4,"[""ORG-0319"",""ORG-0549"",""ORG-1351"",""ORG-1714""]"
17063,10.1158/1078-0432.CCR-10-3083,6,"[""ORG-0124"",""ORG-0302"",""ORG-0310"",""ORG-0319"",""ORG-0385"",""ORG-0559""]"
17065,10.1371/journal.ppat.1006524,12,"[""ORG-0833"",""ORG-1039"",""ORG-1257"",""ORG-1607"",""ORG-1746"",""ORG-1747"",""ORG-1848"",""ORG-1949"",""ORG-2034"",""ORG-2140"",""ORG-2159"",""ORG-2171""]"
17074,10.1128/JVI.01137-17,8,"[""ORG-0728"",""ORG-0860"",""ORG-1330"",""ORG-1812"",""ORG-1910"",""ORG-1956"",""ORG-2140"",""ORG-2141""]"
17076,10.2147/IJN.S152237,1,"[""ORG-1503""]"
17078,10.1128/JVI.00980-17,7,"[""ORG-0897"",""ORG-0904"",""ORG-1039"",""ORG-1527"",""ORG-1607"",""ORG-1903"",""ORG-1969""]"
17086,10.1371/journal.ppat.1002084,6,"[""ORG-0854"",""ORG-0882"",""ORG-1454"",""ORG-1862"",""ORG-2141"",""ORG-2147""]"
17087,10.1126/scitranslmed.3002194,1,"[""ORG-2161""]"
17094,10.1371/journal.pone.0193244,2,"[""ORG-0319"",""ORG-1921""]"
17101,10.1016/j.schres.2017.08.001,1,"[""ORG-0854""]"
17102,10.3904/kjim.2015.354,2,"[""ORG-0363"",""ORG-0861""]"
17107,10.1038/s41598-017-09540-3,3,"[""ORG-0974"",""ORG-1023"",""ORG-2147""]"
17113,10.1016/j.virusres.2011.06.003,2,"[""ORG-0571"",""ORG-0895""]"
17128,10.1038/s41598-018-22058-6,1,"[""ORG-1131""]"
17130,10.3390/molecules22081370,4,"[""ORG-0188"",""ORG-0506"",""ORG-1856"",""ORG-1956""]"
17136,10.1038/s41598-017-08866-2,5,"[""ORG-0772"",""ORG-0858"",""ORG-1215"",""ORG-1986"",""ORG-2140""]"
17141,10.4049/jimmunol.1700242,3,"[""ORG-0796"",""ORG-1253"",""ORG-1934""]"
17147,10.1002/cam4.1345,3,"[""ORG-0951"",""ORG-1221"",""ORG-1881""]"
17151,10.1080/19420862.2017.1364824,8,"[""ORG-0796"",""ORG-0861"",""ORG-0970"",""ORG-1119"",""ORG-1230"",""ORG-1330"",""ORG-1851"",""ORG-2139""]"
17158,10.1186/s13027-017-0151-8,5,"[""ORG-0518"",""ORG-0527"",""ORG-1361"",""ORG-1896"",""ORG-2156""]"
17161,10.2147/OTT.S133917,1,"[""ORG-0897""]"
17175,10.1128/mBio.01141-17,4,"[""ORG-0086"",""ORG-0963"",""ORG-1921"",""ORG-1986""]"
17178,10.1007/s10528-018-9848-7,4,"[""ORG-1232"",""ORG-1368"",""ORG-1900"",""ORG-2306""]"
17185,10.7555/JBR.31.20170009,1,"[""ORG-1361""]"
17186,10.1186/1741-7015-7-26,4,"[""ORG-1368"",""ORG-1631"",""ORG-1831"",""ORG-2120""]"
17189,10.1186/s12985-017-0811-8,3,"[""ORG-1230"",""ORG-1413"",""ORG-1598""]"
17191,10.1186/s12886-017-0525-0,1,"[""ORG-0795""]"
17192,10.1016/j.jcv.2017.07.016,1,"[""ORG-0373""]"
17194,10.1186/1743-422X-6-65,11,"[""ORG-0317"",""ORG-0772"",""ORG-0854"",""ORG-0858"",""ORG-0904"",""ORG-0963"",""ORG-1245"",""ORG-1325"",""ORG-1797"",""ORG-1829"",""ORG-1934""]"
17204,10.1016/j.bbmt.2011.05.006,4,"[""ORG-0155"",""ORG-0302"",""ORG-1948"",""ORG-2189""]"
17211,10.1038/s41598-017-08370-7,2,"[""ORG-0529"",""ORG-0566""]"
17213,10.1371/journal.pbio.1000107,6,"[""ORG-0860"",""ORG-1039"",""ORG-1119"",""ORG-1583"",""ORG-1607"",""ORG-2147""]"
17216,10.1371/journal.pone.0178763,2,"[""ORG-0897"",""ORG-1146""]"
17226,10.1371/journal.ppat.1006507,2,"[""ORG-0302"",""ORG-0560""]"
17234,10.1038/bjc.2011.215,1,"[""ORG-0527""]"
17242,10.3390/v9080217,4,"[""ORG-0833"",""ORG-1800"",""ORG-1812"",""ORG-1866""]"
17250,10.1099/mgen.0.000087,4,"[""ORG-1232"",""ORG-1887"",""ORG-1974"",""ORG-2062""]"
17258,10.4049/jimmunol.1701676,1,"[""ORG-0970""]"
17268,10.1097/QAI.0b013e318224d0c7,3,"[""ORG-0302"",""ORG-0988"",""ORG-2163""]"
17275,10.1128/mSphere.00030-18,6,"[""ORG-0267"",""ORG-0316"",""ORG-0527"",""ORG-1087"",""ORG-1205"",""ORG-1969""]"
17276,10.3390/pathogens6030034,4,"[""ORG-1023"",""ORG-1039"",""ORG-1607"",""ORG-2140""]"
17285,10.3389/fonc.2017.00149,2,"[""ORG-0667"",""ORG-1846""]"
17287,10.3389/fimmu.2017.00784,4,"[""ORG-0869"",""ORG-1221"",""ORG-1856"",""ORG-1881""]"
17288,10.3389/fmicb.2017.01318,4,"[""ORG-0319"",""ORG-0833"",""ORG-1607"",""ORG-1944""]"
17291,10.1016/j.cmi.2018.01.030,5,"[""ORG-0302"",""ORG-0938"",""ORG-1364"",""ORG-1603"",""ORG-1910""]"
17292,10.1371/journal.ppat.1006543,9,"[""ORG-0319"",""ORG-0421"",""ORG-0482"",""ORG-1051"",""ORG-1798"",""ORG-1856"",""ORG-2147"",""ORG-2170"",""ORG-2260""]"
17294,10.1097/MD.0000000000007261,2,"[""ORG-0518"",""ORG-1913""]"
17299,10.1016/j.bbmt.2017.12.787,1,"[""ORG-2260""]"
17301,10.1371/journal.ppat.1001344,7,"[""ORG-0015"",""ORG-0728"",""ORG-0772"",""ORG-0858"",""ORG-1093"",""ORG-1586"",""ORG-1934""]"
17302,10.1371/journal.pone.0192659,9,"[""ORG-0363"",""ORG-0364"",""ORG-0963"",""ORG-1039"",""ORG-1040"",""ORG-1095"",""ORG-1585"",""ORG-1913"",""ORG-1934""]"
17304,10.1371/journal.ppat.1002054,4,"[""ORG-1039"",""ORG-1464"",""ORG-1607"",""ORG-2260""]"
17305,10.1038/gt.2009.49,3,"[""ORG-0315"",""ORG-1057"",""ORG-1921""]"
17314,10.1136/annrheumdis-2016-210509,3,"[""ORG-0319"",""ORG-1315"",""ORG-2248""]"
17324,10.1080/21645515.2017.1412896,2,"[""ORG-0014"",""ORG-0897""]"
17340,10.1186/1752-1947-5-209,2,"[""ORG-0861"",""ORG-2193""]"
17342,10.1016/j.jep.2009.02.028,1,"[""ORG-0416""]"
17361,10.1016/j.virol.2011.04.005,3,"[""ORG-0527"",""ORG-0529"",""ORG-1834""]"
17364,10.1371/journal.pone.0018609,5,"[""ORG-1330"",""ORG-1368"",""ORG-1798"",""ORG-1956"",""ORG-2260""]"
17370,10.1371/journal.pone.0192109,3,"[""ORG-0360"",""ORG-0545"",""ORG-1931""]"
17378,10.1016/j.bbmt.2011.04.008,2,"[""ORG-1361"",""ORG-1461""]"
17380,10.1371/journal.ppat.1006843,5,"[""ORG-0312"",""ORG-1798"",""ORG-1952"",""ORG-2140"",""ORG-2147""]"
17381,10.1016/j.bbamcr.2011.05.003,2,"[""ORG-0941"",""ORG-1418""]"
17386,10.1111/bjd.16399,4,"[""ORG-0943"",""ORG-1368"",""ORG-1859"",""ORG-2208""]"
17389,10.1186/s12979-017-0107-2,3,"[""ORG-1729"",""ORG-1934"",""ORG-1990""]"
17390,10.20411/pai.v2i2.181,1,"[""ORG-0302""]"
17395,10.1093/nar/gky038,4,"[""ORG-0444"",""ORG-0529"",""ORG-1746"",""ORG-1986""]"
17398,10.1111/j.1537-2995.2009.02200.x,3,"[""ORG-0302"",""ORG-0399"",""ORG-1956""]"
17401,10.1016/j.coi.2017.06.010,2,"[""ORG-0897"",""ORG-1245""]"
17402,10.2174/1381612824666180130121946,3,"[""ORG-0522"",""ORG-1122"",""ORG-1798""]"
17404,10.1038/s41598-018-20133-6,1,"[""ORG-0527""]"
17405,10.1016/j.bbmt.2017.07.012,2,"[""ORG-0897"",""ORG-1856""]"
17410,10.1016/j.virol.2017.07.014,6,"[""ORG-0895"",""ORG-0897"",""ORG-1586"",""ORG-1798"",""ORG-1897"",""ORG-2170""]"
17414,10.1177/1352458517722646,2,"[""ORG-0312"",""ORG-1931""]"
17415,10.1186/1743-422X-6-45,3,"[""ORG-0545"",""ORG-0858"",""ORG-1221""]"
17417,10.1111/j.1471-0528.2011.02983.x,2,"[""ORG-2120"",""ORG-2158""]"
17418,10.1038/s41598-018-19957-z,3,"[""ORG-0581"",""ORG-0900"",""ORG-1948""]"
17421,10.3389/fimmu.2017.00777,5,"[""ORG-0319"",""ORG-0360"",""ORG-0434"",""ORG-1944"",""ORG-2260""]"
17425,10.1016/j.chom.2011.04.008,5,"[""ORG-0894"",""ORG-1035"",""ORG-1039"",""ORG-1607"",""ORG-1861""]"
17429,10.14740/jocmr2772w,1,"[""ORG-1927""]"
17435,10.1016/j.jaci.2018.01.001,5,"[""ORG-0854"",""ORG-1361"",""ORG-1585"",""ORG-1921"",""ORG-2260""]"
17439,10.1038/bmt.2009.78,3,"[""ORG-0938"",""ORG-1910"",""ORG-2161""]"
17448,10.1186/1471-2407-9-126,4,"[""ORG-1089"",""ORG-1361"",""ORG-1849"",""ORG-1989""]"
17451,10.1016/j.immuni.2017.06.019,4,"[""ORG-0855"",""ORG-1215"",""ORG-1286"",""ORG-1798""]"
17454,10.1002/path.4944,2,"[""ORG-1819"",""ORG-1848""]"
17460,10.1128/JVI.01918-17,6,"[""ORG-0339"",""ORG-0521"",""ORG-1019"",""ORG-1844"",""ORG-1862"",""ORG-2193""]"
17465,10.1016/j.pharmthera.2011.04.007,6,"[""ORG-0507"",""ORG-0772"",""ORG-0858"",""ORG-1089"",""ORG-1221"",""ORG-2163""]"
17466,10.1371/journal.pgen.1000458,7,"[""ORG-1221"",""ORG-1797"",""ORG-1857"",""ORG-1864"",""ORG-1881"",""ORG-1927"",""ORG-1986""]"
17468,10.1016/S1473-3099(11)70098-6,6,"[""ORG-0825"",""ORG-1221"",""ORG-1368"",""ORG-1851"",""ORG-1897"",""ORG-2114""]"
17469,10.1111/cas.13512,2,"[""ORG-1215"",""ORG-1798""]"
17470,10.1371/journal.pone.0005308,7,"[""ORG-0522"",""ORG-0754"",""ORG-0755"",""ORG-1019"",""ORG-1806"",""ORG-1819"",""ORG-2306""]"
17474,10.3390/ijms19010317,2,"[""ORG-1819"",""ORG-1866""]"
17478,10.1038/bjc.2017.475,6,"[""ORG-0124"",""ORG-0302"",""ORG-0310"",""ORG-0527"",""ORG-0798"",""ORG-1087""]"
17486,10.1186/s12885-017-3482-3,5,"[""ORG-0527"",""ORG-0584"",""ORG-0728"",""ORG-1232"",""ORG-2156""]"
17496,10.1016/j.virol.2017.06.031,3,"[""ORG-1232"",""ORG-1238"",""ORG-1934""]"
17503,10.1038/s41419-017-0081-9,5,"[""ORG-0141"",""ORG-1205"",""ORG-1464"",""ORG-1798"",""ORG-2159""]"
17505,10.12659/MSM.905752,3,"[""ORG-0302"",""ORG-0872"",""ORG-1918""]"
17512,10.1371/journal.ppat.1000389,5,"[""ORG-0312"",""ORG-1035"",""ORG-1095"",""ORG-1503"",""ORG-1607""]"
17518,10.4143/crt.2017.180,2,"[""ORG-1851"",""ORG-1897""]"
17533,10.1186/1743-422X-8-210,5,"[""ORG-0015"",""ORG-0581"",""ORG-0795"",""ORG-0860"",""ORG-1896""]"
17534,10.1038/nature25438,8,"[""ORG-0421"",""ORG-0437"",""ORG-1039"",""ORG-1607"",""ORG-1672"",""ORG-1813"",""ORG-1866"",""ORG-1934""]"
17538,10.1084/jem.20170536,2,"[""ORG-0872"",""ORG-0941""]"
17540,10.1128/mBio.02217-17,6,"[""ORG-0571"",""ORG-0963"",""ORG-1039"",""ORG-1040"",""ORG-1607"",""ORG-1931""]"
17551,10.1371/journal.pone.0019100,4,"[""ORG-0385"",""ORG-0943"",""ORG-1856"",""ORG-1910""]"
17552,10.1002/cpmb.50,3,"[""ORG-0429"",""ORG-1949"",""ORG-2260""]"
17562,10.1038/nm.4473,4,"[""ORG-1178"",""ORG-1200"",""ORG-1427"",""ORG-1428""]"
17564,10.1177/0333102417720216,3,"[""ORG-0399"",""ORG-0854"",""ORG-1931""]"
17567,10.1111/cas.13319,2,"[""ORG-1981"",""ORG-2057""]"
17568,10.1155/2011/790871,1,"[""ORG-1215""]"
17570,10.1016/j.jcyt.2017.11.010,1,"[""ORG-0319""]"
17574,10.1016/j.virusres.2017.07.004,3,"[""ORG-1585"",""ORG-2120"",""ORG-2189""]"
17575,10.1016/j.humimm.2011.03.028,1,"[""ORG-0302""]"
17579,10.1186/1741-7015-7-16,1,"[""ORG-1368""]"
17582,10.1002/hep.24390,3,"[""ORG-0773"",""ORG-1285"",""ORG-1897""]"
17584,10.1083/jcb.201702013,7,"[""ORG-0887"",""ORG-1039"",""ORG-1368"",""ORG-1607"",""ORG-2141"",""ORG-2147"",""ORG-2260""]"
17587,10.1007/s13365-017-0543-y,4,"[""ORG-0319"",""ORG-0772"",""ORG-0858"",""ORG-1668""]"
17600,10.3346/jkms.2018.33.e29,3,"[""ORG-0596"",""ORG-0906"",""ORG-0963""]"
17602,10.1038/s41598-017-18638-7,5,"[""ORG-0518"",""ORG-1135"",""ORG-2159"",""ORG-2160"",""ORG-2306""]"
17608,10.1007/s13317-011-0016-x,1,"[""ORG-0963""]"
17617,10.2217/fmb.11.16,6,"[""ORG-0015"",""ORG-0527"",""ORG-0833"",""ORG-2147"",""ORG-2158"",""ORG-2160""]"
17618,10.1371/journal.pone.0018779,5,"[""ORG-0302"",""ORG-0362"",""ORG-0825"",""ORG-0899"",""ORG-1949""]"
17623,10.1371/journal.ppat.1006769,13,"[""ORG-0854"",""ORG-0882"",""ORG-0884"",""ORG-1286"",""ORG-1432"",""ORG-1798"",""ORG-1898"",""ORG-1905"",""ORG-1918"",""ORG-1921"",""ORG-1923"",""ORG-2139"",""ORG-2141""]"
17630,10.1128/mBio.00678-17,3,"[""ORG-0854"",""ORG-1857"",""ORG-1986""]"
17642,10.1136/bmjopen-2016-013211,4,"[""ORG-0520"",""ORG-0545"",""ORG-1917"",""ORG-2139""]"
17645,10.3390/v9070160,4,"[""ORG-0833"",""ORG-0860"",""ORG-1944"",""ORG-2141""]"
17647,10.1186/1743-422X-8-189,7,"[""ORG-0559"",""ORG-1216"",""ORG-1361"",""ORG-1593"",""ORG-1783"",""ORG-1948"",""ORG-2120""]"
17653,10.1002/ajh.24841,1,"[""ORG-0527""]"
17654,10.1093/nar/gkx1265,1,"[""ORG-0182""]"
17664,10.1371/journal.pone.0005119,2,"[""ORG-1667"",""ORG-2057""]"
17666,10.1371/journal.pone.0025922,4,"[""ORG-0265"",""ORG-1462"",""ORG-1545"",""ORG-1906""]"
17667,10.1111/cas.13492,2,"[""ORG-1848"",""ORG-1974""]"
17671,10.3791/2801,7,"[""ORG-0124"",""ORG-0302"",""ORG-0900"",""ORG-1934"",""ORG-1948"",""ORG-1958"",""ORG-2161""]"
17672,10.3389/fimmu.2017.00692,3,"[""ORG-0188"",""ORG-0619"",""ORG-0946""]"
17675,10.1186/s13046-017-0554-9,1,"[""ORG-1747""]"
17679,10.1097/QAD.0000000000001532,3,"[""ORG-0507"",""ORG-0825"",""ORG-1330""]"
17699,10.3389/fped.2017.00134,6,"[""ORG-0545"",""ORG-0560"",""ORG-0963"",""ORG-1910"",""ORG-1948"",""ORG-1986""]"
17701,10.1186/s13027-017-0147-4,5,"[""ORG-0860"",""ORG-1174"",""ORG-1361"",""ORG-1368"",""ORG-1856""]"
17702,10.1016/j.vaccine.2017.12.025,7,"[""ORG-0171"",""ORG-0429"",""ORG-0431"",""ORG-0549"",""ORG-1841"",""ORG-1900"",""ORG-2141""]"
17707,10.1126/science.1172482,3,"[""ORG-0421"",""ORG-0859"",""ORG-1986""]"
17709,10.1007/s11357-017-9986-6,7,"[""ORG-0772"",""ORG-0858"",""ORG-0897"",""ORG-1089"",""ORG-1738"",""ORG-1797"",""ORG-1812""]"
17710,10.1128/JVI.01951-17,3,"[""ORG-0869"",""ORG-0895"",""ORG-1809""]"
17712,10.1186/1756-9966-30-40,1,"[""ORG-2247""]"
17729,10.1177/2055217317715049,4,"[""ORG-0581"",""ORG-0987"",""ORG-1421"",""ORG-1678""]"
17737,10.1111/cas.13473,5,"[""ORG-0625"",""ORG-1087"",""ORG-1667"",""ORG-1834"",""ORG-1866""]"
17739,10.1186/s12896-017-0374-1,7,"[""ORG-0206"",""ORG-0409"",""ORG-0904"",""ORG-1089"",""ORG-1441"",""ORG-1442"",""ORG-1983""]"
17741,10.3390/v9060158,3,"[""ORG-0363"",""ORG-0963"",""ORG-1135""]"
17744,10.1016/j.cellimm.2009.02.006,5,"[""ORG-1023"",""ORG-1427"",""ORG-1798"",""ORG-1897"",""ORG-1949""]"
17753,10.1016/j.ab.2009.03.015,4,"[""ORG-1119"",""ORG-1639"",""ORG-1797"",""ORG-1936""]"
17757,10.1038/gt.2011.18,2,"[""ORG-1257"",""ORG-1402""]"
17760,10.3389/fimmu.2017.00649,3,"[""ORG-0302"",""ORG-0963"",""ORG-1079""]"
17762,10.1016/j.clim.2017.06.003,2,"[""ORG-0694"",""ORG-1921""]"
17767,10.1186/s13000-017-0636-1,1,"[""ORG-1215""]"
17770,10.1111/j.1600-6143.2008.02539.x,2,"[""ORG-0527"",""ORG-1856""]"
17775,10.1002/hed.21031,2,"[""ORG-1137"",""ORG-2058""]"
17787,10.1155/2017/4758539,4,"[""ORG-0565"",""ORG-0860"",""ORG-1149"",""ORG-2159""]"
17788,10.1038/ja.2017.67,5,"[""ORG-0860"",""ORG-1039"",""ORG-1744"",""ORG-1797"",""ORG-1812""]"
17793,10.1177/2055217317690184,4,"[""ORG-0963"",""ORG-1812"",""ORG-1851"",""ORG-2260""]"
17796,10.1097/PCC.0000000000001376,8,"[""ORG-0015"",""ORG-0753"",""ORG-0899"",""ORG-1330"",""ORG-1361"",""ORG-1432"",""ORG-1981"",""ORG-2167""]"
17809,10.1158/1078-0432.CCR-10-1681,1,"[""ORG-1910""]"
17814,10.1371/journal.pone.0017867,3,"[""ORG-0963"",""ORG-1087"",""ORG-2306""]"
17827,10.1186/1476-4598-8-18,3,"[""ORG-0529"",""ORG-0833"",""ORG-1087""]"
17828,10.1038/s41598-017-03251-5,1,"[""ORG-0141""]"
17839,10.4061/2011/561548,2,"[""ORG-0527"",""ORG-1667""]"
17848,10.3389/fonc.2017.00106,1,"[""ORG-0906""]"
17849,10.4331/wjbc.v8.i2.129,2,"[""ORG-0946"",""ORG-1859""]"
17864,10.1186/2042-4280-2-5,5,"[""ORG-0086"",""ORG-0319"",""ORG-0854"",""ORG-1286"",""ORG-2141""]"
17875,10.1093/cid/cix098,3,"[""ORG-0188"",""ORG-0471"",""ORG-1361""]"
17883,10.1016/S0002-9343(97)80004-6,2,"[""ORG-0736"",""ORG-2161""]"
17886,10.1186/s13027-017-0142-9,4,"[""ORG-1039"",""ORG-1607"",""ORG-1896"",""ORG-2040""]"
17890,10.1186/s40880-017-0215-6,3,"[""ORG-0841"",""ORG-0843"",""ORG-1932""]"
17892,10.1186/1471-2334-11-69,3,"[""ORG-0854"",""ORG-1361"",""ORG-2161""]"
17893,10.1016/j.tranon.2017.03.007,2,"[""ORG-1368"",""ORG-1897""]"
17899,10.1038/gt.2011.15,7,"[""ORG-0124"",""ORG-0362"",""ORG-0899"",""ORG-1057"",""ORG-1305"",""ORG-1834"",""ORG-1844""]"
17907,10.5021/ad.2017.29.3.283,2,"[""ORG-2120"",""ORG-2189""]"
17909,10.1084/jem.20161988,2,"[""ORG-0772"",""ORG-0897""]"
17910,10.18632/oncotarget.17822,1,"[""ORG-0518""]"
17912,10.1371/journal.pbio.1000598,9,"[""ORG-0429"",""ORG-0571"",""ORG-0728"",""ORG-0895"",""ORG-1149"",""ORG-1844"",""ORG-1906"",""ORG-1949"",""ORG-1986""]"
17914,10.1002/lary.26679,1,"[""ORG-1089""]"
17920,10.3389/fphar.2017.00270,2,"[""ORG-0317"",""ORG-1538""]"
17921,10.1084/jem.20101562,4,"[""ORG-0302"",""ORG-0872"",""ORG-1464"",""ORG-1798""]"
17922,10.1042/BSR20170144,2,"[""ORG-1361"",""ORG-1503""]"
17923,10.1186/1743-422X-8-119,10,"[""ORG-0319"",""ORG-0362"",""ORG-0623"",""ORG-0895"",""ORG-0900"",""ORG-1135"",""ORG-1361"",""ORG-1797"",""ORG-1844"",""ORG-2174""]"
17926,10.1111/j.1600-6143.2011.03454.x,2,"[""ORG-1819"",""ORG-1910""]"
17929,10.1136/bmjopen-2017-016427,2,"[""ORG-0860"",""ORG-1948""]"
17933,10.1371/journal.pone.0004556,1,"[""ORG-0511""]"
17940,10.1016/j.virol.2009.01.023,5,"[""ORG-0312"",""ORG-0313"",""ORG-0316"",""ORG-2120"",""ORG-2189""]"
17952,10.1371/journal.ppat.1006401,8,"[""ORG-0360"",""ORG-0854"",""ORG-0899"",""ORG-0900"",""ORG-0963"",""ORG-1545"",""ORG-1906"",""ORG-2306""]"
17955,10.1158/1055-9965.EPI-08-1130,1,"[""ORG-1910""]"
17959,10.1371/journal.pone.0177448,4,"[""ORG-1325"",""ORG-1361"",""ORG-1593"",""ORG-1921""]"
17961,10.1093/gbe/evr014,2,"[""ORG-0312"",""ORG-0938""]"
17963,10.1084/jem.20101402,6,"[""ORG-0833"",""ORG-0860"",""ORG-0982"",""ORG-2141"",""ORG-2160"",""ORG-2165""]"
17972,10.4322/acr.2017.008,1,"[""ORG-1934""]"
17985,10.7150/thno.18301,2,"[""ORG-0302"",""ORG-1230""]"
17991,10.1038/nature09857,4,"[""ORG-0317"",""ORG-0972"",""ORG-1023"",""ORG-1439""]"
18002,10.1186/s12879-017-2445-2,2,"[""ORG-1798"",""ORG-2193""]"
18010,10.1098/rspb.2008.1642,5,"[""ORG-0799"",""ORG-1944"",""ORG-2141"",""ORG-2170"",""ORG-2284""]"
18012,10.4049/jimmunol.1003231,2,"[""ORG-1798"",""ORG-1872""]"
18017,10.1016/j.jmb.2011.02.046,1,"[""ORG-0265""]"
18018,10.1099/jgv.0.000786,3,"[""ORG-1831"",""ORG-1948"",""ORG-2163""]"
18019,10.1089/hum.2017.020,8,"[""ORG-0020"",""ORG-0046"",""ORG-0047"",""ORG-0571"",""ORG-1797"",""ORG-1798"",""ORG-1921"",""ORG-2306""]"
18029,10.12659/AJCR.902377,1,"[""ORG-1421""]"
18033,10.1016/j.coi.2017.04.009,1,"[""ORG-0897""]"
18035,10.1016/j.virusres.2009.01.013,6,"[""ORG-0312"",""ORG-1243"",""ORG-1325"",""ORG-2120"",""ORG-2189"",""ORG-2306""]"
18036,10.4049/jimmunol.1003122,4,"[""ORG-0899"",""ORG-0900"",""ORG-1089"",""ORG-1812""]"
18039,10.1371/journal.pone.0004408,3,"[""ORG-0302"",""ORG-0825"",""ORG-1089""]"
18045,10.1186/s40246-017-0106-6,10,"[""ORG-0317"",""ORG-0581"",""ORG-0728"",""ORG-1668"",""ORG-1851"",""ORG-1868"",""ORG-1910"",""ORG-1948"",""ORG-2189"",""ORG-2260""]"
18046,10.1158/1078-0432.CCR-16-2900,1,"[""ORG-0854""]"
18052,10.1080/21645515.2017.1308988,8,"[""ORG-0559"",""ORG-0772"",""ORG-0858"",""ORG-0904"",""ORG-1536"",""ORG-2142"",""ORG-2147"",""ORG-2306""]"
18057,10.1186/s12979-017-0093-4,4,"[""ORG-0855"",""ORG-2120"",""ORG-2161"",""ORG-2189""]"
18059,10.1084/jem.20081829,2,"[""ORG-0899"",""ORG-2260""]"
18063,10.1136/sextrans-2016-053046,1,"[""ORG-1896""]"
18064,10.1097/MD.0000000000006878,1,"[""ORG-0861""]"
18068,10.2807/1560-7917.ES.2017.22.17.30521,2,"[""ORG-1131"",""ORG-1910""]"
18072,10.1155/2017/5083463,3,"[""ORG-1178"",""ORG-1232"",""ORG-1233""]"
18087,10.1080/21645515.2017.1308987,4,"[""ORG-0125"",""ORG-1368"",""ORG-2120"",""ORG-2189""]"
18094,10.1093/jpids/pix010,2,"[""ORG-0963"",""ORG-1981""]"
18104,10.1016/j.clnu.2017.01.011,1,"[""ORG-1986""]"
18110,10.1016/j.joen.2008.11.018,11,"[""ORG-0188"",""ORG-0363"",""ORG-0772"",""ORG-0799"",""ORG-0854"",""ORG-0858"",""ORG-0963"",""ORG-1798"",""ORG-1952"",""ORG-2120"",""ORG-2189""]"
18125,10.1186/s12879-017-2412-y,3,"[""ORG-0545"",""ORG-1361"",""ORG-1503""]"
18129,10.1371/journal.pone.0004235,3,"[""ORG-0310"",""ORG-0506"",""ORG-1970""]"
18130,10.18632/oncotarget.17083,3,"[""ORG-1095"",""ORG-1238"",""ORG-1361""]"
18136,10.4322/acr.2021.362,2,"[""ORG-1253"",""ORG-2193""]"
18142,10.1371/journal.pone.0014639,4,"[""ORG-0987"",""ORG-1866"",""ORG-1948"",""ORG-2306""]"
18147,10.1371/journal.pone.0016598,4,"[""ORG-0455"",""ORG-0791"",""ORG-0897"",""ORG-2260""]"
18150,10.1055/s-0041-1739236,2,"[""ORG-1221"",""ORG-1910""]"
18152,10.1128/mBio.00281-10,6,"[""ORG-0559"",""ORG-0833"",""ORG-0882"",""ORG-1848"",""ORG-1866"",""ORG-2161""]"
18155,10.1016/j.xplc.2021.100263,2,"[""ORG-1844"",""ORG-1846""]"
18161,10.1038/onc.2017.122,4,"[""ORG-0974"",""ORG-1039"",""ORG-1574"",""ORG-1607""]"
18162,10.1016/j.phyplu.2021.100027,2,"[""ORG-1934"",""ORG-1986""]"
18163,10.1038/nbt.3843,3,"[""ORG-0855"",""ORG-0963"",""ORG-1844""]"
18164,10.12688/f1000research.73315.1,2,"[""ORG-0188"",""ORG-1744""]"
18176,10.4103/jomfp.jomfp_212_21,3,"[""ORG-0943"",""ORG-2120"",""ORG-2189""]"
18182,10.1016/j.placenta.2017.04.011,2,"[""ORG-0772"",""ORG-0858""]"
18183,10.1111/j.1365-2796.2011.02359.x,2,"[""ORG-2120"",""ORG-2189""]"
18186,10.31729/jnma.6629,1,"[""ORG-2120""]"
18188,10.1007/s40588-021-00168-6,2,"[""ORG-0606"",""ORG-0963""]"
18189,10.18632/oncotarget.16996,5,"[""ORG-0319"",""ORG-0527"",""ORG-0987"",""ORG-1087"",""ORG-1866""]"
18199,10.1016/j.jacbts.2021.10.012,2,"[""ORG-0046"",""ORG-0047""]"
18205,10.3389/fphar.2021.790787,4,"[""ORG-0457"",""ORG-0852"",""ORG-0974"",""ORG-1747""]"
18213,10.1371/journal.ppat.1006345,1,"[""ORG-2023""]"
18221,10.3389/fonc.2021.790481,2,"[""ORG-1028"",""ORG-2247""]"
18223,10.3389/fmolb.2021.757644,1,"[""ORG-1851""]"
18230,10.3389/fimmu.2021.800074,4,"[""ORG-0455"",""ORG-1439"",""ORG-1910"",""ORG-1948""]"
18233,10.3389/fmicb.2021.811671,7,"[""ORG-0987"",""ORG-1248"",""ORG-1607"",""ORG-1834"",""ORG-1866"",""ORG-1952"",""ORG-2160""]"
18234,10.1016/j.jmb.2008.12.059,9,"[""ORG-0267"",""ORG-0503"",""ORG-0987"",""ORG-1205"",""ORG-1368"",""ORG-1672"",""ORG-1866"",""ORG-1913"",""ORG-2141""]"
18239,10.4103/2589-0557.203439,2,"[""ORG-0861"",""ORG-2120""]"
18243,10.18502/ijhoscr.v15i3.6843,1,"[""ORG-1958""]"
18247,10.1007/s11481-011-9257-8,2,"[""ORG-0825"",""ORG-1949""]"
18248,10.5114/reum.2021.112349,2,"[""ORG-0943"",""ORG-1867""]"
18252,10.1016/j.omto.2021.12.017,5,"[""ORG-0194"",""ORG-0302"",""ORG-0527"",""ORG-1986"",""ORG-2156""]"
18253,10.22034/APJCP.2017.18.3.593,4,"[""ORG-0772"",""ORG-0858"",""ORG-1361"",""ORG-1896""]"
18255,10.1186/1743-422X-6-4,4,"[""ORG-0559"",""ORG-1872"",""ORG-1969"",""ORG-2147""]"
18256,10.3892/etm.2021.11059,2,"[""ORG-0581"",""ORG-1846""]"
18268,10.1097/QAI.0b013e31819550a4,3,"[""ORG-1089"",""ORG-1368"",""ORG-1910""]"
18269,10.3389/fmicb.2021.795555,4,"[""ORG-0363"",""ORG-0861"",""ORG-1361"",""ORG-1607""]"
18275,10.3389/fimmu.2021.758721,2,"[""ORG-0895"",""ORG-0897""]"
18277,10.3390/ph15010050,1,"[""ORG-2260""]"
18280,10.1038/cti.2017.4,1,"[""ORG-0302""]"
18293,10.1016/j.neo.2017.02.012,3,"[""ORG-1811"",""ORG-1931"",""ORG-2159""]"
18299,10.18632/oncotarget.15675,2,"[""ORG-0313"",""ORG-0527""]"
18317,10.3390/ijms23010263,3,"[""ORG-0302"",""ORG-0772"",""ORG-1829""]"
18319,10.1016/j.virol.2010.12.054,5,"[""ORG-0015"",""ORG-1095"",""ORG-1841"",""ORG-1890"",""ORG-1936""]"
18322,10.3390/ijms23010242,7,"[""ORG-0360"",""ORG-0576"",""ORG-0854"",""ORG-0897"",""ORG-0974"",""ORG-1286"",""ORG-1439""]"
18327,10.3390/cancers14010031,5,"[""ORG-0527"",""ORG-0529"",""ORG-0898"",""ORG-1844"",""ORG-2156""]"
18329,10.1186/s43556-021-00045-0,2,"[""ORG-0319"",""ORG-0974""]"
18336,10.3389/fmed.2021.750760,2,"[""ORG-1603"",""ORG-1851""]"
18337,10.2217/17460794.4.1.79,6,"[""ORG-0623"",""ORG-0791"",""ORG-0860"",""ORG-1932"",""ORG-2147"",""ORG-2193""]"
18345,10.3389/fimmu.2021.773853,6,"[""ORG-0319"",""ORG-0542"",""ORG-1089"",""ORG-1603"",""ORG-1921"",""ORG-2304""]"
18353,10.3389/fimmu.2021.789647,1,"[""ORG-1747""]"
18354,10.1371/journal.pone.0014488,5,"[""ORG-0434"",""ORG-0503"",""ORG-0581"",""ORG-1834"",""ORG-2260""]"
18356,10.1038/sj.bjc.6606088,1,"[""ORG-1039""]"
18358,10.18632/oncotarget.16407,2,"[""ORG-1364"",""ORG-1948""]"
18385,10.1016/j.jceh.2021.12.003,2,"[""ORG-1856"",""ORG-1920""]"
18392,10.4049/jimmunol.1001869,2,"[""ORG-1072"",""ORG-1958""]"
18401,10.1089/vim.2008.0048,5,"[""ORG-0772"",""ORG-0858"",""ORG-0898"",""ORG-0942"",""ORG-0989""]"
18403,10.1016/j.celrep.2021.110144,4,"[""ORG-0902"",""ORG-1039"",""ORG-1986"",""ORG-2147""]"
18406,10.31138/mjr.32.3.280,3,"[""ORG-1798"",""ORG-2120"",""ORG-2158""]"
18409,10.12688/f1000research.10591.1,1,"[""ORG-0963""]"
18413,10.31053/1853.0605.v78.n4.32945,1,"[""ORG-1666""]"
18420,10.3390/v13122481,5,"[""ORG-0772"",""ORG-0858"",""ORG-1221"",""ORG-1361"",""ORG-1890""]"
18426,10.3390/v13122392,3,"[""ORG-0988"",""ORG-1146"",""ORG-1147""]"
18432,10.18632/oncotarget.15605,6,"[""ORG-0833"",""ORG-0963"",""ORG-1035"",""ORG-1039"",""ORG-1607"",""ORG-2162""]"
18434,10.3390/v13122343,1,"[""ORG-1865""]"
18439,10.1097/MD.0000000000006518,2,"[""ORG-1603"",""ORG-1981""]"
18440,10.3390/vaccines9121394,2,"[""ORG-0970"",""ORG-1847""]"
18460,10.3389/fpls.2021.786871,3,"[""ORG-0545"",""ORG-2176"",""ORG-2177""]"
18462,10.3389/fimmu.2021.779961,2,"[""ORG-0302"",""ORG-1668""]"
18464,10.1136/bmjopen-2020-046891,3,"[""ORG-0943"",""ORG-1368"",""ORG-1910""]"
18471,10.3389/fimmu.2017.00325,4,"[""ORG-0302"",""ORG-1122"",""ORG-1773"",""ORG-1921""]"
18474,10.12659/AJCR.902418,3,"[""ORG-0227"",""ORG-0906"",""ORG-1221""]"
18475,10.3390/life11121345,3,"[""ORG-0188"",""ORG-0596"",""ORG-1714""]"
18478,10.3390/genes12121857,3,"[""ORG-1135"",""ORG-1847"",""ORG-2260""]"
18480,10.1007/s11262-017-1452-0,6,"[""ORG-0772"",""ORG-0858"",""ORG-1846"",""ORG-1851"",""ORG-1857"",""ORG-2114""]"
18483,10.3390/microorganisms9122489,6,"[""ORG-0312"",""ORG-0982"",""ORG-1135"",""ORG-1773"",""ORG-1798"",""ORG-1949""]"
18487,10.3390/biom11121792,1,"[""ORG-0527""]"
18490,10.1186/1743-422X-8-2,3,"[""ORG-0963"",""ORG-1135"",""ORG-1248""]"
18510,10.1002/ijc.24014,6,"[""ORG-0302"",""ORG-0363"",""ORG-0364"",""ORG-0520"",""ORG-0527"",""ORG-0895""]"
18514,10.7150/jca.17536,2,"[""ORG-1023"",""ORG-1851""]"
18515,10.1128/jvi.01560-21,7,"[""ORG-0860"",""ORG-1039"",""ORG-1545"",""ORG-1607"",""ORG-1797"",""ORG-1822"",""ORG-1906""]"
18517,10.1099/vir.0.006569-0,3,"[""ORG-0963"",""ORG-1897"",""ORG-1900""]"
18525,10.4061/2011/726964,3,"[""ORG-1039"",""ORG-1607"",""ORG-1844""]"
18538,10.3389/fimmu.2011.00085,1,"[""ORG-1747""]"
18539,10.1155/2008/859407,2,"[""ORG-0527"",""ORG-1747""]"
18540,10.3389/fimmu.2011.00019,3,"[""ORG-1039"",""ORG-1607"",""ORG-1672""]"
18541,10.1186/s40001-021-00620-9,3,"[""ORG-0136"",""ORG-1851"",""ORG-1986""]"
18542,10.1186/s12887-021-03004-4,3,"[""ORG-0188"",""ORG-0906"",""ORG-1867""]"
18543,10.1186/s12889-021-12343-x,2,"[""ORG-1368"",""ORG-1798""]"
18552,10.3389/fimmu.2021.743466,1,"[""ORG-0904""]"
18555,10.1016/j.coviro.2021.11.016,6,"[""ORG-0772"",""ORG-0833"",""ORG-0858"",""ORG-1811"",""ORG-2160"",""ORG-2260""]"
18576,10.1007/s00223-017-0265-4,3,"[""ORG-0581"",""ORG-0942"",""ORG-0963""]"
18577,10.1002/ijc.24051,1,"[""ORG-0581""]"
18586,10.1097/MOT.0b013e3283186ba9,3,"[""ORG-0527"",""ORG-1931"",""ORG-1949""]"
18588,10.1136/ard.2008.093690,4,"[""ORG-0943"",""ORG-1089"",""ORG-1896"",""ORG-1910""]"
18589,10.1371/journal.pone.0174305,3,"[""ORG-0581"",""ORG-0963"",""ORG-1896""]"
18590,10.1177/17448069211052171,6,"[""ORG-0573"",""ORG-0728"",""ORG-0756"",""ORG-2120"",""ORG-2141"",""ORG-2189""]"
18594,10.1007/s10989-021-10334-5,6,"[""ORG-0581"",""ORG-0720"",""ORG-0987"",""ORG-1084"",""ORG-1215"",""ORG-1948""]"
18595,10.1007/s11908-021-00770-1,1,"[""ORG-1797""]"
18604,10.1177/2050312116682128,3,"[""ORG-1856"",""ORG-1897"",""ORG-1932""]"
18609,10.7759/cureus.19314,2,"[""ORG-0860"",""ORG-1948""]"
18610,10.1371/journal.pone.0174014,4,"[""ORG-0963"",""ORG-1856"",""ORG-1890"",""ORG-2306""]"
18613,10.22034/APJCP.2017.18.2.523,1,"[""ORG-1834""]"
18618,10.1016/j.omtm.2016.12.005,3,"[""ORG-0188"",""ORG-0243"",""ORG-0619""]"
18621,10.1093/nar/gkn969,3,"[""ORG-0799"",""ORG-1738"",""ORG-2328""]"
18632,10.1016/j.bbrc.2017.03.101,5,"[""ORG-0036"",""ORG-0559"",""ORG-0895"",""ORG-1039"",""ORG-1607""]"
18633,10.1158/1078-0432.CCR-08-1364,1,"[""ORG-0963""]"
18634,10.1016/j.brainres.2008.11.011,3,"[""ORG-1331"",""ORG-1527"",""ORG-1690""]"
18635,10.1099/acmi.0.000256,4,"[""ORG-0506"",""ORG-0860"",""ORG-1092"",""ORG-1890""]"
18640,10.3390/cancers13236078,6,"[""ORG-0527"",""ORG-0897"",""ORG-1221"",""ORG-1503"",""ORG-1881"",""ORG-1934""]"
18643,10.3390/cancers13236021,5,"[""ORG-0133"",""ORG-0317"",""ORG-0527"",""ORG-1834"",""ORG-1847""]"
18644,10.1186/s12896-017-0353-6,7,"[""ORG-0335"",""ORG-0338"",""ORG-0680"",""ORG-0778"",""ORG-1831"",""ORG-1897"",""ORG-1900""]"
18645,10.4142/jvs.2008.9.4.367,3,"[""ORG-1844"",""ORG-1900"",""ORG-1936""]"
18651,10.3390/ijms222312774,7,"[""ORG-0539"",""ORG-1084"",""ORG-1257"",""ORG-1421"",""ORG-1844"",""ORG-1867"",""ORG-1913""]"
18662,10.1002/jmv.21322,5,"[""ORG-0795"",""ORG-0860"",""ORG-0897"",""ORG-1039"",""ORG-1361""]"
18669,10.3390/pathogens6010011,6,"[""ORG-0317"",""ORG-0511"",""ORG-1039"",""ORG-1089"",""ORG-1238"",""ORG-1607""]"
18677,10.1186/s12985-021-01712-y,4,"[""ORG-0963"",""ORG-0970"",""ORG-2114"",""ORG-2147""]"
18682,10.1093/infdis/jix004,1,"[""ORG-1603""]"
18684,10.1186/s13054-021-03843-8,5,"[""ORG-0753"",""ORG-0854"",""ORG-0943"",""ORG-1286"",""ORG-1856""]"
18688,10.1097/QAI.0b013e3181ff976b,3,"[""ORG-1035"",""ORG-1039"",""ORG-1607""]"
18693,10.1007/s40257-017-0270-4,3,"[""ORG-1035"",""ORG-1607"",""ORG-2147""]"
18700,10.3389/fimmu.2021.765644,1,"[""ORG-1890""]"
18705,10.3389/fimmu.2021.656797,2,"[""ORG-0736"",""ORG-1072""]"
18706,10.1186/s13256-016-1183-1,4,"[""ORG-0860"",""ORG-0861"",""ORG-1330"",""ORG-1490""]"
18707,10.1186/s12879-017-2319-7,3,"[""ORG-1744"",""ORG-2120"",""ORG-2189""]"
18711,10.1021/acs.molpharmaceut.6b01088,8,"[""ORG-0302"",""ORG-0455"",""ORG-0772"",""ORG-0895"",""ORG-0897"",""ORG-0951"",""ORG-0963"",""ORG-1872""]"
18713,10.1016/j.meegid.2017.03.013,10,"[""ORG-0188"",""ORG-0699"",""ORG-0772"",""ORG-0858"",""ORG-1462"",""ORG-1797"",""ORG-1800"",""ORG-1844"",""ORG-1972"",""ORG-2260""]"
18721,10.1002/jmv.24810,4,"[""ORG-0860"",""ORG-1948"",""ORG-2120"",""ORG-2189""]"
18723,10.1186/1752-1947-2-356,1,"[""ORG-1631""]"
18727,10.3389/fimmu.2017.00195,6,"[""ORG-0302"",""ORG-0455"",""ORG-0529"",""ORG-0906"",""ORG-1949"",""ORG-1956""]"
18737,10.3389/fncir.2017.00009,1,"[""ORG-1903""]"
18738,10.1186/s12943-021-01458-9,3,"[""ORG-0527"",""ORG-1361"",""ORG-1931""]"
18743,10.1097/QAI.0b013e3181fc0141,3,"[""ORG-0897"",""ORG-1039"",""ORG-1913""]"
18747,10.1371/journal.ppat.1010117,11,"[""ORG-0141"",""ORG-0503"",""ORG-0854"",""ORG-0855"",""ORG-0895"",""ORG-0897"",""ORG-1203"",""ORG-1246"",""ORG-1798"",""ORG-1956"",""ORG-2147""]"
18760,10.1186/s13014-021-01954-8,2,"[""ORG-0409"",""ORG-1910""]"
18761,10.1016/j.semnephrol.2008.08.010,4,"[""ORG-0363"",""ORG-0364"",""ORG-1285"",""ORG-1970""]"
18763,10.32074/1591-951X-351,2,"[""ORG-1607"",""ORG-1934""]"
18769,10.1016/j.virol.2008.10.017,1,"[""ORG-0836""]"
18772,10.3390/microorganisms9112382,2,"[""ORG-0772"",""ORG-2136""]"
18774,10.1515/hsz-2017-0101,6,"[""ORG-0421"",""ORG-0833"",""ORG-1039"",""ORG-1040"",""ORG-1607"",""ORG-2313""]"
18781,10.3390/v13112289,4,"[""ORG-1243"",""ORG-1327"",""ORG-2120"",""ORG-2189""]"
18790,10.3390/jpm11111065,2,"[""ORG-1831"",""ORG-1851""]"
18794,10.3390/ijerph182212053,2,"[""ORG-0846"",""ORG-1667""]"
18801,10.3748/wjg.v23.i7.1224,1,"[""ORG-1089""]"
18805,10.1007/s11095-008-9777-y,2,"[""ORG-0048"",""ORG-0362""]"
18806,10.3390/jcm10225359,2,"[""ORG-1257"",""ORG-1896""]"
18808,10.1038/icb.2008.80,3,"[""ORG-0302"",""ORG-0312"",""ORG-0899""]"
18809,10.3390/jcm10225344,4,"[""ORG-1146"",""ORG-1147"",""ORG-1921"",""ORG-1969""]"
18820,10.1007/s12098-021-03936-w,2,"[""ORG-0897"",""ORG-1368""]"
18829,10.3390/vetsci8110253,4,"[""ORG-0207"",""ORG-0312"",""ORG-1954"",""ORG-2306""]"
18831,10.1002/ijc.30682,1,"[""ORG-1368""]"
18836,10.1016/j.virol.2008.10.010,3,"[""ORG-0014"",""ORG-0680"",""ORG-0897""]"
18838,10.1155/2017/5672523,2,"[""ORG-0943"",""ORG-1910""]"
18847,10.1186/s40360-017-0120-2,4,"[""ORG-1490"",""ORG-1819"",""ORG-2120"",""ORG-2189""]"
18848,10.1186/s12985-017-0715-7,2,"[""ORG-0858"",""ORG-1361""]"
18851,10.1136/jitc-2021-003550,2,"[""ORG-1364"",""ORG-2306""]"
18858,10.1002/ijc.24012,4,"[""ORG-0856"",""ORG-0865"",""ORG-1253"",""ORG-1767""]"
18859,10.3389/fphys.2017.00089,3,"[""ORG-0457"",""ORG-0573"",""ORG-1921""]"
18860,10.1038/s41590-021-01073-2,4,"[""ORG-0302"",""ORG-0808"",""ORG-1668"",""ORG-1851""]"
18866,10.4049/jimmunol.2100535,7,"[""ORG-0048"",""ORG-0049"",""ORG-0302"",""ORG-0319"",""ORG-1441"",""ORG-1442"",""ORG-1668""]"
18869,10.1016/j.clindermatol.2021.05.027,2,"[""ORG-1603"",""ORG-1948""]"
18873,10.1016/j.tranon.2021.101287,4,"[""ORG-0854"",""ORG-0899"",""ORG-1897"",""ORG-2170""]"
18879,10.3389/fmed.2021.757730,3,"[""ORG-0906"",""ORG-0974"",""ORG-1246""]"
18881,10.3389/fcell.2021.782473,6,"[""ORG-0362"",""ORG-0374"",""ORG-0584"",""ORG-1238"",""ORG-1846"",""ORG-2156""]"
18894,10.1186/s40169-017-0140-y,2,"[""ORG-0086"",""ORG-1330""]"
18900,10.1371/journal.pone.0003637,2,"[""ORG-0943"",""ORG-1910""]"
18905,10.1371/journal.ppat.1006249,7,"[""ORG-0379"",""ORG-0833"",""ORG-0897"",""ORG-0974"",""ORG-1948"",""ORG-2163"",""ORG-2170""]"
18908,10.1097/MD.0000000000005981,1,"[""ORG-0861""]"
18910,10.1007/82_2010_108,1,"[""ORG-1952""]"
18918,10.1016/S2214-109X(21)00407-1,5,"[""ORG-0943"",""ORG-1368"",""ORG-1800"",""ORG-1896"",""ORG-1910""]"
18926,10.3389/fmicb.2017.00203,1,"[""ORG-0302""]"
18938,10.1186/s12879-017-2247-6,1,"[""ORG-1981""]"
18944,10.1038/mt.2008.232,8,"[""ORG-0974"",""ORG-1361"",""ORG-1503"",""ORG-1593"",""ORG-1905"",""ORG-1908"",""ORG-1932"",""ORG-2306""]"
18945,10.3389/fonc.2021.740776,3,"[""ORG-0602"",""ORG-1228"",""ORG-1903""]"
18949,10.1186/1756-0500-1-100,6,"[""ORG-0518"",""ORG-0529"",""ORG-0897"",""ORG-1321"",""ORG-1368"",""ORG-2306""]"
18954,10.1016/j.omto.2021.10.006,7,"[""ORG-0317"",""ORG-0559"",""ORG-1585"",""ORG-1668"",""ORG-1844"",""ORG-1952"",""ORG-2140""]"
18957,10.3389/fimmu.2017.00105,7,"[""ORG-0858"",""ORG-0897"",""ORG-0899"",""ORG-1857"",""ORG-1949"",""ORG-1969"",""ORG-2260""]"
18960,10.1038/s41467-021-26912-6,6,"[""ORG-0317"",""ORG-0529"",""ORG-0571"",""ORG-1243"",""ORG-1773"",""ORG-1948""]"
18962,10.1136/bmjopen-2020-045718,3,"[""ORG-0906"",""ORG-1819"",""ORG-1896""]"
18963,10.1007/s40268-017-0177-9,2,"[""ORG-1503"",""ORG-1844""]"
18967,10.22037/ijcn.v15i4.31285,2,"[""ORG-0906"",""ORG-1368""]"
18972,10.2174/1874091X00802010060,8,"[""ORG-0319"",""ORG-1286"",""ORG-1797"",""ORG-1851"",""ORG-1877"",""ORG-1879"",""ORG-1989"",""ORG-2306""]"
18978,10.1016/j.semcancer.2008.09.003,5,"[""ORG-0860"",""ORG-1039"",""ORG-1040"",""ORG-1607"",""ORG-2156""]"
18984,10.3389/fonc.2021.756480,3,"[""ORG-0399"",""ORG-0527"",""ORG-1931""]"
18987,10.1111/j.1399-3062.2010.00547.x,3,"[""ORG-0943"",""ORG-1368"",""ORG-1868""]"
18989,10.1186/s12985-017-0692-x,10,"[""ORG-0854"",""ORG-0895"",""ORG-0897"",""ORG-0902"",""ORG-0990"",""ORG-1361"",""ORG-1441"",""ORG-1442"",""ORG-1897"",""ORG-2306""]"
18992,10.1155/2021/1009551,2,"[""ORG-0854"",""ORG-1844""]"
18993,10.3389/fgene.2021.756493,2,"[""ORG-1931"",""ORG-2141""]"
18996,10.3389/fimmu.2021.741837,1,"[""ORG-1872""]"
18998,10.3389/fimmu.2021.732826,2,"[""ORG-0938"",""ORG-1822""]"
18999,10.2169/internalmedicine.8104-21,4,"[""ORG-0206"",""ORG-0963"",""ORG-2120"",""ORG-2161""]"
19000,10.1186/s13027-021-00404-0,2,"[""ORG-0012"",""ORG-1890""]"
19007,10.1097/PAS.0b013e318181a826,1,"[""ORG-0527""]"
19011,10.1007/s40121-021-00558-9,3,"[""ORG-0943"",""ORG-1856"",""ORG-1867""]"
19013,10.3390/cancers13215590,3,"[""ORG-0854"",""ORG-0941"",""ORG-1931""]"
19017,10.1016/j.bbmt.2017.02.007,2,"[""ORG-0938"",""ORG-1910""]"
19025,10.3390/molecules26216440,5,"[""ORG-0559"",""ORG-0854"",""ORG-1814"",""ORG-1890"",""ORG-1986""]"
19033,10.1099/vir.0.2008/003137-0,6,"[""ORG-0015"",""ORG-0182"",""ORG-0267"",""ORG-0667"",""ORG-1276"",""ORG-2306""]"
19041,10.1093/jrr/rrw128,1,"[""ORG-1896""]"
19044,10.4103/ijstd.ijstd_20_21,9,"[""ORG-0320"",""ORG-0399"",""ORG-0623"",""ORG-0772"",""ORG-0858"",""ORG-0861"",""ORG-0943"",""ORG-1847"",""ORG-1910""]"
19046,10.1186/s12711-017-0297-2,4,"[""ORG-0191"",""ORG-1131"",""ORG-1846"",""ORG-1856""]"
19056,10.1186/s12913-021-07029-4,1,"[""ORG-1986""]"
19064,10.1038/s41586-021-04054-5,5,"[""ORG-0015"",""ORG-0036"",""ORG-1286"",""ORG-1744"",""ORG-1897""]"
19071,10.1186/1471-2334-8-139,2,"[""ORG-1361"",""ORG-1797""]"
19072,10.1126/scisignal.aai8026,1,"[""ORG-1866""]"
19096,10.1016/j.jaut.2008.08.007,1,"[""ORG-1862""]"
19112,10.7554/eLife.22206,6,"[""ORG-0772"",""ORG-0858"",""ORG-1215"",""ORG-1243"",""ORG-1856"",""ORG-2158""]"
19114,10.1038/ncomms14257,5,"[""ORG-0833"",""ORG-0943"",""ORG-0963"",""ORG-2141"",""ORG-2147""]"
19116,10.1016/j.conctc.2016.05.002,3,"[""ORG-0897"",""ORG-1089"",""ORG-1503""]"
19128,10.1371/journal.pone.0171902,1,"[""ORG-0946""]"
19145,10.1186/s12885-021-08871-9,1,"[""ORG-1969""]"
19149,10.3390/pathogens6010005,3,"[""ORG-0796"",""ORG-0855"",""ORG-1851""]"
19152,10.1038/mt.2008.213,2,"[""ORG-1902"",""ORG-1936""]"
19160,10.1084/jem.20072581,3,"[""ORG-0791"",""ORG-1747"",""ORG-2159""]"
19162,10.1111/tid.12673,3,"[""ORG-0191"",""ORG-1361"",""ORG-1368""]"
19165,10.21037/tp-21-154,4,"[""ORG-0963"",""ORG-1089"",""ORG-1890"",""ORG-1896""]"
19174,10.1186/s12987-016-0049-7,3,"[""ORG-0814"",""ORG-1896"",""ORG-2120""]"
19177,10.3892/etm.2015.2890,1,"[""ORG-1089""]"
19192,10.2217/fvl.15.80,2,"[""ORG-1986"",""ORG-2257""]"
19224,10.1186/1755-8794-1-45,4,"[""ORG-0753"",""ORG-1361"",""ORG-1593"",""ORG-1975""]"
19227,10.1007/s10072-021-05662-9,1,"[""ORG-0385""]"
19232,10.1111/jocd.14521,5,"[""ORG-0938"",""ORG-1047"",""ORG-1910"",""ORG-1981"",""ORG-2120""]"
19234,10.1186/s12979-021-00252-x,5,"[""ORG-1610"",""ORG-1797"",""ORG-1912"",""ORG-2192"",""ORG-2193""]"
19240,10.12659/AJCR.933847,5,"[""ORG-0085"",""ORG-0854"",""ORG-1102"",""ORG-1286"",""ORG-1986""]"
19254,10.1097/TP.0b013e3181861b6c,3,"[""ORG-0302"",""ORG-0365"",""ORG-2057""]"
19256,10.1007/s11845-021-02778-x,1,"[""ORG-0938""]"
19262,10.1002/cti2.1348,12,"[""ORG-0122"",""ORG-0302"",""ORG-0310"",""ORG-0319"",""ORG-0825"",""ORG-0858"",""ORG-0861"",""ORG-0873"",""ORG-1169"",""ORG-1215"",""ORG-1495"",""ORG-1994""]"
19263,10.1186/s13223-017-0178-9,4,"[""ORG-0007"",""ORG-1714"",""ORG-1715"",""ORG-1862""]"
19264,10.1186/1756-9966-27-42,4,"[""ORG-0527"",""ORG-1087"",""ORG-1986"",""ORG-1989""]"
19267,10.1038/s41598-021-00668-x,3,"[""ORG-0362"",""ORG-1811"",""ORG-1867""]"
19279,10.1371/journal.pone.0141925,3,"[""ORG-0854"",""ORG-0938"",""ORG-2306""]"
19280,10.1371/journal.pone.0145457,3,"[""ORG-0302"",""ORG-0360"",""ORG-1949""]"
19287,10.1371/journal.pone.0003256,7,"[""ORG-0302"",""ORG-0319"",""ORG-0772"",""ORG-0858"",""ORG-0897"",""ORG-0899"",""ORG-1921""]"
19288,10.1128/Spectrum.00020-21,3,"[""ORG-0772"",""ORG-0858"",""ORG-1505""]"
19296,10.1371/journal.pone.0170908,9,"[""ORG-0022"",""ORG-0046"",""ORG-0047"",""ORG-0854"",""ORG-1286"",""ORG-1672"",""ORG-1812"",""ORG-1905"",""ORG-2306""]"
19300,10.1007/s13258-021-01173-1,3,"[""ORG-0362"",""ORG-1238"",""ORG-1585""]"
19303,10.1167/iovs.62.13.22,3,"[""ORG-0385"",""ORG-0959"",""ORG-1826""]"
19317,10.3390/v13102019,1,"[""ORG-0943""]"
19318,10.3390/v13102018,2,"[""ORG-2120"",""ORG-2189""]"
19326,10.3390/v13101927,3,"[""ORG-0559"",""ORG-0623"",""ORG-0897""]"
19332,10.12659/AJCR.933267,2,"[""ORG-1089"",""ORG-1859""]"
19340,10.1186/s40104-015-0058-4,3,"[""ORG-1057"",""ORG-1361"",""ORG-1900""]"
19343,10.1167/iovs.16-20668,5,"[""ORG-0854"",""ORG-0872"",""ORG-0963"",""ORG-1286"",""ORG-1856""]"
19348,10.1186/s13071-015-1274-7,2,"[""ORG-0363"",""ORG-0962""]"
19352,10.1371/journal.pone.0145773,6,"[""ORG-0229"",""ORG-0319"",""ORG-0360"",""ORG-0619"",""ORG-0854"",""ORG-1802""]"
19357,10.3390/molecules26206290,7,"[""ORG-0188"",""ORG-0506"",""ORG-0507"",""ORG-0683"",""ORG-0860"",""ORG-1089"",""ORG-1896""]"
19358,10.1371/journal.ppat.1005344,10,"[""ORG-0014"",""ORG-0015"",""ORG-0374"",""ORG-0421"",""ORG-1089"",""ORG-1797"",""ORG-1834"",""ORG-2147"",""ORG-2260"",""ORG-2306""]"
19360,10.1016/j.jcv.2008.07.018,4,"[""ORG-1361"",""ORG-1949"",""ORG-2140"",""ORG-2260""]"
19362,10.3390/jcm10204772,2,"[""ORG-1607"",""ORG-1856""]"
19365,10.3390/children8100845,2,"[""ORG-2120"",""ORG-2189""]"
19375,10.3390/cancers13205097,2,"[""ORG-0361"",""ORG-0974""]"
19384,10.1016/j.cellimm.2021.104450,4,"[""ORG-0319"",""ORG-0938"",""ORG-1797"",""ORG-1921""]"
19386,10.1007/s00005-021-00635-4,2,"[""ORG-1831"",""ORG-1846""]"
19391,10.1038/srep40813,4,"[""ORG-0511"",""ORG-0895"",""ORG-1039"",""ORG-1607""]"
19392,10.1038/ncomms14035,2,"[""ORG-0899"",""ORG-0974""]"
19397,10.1016/j.virol.2008.08.011,8,"[""ORG-0511"",""ORG-0833"",""ORG-0904"",""ORG-1039"",""ORG-1495"",""ORG-1607"",""ORG-1811"",""ORG-2260""]"
19398,10.1371/journal.pone.0256642,1,"[""ORG-1809""]"
19400,10.1093/ofid/ofab137,1,"[""ORG-1330""]"
19401,10.1590/abd1806-4841.20164730,2,"[""ORG-0795"",""ORG-1849""]"
19404,10.1371/journal.ppat.1006124,2,"[""ORG-1039"",""ORG-1607""]"
19405,10.3389/fcimb.2021.738074,7,"[""ORG-0188"",""ORG-0683"",""ORG-1131"",""ORG-1178"",""ORG-1232"",""ORG-1233"",""ORG-1361""]"
19407,10.3389/fimmu.2021.745802,4,"[""ORG-0895"",""ORG-0897"",""ORG-0963"",""ORG-1949""]"
19409,10.3389/fimmu.2021.730507,2,"[""ORG-0365"",""ORG-1897""]"
19416,10.1155/2016/4374375,3,"[""ORG-0124"",""ORG-0854"",""ORG-0917""]"
19417,10.1086/591913,3,"[""ORG-0854"",""ORG-1286"",""ORG-1368""]"
19425,10.1002/lio2.660,2,"[""ORG-0602"",""ORG-0897""]"
19429,10.1186/s12885-015-1964-8,1,"[""ORG-1856""]"
19434,10.1038/srep18057,4,"[""ORG-0302"",""ORG-0527"",""ORG-1852"",""ORG-1859""]"
19439,10.1038/bmt.2016.356,1,"[""ORG-0897""]"
19441,10.1371/journal.pmed.1001919,9,"[""ORG-0320"",""ORG-0399"",""ORG-0736"",""ORG-0943"",""ORG-1872"",""ORG-1913"",""ORG-1981"",""ORG-2120"",""ORG-2158""]"
19445,10.1371/journal.pone.0144548,3,"[""ORG-0602"",""ORG-0943"",""ORG-1603""]"
19460,10.1371/journal.pone.0003152,3,"[""ORG-1744"",""ORG-1812"",""ORG-1866""]"
19467,10.7150/thno.61902,2,"[""ORG-1228"",""ORG-2306""]"
19471,10.3389/fmicb.2016.02111,3,"[""ORG-0772"",""ORG-0858"",""ORG-1797""]"
19477,10.1126/sciadv.abi8795,2,"[""ORG-0825"",""ORG-1910""]"
19484,10.18632/oncotarget.14540,3,"[""ORG-0317"",""ORG-0520"",""ORG-1493""]"
19487,10.3390/cancers13194794,2,"[""ORG-0014"",""ORG-1948""]"
19490,10.3390/cancers13194784,6,"[""ORG-0363"",""ORG-0385"",""ORG-1137"",""ORG-1221"",""ORG-1480"",""ORG-1881""]"
19491,10.3390/cancers13194752,1,"[""ORG-0946""]"
19493,10.1007/s10552-021-01504-3,4,"[""ORG-0421"",""ORG-1852"",""ORG-1896"",""ORG-1981""]"
19496,10.1371/journal.pone.0169653,2,"[""ORG-0302"",""ORG-1361""]"
19499,10.1016/j.chom.2015.11.011,1,"[""ORG-0854""]"
19505,10.1016/j.bbr.2008.08.005,3,"[""ORG-1286"",""ORG-1847"",""ORG-1936""]"
19507,10.1186/s12989-016-0181-1,3,"[""ORG-0319"",""ORG-1135"",""ORG-2147""]"
19512,10.1111/mpp.13146,5,"[""ORG-0363"",""ORG-0429"",""ORG-1902"",""ORG-1979"",""ORG-2306""]"
19513,10.1016/j.vaccine.2008.07.103,3,"[""ORG-0904"",""ORG-1089"",""ORG-1897""]"
19517,10.4049/jimmunol.1601310,5,"[""ORG-0852"",""ORG-0854"",""ORG-1089"",""ORG-1678"",""ORG-1908""]"
19518,10.3389/fonc.2021.611676,1,"[""ORG-2156""]"
19519,10.5501/wjv.v10.i5.229,4,"[""ORG-0970"",""ORG-1934"",""ORG-2057"",""ORG-2167""]"
19527,10.1371/journal.pone.0169611,7,"[""ORG-0020"",""ORG-0046"",""ORG-0047"",""ORG-0455"",""ORG-1321"",""ORG-1844"",""ORG-1936""]"
19528,10.3389/fphar.2021.707695,3,"[""ORG-1112"",""ORG-1931"",""ORG-2164""]"
19532,10.1186/s12903-021-01845-0,1,"[""ORG-1915""]"
19534,10.1158/0008-5472.CAN-08-0627,6,"[""ORG-1039"",""ORG-1253"",""ORG-1607"",""ORG-1868"",""ORG-1883"",""ORG-2306""]"
19540,10.1186/s13027-015-0039-4,3,"[""ORG-0363"",""ORG-0364"",""ORG-2156""]"
19544,10.1136/bmjopen-2016-014032,4,"[""ORG-0943"",""ORG-0963"",""ORG-1910"",""ORG-1934""]"
19545,10.1038/s41467-021-26003-6,4,"[""ORG-0122"",""ORG-0227"",""ORG-0559"",""ORG-0680""]"
19553,10.1371/journal.pone.0169290,4,"[""ORG-0529"",""ORG-0895"",""ORG-0899"",""ORG-1095""]"
19560,10.1039/c6ob02334g,1,"[""ORG-0560""]"
19561,10.1111/cup.14147,3,"[""ORG-1330"",""ORG-1949"",""ORG-2159""]"
19562,10.1097/MD.0000000000027368,3,"[""ORG-0938"",""ORG-1047"",""ORG-1910""]"
19566,10.1158/0008-5472.CAN-15-0894,3,"[""ORG-0361"",""ORG-0974"",""ORG-1215""]"
19567,10.1186/s12884-021-04150-4,2,"[""ORG-0990"",""ORG-2156""]"
19570,10.1016/j.ebiom.2015.08.017,6,"[""ORG-0409"",""ORG-1228"",""ORG-1856"",""ORG-2113"",""ORG-2120"",""ORG-2189""]"
19573,10.1136/bmjgast-2015-000050,3,"[""ORG-1798"",""ORG-1890"",""ORG-1956""]"
19587,10.1186/s12985-015-0433-y,6,"[""ORG-0854"",""ORG-1286"",""ORG-1744"",""ORG-1905"",""ORG-2076"",""ORG-2306""]"
19589,10.1371/journal.pone.0169081,3,"[""ORG-0317"",""ORG-0854"",""ORG-1527""]"
19592,10.1038/srep39861,7,"[""ORG-0317"",""ORG-0511"",""ORG-0854"",""ORG-0974"",""ORG-1020"",""ORG-2140"",""ORG-2141""]"
19594,10.1371/journal.ppat.1005286,12,"[""ORG-0302"",""ORG-0860"",""ORG-0897"",""ORG-1047"",""ORG-1092"",""ORG-1095"",""ORG-1215"",""ORG-1558"",""ORG-1897"",""ORG-1952"",""ORG-2141"",""ORG-2147""]"
19597,10.3892/etm.2015.2684,1,"[""ORG-1931""]"
19601,10.1038/nature07317,5,"[""ORG-0895"",""ORG-0897"",""ORG-1415"",""ORG-1719"",""ORG-1797""]"
19602,10.5213/inj.1620err.002,3,"[""ORG-0855"",""ORG-0941"",""ORG-2159""]"
19606,10.1016/j.joto.2015.12.001,2,"[""ORG-1361"",""ORG-1503""]"
19610,10.1155/2015/829349,1,"[""ORG-0795""]"
19613,10.1016/j.bbmt.2008.06.013,1,"[""ORG-1089""]"
19626,10.3389/fimmu.2021.757669,4,"[""ORG-0457"",""ORG-0899"",""ORG-0974"",""ORG-1932""]"
19630,10.3390/pathogens6010002,1,"[""ORG-0791""]"
19633,10.4062/biomolther.2016.208,3,"[""ORG-0833"",""ORG-0858"",""ORG-1023""]"
19637,10.1136/jitc-2021-002879,6,"[""ORG-0302"",""ORG-0899"",""ORG-0902"",""ORG-1315"",""ORG-1846"",""ORG-1934""]"
19641,10.22034/APJCP.2016.17.11.4907,5,"[""ORG-0772"",""ORG-0858"",""ORG-1361"",""ORG-1797"",""ORG-1896""]"
19643,10.1371/journal.pone.0002977,3,"[""ORG-0319"",""ORG-1773"",""ORG-1861""]"
19644,10.1097/MD.0000000000027392,1,"[""ORG-1089""]"
19651,10.1111/tid.12629,4,"[""ORG-0188"",""ORG-1667"",""ORG-1897"",""ORG-1934""]"
19661,10.1016/j.cmi.2021.09.018,1,"[""ORG-1603""]"
19662,10.1371/journal.pone.0142871,4,"[""ORG-0302"",""ORG-0860"",""ORG-1913"",""ORG-2147""]"
19671,10.1186/1757-1626-1-110,1,"[""ORG-1897""]"
19677,10.1016/j.jtct.2021.09.015,3,"[""ORG-0814"",""ORG-0963"",""ORG-1934""]"
19679,10.1136/sti.2008.032011,1,"[""ORG-1149""]"
19692,10.1097/DAD.0000000000000330,1,"[""ORG-1956""]"
19694,10.1007/s00262-021-03047-7,2,"[""ORG-1257"",""ORG-1970""]"
19696,10.1186/s13578-021-00688-0,3,"[""ORG-1039"",""ORG-1607"",""ORG-1848""]"
19698,10.1371/journal.ppat.1005274,8,"[""ORG-0791"",""ORG-0897"",""ORG-1039"",""ORG-1607"",""ORG-1969"",""ORG-2141"",""ORG-2147"",""ORG-2260""]"
19699,10.3390/vaccines9091035,2,"[""ORG-0155"",""ORG-1738""]"
19701,10.3390/vaccines9091013,1,"[""ORG-2120""]"
19702,10.2147/NDT.S92366,1,"[""ORG-0773""]"
19704,10.1016/j.celrep.2015.10.034,6,"[""ORG-0048"",""ORG-0049"",""ORG-0773"",""ORG-0963"",""ORG-1089"",""ORG-2114""]"
19706,10.18632/oncotarget.14032,3,"[""ORG-0122"",""ORG-1087"",""ORG-1747""]"
19708,10.3390/v13091856,5,"[""ORG-0852"",""ORG-0854"",""ORG-1221"",""ORG-1881"",""ORG-1948""]"
19716,10.3390/v13091758,2,"[""ORG-0385"",""ORG-2163""]"
19718,10.1089/aid.2016.0204,1,"[""ORG-0268""]"
19722,10.3390/v13091685,12,"[""ORG-0313"",""ORG-0316"",""ORG-0549"",""ORG-0772"",""ORG-0773"",""ORG-0858"",""ORG-0963"",""ORG-1230"",""ORG-1241"",""ORG-1242"",""ORG-1898"",""ORG-2163""]"
19727,10.3390/pathogens10091113,3,"[""ORG-0014"",""ORG-0540"",""ORG-0583""]"
19741,10.3390/ijms22189817,4,"[""ORG-0455"",""ORG-0772"",""ORG-0858"",""ORG-2057""]"
19742,10.1155/2016/1495639,1,"[""ORG-0861""]"
19744,10.1371/journal.pone.0142479,4,"[""ORG-0188"",""ORG-0678"",""ORG-0963"",""ORG-1934""]"
19748,10.3390/v8120331,5,"[""ORG-0244"",""ORG-0773"",""ORG-0825"",""ORG-1421"",""ORG-2284""]"
19751,10.18632/oncotarget.13954,4,"[""ORG-0048"",""ORG-0049"",""ORG-0319"",""ORG-1815""]"
19752,10.3390/genes12091432,1,"[""ORG-1846""]"
19753,10.1161/JAHA.116.004243,4,"[""ORG-0363"",""ORG-0364"",""ORG-0736"",""ORG-0943""]"
19754,10.3390/cancers13184578,3,"[""ORG-0527"",""ORG-1866"",""ORG-2260""]"
19758,10.3390/cells10092360,7,"[""ORG-0363"",""ORG-0861"",""ORG-1361"",""ORG-1877"",""ORG-1921"",""ORG-1981"",""ORG-2306""]"
19759,10.1111/j.1365-2141.2008.07316.x,2,"[""ORG-0455"",""ORG-2170""]"
19767,10.3389/fonc.2021.744889,1,"[""ORG-0319""]"
19772,10.1371/journal.ppat.1000123,8,"[""ORG-0753"",""ORG-0772"",""ORG-0858"",""ORG-0897"",""ORG-1215"",""ORG-1771"",""ORG-1897"",""ORG-2070""]"
19777,10.3389/fimmu.2021.732694,6,"[""ORG-0529"",""ORG-0559"",""ORG-0906"",""ORG-1834"",""ORG-1910"",""ORG-1948""]"
19778,10.3389/fimmu.2021.730765,4,"[""ORG-0772"",""ORG-0858"",""ORG-0897"",""ORG-1215""]"
19788,10.1016/j.psyneuen.2021.105414,1,"[""ORG-0987""]"
19789,10.1097/MD.0000000000001940,1,"[""ORG-1986""]"
19793,10.1371/journal.pone.0002905,2,"[""ORG-1868"",""ORG-1986""]"
19798,10.1155/2015/537939,5,"[""ORG-0385"",""ORG-0399"",""ORG-0854"",""ORG-1286"",""ORG-1896""]"
19801,10.1186/s13104-015-1656-0,3,"[""ORG-1903"",""ORG-2113"",""ORG-2192""]"
19803,10.1097/MD.0000000000027283,1,"[""ORG-0596""]"
19807,10.1097/MD.0000000000001902,2,"[""ORG-0302"",""ORG-1949""]"
19810,10.1097/TXD.0000000000001221,1,"[""ORG-1089""]"
19811,10.1097/MD.0000000000001721,1,"[""ORG-1603""]"
19819,10.1186/s12879-021-06694-4,7,"[""ORG-0506"",""ORG-0772"",""ORG-0858"",""ORG-0883"",""ORG-1368"",""ORG-1851"",""ORG-1934""]"
19822,10.3389/fcimb.2016.00169,4,"[""ORG-0772"",""ORG-0858"",""ORG-1361"",""ORG-1593""]"
19826,10.3389/fimmu.2021.735643,4,"[""ORG-0510"",""ORG-1253"",""ORG-1856"",""ORG-2306""]"
19851,10.1186/s12967-015-0700-0,4,"[""ORG-0455"",""ORG-0559"",""ORG-1368"",""ORG-1897""]"
19855,10.1371/journal.pone.0002811,1,"[""ORG-0311""]"
19872,10.1038/srep16051,2,"[""ORG-1238"",""ORG-1936""]"
19874,10.1294/jes.32.99,1,"[""ORG-1230""]"
19875,10.7554/eLife.21829,7,"[""ORG-0987"",""ORG-1771"",""ORG-1849"",""ORG-1850"",""ORG-1917"",""ORG-1970"",""ORG-2147""]"
19877,10.1016/j.celrep.2015.09.076,3,"[""ORG-1095"",""ORG-1711"",""ORG-1949""]"
19880,10.1167/iovs.07-1071,2,"[""ORG-1464"",""ORG-2306""]"
19882,10.1016/j.virol.2008.06.021,4,"[""ORG-0312"",""ORG-1934"",""ORG-2129"",""ORG-2147""]"
19884,10.1038/mto.2016.29,2,"[""ORG-0316"",""ORG-1797""]"
19886,10.12659/AJCR.899922,2,"[""ORG-1215"",""ORG-1862""]"
19888,10.1186/s12348-021-00262-2,1,"[""ORG-2120""]"
19891,10.3389/fonc.2021.682007,7,"[""ORG-0319"",""ORG-0365"",""ORG-0571"",""ORG-0872"",""ORG-1221"",""ORG-1421"",""ORG-2260""]"
19894,10.7759/cureus.17930,2,"[""ORG-1931"",""ORG-1956""]"
19898,10.1038/s41598-021-97707-4,5,"[""ORG-0825"",""ORG-0861"",""ORG-1896"",""ORG-1905"",""ORG-1910""]"
19899,10.1186/s12879-015-1170-y,1,"[""ORG-1368""]"
19903,10.1093/nar/gkab787,5,"[""ORG-0519"",""ORG-0791"",""ORG-0860"",""ORG-1856"",""ORG-2147""]"
19904,10.1186/s12348-021-00260-4,2,"[""ORG-2120"",""ORG-2189""]"
19909,10.1371/journal.ppat.1006057,8,"[""ORG-0267"",""ORG-0772"",""ORG-0833"",""ORG-0858"",""ORG-1023"",""ORG-1802"",""ORG-1949"",""ORG-2160""]"
19914,10.1371/journal.ppat.1006050,10,"[""ORG-0302"",""ORG-0319"",""ORG-0619"",""ORG-0772"",""ORG-0858"",""ORG-0895"",""ORG-0897"",""ORG-0898"",""ORG-2163"",""ORG-2164""]"
19916,10.18632/oncotarget.13770,9,"[""ORG-0015"",""ORG-0520"",""ORG-0527"",""ORG-0529"",""ORG-1230"",""ORG-1276"",""ORG-2139"",""ORG-2162"",""ORG-2172""]"
19932,10.1007/s00066-021-01844-8,1,"[""ORG-0897""]"
19935,10.7759/cureus.17021,1,"[""ORG-0773""]"
19944,10.3390/molecules21121629,1,"[""ORG-0085""]"
19949,10.3346/jkms.2021.36.e222,2,"[""ORG-1089"",""ORG-1368""]"
19956,10.1016/j.ajog.2021.09.002,3,"[""ORG-1896"",""ORG-1897"",""ORG-2170""]"
19959,10.3390/ijms161025154,1,"[""ORG-1948""]"
19960,10.1128/MCB.00399-21,3,"[""ORG-1607"",""ORG-1798"",""ORG-2147""]"
19961,10.1155/2015/435140,4,"[""ORG-0852"",""ORG-0854"",""ORG-1866"",""ORG-2306""]"
19974,10.1093/bfgp/eln034,7,"[""ORG-0046"",""ORG-0047"",""ORG-0312"",""ORG-1119"",""ORG-1295"",""ORG-1368"",""ORG-1857""]"
19975,10.3389/fimmu.2015.00507,7,"[""ORG-0319"",""ORG-0858"",""ORG-1215"",""ORG-1771"",""ORG-1773"",""ORG-1921"",""ORG-1956""]"
19981,10.7759/cureus.16913,2,"[""ORG-0191"",""ORG-0244""]"
19993,10.3960/jslrt.21008,2,"[""ORG-0856"",""ORG-1364""]"
19997,10.1097/MD.0000000000005291,5,"[""ORG-0374"",""ORG-0385"",""ORG-0795"",""ORG-1846"",""ORG-1881""]"
20013,10.3390/ijms22179624,2,"[""ORG-1970"",""ORG-1986""]"
20016,10.3390/jcm10173779,1,"[""ORG-1866""]"
20019,10.1089/aid.2008.0041,5,"[""ORG-0302"",""ORG-0319"",""ORG-0988"",""ORG-1812"",""ORG-1949""]"
20035,10.1136/bcr-2021-245792,1,"[""ORG-1421""]"
20036,10.1136/annrheumdis-2021-221244,1,"[""ORG-0943""]"
20050,10.3389/fphys.2021.668327,4,"[""ORG-0421"",""ORG-0972"",""ORG-0987"",""ORG-1866""]"
20058,10.1016/j.virol.2008.05.024,4,"[""ORG-0772"",""ORG-0858"",""ORG-0904"",""ORG-1812""]"
20060,10.4168/aair.2021.13.5.697,4,"[""ORG-0243"",""ORG-1910"",""ORG-1948"",""ORG-2284""]"
20069,10.3389/fimmu.2021.722293,1,"[""ORG-1931""]"
20075,10.1186/s12985-021-01656-3,3,"[""ORG-0559"",""ORG-0825"",""ORG-1948""]"
20079,10.1038/s41392-021-00702-4,1,"[""ORG-1986""]"
20080,10.1084/jem.20072446,3,"[""ORG-1215"",""ORG-1507"",""ORG-2306""]"
20082,10.1038/srep15184,2,"[""ORG-1238"",""ORG-1956""]"
20091,10.3892/mmr.2021.12401,4,"[""ORG-0373"",""ORG-0970"",""ORG-1201"",""ORG-1585""]"
20092,10.1093/jcag/gwab016,6,"[""ORG-0320"",""ORG-0399"",""ORG-0602"",""ORG-0906"",""ORG-0943"",""ORG-1934""]"
20101,10.1007/978-1-4939-6655-4_9,2,"[""ORG-0529"",""ORG-0559""]"
20112,10.1056/NEJMoa2102715,1,"[""ORG-1215""]"
20115,10.1186/s13027-015-0031-z,2,"[""ORG-0363"",""ORG-1896""]"
20126,10.1038/s41467-021-25405-w,1,"[""ORG-0036""]"
20128,10.1186/1750-9378-3-10,5,"[""ORG-0545"",""ORG-0795"",""ORG-0860"",""ORG-0893"",""ORG-1361""]"
20136,10.1016/j.chom.2016.10.011,6,"[""ORG-0503"",""ORG-0854"",""ORG-1019"",""ORG-1286"",""ORG-1418"",""ORG-1579""]"
20141,10.1371/journal.pone.0249484,2,"[""ORG-0800"",""ORG-1934""]"
20142,10.1002/eji.201545794,7,"[""ORG-0319"",""ORG-0895"",""ORG-0959"",""ORG-0963"",""ORG-1121"",""ORG-1484"",""ORG-1890""]"
20147,10.1016/j.bjhh.2016.05.015,2,"[""ORG-1934"",""ORG-2120""]"
20150,10.1177/20499361211036773,3,"[""ORG-0285"",""ORG-1089"",""ORG-1315""]"
20152,10.1016/j.ajhg.2015.09.008,5,"[""ORG-0728"",""ORG-0897"",""ORG-1872"",""ORG-1921"",""ORG-1952""]"
20153,10.1371/journal.pone.0166383,8,"[""ORG-0302"",""ORG-0574"",""ORG-0963"",""ORG-1221"",""ORG-1432"",""ORG-1881"",""ORG-2114"",""ORG-2167""]"
20156,10.1186/s12935-021-02162-w,3,"[""ORG-0897"",""ORG-1364"",""ORG-1981""]"
20163,10.3390/v13081619,2,"[""ORG-0385"",""ORG-1862""]"
20168,10.3390/v13081563,5,"[""ORG-0285"",""ORG-0560"",""ORG-0772"",""ORG-0858"",""ORG-1746""]"
20181,10.3390/v13081470,2,"[""ORG-0317"",""ORG-0511""]"
20192,10.1158/1078-0432.CCR-16-1818,5,"[""ORG-0267"",""ORG-0361"",""ORG-0970"",""ORG-1023"",""ORG-2306""]"
20193,10.3390/vaccines9080875,3,"[""ORG-1095"",""ORG-2120"",""ORG-2189""]"
20198,10.3390/pathogens10080963,2,"[""ORG-0302"",""ORG-0814""]"
20208,10.3390/antib10030027,1,"[""ORG-1866""]"
20209,10.1038/srep36907,4,"[""ORG-0885"",""ORG-1205"",""ORG-1368"",""ORG-1771""]"
20212,10.1038/mto.2015.15,4,"[""ORG-1089"",""ORG-1783"",""ORG-1934"",""ORG-2059""]"
20220,10.12659/MSM.898110,1,"[""ORG-0014""]"
20221,10.1186/s12981-021-00381-9,5,"[""ORG-0302"",""ORG-0542"",""ORG-0902"",""ORG-1089"",""ORG-1131""]"
20222,10.1186/s12935-021-02158-6,2,"[""ORG-1897"",""ORG-1910""]"
20223,10.3390/ijms22169055,5,"[""ORG-0188"",""ORG-1241"",""ORG-1714"",""ORG-1744"",""ORG-1919""]"
20227,10.1097/OLQ.0000000000000522,4,"[""ORG-0854"",""ORG-0938"",""ORG-1361"",""ORG-1910""]"
20237,10.3390/microorganisms9081549,4,"[""ORG-0188"",""ORG-0374"",""ORG-0683"",""ORG-2167""]"
20240,10.3390/jcm10163722,1,"[""ORG-1921""]"
20241,10.1371/journal.pone.0138827,4,"[""ORG-0093"",""ORG-0854"",""ORG-0861"",""ORG-0895""]"
20247,10.1097/OLQ.0000000000000523,3,"[""ORG-0825"",""ORG-1047"",""ORG-1867""]"
20252,10.1038/ncomms13348,7,"[""ORG-0317"",""ORG-0360"",""ORG-0854"",""ORG-0895"",""ORG-1286"",""ORG-1719"",""ORG-1986""]"
20255,10.3390/biomedicines9080951,1,"[""ORG-0854""]"
20258,10.1007/978-3-319-22834-1_15,7,"[""ORG-0455"",""ORG-0527"",""ORG-0736"",""ORG-1051"",""ORG-1215"",""ORG-1421"",""ORG-1874""]"
20262,10.3390/children8080675,2,"[""ORG-1089"",""ORG-1881""]"
20270,10.1038/ncomms13346,6,"[""ORG-0124"",""ORG-0302"",""ORG-0897"",""ORG-1545"",""ORG-1906"",""ORG-1949""]"
20278,10.1186/s12916-021-02076-4,3,"[""ORG-0313"",""ORG-0409"",""ORG-0897""]"
20279,10.1016/j.cellimm.2016.11.003,4,"[""ORG-0559"",""ORG-0858"",""ORG-1846"",""ORG-1921""]"
20280,10.1056/NEJMoa2110475,5,"[""ORG-0243"",""ORG-1368"",""ORG-1603"",""ORG-1910"",""ORG-1934""]"
20285,10.1371/journal.ppat.1006007,8,"[""ORG-0694"",""ORG-0772"",""ORG-0833"",""ORG-0858"",""ORG-0904"",""ORG-0963"",""ORG-1747"",""ORG-1862""]"
20290,10.1111/his.14551,4,"[""ORG-0860"",""ORG-1493"",""ORG-1831"",""ORG-2156""]"
20294,10.7759/cureus.16534,1,"[""ORG-1087""]"
20296,10.1038/s41598-021-96444-y,7,"[""ORG-0312"",""ORG-1441"",""ORG-1442"",""ORG-1738"",""ORG-1897"",""ORG-1949"",""ORG-2306""]"
20314,10.1128/JVI.00965-15,7,"[""ORG-0772"",""ORG-0858"",""ORG-0904"",""ORG-0962"",""ORG-1464"",""ORG-1505"",""ORG-1986""]"
20316,10.1007/s10238-021-00751-7,3,"[""ORG-0773"",""ORG-0938"",""ORG-1910""]"
20320,10.12865/CHSJ.41.04.13,1,"[""ORG-0773""]"
20322,10.1155/2008/723539,2,"[""ORG-0188"",""ORG-1948""]"
20331,10.1517/13543784.17.7.1105,1,"[""ORG-1897""]"
20334,10.1002/iid3.50,6,"[""ORG-0302"",""ORG-0363"",""ORG-0899"",""ORG-1178"",""ORG-1200"",""ORG-1927""]"
20345,10.1186/1479-5876-6-29,2,"[""ORG-0302"",""ORG-0943""]"
20348,10.1007/s11307-016-0971-8,5,"[""ORG-0285"",""ORG-0855"",""ORG-1934"",""ORG-1989"",""ORG-2138""]"
20373,10.1002/jcla.23962,2,"[""ORG-0798"",""ORG-1361""]"
20377,10.1371/journal.pone.0136353,7,"[""ORG-0228"",""ORG-0861"",""ORG-0970"",""ORG-1881"",""ORG-1887"",""ORG-1890"",""ORG-2120""]"
20381,10.1186/1743-422X-5-70,5,"[""ORG-0014"",""ORG-0194"",""ORG-0897"",""ORG-1361"",""ORG-2159""]"
20394,10.1038/srep14008,2,"[""ORG-1849"",""ORG-1910""]"
20417,10.1136/jitc-2021-002467,1,"[""ORG-1480""]"
20421,10.1007/s00005-008-0021-6,3,"[""ORG-0860"",""ORG-0963"",""ORG-1361""]"
20424,10.1186/s12887-016-0718-3,5,"[""ORG-0339"",""ORG-0545"",""ORG-0799"",""ORG-1802"",""ORG-2156""]"
20425,10.3390/ijms160921832,3,"[""ORG-0302"",""ORG-2120"",""ORG-2189""]"
20428,10.7759/cureus.16963,10,"[""ORG-0320"",""ORG-0399"",""ORG-0457"",""ORG-1667"",""ORG-1802"",""ORG-1856"",""ORG-1862"",""ORG-2120"",""ORG-2189"",""ORG-2306""]"
20432,10.1093/gerona/glw216,1,"[""ORG-0542""]"
20436,10.1186/s13000-015-0405-y,1,"[""ORG-0527""]"
20445,10.1016/j.coviro.2015.08.014,6,"[""ORG-0963"",""ORG-1035"",""ORG-1039"",""ORG-1040"",""ORG-1607"",""ORG-1952""]"
20446,10.1097/CJI.0000000000000388,2,"[""ORG-0285"",""ORG-0854""]"
20451,10.1080/2162402X.2021.1954761,1,"[""ORG-0897""]"
20454,10.1097/QAI.0000000000001199,3,"[""ORG-0302"",""ORG-0897"",""ORG-1368""]"
20459,10.1038/ncomms13264,5,"[""ORG-0319"",""ORG-0471"",""ORG-0606"",""ORG-1351"",""ORG-1503""]"
20472,10.1016/j.ijscr.2015.08.040,3,"[""ORG-0861"",""ORG-1913"",""ORG-1948""]"
20473,10.3390/ijms22158206,6,"[""ORG-0122"",""ORG-0308"",""ORG-0313"",""ORG-0772"",""ORG-0858"",""ORG-1856""]"
20478,10.3390/v8100290,4,"[""ORG-0015"",""ORG-0833"",""ORG-0854"",""ORG-2141""]"
20479,10.3390/cells10071777,5,"[""ORG-0363"",""ORG-0897"",""ORG-1215"",""ORG-1910"",""ORG-1948""]"
20483,10.3390/cancers13153815,3,"[""ORG-0527"",""ORG-1956"",""ORG-2193""]"
20485,10.3390/vaccines9070723,3,"[""ORG-0897"",""ORG-1231"",""ORG-1634""]"
20486,10.3390/pathogens10070908,4,"[""ORG-1215"",""ORG-1773"",""ORG-1958"",""ORG-1969""]"
20490,10.1371/journal.pone.0136476,1,"[""ORG-0361""]"
20493,10.3389/fimmu.2021.675018,1,"[""ORG-0244""]"
20511,10.1038/s41598-021-95245-7,2,"[""ORG-1773"",""ORG-1811""]"
20530,10.7150/ijbs.58127,3,"[""ORG-0772"",""ORG-0858"",""ORG-1897""]"
20533,10.1186/s12879-021-06453-5,2,"[""ORG-2120"",""ORG-2189""]"
20534,10.1016/j.vetmic.2016.09.019,2,"[""ORG-0897"",""ORG-0963""]"
20541,10.3390/vaccines3010074,4,"[""ORG-0527"",""ORG-1084"",""ORG-1321"",""ORG-2147""]"
20542,10.1155/2021/6672257,1,"[""ORG-1898""]"
20545,10.12659/AJCR.894045,4,"[""ORG-0455"",""ORG-0963"",""ORG-2120"",""ORG-2189""]"
20554,10.3389/fcell.2021.716344,4,"[""ORG-0861"",""ORG-1146"",""ORG-1147"",""ORG-2189""]"
20555,10.1186/1743-422X-5-58,7,"[""ORG-0306"",""ORG-0507"",""ORG-0947"",""ORG-1644"",""ORG-1890"",""ORG-2115"",""ORG-2158""]"
20559,10.1128/JVI.01873-15,2,"[""ORG-0518"",""ORG-2306""]"
20561,10.3389/fonc.2021.583283,1,"[""ORG-0285""]"
20564,10.1186/s13045-016-0343-5,3,"[""ORG-1797"",""ORG-1827"",""ORG-1934""]"
20566,10.1186/s12879-016-1898-z,4,"[""ORG-0602"",""ORG-1368"",""ORG-1831"",""ORG-1910""]"
20569,10.1186/s12985-015-0368-3,8,"[""ORG-0194"",""ORG-0215"",""ORG-0527"",""ORG-1112"",""ORG-1305"",""ORG-1361"",""ORG-1834"",""ORG-1921""]"
20573,10.1038/s41398-021-01532-2,5,"[""ORG-0897"",""ORG-0943"",""ORG-1286"",""ORG-1881"",""ORG-1890""]"
20576,10.1038/cddis.2015.156,3,"[""ORG-1746"",""ORG-1890"",""ORG-2156""]"
20577,10.1371/journal.ppat.1005967,6,"[""ORG-0854"",""ORG-0894"",""ORG-0895"",""ORG-1039"",""ORG-1131"",""ORG-2141""]"
20578,10.1136/jitc-2021-003119,4,"[""ORG-0938"",""ORG-0941"",""ORG-1538"",""ORG-1897""]"
20582,10.1002/1878-0261.13070,5,"[""ORG-0188"",""ORG-0596"",""ORG-1361"",""ORG-1897"",""ORG-2304""]"
20585,10.3727/096504016X14765492198706,2,"[""ORG-0639"",""ORG-1746""]"
20594,10.1371/journal.ppat.1005900,7,"[""ORG-1039"",""ORG-1607"",""ORG-1797"",""ORG-1819"",""ORG-1921"",""ORG-1931"",""ORG-1986""]"
20599,10.1016/j.bbmt.2015.08.022,3,"[""ORG-0897"",""ORG-1858"",""ORG-1910""]"
20601,10.1016/j.idcr.2016.10.003,2,"[""ORG-2120"",""ORG-2189""]"
20609,10.1371/journal.pone.0137096,3,"[""ORG-0302"",""ORG-0825"",""ORG-0895""]"
20610,10.1186/s40064-015-1236-8,3,"[""ORG-0904"",""ORG-1361"",""ORG-2163""]"
20611,10.2147/IDR.S314220,1,"[""ORG-0938""]"
20633,10.1097/MD.0000000000005069,2,"[""ORG-0527"",""ORG-2156""]"
20640,10.3389/fimmu.2016.00393,5,"[""ORG-0507"",""ORG-0895"",""ORG-0951"",""ORG-1773"",""ORG-1910""]"
20641,10.5009/gnl20203,1,"[""ORG-1948""]"
20643,10.1186/s12916-016-0711-6,2,"[""ORG-0300"",""ORG-2057""]"
20650,10.1186/s12985-015-0362-9,8,"[""ORG-0312"",""ORG-0623"",""ORG-1243"",""ORG-1545"",""ORG-1812"",""ORG-1906"",""ORG-2141"",""ORG-2163""]"
20653,10.3389/fped.2021.702546,5,"[""ORG-0507"",""ORG-0943"",""ORG-1089"",""ORG-1361"",""ORG-1798""]"
20657,10.1136/bmj.i5225,6,"[""ORG-0887"",""ORG-1095"",""ORG-1253"",""ORG-1858"",""ORG-1862"",""ORG-1897""]"
20661,10.1371/journal.pone.0134930,2,"[""ORG-1910"",""ORG-2193""]"
20662,10.3389/fimmu.2021.665718,8,"[""ORG-0302"",""ORG-0360"",""ORG-0581"",""ORG-1667"",""ORG-1767"",""ORG-1851"",""ORG-1921"",""ORG-1953""]"
20664,10.1371/journal.pone.0163693,5,"[""ORG-0339"",""ORG-1039"",""ORG-1607"",""ORG-1744"",""ORG-1931""]"
20668,10.1186/s12883-015-0406-1,1,"[""ORG-1890""]"
20669,10.1371/journal.pone.0135972,3,"[""ORG-0302"",""ORG-0858"",""ORG-1872""]"
20681,10.3390/ijms22147621,2,"[""ORG-1822"",""ORG-1851""]"
20691,10.1038/srep34931,4,"[""ORG-0048"",""ORG-0049"",""ORG-0619"",""ORG-1245""]"
20697,10.1016/j.jcv.2016.10.003,2,"[""ORG-0409"",""ORG-2306""]"
20698,10.3389/fmed.2021.684040,5,"[""ORG-0545"",""ORG-1232"",""ORG-1361"",""ORG-1368"",""ORG-1714""]"
20732,10.1128/mBio.01530-21,4,"[""ORG-0429"",""ORG-0529"",""ORG-0619"",""ORG-0753""]"
20733,10.18632/oncotarget.12359,5,"[""ORG-0444"",""ORG-0700"",""ORG-1039"",""ORG-1607"",""ORG-2156""]"
20736,10.1155/2016/1786265,1,"[""ORG-1897""]"
20748,10.3892/ol.2016.4940,3,"[""ORG-0527"",""ORG-0963"",""ORG-2156""]"
20752,10.3389/fmicb.2021.670542,5,"[""ORG-0317"",""ORG-1039"",""ORG-1409"",""ORG-1711"",""ORG-1861""]"
20771,10.1186/s12917-015-0522-6,5,"[""ORG-0545"",""ORG-0809"",""ORG-0810"",""ORG-1361"",""ORG-1948""]"
20772,10.14740/jh838,3,"[""ORG-0943"",""ORG-1931"",""ORG-1948""]"
20773,10.18632/oncotarget.12324,2,"[""ORG-0285"",""ORG-1900""]"
20774,10.3332/ecancer.2021.1254,1,"[""ORG-1921""]"
20782,10.7554/eLife.07486,14,"[""ORG-0015"",""ORG-0036"",""ORG-0365"",""ORG-0895"",""ORG-0897"",""ORG-0963"",""ORG-1095"",""ORG-1351"",""ORG-1545"",""ORG-1849"",""ORG-1906"",""ORG-1931"",""ORG-1948"",""ORG-2170""]"
20784,10.1371/journal.pone.0135560,2,"[""ORG-1039"",""ORG-1607""]"
20788,10.1007/s13365-016-0480-1,3,"[""ORG-0399"",""ORG-2120"",""ORG-2189""]"
20791,10.1371/journal.pone.0135512,6,"[""ORG-0527"",""ORG-0529"",""ORG-0806"",""ORG-1856"",""ORG-1949"",""ORG-1986""]"
20794,10.3390/molecules21101286,4,"[""ORG-0527"",""ORG-0941"",""ORG-2147"",""ORG-2156""]"
20795,10.1097/MD.0000000000026605,2,"[""ORG-0861"",""ORG-1913""]"
20797,10.1038/s41598-021-93781-w,2,"[""ORG-1811"",""ORG-2159""]"
20815,10.3389/fimmu.2021.689269,5,"[""ORG-0361"",""ORG-0872"",""ORG-0895"",""ORG-0974"",""ORG-1143""]"
20828,10.1186/s12985-021-01614-z,5,"[""ORG-0795"",""ORG-0860"",""ORG-1361"",""ORG-1852"",""ORG-1896""]"
20830,10.3892/or.2015.4177,2,"[""ORG-1913"",""ORG-2306""]"
20835,10.18632/oncotarget.12150,2,"[""ORG-0319"",""ORG-1890""]"
20836,10.1371/journal.pone.0134178,2,"[""ORG-0854"",""ORG-1286""]"
20845,10.1007/s40139-015-0085-z,8,"[""ORG-0206"",""ORG-0207"",""ORG-0503"",""ORG-0792"",""ORG-0860"",""ORG-1956"",""ORG-2160"",""ORG-2170""]"
20854,10.1371/journal.pone.0001996,3,"[""ORG-0529"",""ORG-1100"",""ORG-2140""]"
20855,10.1371/journal.pone.0134896,3,"[""ORG-0267"",""ORG-1087"",""ORG-1986""]"
20858,10.1186/s13256-016-0947-y,2,"[""ORG-1890"",""ORG-2193""]"
20860,10.1371/journal.pone.0246270,2,"[""ORG-1611"",""ORG-1979""]"
20861,10.7448/IAS.18.1.20122,6,"[""ORG-0302"",""ORG-1035"",""ORG-1039"",""ORG-1361"",""ORG-1607"",""ORG-1903""]"
20871,10.1038/s41467-021-24348-6,1,"[""ORG-2304""]"
20873,10.1073/pnas.2105739118,6,"[""ORG-0188"",""ORG-1047"",""ORG-1253"",""ORG-1603"",""ORG-1831"",""ORG-2170""]"
20874,10.3324/haematol.2020.276352,1,"[""ORG-1668""]"
20880,10.4049/jimmunol.1502045,3,"[""ORG-0753"",""ORG-1806"",""ORG-1921""]"
20881,10.1038/s41598-021-93230-8,3,"[""ORG-0188"",""ORG-2120"",""ORG-2189""]"
20884,10.1371/journal.ppat.1009689,9,"[""ORG-1089"",""ORG-1243"",""ORG-1906"",""ORG-1921"",""ORG-1948"",""ORG-2120"",""ORG-2163"",""ORG-2189"",""ORG-2260""]"
20885,10.1371/journal.ppat.1009278,5,"[""ORG-0302"",""ORG-0399"",""ORG-1797"",""ORG-1872"",""ORG-2114""]"
20894,10.1038/srep33524,5,"[""ORG-0545"",""ORG-1563"",""ORG-1844"",""ORG-1900"",""ORG-1924""]"
20900,10.1002/cmdc.200800027,3,"[""ORG-0753"",""ORG-0796"",""ORG-1989""]"
20905,10.3389/fonc.2021.675961,1,"[""ORG-2303""]"
20909,10.1016/j.trim.2021.101435,2,"[""ORG-0363"",""ORG-0963""]"
20914,10.12688/f1000research.8211.1,2,"[""ORG-0897"",""ORG-1424""]"
20927,10.1097/PAS.0000000000000735,3,"[""ORG-1215"",""ORG-1361"",""ORG-1851""]"
20937,10.3390/cancers13133270,3,"[""ORG-0317"",""ORG-0319"",""ORG-1238""]"
20943,10.3390/cancers13123009,4,"[""ORG-0872"",""ORG-1848"",""ORG-1849"",""ORG-1986""]"
20945,10.1038/mto.2016.12,4,"[""ORG-0858"",""ORG-1798"",""ORG-1986"",""ORG-2167""]"
20950,10.3390/v13071245,5,"[""ORG-0930"",""ORG-1245"",""ORG-1890"",""ORG-2120"",""ORG-2189""]"
20965,10.3390/microorganisms9061339,5,"[""ORG-0511"",""ORG-0801"",""ORG-1856"",""ORG-2140"",""ORG-2141""]"
20969,10.3390/cancers13123058,1,"[""ORG-1849""]"
20970,10.3389/fimmu.2016.00323,2,"[""ORG-0527"",""ORG-0860""]"
20976,10.1186/s13046-016-0416-x,3,"[""ORG-0895"",""ORG-0897"",""ORG-2057""]"
20977,10.3390/v13061158,1,"[""ORG-0736""]"
20984,10.1016/j.mgene.2016.07.009,3,"[""ORG-0545"",""ORG-1135"",""ORG-1405""]"
20994,10.3390/microorganisms9071381,2,"[""ORG-0206"",""ORG-1667""]"
20996,10.3390/jcm10132792,3,"[""ORG-0363"",""ORG-0364"",""ORG-1856""]"
20998,10.3390/cells10061434,6,"[""ORG-0027"",""ORG-0833"",""ORG-0861"",""ORG-1607"",""ORG-1702"",""ORG-1931""]"
20999,10.3390/jcm10122540,3,"[""ORG-0789"",""ORG-1856"",""ORG-1910""]"
21004,10.1038/srep32925,3,"[""ORG-0124"",""ORG-0285"",""ORG-1253""]"
21006,10.3390/pathogens10060731,3,"[""ORG-1205"",""ORG-2140"",""ORG-2141""]"
21009,10.3390/cancers13112839,4,"[""ORG-0736"",""ORG-0806"",""ORG-1851"",""ORG-1897""]"
21016,10.3390/v13061053,3,"[""ORG-1856"",""ORG-2120"",""ORG-2160""]"
21021,10.3390/pathogens10060707,1,"[""ORG-2306""]"
21028,10.1371/journal.pone.0133190,6,"[""ORG-0317"",""ORG-0319"",""ORG-0897"",""ORG-1798"",""ORG-2163"",""ORG-2187""]"
21033,10.1038/mtm.2016.58,4,"[""ORG-0048"",""ORG-0302"",""ORG-0319"",""ORG-0869""]"
21035,10.1016/j.mayocpiqo.2021.03.006,1,"[""ORG-1900""]"
21036,10.1007/s00277-015-2447-3,2,"[""ORG-2120"",""ORG-2189""]"
21042,10.1186/s13024-016-0128-x,5,"[""ORG-0020"",""ORG-1089"",""ORG-1257"",""ORG-1421"",""ORG-2260""]"
21044,10.1097/MBC.0000000000000318,1,"[""ORG-1330""]"
21051,10.3389/fnana.2015.00080,7,"[""ORG-1368"",""ORG-1781"",""ORG-1917"",""ORG-1952"",""ORG-1956"",""ORG-1958"",""ORG-2306""]"
21064,10.1186/s12882-015-0096-3,1,"[""ORG-0527""]"
21065,10.1371/journal.pone.0162409,1,"[""ORG-1221""]"
21068,10.1261/rna.078777.121,7,"[""ORG-0122"",""ORG-0636"",""ORG-1039"",""ORG-1361"",""ORG-1527"",""ORG-1607"",""ORG-2159""]"
21072,10.1093/cid/ciw607,3,"[""ORG-0943"",""ORG-1368"",""ORG-1897""]"
21076,10.1016/j.jcyt.2021.05.005,2,"[""ORG-0310"",""ORG-1611""]"
21079,10.3389/fmicb.2016.01202,4,"[""ORG-0938"",""ORG-1023"",""ORG-1607"",""ORG-2193""]"
21080,10.1038/ncomms12707,2,"[""ORG-0511"",""ORG-1834""]"
21083,10.1007/BF01319808,2,"[""ORG-1169"",""ORG-1540""]"
21085,10.1097/QAI.0000000000000747,2,"[""ORG-0302"",""ORG-1330""]"
21086,10.1093/nar/gkn124,5,"[""ORG-0207"",""ORG-0503"",""ORG-1844"",""ORG-1905"",""ORG-1958""]"
21087,10.3389/fvets.2021.674850,4,"[""ORG-0206"",""ORG-0312"",""ORG-0545"",""ORG-1927""]"
21092,10.1097/MD.0000000000001138,3,"[""ORG-0943"",""ORG-1368"",""ORG-1910""]"
21103,10.1016/j.jped.2021.05.006,2,"[""ORG-1361"",""ORG-1896""]"
21113,10.1038/gt.2015.55,5,"[""ORG-0772"",""ORG-1020"",""ORG-1862"",""ORG-1974"",""ORG-2032""]"
21117,10.3389/fimmu.2021.705260,2,"[""ORG-0243"",""ORG-1773""]"
21121,10.3389/fimmu.2021.681380,2,"[""ORG-1421"",""ORG-1949""]"
21122,10.3344/kjp.2015.28.3.177,4,"[""ORG-0938"",""ORG-1910"",""ORG-2120"",""ORG-2189""]"
21133,10.3389/fimmu.2021.635623,1,"[""ORG-1527""]"
21137,10.1038/s41429-021-00433-2,2,"[""ORG-0312"",""ORG-2156""]"
21144,10.1186/s12974-015-0353-1,4,"[""ORG-0319"",""ORG-1361"",""ORG-1593"",""ORG-1934""]"
21146,10.1038/bmt.2015.162,1,"[""ORG-2193""]"
21153,10.1093/omcr/omab035,2,"[""ORG-2120"",""ORG-2189""]"
21155,10.1186/s13256-016-1009-1,2,"[""ORG-2156"",""ORG-2159""]"
21160,10.3390/v8080234,4,"[""ORG-0117"",""ORG-1136"",""ORG-1797"",""ORG-1897""]"
21168,10.1172/jci.insight.149950,1,"[""ORG-0302""]"
21173,10.1097/QAI.0000000000001167,4,"[""ORG-0244"",""ORG-0310"",""ORG-0363"",""ORG-1952""]"
21177,10.1016/j.bj.2020.01.002,2,"[""ORG-1627"",""ORG-1806""]"
21187,10.1080/2162402X.2015.1005460,4,"[""ORG-0362"",""ORG-0895"",""ORG-0897"",""ORG-0942""]"
21192,10.5114/ceji.2015.50845,2,"[""ORG-0229"",""ORG-0360""]"
21194,10.1016/j.idc.2015.05.009,4,"[""ORG-0963"",""ORG-1811"",""ORG-1896"",""ORG-2141""]"
21207,10.1371/journal.ppat.1005028,5,"[""ORG-0854"",""ORG-0895"",""ORG-1862"",""ORG-2161"",""ORG-2163""]"
21209,10.1007/s00428-021-03142-1,2,"[""ORG-0244"",""ORG-0527""]"
21223,10.1038/srep31657,7,"[""ORG-0545"",""ORG-0559"",""ORG-0596"",""ORG-0869"",""ORG-1351"",""ORG-1983"",""ORG-2155""]"
21226,10.1007/s13365-016-0473-0,2,"[""ORG-0860"",""ORG-1910""]"
21227,10.1001/jamanetworkopen.2021.13205,3,"[""ORG-0736"",""ORG-1068"",""ORG-1897""]"
21233,10.1172/jci.insight.88529,2,"[""ORG-0854"",""ORG-0897""]"
21238,10.3389/fimmu.2021.644664,5,"[""ORG-0503"",""ORG-0854"",""ORG-1948"",""ORG-2120"",""ORG-2189""]"
21243,10.1186/s12864-016-2978-6,5,"[""ORG-0243"",""ORG-0317"",""ORG-0455"",""ORG-1868"",""ORG-1949""]"
21245,10.1093/emph/eow022,2,"[""ORG-0897"",""ORG-1089""]"
21248,10.18632/oncotarget.11045,2,"[""ORG-1089"",""ORG-1364""]"
21251,10.1186/s40880-016-0130-2,3,"[""ORG-1089"",""ORG-1862"",""ORG-1917""]"
21252,10.3389/fcimb.2021.695093,6,"[""ORG-0527"",""ORG-1089"",""ORG-1856"",""ORG-1986"",""ORG-2141"",""ORG-2156""]"
21256,10.1155/2021/5519635,2,"[""ORG-0861"",""ORG-0906""]"
21261,10.3389/fimmu.2015.00311,6,"[""ORG-0938"",""ORG-1215"",""ORG-1852"",""ORG-1917"",""ORG-1959"",""ORG-2260""]"
21264,10.1038/ncomms8353,3,"[""ORG-1527"",""ORG-2147"",""ORG-2159""]"
21268,10.1016/j.bbadis.2021.166198,3,"[""ORG-0188"",""ORG-0683"",""ORG-1848""]"
21272,10.1371/journal.pone.0130264,7,"[""ORG-0316"",""ORG-0559"",""ORG-1480"",""ORG-1798"",""ORG-1897"",""ORG-1934"",""ORG-1986""]"
21276,10.1002/0471142301.ns0436s72,4,"[""ORG-0317"",""ORG-1286"",""ORG-1881"",""ORG-1934""]"
21288,10.1186/s13000-015-0336-7,1,"[""ORG-1948""]"
21299,10.1097/QAD.0000000000000646,1,"[""ORG-1253""]"
21310,10.1084/jem.20142047,6,"[""ORG-0124"",""ORG-0206"",""ORG-0229"",""ORG-0360"",""ORG-2161"",""ORG-2167""]"
21311,10.1016/j.virol.2015.05.018,7,"[""ORG-0267"",""ORG-0520"",""ORG-0559"",""ORG-1305"",""ORG-1834"",""ORG-2141"",""ORG-2147""]"
21317,10.1097/INF.0000000000000811,1,"[""ORG-1910""]"
21321,10.1038/srep31302,4,"[""ORG-0854"",""ORG-1949"",""ORG-1982"",""ORG-2147""]"
21324,10.1128/spectrum.00145-21,9,"[""ORG-1039"",""ORG-1089"",""ORG-1607"",""ORG-1709"",""ORG-1866"",""ORG-1921"",""ORG-1986"",""ORG-2147"",""ORG-2306""]"
21326,10.1038/icb.2016.71,2,"[""ORG-1668"",""ORG-1798""]"
21327,10.1371/journal.pone.0001627,7,"[""ORG-0302"",""ORG-0435"",""ORG-0801"",""ORG-0897"",""ORG-1361"",""ORG-1593"",""ORG-2141""]"
21329,10.1158/0008-5472.CAN-16-0839,5,"[""ORG-0361"",""ORG-0858"",""ORG-1215"",""ORG-1949"",""ORG-1994""]"
21335,10.1177/20406207211020544,6,"[""ORG-0320"",""ORG-0399"",""ORG-1023"",""ORG-1215"",""ORG-1330"",""ORG-1767""]"
21343,10.3389/fmicb.2015.00556,2,"[""ORG-1847"",""ORG-1956""]"
21344,10.1002/cre2.435,2,"[""ORG-0363"",""ORG-0963""]"
21345,10.1016/j.clim.2015.06.006,1,"[""ORG-0963""]"
21347,10.1073/pnas.2105465118,3,"[""ORG-0694"",""ORG-0970"",""ORG-1719""]"
21357,10.1002/rcr2.789,2,"[""ORG-0527"",""ORG-1253""]"
21363,10.1097/TP.0000000000001418,1,"[""ORG-1981""]"
21370,10.1016/j.immuni.2007.12.017,2,"[""ORG-0963"",""ORG-1844""]"
21381,10.4049/jimmunol.2100166,2,"[""ORG-0581"",""ORG-1862""]"
21382,10.4103/0971-5916.187109,2,"[""ORG-0315"",""ORG-1368""]"
21387,10.1371/journal.ppat.0040027,8,"[""ORG-0317"",""ORG-0319"",""ORG-0895"",""ORG-1215"",""ORG-1834"",""ORG-1897"",""ORG-1969"",""ORG-2260""]"
21388,10.1186/s13737-016-0036-1,1,"[""ORG-1089""]"
21389,10.1128/mBio.00723-16,6,"[""ORG-0315"",""ORG-0542"",""ORG-1607"",""ORG-1797"",""ORG-1867"",""ORG-1952""]"
21390,10.1158/1078-0432.CCR-16-1022,2,"[""ORG-0856"",""ORG-1182""]"
21391,10.1371/journal.pone.0252313,9,"[""ORG-0312"",""ORG-0368"",""ORG-0700"",""ORG-0779"",""ORG-0938"",""ORG-1039"",""ORG-1936"",""ORG-2141"",""ORG-2170""]"
21401,10.1371/journal.pone.0160446,2,"[""ORG-1368"",""ORG-1948""]"
21403,10.1016/j.antiviral.2021.105103,5,"[""ORG-0511"",""ORG-0560"",""ORG-0854"",""ORG-1797"",""ORG-1811""]"
21410,10.2147/IDR.S304998,2,"[""ORG-0188"",""ORG-1851""]"
21416,10.1186/s13287-015-0112-3,3,"[""ORG-0317"",""ORG-1797"",""ORG-1856""]"
21418,10.1016/j.celrep.2021.109210,3,"[""ORG-0315"",""ORG-1215"",""ORG-2260""]"
21429,10.1136/bmjopen-2016-011680,3,"[""ORG-0233"",""ORG-1330"",""ORG-1729""]"
21430,10.3390/cancers13112569,4,"[""ORG-0317"",""ORG-0421"",""ORG-1639"",""ORG-1834""]"
21432,10.1186/s40880-016-0138-7,2,"[""ORG-0400"",""ORG-1747""]"
21437,10.3389/fmicb.2015.00557,4,"[""ORG-0319"",""ORG-0854"",""ORG-1949"",""ORG-2260""]"
21449,10.3390/microorganisms9061179,2,"[""ORG-0951"",""ORG-2167""]"
21453,10.1016/j.vaccine.2015.06.019,4,"[""ORG-0545"",""ORG-0754"",""ORG-1196"",""ORG-2115""]"
21467,10.12659/MSMBR.894089,2,"[""ORG-1178"",""ORG-1361""]"
21477,10.1155/2015/939780,1,"[""ORG-1956""]"
21479,10.3390/vaccines9050476,3,"[""ORG-0399"",""ORG-1948"",""ORG-1986""]"
21483,10.1016/j.jviromet.2015.06.004,3,"[""ORG-0302"",""ORG-0987"",""ORG-1809""]"
21488,10.3390/plants10050963,4,"[""ORG-0503"",""ORG-0836"",""ORG-0963"",""ORG-1667""]"
21489,10.3390/vaccines9050492,2,"[""ORG-1896"",""ORG-2120""]"
21500,10.1186/s13045-015-0168-7,1,"[""ORG-1897""]"
21513,10.3727/096504016X14641336229602,2,"[""ORG-0872"",""ORG-0899""]"
21514,10.1128/mBio.00227-21,3,"[""ORG-0772"",""ORG-0858"",""ORG-1986""]"
21515,10.1186/1743-422X-5-19,4,"[""ORG-0182"",""ORG-0680"",""ORG-1639"",""ORG-1900""]"
21520,10.1371/journal.ppat.1004906,8,"[""ORG-0206"",""ORG-0527"",""ORG-0529"",""ORG-0841"",""ORG-0898"",""ORG-1798"",""ORG-1819"",""ORG-1866""]"
21521,10.1038/s41409-021-01328-4,4,"[""ORG-0188"",""ORG-0897"",""ORG-1122"",""ORG-2161""]"
21522,10.1038/s41598-021-90596-7,5,"[""ORG-0363"",""ORG-0364"",""ORG-0938"",""ORG-1215"",""ORG-1361""]"
21533,10.4102/sajhivmed.v16i1.352,1,"[""ORG-0302""]"
21536,10.3389/fonc.2021.688755,2,"[""ORG-1667"",""ORG-2120""]"
21539,10.3892/mco.2021.2294,3,"[""ORG-0963"",""ORG-1851"",""ORG-1910""]"
21541,10.18632/oncotarget.10676,1,"[""ORG-1931""]"
21550,10.3389/fmicb.2016.00973,4,"[""ORG-0335"",""ORG-0338"",""ORG-0854"",""ORG-1773""]"
21551,10.1155/2016/8715024,4,"[""ORG-0736"",""ORG-1809"",""ORG-1910"",""ORG-1934""]"
21558,10.1155/2021/9989756,1,"[""ORG-0085""]"
21559,10.3389/fimmu.2021.605857,1,"[""ORG-1089""]"
21568,10.1186/s13567-016-0356-7,3,"[""ORG-0545"",""ORG-0963"",""ORG-1361""]"
21575,10.3389/fcimb.2021.642500,1,"[""ORG-1910""]"
21577,10.3389/fphar.2021.624296,1,"[""ORG-0399""]"
21585,10.1038/nrgastro.2016.107,1,"[""ORG-0360""]"
21591,10.1038/s41409-021-01358-y,2,"[""ORG-0773"",""ORG-1464""]"
21595,10.1073/pnas.2026184118,4,"[""ORG-0302"",""ORG-0773"",""ORG-0858"",""ORG-2147""]"
21600,10.3390/ijms17071125,2,"[""ORG-0302"",""ORG-1905""]"
21605,10.1186/s13027-021-00378-z,4,"[""ORG-0317"",""ORG-1221"",""ORG-1881"",""ORG-1896""]"
21606,10.1016/j.jconrel.2021.05.026,2,"[""ORG-0312"",""ORG-2058""]"
21613,10.1186/1471-2121-9-2,3,"[""ORG-1089"",""ORG-1797"",""ORG-1949""]"
21615,10.1186/s42826-021-00091-3,3,"[""ORG-1934"",""ORG-2120"",""ORG-2189""]"
21626,10.1038/s41467-021-23195-9,1,"[""ORG-0312""]"
21632,10.1016/j.ijgo.2016.03.032,1,"[""ORG-1981""]"
21644,10.1371/journal.pone.0251735,2,"[""ORG-1896"",""ORG-1981""]"
21663,10.18632/oncotarget.10096,1,"[""ORG-1856""]"
21664,10.1111/imm.13368,10,"[""ORG-0457"",""ORG-0772"",""ORG-0895"",""ORG-1019"",""ORG-1538"",""ORG-1797"",""ORG-1817"",""ORG-1856"",""ORG-1934"",""ORG-2163""]"
21667,10.4103/0019-5154.43211,2,"[""ORG-1896"",""ORG-2120""]"
21673,10.1016/j.mayocpiqo.2020.10.009,1,"[""ORG-1862""]"
21683,10.3389/fimmu.2021.654167,2,"[""ORG-1232"",""ORG-1485""]"
21684,10.7150/ijbs.58888,4,"[""ORG-0317"",""ORG-0970"",""ORG-1119"",""ORG-1464""]"
21689,10.1016/j.jtct.2021.04.026,2,"[""ORG-1934"",""ORG-1979""]"
21698,10.1016/j.ijscr.2016.05.046,2,"[""ORG-0385"",""ORG-1913""]"
21699,10.1126/science.aba4220,8,"[""ORG-0302"",""ORG-0315"",""ORG-0900"",""ORG-0963"",""ORG-1439"",""ORG-1446"",""ORG-1653"",""ORG-2260""]"
21706,10.3906/sag-2102-14,5,"[""ORG-0938"",""ORG-1890"",""ORG-1910"",""ORG-2120"",""ORG-2189""]"
21707,10.18632/oncotarget.10322,2,"[""ORG-1361"",""ORG-1910""]"
21714,10.1161/JAHA.116.003730,1,"[""ORG-2193""]"
21718,10.1186/s12985-021-01571-7,1,"[""ORG-1667""]"
21719,10.1186/s12917-021-02887-w,2,"[""ORG-0963"",""ORG-1511""]"
21731,10.1177/13524585211012227,1,"[""ORG-1603""]"
21733,10.1002/cam4.3839,2,"[""ORG-1228"",""ORG-1703""]"
21738,10.1016/j.arr.2021.101351,5,"[""ORG-0457"",""ORG-1112"",""ORG-1856"",""ORG-1896"",""ORG-2120""]"
21740,10.3389/fonc.2021.657187,3,"[""ORG-0778"",""ORG-1798"",""ORG-2306""]"
21742,10.1186/s12879-016-1480-8,12,"[""ORG-0312"",""ORG-0363"",""ORG-0773"",""ORG-0825"",""ORG-0861"",""ORG-0895"",""ORG-0963"",""ORG-1044"",""ORG-1361"",""ORG-1593"",""ORG-1881"",""ORG-1896""]"
21745,10.3389/fimmu.2021.668885,8,"[""ORG-0317"",""ORG-0511"",""ORG-0904"",""ORG-0963"",""ORG-1844"",""ORG-2140"",""ORG-2141"",""ORG-2260""]"
21748,10.3389/fimmu.2021.655637,1,"[""ORG-0499""]"
21750,10.1038/srep28644,1,"[""ORG-0182""]"
21755,10.1186/s12882-021-02377-z,2,"[""ORG-0772"",""ORG-0858""]"
21757,10.1016/j.antiviral.2021.105082,2,"[""ORG-0854"",""ORG-1798""]"
21758,10.1371/journal.ppat.1005729,4,"[""ORG-0510"",""ORG-0511"",""ORG-1862"",""ORG-1956""]"
21771,10.1017/S0950268821001102,4,"[""ORG-0429"",""ORG-2120"",""ORG-2157"",""ORG-2189""]"
21778,10.1186/s12985-016-0563-x,5,"[""ORG-0854"",""ORG-1813"",""ORG-1898"",""ORG-1921"",""ORG-2141""]"
21786,10.1002/acr.24628,1,"[""ORG-1368""]"
21801,10.1007/s15010-021-01618-5,1,"[""ORG-0795""]"
21803,10.1261/rna.054817.115,4,"[""ORG-0511"",""ORG-1019"",""ORG-1859"",""ORG-1903""]"
21812,10.18632/oncotarget.10115,2,"[""ORG-0623"",""ORG-2306""]"
21814,10.1371/journal.ppat.1008807,8,"[""ORG-0571"",""ORG-0772"",""ORG-0858"",""ORG-0897"",""ORG-1121"",""ORG-1215"",""ORG-1773"",""ORG-2160""]"
21816,10.1016/j.ymeth.2016.06.014,2,"[""ORG-0897"",""ORG-1667""]"
21825,10.18632/oncotarget.10083,2,"[""ORG-1831"",""ORG-1910""]"
21827,10.3389/fimmu.2021.642546,1,"[""ORG-0769""]"
21837,10.1038/s42003-021-02035-y,8,"[""ORG-0511"",""ORG-0854"",""ORG-0884"",""ORG-0918"",""ORG-1253"",""ORG-1849"",""ORG-1850"",""ORG-1958""]"
21843,10.1007/s10120-021-01193-6,7,"[""ORG-0312"",""ORG-0520"",""ORG-0527"",""ORG-0773"",""ORG-1089"",""ORG-1921"",""ORG-2156""]"
21844,10.1155/2016/7470124,6,"[""ORG-0214"",""ORG-0302"",""ORG-0772"",""ORG-0858"",""ORG-0861"",""ORG-1215""]"
21849,10.3390/v13050783,8,"[""ORG-0429"",""ORG-0431"",""ORG-0700"",""ORG-0728"",""ORG-1607"",""ORG-1934"",""ORG-2140"",""ORG-2160""]"
21850,10.1038/modpathol.2016.113,2,"[""ORG-0317"",""ORG-1361""]"
21851,10.3390/v13040669,4,"[""ORG-1019"",""ORG-1890"",""ORG-2141"",""ORG-2340""]"
21860,10.3390/v13040681,4,"[""ORG-0317"",""ORG-0736"",""ORG-1607"",""ORG-1952""]"
21866,10.3390/cancers13071692,3,"[""ORG-0938"",""ORG-0963"",""ORG-1846""]"
21867,10.3390/v13040614,7,"[""ORG-0308"",""ORG-0313"",""ORG-0772"",""ORG-0858"",""ORG-1243"",""ORG-1876"",""ORG-2139""]"
21874,10.3390/pediatric13020022,1,"[""ORG-2120""]"
21875,10.1371/journal.pone.0156747,3,"[""ORG-0171"",""ORG-1802"",""ORG-1934""]"
21877,10.1128/mSphere.00070-15,8,"[""ORG-0200"",""ORG-0545"",""ORG-0636"",""ORG-1095"",""ORG-1538"",""ORG-2141"",""ORG-2147"",""ORG-2158""]"
21883,10.1128/mSphere.00026-16,1,"[""ORG-1811""]"
21889,10.1016/j.jvacx.2021.100090,3,"[""ORG-0671"",""ORG-1522"",""ORG-1798""]"
21890,10.1016/j.isci.2021.102351,2,"[""ORG-0363"",""ORG-0897""]"
21901,10.1371/journal.ppat.1009567,12,"[""ORG-0337"",""ORG-0399"",""ORG-0854"",""ORG-0962"",""ORG-1023"",""ORG-1095"",""ORG-1286"",""ORG-1454"",""ORG-1586"",""ORG-1797"",""ORG-1932"",""ORG-2141""]"
21903,10.1038/s41598-021-88648-z,1,"[""ORG-0897""]"
21911,10.1186/s12985-016-0553-z,2,"[""ORG-0363"",""ORG-1361""]"
21912,10.1038/s41385-020-00374-3,3,"[""ORG-1179"",""ORG-1215"",""ORG-1970""]"
21915,10.1038/s41598-021-88598-6,5,"[""ORG-0399"",""ORG-0855"",""ORG-1910"",""ORG-1952"",""ORG-2161""]"
21918,10.1371/journal.pone.0155124,8,"[""ORG-0302"",""ORG-0313"",""ORG-0799"",""ORG-0825"",""ORG-0854"",""ORG-1286"",""ORG-1986"",""ORG-2161""]"
21923,10.3389/fonc.2021.626659,3,"[""ORG-0133"",""ORG-1847"",""ORG-2260""]"
21927,10.7150/thno.58356,6,"[""ORG-0302"",""ORG-0559"",""ORG-0736"",""ORG-0858"",""ORG-1851"",""ORG-2260""]"
21937,10.1016/j.bpobgyn.2021.03.009,5,"[""ORG-0421"",""ORG-1146"",""ORG-1147"",""ORG-1797"",""ORG-1858""]"
21938,10.2147/IJN.S95301,3,"[""ORG-0141"",""ORG-0825"",""ORG-2139""]"
21946,10.1038/srep27588,1,"[""ORG-1039""]"
21948,10.3389/fneur.2021.658695,4,"[""ORG-0360"",""ORG-1221"",""ORG-1286"",""ORG-2165""]"
21953,10.1021/jacs.1c00016,3,"[""ORG-1671"",""ORG-1856"",""ORG-2057""]"
21954,10.1186/s12879-016-1581-4,4,"[""ORG-1368"",""ORG-1849"",""ORG-2120"",""ORG-2189""]"
21955,10.1007/s10096-021-04254-x,3,"[""ORG-0545"",""ORG-1232"",""ORG-2161""]"
21957,10.1016/j.celrep.2016.05.036,3,"[""ORG-0772"",""ORG-0894"",""ORG-1579""]"
21966,10.3390/ijms17060854,6,"[""ORG-0795"",""ORG-0833"",""ORG-1035"",""ORG-1039"",""ORG-1607"",""ORG-1986""]"
21971,10.3389/fonc.2021.653266,3,"[""ORG-0527"",""ORG-1846"",""ORG-1877""]"
21974,10.3389/fimmu.2021.607768,2,"[""ORG-0581"",""ORG-0854""]"
21977,10.1111/cei.13606,2,"[""ORG-0302"",""ORG-1215""]"
21980,10.1186/s12879-021-06055-1,2,"[""ORG-1221"",""ORG-1881""]"
21985,10.1155/2016/3214105,2,"[""ORG-0895"",""ORG-0899""]"
21992,10.1038/srep26892,1,"[""ORG-1866""]"
21999,10.1002/2211-5463.12027,6,"[""ORG-0518"",""ORG-0529"",""ORG-1361"",""ORG-1441"",""ORG-1442"",""ORG-2156""]"
22010,10.4049/jimmunol.1502049,3,"[""ORG-0772"",""ORG-0833"",""ORG-0858""]"
22012,10.1016/j.celrep.2021.108976,7,"[""ORG-0503"",""ORG-0895"",""ORG-1454"",""ORG-1495"",""ORG-1579"",""ORG-1672"",""ORG-1921""]"
22016,10.1038/s41598-021-87457-8,2,"[""ORG-1797"",""ORG-1868""]"
22020,10.1002/JLB.6COVCRA1120-762R,1,"[""ORG-1232""]"
22033,10.1038/nature17979,4,"[""ORG-0229"",""ORG-0302"",""ORG-0899"",""ORG-1545""]"
22040,10.14740/jocmr2535w,2,"[""ORG-1050"",""ORG-2260""]"
22044,10.1212/NXI.0000000000000990,1,"[""ORG-2161""]"
22047,10.1016/j.jtct.2020.10.023,3,"[""ORG-1215"",""ORG-1856"",""ORG-1920""]"
22052,10.3389/fimmu.2021.640918,4,"[""ORG-0082"",""ORG-0363"",""ORG-0364"",""ORG-0527""]"
22079,10.1007/s00430-016-0457-y,3,"[""ORG-0858"",""ORG-1812"",""ORG-1935""]"
22081,10.1016/j.antiviral.2016.05.009,8,"[""ORG-0506"",""ORG-0573"",""ORG-0854"",""ORG-1243"",""ORG-1797"",""ORG-1917"",""ORG-2147"",""ORG-2163""]"
22082,10.1186/s12866-021-02154-w,7,"[""ORG-0188"",""ORG-0471"",""ORG-0549"",""ORG-1232"",""ORG-1233"",""ORG-1856"",""ORG-1910""]"
22083,10.18632/oncotarget.9323,1,"[""ORG-1089""]"
22087,10.1136/bmjopen-2020-044437,1,"[""ORG-1432""]"
22092,10.1099/jgv.0.000503,4,"[""ORG-0539"",""ORG-0987"",""ORG-1039"",""ORG-1607""]"
22107,10.1155/2021/6617719,8,"[""ORG-0082"",""ORG-0736"",""ORG-0842"",""ORG-0963"",""ORG-0970"",""ORG-1368"",""ORG-1862"",""ORG-2120""]"
22112,10.1371/journal.pone.0155629,3,"[""ORG-0861"",""ORG-0988"",""ORG-1248""]"
22120,10.3390/v13030474,2,"[""ORG-0772"",""ORG-0858""]"
22126,10.1016/j.bbmt.2016.05.003,2,"[""ORG-0943"",""ORG-1361""]"
22132,10.3390/vaccines9040310,4,"[""ORG-1872"",""ORG-1910"",""ORG-2120"",""ORG-2189""]"
22137,10.3390/ani11030646,2,"[""ORG-0086"",""ORG-1934""]"
22141,10.3390/pharmaceutics13030390,1,"[""ORG-2120""]"
22143,10.1007/s13365-016-0450-7,6,"[""ORG-0319"",""ORG-0854"",""ORG-1286"",""ORG-1361"",""ORG-2120"",""ORG-2189""]"
22144,10.3390/cancers13061383,3,"[""ORG-0897"",""ORG-1920"",""ORG-2058""]"
22145,10.3390/ani11030861,1,"[""ORG-2170""]"
22146,10.3390/cancers13051084,4,"[""ORG-0728"",""ORG-0756"",""ORG-1897"",""ORG-1910""]"
22155,10.1038/srep25741,9,"[""ORG-0267"",""ORG-1253"",""ORG-1598"",""ORG-1678"",""ORG-1815"",""ORG-1846"",""ORG-1986"",""ORG-2162"",""ORG-2172""]"
22158,10.1111/irv.12396,4,"[""ORG-0869"",""ORG-0970"",""ORG-1856"",""ORG-1897""]"
22168,10.1371/journal.pone.0249340,2,"[""ORG-0529"",""ORG-1931""]"
22169,10.1186/s40249-016-0136-7,4,"[""ORG-1851"",""ORG-1896"",""ORG-2120"",""ORG-2189""]"
22179,10.12688/f1000research.7612.1,4,"[""ORG-0860"",""ORG-1039"",""ORG-1040"",""ORG-1607""]"
22182,10.1128/mBio.03440-20,9,"[""ORG-0529"",""ORG-0860"",""ORG-0895"",""ORG-0897"",""ORG-0963"",""ORG-1121"",""ORG-1897"",""ORG-2140"",""ORG-2159""]"
22183,10.1128/mBio.00115-21,5,"[""ORG-0854"",""ORG-1579"",""ORG-1672"",""ORG-1696"",""ORG-1797""]"
22186,10.1186/s12985-016-0528-0,2,"[""ORG-1464"",""ORG-2147""]"
22193,10.1126/sciadv.1500637,5,"[""ORG-0229"",""ORG-0360"",""ORG-0872"",""ORG-0907"",""ORG-1812""]"
22196,10.1016/j.ctro.2021.03.002,2,"[""ORG-1831"",""ORG-1934""]"
22200,10.1128/JVI.00613-16,2,"[""ORG-0529"",""ORG-2147""]"
22204,10.14309/crj.2016.38,1,"[""ORG-0906""]"
22210,10.1016/j.cell.2016.04.006,1,"[""ORG-1023""]"
22218,10.19082/2181,1,"[""ORG-0581""]"
22224,10.1016/j.celrep.2016.04.005,9,"[""ORG-0122"",""ORG-0243"",""ORG-0772"",""ORG-0858"",""ORG-1095"",""ORG-1215"",""ORG-1773"",""ORG-1797"",""ORG-1844""]"
22226,10.1016/j.vaccine.2016.04.040,1,"[""ORG-1169""]"
22234,10.1016/j.chom.2016.04.003,5,"[""ORG-0862"",""ORG-0963"",""ORG-0985"",""ORG-1890"",""ORG-2114""]"
22235,10.18632/oncotarget.8828,2,"[""ORG-0897"",""ORG-1897""]"
22250,10.1371/journal.ppat.1005580,6,"[""ORG-0302"",""ORG-0312"",""ORG-0319"",""ORG-0373"",""ORG-0943"",""ORG-1714""]"
22257,10.1186/s13045-016-0271-4,1,"[""ORG-1215""]"
22271,10.7150/ijms.14152,6,"[""ORG-0020"",""ORG-0046"",""ORG-0047"",""ORG-0559"",""ORG-0938"",""ORG-0970""]"
22272,10.1007/s10875-016-0281-6,6,"[""ORG-0302"",""ORG-1019"",""ORG-1232"",""ORG-1361"",""ORG-1593"",""ORG-1877""]"
22280,10.1371/journal.pone.0153498,3,"[""ORG-0897"",""ORG-1361"",""ORG-1844""]"
22283,10.1016/j.tim.2016.03.008,2,"[""ORG-1019"",""ORG-1948""]"
22285,10.1155/2016/2596782,3,"[""ORG-0683"",""ORG-1585"",""ORG-1641""]"
22290,10.1002/ijc.30129,3,"[""ORG-0795"",""ORG-0860"",""ORG-1931""]"
22301,10.14202/vetworld.2016.222-225,4,"[""ORG-0312"",""ORG-1106"",""ORG-1645"",""ORG-1868""]"
22305,10.18632/oncotarget.8503,6,"[""ORG-0941"",""ORG-0951"",""ORG-1087"",""ORG-1361"",""ORG-1503"",""ORG-1920""]"
22312,10.1038/ni.3433,2,"[""ORG-1719"",""ORG-1866""]"
22318,10.1038/cddis.2016.55,4,"[""ORG-0302"",""ORG-0522"",""ORG-0525"",""ORG-1910""]"
22319,10.1371/journal.pone.0152538,2,"[""ORG-0542"",""ORG-1934""]"
22323,10.1038/srep23692,5,"[""ORG-0362"",""ORG-0736"",""ORG-0858"",""ORG-1797"",""ORG-1986""]"
22324,10.1038/ijos.2016.3,1,"[""ORG-0506""]"
22326,10.1007/s10522-016-9642-z,3,"[""ORG-0188"",""ORG-0302"",""ORG-0963""]"
22331,10.1016/j.jaci.2016.01.018,6,"[""ORG-0728"",""ORG-0942"",""ORG-1361"",""ORG-1593"",""ORG-1846"",""ORG-1934""]"
22335,10.1016/j.rinim.2016.02.001,2,"[""ORG-1221"",""ORG-1881""]"
22337,10.1186/s13104-016-1991-9,6,"[""ORG-0302"",""ORG-0861"",""ORG-1039"",""ORG-1607"",""ORG-1837"",""ORG-1948""]"
22338,10.1128/JVI.00422-16,6,"[""ORG-0312"",""ORG-0895"",""ORG-0897"",""ORG-1441"",""ORG-1803"",""ORG-2306""]"
22342,10.18632/oncotarget.8169,2,"[""ORG-1364"",""ORG-1934""]"
22344,10.1038/mi.2016.22,1,"[""ORG-0136""]"
22345,10.1038/mi.2016.19,2,"[""ORG-0302"",""ORG-0565""]"
22353,10.3892/ol.2016.4144,4,"[""ORG-0015"",""ORG-0317"",""ORG-1607"",""ORG-1986""]"
22354,10.1371/journal.pone.0151965,4,"[""ORG-0302"",""ORG-0317"",""ORG-0772"",""ORG-0858""]"
22357,10.1186/s12985-016-0508-4,3,"[""ORG-0623"",""ORG-0854"",""ORG-1896""]"
22360,10.1371/journal.pone.0151684,5,"[""ORG-0363"",""ORG-0364"",""ORG-0861"",""ORG-0938"",""ORG-1910""]"
22367,10.1093/nar/gkw185,4,"[""ORG-0683"",""ORG-1122"",""ORG-2260"",""ORG-2340""]"
22370,10.1186/s12879-016-1442-1,1,"[""ORG-0938""]"
22374,10.1016/j.jviromet.2016.03.002,5,"[""ORG-1135"",""ORG-1361"",""ORG-1503"",""ORG-1638"",""ORG-2306""]"
22383,10.1016/j.dnarep.2016.02.003,3,"[""ORG-0773"",""ORG-0905"",""ORG-0943""]"
22396,10.1038/srep22730,6,"[""ORG-0421"",""ORG-0795"",""ORG-0860"",""ORG-1831"",""ORG-1948"",""ORG-2141""]"
22397,10.1016/S2352-3026(15)00289-6,3,"[""ORG-0943"",""ORG-1910"",""ORG-1934""]"
22404,10.1093/infdis/jiw073,1,"[""ORG-1844""]"
22405,10.1002/pros.23172,1,"[""ORG-1827""]"
22407,10.1371/journal.pbio.1002364,12,"[""ORG-0015"",""ORG-0559"",""ORG-0895"",""ORG-0962"",""ORG-1089"",""ORG-1675"",""ORG-1680"",""ORG-1746"",""ORG-1747"",""ORG-1905"",""ORG-1917"",""ORG-1986""]"
22408,10.5826/dpc.0601a05,1,"[""ORG-1948""]"
22411,10.1534/g3.116.028498,1,"[""ORG-1135""]"
22431,10.1097/QAI.0000000000000974,3,"[""ORG-0825"",""ORG-1368"",""ORG-1934""]"
22435,10.1371/journal.pone.0150075,4,"[""ORG-0895"",""ORG-0963"",""ORG-1867"",""ORG-2306""]"
22438,10.3389/fmicb.2016.00151,8,"[""ORG-0363"",""ORG-0364"",""ORG-0795"",""ORG-0963"",""ORG-1039"",""ORG-1040"",""ORG-1607"",""ORG-2170""]"
22445,10.3390/v8020054,9,"[""ORG-0421"",""ORG-0545"",""ORG-1039"",""ORG-1607"",""ORG-1714"",""ORG-1831"",""ORG-1921"",""ORG-2141"",""ORG-2170""]"
22449,10.1097/TP.0000000000001097,3,"[""ORG-0897"",""ORG-1798"",""ORG-1934""]"
22451,10.1097/TP.0000000000001095,3,"[""ORG-0897"",""ORG-1089"",""ORG-2260""]"
22452,10.1097/TP.0000000000001094,1,"[""ORG-0559""]"
22465,10.1371/journal.pone.0147883,3,"[""ORG-0895"",""ORG-1253"",""ORG-2040""]"
22468,10.1038/srep21674,4,"[""ORG-0522"",""ORG-0525"",""ORG-1095"",""ORG-1797""]"
22473,10.18632/oncotarget.7248,4,"[""ORG-1039"",""ORG-1047"",""ORG-1607"",""ORG-1934""]"
22477,10.1074/jbc.M116.718122,4,"[""ORG-1035"",""ORG-1205"",""ORG-1607"",""ORG-1861""]"
22482,10.1128/jb.00161-23,2,"[""ORG-0014"",""ORG-2260""]"
22486,10.1371/journal.ppat.1011428,5,"[""ORG-0188"",""ORG-0987"",""ORG-1797"",""ORG-1922"",""ORG-1948""]"
22495,10.1039/d2sc06860e,4,"[""ORG-0559"",""ORG-1315"",""ORG-1719"",""ORG-1798""]"
22498,10.1016/j.inoche.2023.110682,2,"[""ORG-0507"",""ORG-0559""]"
22508,10.1038/s41598-023-31131-8,2,"[""ORG-0191"",""ORG-0254""]"
22510,10.3390/antiox12020397,1,"[""ORG-1797""]"
22511,10.3390/toxins15020100,2,"[""ORG-0304"",""ORG-1576""]"
22518,10.3389/fpls.2023.1116147,3,"[""ORG-0191"",""ORG-0683"",""ORG-1798""]"
22520,10.3389/fgene.2022.1035037,2,"[""ORG-0223"",""ORG-1846""]"
22523,10.1073/pnas.2209481119,2,"[""ORG-1047"",""ORG-1932""]"
22532,10.3390/tropicalmed7120411,5,"[""ORG-0602"",""ORG-1856"",""ORG-1896"",""ORG-2161"",""ORG-2165""]"
22535,10.3390/ijerph192316257,2,"[""ORG-1847"",""ORG-1862""]"
22537,10.1093/nar/gkac1075,2,"[""ORG-0207"",""ORG-1958""]"
22539,10.1016/j.bsheal.2022.11.001,2,"[""ORG-1684"",""ORG-1847""]"
22546,10.3389/fpubh.2022.987517,5,"[""ORG-0188"",""ORG-0236"",""ORG-0354"",""ORG-1490"",""ORG-1979""]"
22555,10.1016/j.jbc.2022.102600,4,"[""ORG-0188"",""ORG-0191"",""ORG-0571"",""ORG-1744""]"
22558,10.2147/IJN.S376216,5,"[""ORG-0207"",""ORG-0559"",""ORG-0736"",""ORG-0938"",""ORG-1797""]"
22559,10.3389/fgene.2022.981633,1,"[""ORG-0188""]"
22563,10.3390/molecules27185966,1,"[""ORG-0683""]"
22567,10.3390/biology11071091,5,"[""ORG-0085"",""ORG-0773"",""ORG-0963"",""ORG-1896"",""ORG-2160""]"
22574,10.3390/antibiotics11070977,2,"[""ORG-0280"",""ORG-0507""]"
22575,10.1126/sciadv.abh3421,5,"[""ORG-0484"",""ORG-0549"",""ORG-1368"",""ORG-1503"",""ORG-1822""]"
22580,10.1016/j.exer.2022.109156,3,"[""ORG-1089"",""ORG-1890"",""ORG-1948""]"
22589,10.1186/s43141-022-00352-1,3,"[""ORG-0887"",""ORG-1877"",""ORG-1879""]"
22598,10.1002/jev2.12212,3,"[""ORG-0188"",""ORG-0191"",""ORG-1545""]"
22599,10.1128/mbio.00385-22,6,"[""ORG-0455"",""ORG-0571"",""ORG-0596"",""ORG-1897"",""ORG-1956"",""ORG-1969""]"
22608,10.18502/ijm.v13i6.8088,6,"[""ORG-0588"",""ORG-0596"",""ORG-1446"",""ORG-1616"",""ORG-1714"",""ORG-1900""]"
22628,10.1136/bmjgh-2021-007328,1,"[""ORG-1856""]"
22633,10.1038/s41586-021-04018-9,2,"[""ORG-1846"",""ORG-1874""]"
22635,10.1371/journal.pgen.1009820,5,"[""ORG-0188"",""ORG-0207"",""ORG-0683"",""ORG-1216"",""ORG-1833""]"
22646,10.1371/journal.pone.0256014,3,"[""ORG-1498"",""ORG-1856"",""ORG-1862""]"
22647,10.3389/fonc.2021.679367,2,"[""ORG-1827"",""ORG-1931""]"
22649,10.3390/ijms22157787,1,"[""ORG-0506""]"
22654,10.1007/s10886-021-01290-x,2,"[""ORG-0808"",""ORG-1137""]"
22681,10.1371/journal.pbio.3001157,3,"[""ORG-0457"",""ORG-1583"",""ORG-1848""]"
22683,10.1186/s13040-021-00261-y,4,"[""ORG-1831"",""ORG-1851"",""ORG-1856"",""ORG-1910""]"
22692,10.1080/21645515.2020.1800324,2,"[""ORG-1000"",""ORG-1368""]"
22695,10.1371/journal.pbio.3001093,2,"[""ORG-0455"",""ORG-0974""]"
22696,10.1021/acsomega.0c05493,1,"[""ORG-1421""]"
22698,10.3389/fimmu.2021.635558,3,"[""ORG-1089"",""ORG-1610"",""ORG-1809""]"
22705,10.3390/ijms22020771,2,"[""ORG-0280"",""ORG-2147""]"
22706,10.1080/10409238.2020.1869173,1,"[""ORG-2260""]"
22715,10.3390/v12121393,8,"[""ORG-0188"",""ORG-0191"",""ORG-0304"",""ORG-0320"",""ORG-1351"",""ORG-1361"",""ORG-1887"",""ORG-1948""]"
22717,10.1038/s41467-020-19963-8,4,"[""ORG-0596"",""ORG-0897"",""ORG-1902"",""ORG-1931""]"
22720,10.1016/j.heliyon.2020.e05557,4,"[""ORG-0399"",""ORG-1146"",""ORG-1147"",""ORG-1934""]"
22725,10.1007/s12520-020-01199-8,2,"[""ORG-0471"",""ORG-1421""]"
22742,10.1016/j.mtchem.2020.100332,6,"[""ORG-0188"",""ORG-0571"",""ORG-0683"",""ORG-1651"",""ORG-1833"",""ORG-1866""]"
22743,10.1126/sciadv.abb5614,4,"[""ORG-0160"",""ORG-0188"",""ORG-0191"",""ORG-1797""]"
22752,10.1016/j.forsciint.2020.110366,2,"[""ORG-0223"",""ORG-1934""]"
22770,10.1007/s00204-020-02743-0,1,"[""ORG-1833""]"
22787,10.3390/vaccines8010004,2,"[""ORG-0302"",""ORG-1921""]"
22788,10.3390/molecules25010058,9,"[""ORG-0399"",""ORG-1687"",""ORG-1802"",""ORG-1833"",""ORG-1852"",""ORG-1866"",""ORG-1948"",""ORG-2193"",""ORG-2244""]"
22794,10.1039/c9ra06689f,2,"[""ORG-0244"",""ORG-1765""]"
22797,10.1038/s41598-019-52794-2,7,"[""ORG-0188"",""ORG-0457"",""ORG-0559"",""ORG-0596"",""ORG-1847"",""ORG-2170"",""ORG-2306""]"
22804,10.1371/journal.pone.0222670,2,"[""ORG-0754"",""ORG-0755""]"
22805,10.3390/mi10090617,3,"[""ORG-0223"",""ORG-1490"",""ORG-1898""]"
22807,10.3389/fcimb.2019.00283,7,"[""ORG-0244"",""ORG-0503"",""ORG-0559"",""ORG-0897"",""ORG-1667"",""ORG-1969"",""ORG-2170""]"
22808,10.1002/epi4.12344,3,"[""ORG-1089"",""ORG-1934"",""ORG-2303""]"
22821,10.1038/s41598-019-45412-8,1,"[""ORG-0670""]"
22835,10.3390/ijms20051181,3,"[""ORG-0159"",""ORG-1851"",""ORG-2260""]"
22836,10.1016/j.bios.2019.01.056,1,"[""ORG-0545""]"
22840,10.3390/ma12020314,8,"[""ORG-0085"",""ORG-0188"",""ORG-1019"",""ORG-1253"",""ORG-1368"",""ORG-1527"",""ORG-1934"",""ORG-2193""]"
22842,10.1016/j.jvacx.2018.100002,7,"[""ORG-0181"",""ORG-0188"",""ORG-0254"",""ORG-0963"",""ORG-1459"",""ORG-1809"",""ORG-1935""]"
22844,10.3390/s18124235,4,"[""ORG-0457"",""ORG-1503"",""ORG-1819"",""ORG-1890""]"
22845,10.3390/toxins10120502,3,"[""ORG-0312"",""ORG-0313"",""ORG-1851""]"
22847,10.1111/risa.13235,3,"[""ORG-0236"",""ORG-0694"",""ORG-0846""]"
22853,10.1186/s40168-018-0582-5,4,"[""ORG-1221"",""ORG-1857"",""ORG-1881"",""ORG-1934""]"
22862,10.1128/mBio.01280-18,3,"[""ORG-0167"",""ORG-0188"",""ORG-1851""]"
22864,10.3390/toxics6030051,1,"[""ORG-1934""]"
22871,10.1073/pnas.1801028115,2,"[""ORG-0188"",""ORG-0244""]"
22877,10.3389/fcimb.2018.00154,4,"[""ORG-0670"",""ORG-0897"",""ORG-1714"",""ORG-1852""]"
22891,10.1021/acsinfecdis.7b00258,4,"[""ORG-0188"",""ORG-0507"",""ORG-1232"",""ORG-1714""]"
22898,10.18632/oncotarget.17368,2,"[""ORG-1089"",""ORG-1856""]"
22903,10.1016/j.mrrev.2016.08.006,2,"[""ORG-0798"",""ORG-1711""]"
22904,10.1186/s13071-017-2367-2,3,"[""ORG-1903"",""ORG-1986"",""ORG-2192""]"
22905,10.1016/j.omtn.2017.06.002,1,"[""ORG-1238""]"
22910,10.1126/sciadv.1700606,5,"[""ORG-0113"",""ORG-0548"",""ORG-1490"",""ORG-1932"",""ORG-1986""]"
22912,10.1371/journal.pone.0181013,7,"[""ORG-0304"",""ORG-0320"",""ORG-0356"",""ORG-0399"",""ORG-0588"",""ORG-1221"",""ORG-1771""]"
22915,10.1016/j.ajic.2017.05.018,1,"[""ORG-1890""]"
22919,10.1016/j.vetmic.2017.02.007,3,"[""ORG-0207"",""ORG-1469"",""ORG-1934""]"
22923,10.1128/genomeA.00256-17,2,"[""ORG-0183"",""ORG-2304""]"
22924,10.1371/journal.pntd.0004738,3,"[""ORG-0188"",""ORG-0191"",""ORG-1948""]"
22935,10.3390/s17040676,1,"[""ORG-1177""]"
22955,10.3390/ijms17091538,1,"[""ORG-1421""]"
22959,10.1089/hs.2016.0040,2,"[""ORG-0093"",""ORG-1667""]"
22974,10.3390/molecules21050556,3,"[""ORG-0330"",""ORG-1890"",""ORG-1934""]"
22983,10.7717/peerj.1714,3,"[""ORG-0206"",""ORG-0374"",""ORG-1986""]"
22988,10.1371/journal.pntd.0004399,1,"[""ORG-1361""]"
22992,10.3390/toxins7124856,2,"[""ORG-1577"",""ORG-1867""]"
22996,10.1016/j.cub.2015.09.029,3,"[""ORG-0457"",""ORG-1095"",""ORG-1368""]"
22997,10.1038/srep16368,1,"[""ORG-2260""]"
23004,10.1186/s12866-015-0534-1,6,"[""ORG-0188"",""ORG-0191"",""ORG-0246"",""ORG-1169"",""ORG-1368"",""ORG-1797""]"
23008,10.1016/j.vaccine.2015.07.111,4,"[""ORG-0897"",""ORG-1221"",""ORG-1881"",""ORG-1974""]"
23014,10.1155/2015/830809,2,"[""ORG-0155"",""ORG-1958""]"
23016,10.1371/journal.pntd.0003862,3,"[""ORG-0191"",""ORG-0680"",""ORG-1868""]"
23017,10.3201/eid2108.140956,2,"[""ORG-1421"",""ORG-1881""]"
23020,10.1186/s13104-015-1236-3,3,"[""ORG-0188"",""ORG-0191"",""ORG-2332""]"
23032,10.1111/jnc.13074,1,"[""ORG-0360""]"
23033,10.3892/etm.2015.2185,3,"[""ORG-0798"",""ORG-1848"",""ORG-1931""]"
23038,10.2217/imt.14.72,1,"[""ORG-0806""]"
23049,10.1016/j.provac.2014.07.007,2,"[""ORG-0167"",""ORG-0254""]"
23052,10.1016/j.toxrep.2014.07.013,2,"[""ORG-1084"",""ORG-1095""]"
23057,10.1111/febs.12896,7,"[""ORG-0191"",""ORG-0596"",""ORG-0670"",""ORG-1137"",""ORG-1819"",""ORG-1827"",""ORG-1848""]"
23058,10.1038/tp.2014.49,6,"[""ORG-0943"",""ORG-1089"",""ORG-1228"",""ORG-1844"",""ORG-1910"",""ORG-2193""]"
23060,10.1111/1469-0691.12699,10,"[""ORG-0188"",""ORG-0223"",""ORG-0421"",""ORG-0736"",""ORG-1797"",""ORG-1856"",""ORG-1870"",""ORG-1923"",""ORG-1934"",""ORG-1986""]"
23066,10.3389/fcimb.2014.00039,1,"[""ORG-0085""]"
23069,10.1007/s00216-014-7718-7,1,"[""ORG-1857""]"
23070,10.1016/j.mib.2013.11.004,1,"[""ORG-1714""]"
23074,10.1371/journal.pone.0088055,3,"[""ORG-0187"",""ORG-0223"",""ORG-1490""]"
23076,10.1016/j.cimid.2014.01.002,1,"[""ORG-0670""]"
23086,10.3390/ijerph10126235,2,"[""ORG-0596"",""ORG-1896""]"
23090,10.4161/viru.27172,2,"[""ORG-0012"",""ORG-1887""]"
23091,10.1016/j.taap.2013.10.022,5,"[""ORG-0938"",""ORG-1019"",""ORG-1714"",""ORG-1797"",""ORG-1970""]"
23093,10.1371/journal.pone.0076253,10,"[""ORG-0188"",""ORG-0302"",""ORG-0897"",""ORG-1253"",""ORG-1851"",""ORG-1862"",""ORG-1867"",""ORG-1934"",""ORG-1949"",""ORG-1979""]"
23098,10.1186/1750-1172-8-131,1,"[""ORG-0181""]"
23107,10.1016/j.vaccine.2013.05.096,1,"[""ORG-0938""]"
23108,10.1038/nm0613-657,1,"[""ORG-0113""]"
23115,10.4103/0976-9668.107256,4,"[""ORG-1221"",""ORG-1847"",""ORG-1881"",""ORG-1910""]"
23120,10.1016/j.toxicon.2013.02.001,3,"[""ORG-0974"",""ORG-1119"",""ORG-1948""]"
23122,10.1016/j.toxicon.2013.01.007,4,"[""ORG-0267"",""ORG-0354"",""ORG-1205"",""ORG-1924""]"
23123,10.3389/fcimb.2013.00005,3,"[""ORG-0188"",""ORG-1221"",""ORG-1881""]"
23142,10.1155/2012/831052,2,"[""ORG-0188"",""ORG-1351""]"
23143,10.1111/j.1751-7915.2012.00353.x,4,"[""ORG-0188"",""ORG-1361"",""ORG-1881"",""ORG-2260""]"
23145,10.1371/journal.pone.0037752,4,"[""ORG-0188"",""ORG-0191"",""ORG-0670"",""ORG-1797""]"
23150,10.1155/2012/149737,8,"[""ORG-0304"",""ORG-0320"",""ORG-0399"",""ORG-1221"",""ORG-1576"",""ORG-1577"",""ORG-1809"",""ORG-1881""]"
23170,10.1128/mBio.00005-12,5,"[""ORG-0230"",""ORG-0839"",""ORG-0970"",""ORG-2171"",""ORG-2207""]"
23171,10.1128/mBio.00004-12,3,"[""ORG-0171"",""ORG-1614"",""ORG-1952""]"
23175,10.1016/j.biopsych.2011.10.018,4,"[""ORG-0086"",""ORG-1089"",""ORG-1931"",""ORG-1981""]"
23181,10.1128/mBio.00232-11,5,"[""ORG-0183"",""ORG-1421"",""ORG-1667"",""ORG-1804"",""ORG-1910""]"
23185,10.2217/fvl.11.27,4,"[""ORG-0897"",""ORG-1221"",""ORG-1881"",""ORG-1913""]"
23186,10.4103/0975-7406.68499,6,"[""ORG-0113"",""ORG-1498"",""ORG-1809"",""ORG-1881"",""ORG-1910"",""ORG-1934""]"
23187,10.4103/0975-7406.68498,1,"[""ORG-0421""]"
23189,10.1186/1742-2094-8-84,2,"[""ORG-0244"",""ORG-0623""]"
23191,10.1371/journal.pone.0020233,1,"[""ORG-1948""]"
23193,10.1016/j.ajic.2010.10.036,5,"[""ORG-0312"",""ORG-1089"",""ORG-1133"",""ORG-1970"",""ORG-2171""]"
23213,10.1016/j.bbrc.2010.11.128,2,"[""ORG-0310"",""ORG-0312""]"
23218,10.3390/toxins2082177,4,"[""ORG-0191"",""ORG-1714"",""ORG-1956"",""ORG-2260""]"
23219,10.1111/j.1749-6632.2010.05613.x,2,"[""ORG-0319"",""ORG-1897""]"
23220,10.1155/2010/236528,3,"[""ORG-1221"",""ORG-1802"",""ORG-1881""]"
23223,10.1086/653495,5,"[""ORG-0110"",""ORG-0183"",""ORG-0971"",""ORG-1062"",""ORG-1459""]"
23228,10.1016/j.pep.2010.04.021,4,"[""ORG-0596"",""ORG-1459"",""ORG-1797"",""ORG-2332""]"
23232,10.1186/1476-8518-8-2,5,"[""ORG-0254"",""ORG-0670"",""ORG-0736"",""ORG-1803"",""ORG-1881""]"
23233,10.1186/1471-2334-10-25,5,"[""ORG-0012"",""ORG-0082"",""ORG-0736"",""ORG-0866"",""ORG-1047""]"
23240,10.1038/462146a,3,"[""ORG-1221"",""ORG-1484"",""ORG-1881""]"
23245,10.1016/j.vaccine.2009.07.103,4,"[""ORG-0636"",""ORG-0736"",""ORG-1684"",""ORG-1934""]"
23247,10.1016/j.vaccine.2009.08.054,4,"[""ORG-1079"",""ORG-1221"",""ORG-1330"",""ORG-1881""]"
23250,10.1016/j.jviromet.2009.09.002,5,"[""ORG-0697"",""ORG-1084"",""ORG-1887"",""ORG-1983"",""ORG-2147""]"
23258,10.4103/0974-2700.50747,4,"[""ORG-1399"",""ORG-1856"",""ORG-1910"",""ORG-1934""]"
23265,10.1186/1472-6947-9-21,4,"[""ORG-0548"",""ORG-1490"",""ORG-1948"",""ORG-2193""]"
23266,10.1371/journal.pcbi.1000356,2,"[""ORG-1890"",""ORG-1979""]"
23275,10.1371/journal.ppat.1000225,7,"[""ORG-0522"",""ORG-0525"",""ORG-1538"",""ORG-1803"",""ORG-1900"",""ORG-1905"",""ORG-2157""]"
23281,10.3201/eid1410.080576,2,"[""ORG-0414"",""ORG-1910""]"
23283,10.1371/journal.pone.0003186,3,"[""ORG-0951"",""ORG-1368"",""ORG-2115""]"
23284,10.1186/1475-2875-7-171,3,"[""ORG-0951"",""ORG-1819"",""ORG-1981""]"
23288,10.1016/j.bbrc.2008.08.082,1,"[""ORG-0012""]"
23310,10.1016/j.antiviral.2007.07.003,2,"[""ORG-1221"",""ORG-1898""]"
23322,10.3201/eid1211.060618,1,"[""ORG-1047""]"
23326,10.1093/nar/gkl858,4,"[""ORG-0421"",""ORG-1149"",""ORG-1797"",""ORG-2141""]"
23346,10.1186/1471-2458-6-126,2,"[""ORG-0636"",""ORG-1872""]"
23355,10.3201/eid1111.041129,1,"[""ORG-1862""]"
23367,10.1016/j.clp.2005.04.008,2,"[""ORG-1948"",""ORG-2200""]"
23377,10.3201/eid1104.041167,4,"[""ORG-0887"",""ORG-1772"",""ORG-1847"",""ORG-1931""]"
23381,10.1016/S0140-6736(05)71089-8,1,"[""ORG-1898""]"
23388,10.3201/eid1101.040272,2,"[""ORG-0379"",""ORG-1872""]"
23406,10.1007/s00430-004-0228-z,2,"[""ORG-1804"",""ORG-1934""]"
23409,10.1016/j.annemergmed.2004.01.019,4,"[""ORG-1221"",""ORG-1228"",""ORG-1715"",""ORG-1881""]"
23411,10.3201/eid1007.030632,1,"[""ORG-1503""]"
23415,10.1038/nature02759,1,"[""ORG-1847""]"
23421,10.2188/jea.14.41,5,"[""ORG-0602"",""ORG-0789"",""ORG-1856"",""ORG-1890"",""ORG-1896""]"
23434,10.3201/eid0911.030349,1,"[""ORG-1851""]"
23435,10.1038/nrg1245,6,"[""ORG-0304"",""ORG-0399"",""ORG-1738"",""ORG-1804"",""ORG-1809"",""ORG-1811""]"
23437,10.3201/eid0910.030368,2,"[""ORG-0243"",""ORG-1859""]"
23438,10.3201/eid0910.030060,2,"[""ORG-1922"",""ORG-1986""]"
23452,10.3201/eid0906.020668,5,"[""ORG-0320"",""ORG-0399"",""ORG-1221"",""ORG-1833"",""ORG-1881""]"
23459,10.1016/S0166-3542(02)00199-7,2,"[""ORG-2115"",""ORG-2161""]"
23479,10.3201/eid0810.020345,3,"[""ORG-0110"",""ORG-0320"",""ORG-0399""]"
23483,10.3201/eid0810.020389,2,"[""ORG-1890"",""ORG-1898""]"
23502,10.3389/fcimb.2023.1190859,3,"[""ORG-0188"",""ORG-0254"",""ORG-0683""]"
23506,10.3390/life13030787,3,"[""ORG-0602"",""ORG-1896"",""ORG-1897""]"
23509,10.3201/eid2903.221079,4,"[""ORG-0125"",""ORG-0951"",""ORG-1887"",""ORG-1910""]"
23514,10.3389/ijph.2022.1604961,1,"[""ORG-1847""]"
23524,10.1038/s41598-022-19679-3,1,"[""ORG-0421""]"
23532,10.4103/jehp.jehp_404_21,6,"[""ORG-0385"",""ORG-0457"",""ORG-1856"",""ORG-1858"",""ORG-1910"",""ORG-1935""]"
23533,10.3201/eid2809.220293,2,"[""ORG-0184"",""ORG-2304""]"
23545,10.1128/spectrum.02285-21,6,"[""ORG-0183"",""ORG-0191"",""ORG-1093"",""ORG-1490"",""ORG-1898"",""ORG-1979""]"
23553,10.3389/fbioe.2021.703735,4,"[""ORG-0421"",""ORG-1822"",""ORG-1910"",""ORG-1970""]"
23558,10.4103/1735-5362.327504,9,"[""ORG-0014"",""ORG-0191"",""ORG-0206"",""ORG-0356"",""ORG-0588"",""ORG-0596"",""ORG-1616"",""ORG-1900"",""ORG-2105""]"
23559,10.1016/j.heliyon.2021.e08161,3,"[""ORG-0293"",""ORG-0427"",""ORG-0428""]"
23561,10.3390/pathogens10101223,5,"[""ORG-0414"",""ORG-0897"",""ORG-1232"",""ORG-1421"",""ORG-1631""]"
23562,10.3389/fcimb.2021.701362,5,"[""ORG-0736"",""ORG-0987"",""ORG-1421"",""ORG-1866"",""ORG-1874""]"
23567,10.3389/fmicb.2021.700016,3,"[""ORG-0429"",""ORG-1368"",""ORG-2332""]"
23573,10.3390/microorganisms9051055,6,"[""ORG-0183"",""ORG-0188"",""ORG-0670"",""ORG-1439"",""ORG-1934"",""ORG-2332""]"
23585,10.3390/ijerph18031348,1,"[""ORG-0155""]"
23587,10.3390/toxins13020079,7,"[""ORG-0122"",""ORG-1062"",""ORG-1577"",""ORG-1851"",""ORG-1928"",""ORG-1976"",""ORG-1979""]"
23600,10.1186/s12917-020-02468-3,3,"[""ORG-0187"",""ORG-0951"",""ORG-1459""]"
23605,10.3390/pathogens9050370,6,"[""ORG-0110"",""ORG-1232"",""ORG-1833"",""ORG-1934"",""ORG-1956"",""ORG-1986""]"
23611,10.1016/j.apsb.2019.08.005,3,"[""ORG-0455"",""ORG-1575"",""ORG-1897""]"
23614,10.1136/bmjopen-2019-029134,5,"[""ORG-0167"",""ORG-0736"",""ORG-1137"",""ORG-1421"",""ORG-1932""]"
23618,10.15585/mmwr.mm6842a2,1,"[""ORG-2115""]"
23622,10.14440/jbm.2018.257,4,"[""ORG-1169"",""ORG-1253"",""ORG-1819"",""ORG-2332""]"
23626,10.1016/j.heliyon.2019.e01793,2,"[""ORG-0808"",""ORG-1846""]"
23632,10.1177/2377960819844378,4,"[""ORG-0223"",""ORG-1221"",""ORG-1828"",""ORG-1881""]"
23639,10.3389/fmicb.2018.03314,7,"[""ORG-0183"",""ORG-0188"",""ORG-0697"",""ORG-1023"",""ORG-1844"",""ORG-1887"",""ORG-1907""]"
23646,10.1128/mBio.01471-18,8,"[""ORG-0191"",""ORG-0670"",""ORG-0836"",""ORG-1221"",""ORG-1243"",""ORG-1668"",""ORG-1881"",""ORG-1956""]"
23650,10.1007/s00253-018-9414-6,2,"[""ORG-0897"",""ORG-1822""]"
23654,10.1038/s41598-018-32033-w,4,"[""ORG-0310"",""ORG-1868"",""ORG-2125"",""ORG-2126""]"
23660,10.1371/journal.pone.0196799,2,"[""ORG-1847"",""ORG-1986""]"
23670,10.3201/eid2403.171852,4,"[""ORG-0015"",""ORG-0320"",""ORG-0399"",""ORG-0968""]"
23672,10.1038/s41598-018-20362-9,1,"[""ORG-2147""]"
23678,10.1038/s41467-017-01534-z,1,"[""ORG-1932""]"
23681,10.1002/cpdd.410,2,"[""ORG-0763"",""ORG-1368""]"
23682,10.3389/fvets.2017.00164,2,"[""ORG-0399"",""ORG-1979""]"
23690,10.1111/jnu.12339,7,"[""ORG-0320"",""ORG-0399"",""ORG-1221"",""ORG-1856"",""ORG-1866"",""ORG-1881"",""ORG-2201""]"
23694,10.3390/bios7030032,5,"[""ORG-0237"",""ORG-1898"",""ORG-1922"",""ORG-1928"",""ORG-1948""]"
23696,10.3389/fimmu.2017.00687,6,"[""ORG-0110"",""ORG-0183"",""ORG-0304"",""ORG-1667"",""ORG-1848"",""ORG-2332""]"
23697,10.1098/rsif.2017.0160,1,"[""ORG-0866""]"
23723,10.1186/s12879-016-1951-y,2,"[""ORG-0191"",""ORG-1432""]"
23731,10.1016/j.vaccine.2016.08.041,5,"[""ORG-0319"",""ORG-0670"",""ORG-0754"",""ORG-0755"",""ORG-1843""]"
23734,10.1371/journal.pone.0158895,5,"[""ORG-0183"",""ORG-0188"",""ORG-1023"",""ORG-1361"",""ORG-1887""]"
23742,10.1186/s13104-016-1955-0,3,"[""ORG-0183"",""ORG-0188"",""ORG-0971""]"
23745,10.1016/j.ebiom.2015.10.004,7,"[""ORG-0183"",""ORG-1330"",""ORG-1804"",""ORG-1847"",""ORG-1956"",""ORG-2062"",""ORG-2304""]"
23753,10.1080/15265161.2015.1104169,2,"[""ORG-0421"",""ORG-1667""]"
23773,10.1371/journal.pone.0123298,3,"[""ORG-0191"",""ORG-0670"",""ORG-2304""]"
23775,10.1371/journal.pone.0121052,3,"[""ORG-0254"",""ORG-1831"",""ORG-1846""]"
23780,10.7774/cevr.2015.4.1.11,5,"[""ORG-0522"",""ORG-1667"",""ORG-1910"",""ORG-1956"",""ORG-1986""]"
23791,10.1093/infdis/jiu511,2,"[""ORG-1948"",""ORG-2306""]"
23792,10.1111/1574-6976.12084,2,"[""ORG-0833"",""ORG-1948""]"
23795,10.1371/journal.pone.0105305,5,"[""ORG-0183"",""ORG-0246"",""ORG-1253"",""ORG-1906"",""ORG-2332""]"
23810,10.1002/eji.201343784,7,"[""ORG-0183"",""ORG-0302"",""ORG-0319"",""ORG-0895"",""ORG-0902"",""ORG-0963"",""ORG-1746""]"
23811,10.1016/j.vaccine.2014.02.043,3,"[""ORG-0545"",""ORG-1196"",""ORG-2247""]"
23812,10.1586/14760584.2014.885841,3,"[""ORG-0012"",""ORG-0522"",""ORG-2161""]"
23822,10.1016/j.bmcl.2013.10.029,2,"[""ORG-0320"",""ORG-1798""]"
23857,10.1021/ac3030416,3,"[""ORG-0736"",""ORG-1934"",""ORG-2260""]"
23860,10.1186/1471-2180-12-289,4,"[""ORG-0181"",""ORG-0188"",""ORG-0254"",""ORG-0836""]"
23861,10.1016/j.micinf.2012.11.008,4,"[""ORG-0191"",""ORG-0670"",""ORG-0963"",""ORG-1949""]"
23862,10.3390/v4102115,5,"[""ORG-0067"",""ORG-0207"",""ORG-0304"",""ORG-1245"",""ORG-1952""]"
23865,10.1155/2012/627036,4,"[""ORG-0183"",""ORG-0188"",""ORG-1934"",""ORG-2332""]"
23868,10.1128/mBio.00354-12,5,"[""ORG-0596"",""ORG-0842"",""ORG-1321"",""ORG-1614"",""ORG-1910""]"
23872,10.3389/fcimb.2012.00105,2,"[""ORG-0963"",""ORG-1361""]"
23874,10.1016/j.jcpa.2012.06.007,2,"[""ORG-1667"",""ORG-1684""]"
23887,10.1371/journal.ppat.1002494,11,"[""ORG-0188"",""ORG-0191"",""ORG-0319"",""ORG-0670"",""ORG-0898"",""ORG-1200"",""ORG-1454"",""ORG-1848"",""ORG-1897"",""ORG-1948"",""ORG-2114""]"
23892,10.5210/ojphi.v4i3.4275,1,"[""ORG-0304""]"
23900,10.1186/1471-2180-11-232,7,"[""ORG-0266"",""ORG-0354"",""ORG-0697"",""ORG-1928"",""ORG-1934"",""ORG-1948"",""ORG-2260""]"
23905,10.1371/journal.pone.0024654,2,"[""ORG-0191"",""ORG-0670""]"
23914,10.4172/1745-7580.1000043,4,"[""ORG-0188"",""ORG-0310"",""ORG-1461"",""ORG-1956""]"
23918,10.1016/j.scr.2011.01.002,8,"[""ORG-0312"",""ORG-0808"",""ORG-0887"",""ORG-1047"",""ORG-1068"",""ORG-1908"",""ORG-1948"",""ORG-1956""]"
23921,10.1016/j.vaccine.2011.01.099,4,"[""ORG-1714"",""ORG-1897"",""ORG-2306"",""ORG-2332""]"
23926,10.1111/j.1348-0421.2010.00286.x,5,"[""ORG-0206"",""ORG-1253"",""ORG-1361"",""ORG-1593"",""ORG-1934""]"
23929,10.1186/1471-2180-10-285,3,"[""ORG-1361"",""ORG-1490"",""ORG-2332""]"
23935,10.1371/journal.ppat.1001110,8,"[""ORG-0522"",""ORG-0833"",""ORG-1246"",""ORG-1538"",""ORG-1897"",""ORG-1952"",""ORG-1986"",""ORG-2306""]"
23938,10.1016/j.vaccine.2010.08.008,3,"[""ORG-0636"",""ORG-1089"",""ORG-2171""]"
23943,10.1016/j.livsci.2010.02.009,5,"[""ORG-0839"",""ORG-0938"",""ORG-1246"",""ORG-1866"",""ORG-1921""]"
23944,10.1371/journal.pntd.0000629,9,"[""ORG-1221"",""ORG-1361"",""ORG-1368"",""ORG-1503"",""ORG-1687"",""ORG-1881"",""ORG-1887"",""ORG-1958"",""ORG-2332""]"
23947,10.1586/eri.10.4,3,"[""ORG-0188"",""ORG-1797"",""ORG-1809""]"
23953,10.1007/s10796-009-9167-y,2,"[""ORG-0606"",""ORG-1870""]"
23954,10.5210/ojphi.v2i3.3012,4,"[""ORG-0409"",""ORG-1931"",""ORG-1948"",""ORG-1981""]"
23956,10.1186/1423-0127-16-110,4,"[""ORG-0188"",""ORG-0191"",""ORG-0670"",""ORG-1982""]"
23957,10.1016/j.biologicals.2009.09.007,4,"[""ORG-0602"",""ORG-1421"",""ORG-2115"",""ORG-2157""]"
23973,10.1016/j.vaccine.2009.02.073,3,"[""ORG-0014"",""ORG-0670"",""ORG-1876""]"
23975,10.1155/2009/591935,1,"[""ORG-1684""]"
23981,10.3134/ehtj.09.007,1,"[""ORG-1897""]"
23997,10.1371/journal.pone.0001862,2,"[""ORG-0678"",""ORG-0683""]"
23998,10.1016/j.ijmm.2007.09.007,4,"[""ORG-0183"",""ORG-1545"",""ORG-1804"",""ORG-1811""]"
23999,10.1016/j.antiviral.2007.12.008,9,"[""ORG-0455"",""ORG-0736"",""ORG-1119"",""ORG-1143"",""ORG-1583"",""ORG-1586"",""ORG-1638"",""ORG-1672"",""ORG-1952""]"
24003,10.1016/j.antiviral.2007.09.007,2,"[""ORG-1887"",""ORG-1897""]"
24005,10.1186/1472-6807-7-72,1,"[""ORG-1678""]"
24009,10.1093/nar/gkm113,1,"[""ORG-1801""]"
24010,10.3201/eid1302.060963,3,"[""ORG-0108"",""ORG-0317"",""ORG-0951""]"
24012,10.1016/j.jen.2007.01.013,3,"[""ORG-0171"",""ORG-0320"",""ORG-0399""]"
24022,10.1186/1471-2180-6-33,7,"[""ORG-0183"",""ORG-0697"",""ORG-0951"",""ORG-1361"",""ORG-1667"",""ORG-1809"",""ORG-1859""]"
24031,10.1007/BF02897700,4,"[""ORG-0188"",""ORG-0683"",""ORG-1803"",""ORG-1934""]"
24037,10.1111/j.1469-0691.2005.01081.x,6,"[""ORG-0373"",""ORG-1221"",""ORG-1498"",""ORG-1881"",""ORG-1890"",""ORG-1969""]"
24039,10.1186/1743-8462-1-7,1,"[""ORG-1890""]"
24041,10.1016/j.annemergmed.2004.03.012,6,"[""ORG-0136"",""ORG-0421"",""ORG-1368"",""ORG-1797"",""ORG-1881"",""ORG-1934""]"
24043,10.2165/00126839-200405050-00006,12,"[""ORG-0503"",""ORG-0559"",""ORG-0602"",""ORG-0623"",""ORG-0773"",""ORG-0798"",""ORG-1672"",""ORG-1723"",""ORG-1797"",""ORG-1887"",""ORG-1934"",""ORG-2161""]"
24047,10.3201/eid1006.020738,6,"[""ORG-0183"",""ORG-0798"",""ORG-0963"",""ORG-0971"",""ORG-1867"",""ORG-1910""]"
24049,10.1038/nrmicro930,2,"[""ORG-1847"",""ORG-1887""]"
24058,10.1186/1476-072X-2-8,4,"[""ORG-0113"",""ORG-0206"",""ORG-1897"",""ORG-1922""]"
24067,10.3201/eid0810.020391,1,"[""ORG-0183""]"
24068,10.3201/eid0810.020398,2,"[""ORG-0183"",""ORG-1641""]"
24071,10.3389/fcimb.2018.00343,5,"[""ORG-0363"",""ORG-0364"",""ORG-0970"",""ORG-1432"",""ORG-2161""]"
24072,10.1084/jem.20031835,5,"[""ORG-0124"",""ORG-0302"",""ORG-1103"",""ORG-1136"",""ORG-1680""]"
24074,10.2807/1560-7917.ES.2018.23.41.1700772,1,"[""ORG-1095""]"
24076,10.1007/s00439-014-1471-z,1,"[""ORG-1667""]"
24081,10.1371/journal.pone.0099997,2,"[""ORG-1846"",""ORG-2114""]"
24084,10.3389/fneur.2023.1135392,2,"[""ORG-0188"",""ORG-0360""]"
24086,10.2217/fvl-2018-0033,1,"[""ORG-1527""]"
24100,10.1126/sciadv.ade2727,5,"[""ORG-0784"",""ORG-0987"",""ORG-1505"",""ORG-1527"",""ORG-1843""]"
24101,10.1371/journal.ppat.1000587,8,"[""ORG-0565"",""ORG-0583"",""ORG-0897"",""ORG-1205"",""ORG-1866"",""ORG-2147"",""ORG-2161"",""ORG-2163""]"
24111,10.1016/j.vaccine.2018.05.067,6,"[""ORG-0806"",""ORG-1221"",""ORG-1436"",""ORG-1851"",""ORG-1881"",""ORG-2137""]"
24123,10.3390/ijms232113564,7,"[""ORG-0015"",""ORG-0559"",""ORG-1146"",""ORG-1276"",""ORG-1709"",""ORG-1905"",""ORG-1934""]"
24125,10.1002/jbmr.2158,5,"[""ORG-0542"",""ORG-1136"",""ORG-1368"",""ORG-1859"",""ORG-2306""]"
24139,10.3389/fendo.2022.862940,2,"[""ORG-0860"",""ORG-2159""]"
24144,10.3390/ijms23116341,1,"[""ORG-1897""]"
24147,10.1016/S2468-2667(22)00089-5,3,"[""ORG-1221"",""ORG-1368"",""ORG-1881""]"
24148,10.11604/pamj.supp.2017.27.3.11939,4,"[""ORG-1368"",""ORG-1503"",""ORG-1935"",""ORG-1986""]"
24150,10.1016/j.idnow.2022.04.006,6,"[""ORG-0736"",""ORG-0897"",""ORG-1221"",""ORG-1862"",""ORG-1881"",""ORG-1910""]"
24154,10.3390/v9120359,3,"[""ORG-1136"",""ORG-1811"",""ORG-2158""]"
24157,10.1186/s43088-022-00216-0,6,"[""ORG-0385"",""ORG-1415"",""ORG-1586"",""ORG-1702"",""ORG-1847"",""ORG-2170""]"
24159,10.1021/bi801513p,8,"[""ORG-0571"",""ORG-0987"",""ORG-1136"",""ORG-1773"",""ORG-1809"",""ORG-1877"",""ORG-1879"",""ORG-1913""]"
24164,10.3389/fimmu.2021.826621,4,"[""ORG-0302"",""ORG-0970"",""ORG-1827"",""ORG-1844""]"
24172,10.1542/peds.2021-050971,5,"[""ORG-0789"",""ORG-1047"",""ORG-1851"",""ORG-1868"",""ORG-1910""]"
24173,10.11604/pamj.supp.2017.27.2.10705,3,"[""ORG-0559"",""ORG-1917"",""ORG-1948""]"
24178,10.1155/2021/8159879,2,"[""ORG-1178"",""ORG-1200""]"
24182,10.1371/journal.pone.0185465,1,"[""ORG-2256""]"
24189,10.1016/j.coviro.2021.09.003,8,"[""ORG-0457"",""ORG-0573"",""ORG-0833"",""ORG-1225"",""ORG-1586"",""ORG-1672"",""ORG-1797"",""ORG-2141""]"
24197,10.3389/fcimb.2021.549020,9,"[""ORG-0015"",""ORG-0825"",""ORG-0880"",""ORG-0968"",""ORG-1288"",""ORG-1361"",""ORG-1593"",""ORG-1905"",""ORG-2163""]"
24199,10.1016/j.vaccine.2008.06.057,3,"[""ORG-0897"",""ORG-1856"",""ORG-2114""]"
24200,10.1038/s41467-021-25497-4,4,"[""ORG-1136"",""ORG-1245"",""ORG-1809"",""ORG-2164""]"
24201,10.1371/journal.pone.0057488,9,"[""ORG-0242"",""ORG-0296"",""ORG-0306"",""ORG-0836"",""ORG-1136"",""ORG-1773"",""ORG-1949"",""ORG-2193"",""ORG-2306""]"
24203,10.1371/journal.ppat.1003233,9,"[""ORG-0897"",""ORG-0963"",""ORG-1136"",""ORG-1230"",""ORG-1421"",""ORG-1827"",""ORG-1920"",""ORG-1956"",""ORG-1986""]"
24209,10.1177/1468796817692629,1,"[""ORG-1986""]"
24210,10.1002/jbmr.1884,1,"[""ORG-0317""]"
24211,10.1371/journal.ppat.1000049,9,"[""ORG-0085"",""ORG-0296"",""ORG-0302"",""ORG-0450"",""ORG-1136"",""ORG-1773"",""ORG-1809"",""ORG-1862"",""ORG-2170""]"
24212,10.1371/journal.pone.0253569,2,"[""ORG-1095"",""ORG-1867""]"
24225,10.1007/s00439-017-1768-9,7,"[""ORG-0303"",""ORG-0728"",""ORG-0895"",""ORG-1136"",""ORG-1361"",""ORG-1593"",""ORG-2114""]"
24228,10.1080/2162402X.2016.1255395,1,"[""ORG-0559""]"
24232,10.1586/erv.12.134,4,"[""ORG-0897"",""ORG-1136"",""ORG-1846"",""ORG-2114""]"
24243,10.1128/JVI.02274-20,18,"[""ORG-0015"",""ORG-0522"",""ORG-0968"",""ORG-1023"",""ORG-1122"",""ORG-1136"",""ORG-1225"",""ORG-1288"",""ORG-1582"",""ORG-1586"",""ORG-1798"",""ORG-1905"",""ORG-1944"",""ORG-1952"",""ORG-2141"",""ORG-2147"",""ORG-2163"",""ORG-2167""]"
24244,10.1128/JVI.02186-20,4,"[""ORG-0303"",""ORG-0312"",""ORG-1119"",""ORG-1668""]"
24249,10.1155/2020/8365603,2,"[""ORG-1844"",""ORG-1958""]"
24252,10.7554/eLife.64509,8,"[""ORG-0125"",""ORG-0826"",""ORG-1221"",""ORG-1235"",""ORG-1505"",""ORG-1881"",""ORG-1952"",""ORG-2170""]"
24257,10.1371/journal.pone.0160970,2,"[""ORG-1851"",""ORG-1948""]"
24262,10.3390/v8080210,7,"[""ORG-0946"",""ORG-1136"",""ORG-1245"",""ORG-1414"",""ORG-1744"",""ORG-1797"",""ORG-2160""]"
24270,10.1016/j.coviro.2011.12.005,6,"[""ORG-0450"",""ORG-0678"",""ORG-1136"",""ORG-1220"",""ORG-1253"",""ORG-1866""]"
24283,10.1186/s41043-016-0052-2,3,"[""ORG-0951"",""ORG-1072"",""ORG-1896""]"
24291,10.3390/v8040112,4,"[""ORG-0506"",""ORG-0789"",""ORG-1136"",""ORG-1672""]"
24295,10.1016/j.jmgm.2020.107650,4,"[""ORG-0783"",""ORG-0987"",""ORG-1136"",""ORG-1680""]"
24297,10.1097/FPC.0b013e32834df186,2,"[""ORG-0895"",""ORG-0900""]"
24301,10.3390/v3020102,5,"[""ORG-0833"",""ORG-1136"",""ORG-1797"",""ORG-1949"",""ORG-2163""]"
24306,10.1016/S1473-3099(16)00004-9,5,"[""ORG-0938"",""ORG-1368"",""ORG-1421"",""ORG-1856"",""ORG-1910""]"
24307,10.3389/fimmu.2016.00004,2,"[""ORG-1680"",""ORG-2143""]"
24311,10.1093/infdis/jiv756,2,"[""ORG-1910"",""ORG-1986""]"
24313,10.1016/j.vaccine.2011.09.043,2,"[""ORG-0899"",""ORG-1136""]"
24319,10.1016/j.vaccine.2011.08.083,4,"[""ORG-0895"",""ORG-1136"",""ORG-1230"",""ORG-2114""]"
24321,10.3947/ic.2020.52.1.113,4,"[""ORG-1112"",""ORG-1221"",""ORG-1881"",""ORG-1958""]"
24322,10.1084/jem.20051376,5,"[""ORG-0015"",""ORG-0360"",""ORG-1136"",""ORG-1822"",""ORG-2141""]"
24323,10.1016/j.vaccine.2015.09.075,2,"[""ORG-0545"",""ORG-1986""]"
24330,10.1097/MD.0000000000019218,1,"[""ORG-1917""]"
24335,10.1155/2019/9474612,1,"[""ORG-1095""]"
24336,10.2147/DDDT.S88845,2,"[""ORG-0317"",""ORG-0902""]"
24345,10.1155/2011/521863,4,"[""ORG-0303"",""ORG-1439"",""ORG-1797"",""ORG-2158""]"
24349,10.1371/journal.pone.0125090,4,"[""ORG-1432"",""ORG-1856"",""ORG-1881"",""ORG-2114""]"
24365,10.3389/fimmu.2015.00018,6,"[""ORG-0736"",""ORG-1729"",""ORG-1844"",""ORG-1846"",""ORG-1851"",""ORG-1948""]"
24366,10.1371/journal.pone.0218470,1,"[""ORG-1948""]"
24384,10.1371/journal.pone.0110073,4,"[""ORG-0207"",""ORG-0319"",""ORG-1809"",""ORG-1956""]"
24386,10.1128/mBio.00723-19,7,"[""ORG-0963"",""ORG-1136"",""ORG-1831"",""ORG-1833"",""ORG-1868"",""ORG-2161"",""ORG-2304""]"
24389,10.1186/s12879-019-3973-8,2,"[""ORG-1910"",""ORG-1981""]"
24391,10.1038/ng.3129,2,"[""ORG-0728"",""ORG-0970""]"
24399,10.1186/s12895-018-0081-1,5,"[""ORG-0808"",""ORG-0987"",""ORG-1361"",""ORG-1503"",""ORG-2057""]"
24402,10.3390/vaccines11050914,3,"[""ORG-0233"",""ORG-1089"",""ORG-1934""]"
24409,10.1128/mbio.01527-22,5,"[""ORG-0053"",""ORG-0233"",""ORG-0963"",""ORG-1459"",""ORG-1866""]"
24416,10.1371/journal.pone.0016030,5,"[""ORG-0188"",""ORG-0233"",""ORG-0895"",""ORG-0899"",""ORG-1798""]"
24425,10.1371/journal.pone.0007079,6,"[""ORG-0188"",""ORG-0233"",""ORG-0895"",""ORG-0963"",""ORG-1378"",""ORG-2306""]"
24428,10.1371/journal.pone.0237394,1,"[""ORG-0233""]"
24432,10.1371/journal.pone.0228055,5,"[""ORG-0233"",""ORG-0267"",""ORG-1378"",""ORG-1729"",""ORG-1843""]"
24433,10.3201/eid2511.190329,3,"[""ORG-0188"",""ORG-0233"",""ORG-2114""]"
24434,10.3390/diseases7020035,4,"[""ORG-0233"",""ORG-0492"",""ORG-1498"",""ORG-1846""]"
24452,10.1016/j.humimm.2014.02.013,5,"[""ORG-0125"",""ORG-0233"",""ORG-1221"",""ORG-1881"",""ORG-1948""]"
